t_ms,label_id,label,lin_ax_mps2_x1000,lin_ay_mps2_x1000,lin_az_mps2_x1000,gx_radps_x1000,gy_radps_x1000,gz_radps_x1000,acc_norm_x1000,gyro_norm_x1000,valid,clipped
22768,2,stairs,-13,-9,-1,-12,25,73,998,79,1,0
22794,2,stairs,-13,-11,-1,-9,20,72,998,75,1,0
22820,2,stairs,-15,-12,-2,-7,19,65,998,68,1,0
22846,2,stairs,-15,-12,-2,-3,14,58,998,60,1,0
22872,2,stairs,-14,-14,-2,0,10,52,999,53,1,0
22906,2,stairs,-14,-14,-2,8,11,47,998,48,1,0
22932,2,stairs,-12,-14,-2,16,10,39,998,44,1,0
22958,2,stairs,-9,-14,-1,21,10,30,998,38,1,0
22984,2,stairs,-7,-12,-1,25,8,18,998,32,1,0
23010,2,stairs,-2,-11,0,27,-1,6,998,28,1,0
23036,2,stairs,4,-14,0,21,-10,1,998,24,1,0
23062,2,stairs,9,-15,0,17,-23,3,998,29,1,0
23088,2,stairs,14,-13,1,20,-33,6,998,39,1,0
23114,2,stairs,17,-14,1,25,-40,13,998,50,1,0
23140,2,stairs,22,-14,2,33,-47,24,998,62,1,0
23166,2,stairs,27,-15,2,40,-54,37,998,77,1,0
23192,2,stairs,31,-18,2,47,-60,52,999,93,1,0
23218,2,stairs,34,-19,2,59,-60,68,998,108,1,0
23244,2,stairs,35,-22,2,69,-58,80,998,121,1,0
23270,2,stairs,36,-23,2,74,-55,87,998,127,1,0
23296,2,stairs,30,-24,1,81,-48,88,998,129,1,0
23322,2,stairs,28,-24,1,85,-46,86,998,130,1,0
23348,2,stairs,28,-23,1,88,-48,80,998,128,1,0
23374,2,stairs,28,-14,2,97,-63,65,998,133,1,0
23400,2,stairs,31,-8,2,103,-86,64,998,148,1,0
23426,2,stairs,37,-3,3,108,-118,101,999,190,1,0
23453,2,stairs,35,10,4,104,-125,133,999,210,1,0
23479,2,stairs,27,18,3,72,-109,142,999,193,1,0
23505,2,stairs,20,27,3,27,-76,147,999,168,1,0
23531,2,stairs,18,30,3,-15,-41,165,999,170,1,0
23557,2,stairs,17,34,3,-38,6,193,999,197,1,0
23583,2,stairs,9,42,3,-47,80,216,999,236,1,0
23609,2,stairs,5,52,2,-53,150,232,999,281,1,0
23635,2,stairs,-5,58,1,-59,220,239,998,330,1,0
23661,2,stairs,-26,65,-2,-60,276,241,998,371,1,0
23688,2,stairs,-42,73,-4,-62,297,240,997,387,1,0
23715,2,stairs,-57,71,-7,-64,287,245,997,383,1,0
23742,2,stairs,-70,70,-8,-47,269,256,998,374,1,0
23768,2,stairs,-78,75,-10,-18,255,263,998,367,1,0
23795,2,stairs,-83,86,-12,24,243,266,997,361,1,0
23822,2,stairs,-76,91,-11,63,210,260,998,340,1,0
23848,2,stairs,-60,87,-8,88,159,243,998,303,1,0
23874,2,stairs,-49,76,-6,99,108,222,998,266,1,0
23900,2,stairs,-41,65,-4,104,54,210,998,240,1,0
23926,2,stairs,-32,53,-3,87,2,205,998,223,1,0
23952,2,stairs,-28,44,-2,58,-29,203,998,213,1,0
23979,2,stairs,-28,42,-1,40,-46,198,998,207,1,0
24005,2,stairs,-23,37,-1,31,-58,192,999,203,1,0
24031,2,stairs,-17,26,0,30,-61,188,999,200,1,0
24057,2,stairs,-11,21,1,43,-54,187,999,199,1,0
24083,2,stairs,-7,26,2,64,-46,188,999,204,1,0
24109,2,stairs,4,27,3,65,-52,186,999,204,1,0
24135,2,stairs,9,24,3,55,-52,184,999,199,1,0
24161,2,stairs,16,22,4,47,-56,184,999,198,1,0
24187,2,stairs,24,24,4,46,-57,181,999,195,1,0
24213,2,stairs,30,25,4,51,-64,169,999,188,1,0
24239,2,stairs,36,27,5,65,-81,152,999,184,1,0
24265,2,stairs,43,31,5,80,-99,116,999,172,1,0
24291,2,stairs,35,30,5,89,-114,57,999,156,1,0
24317,2,stairs,31,25,5,87,-135,-3,999,161,1,0
24343,2,stairs,20,28,4,99,-134,-64,999,178,1,0
24370,2,stairs,22,25,4,105,-180,-114,999,237,1,0
24397,2,stairs,28,26,4,117,-201,-159,999,282,1,0
24424,2,stairs,16,27,3,146,-201,-200,999,319,1,0
24451,2,stairs,2,29,1,149,-185,-225,998,327,1,0
24478,2,stairs,-21,39,-2,102,-120,-256,998,301,1,0
24505,2,stairs,-54,38,-8,4,-59,-311,996,317,1,0
24532,2,stairs,-84,20,-14,-116,-21,-363,995,382,1,0
24559,2,stairs,-113,2,-21,-202,24,-404,994,452,1,0
24594,2,stairs,-134,-11,-26,-220,45,-430,994,485,1,0
24621,2,stairs,-135,-21,-26,-205,27,-438,995,484,1,0
24648,2,stairs,-115,-20,-20,-162,-14,-427,996,457,1,0
24675,2,stairs,-86,-14,-14,-103,-59,-403,996,420,1,0
24702,2,stairs,-55,-13,-9,-55,-84,-362,995,375,1,0
24729,2,stairs,-31,-5,-5,-21,-64,-308,996,315,1,0
24755,2,stairs,-19,9,-2,-4,-17,-255,996,255,1,0
24781,2,stairs,-10,14,0,-11,34,-210,997,213,1,0
24807,2,stairs,-5,21,1,-21,80,-159,997,179,1,0
24833,2,stairs,7,35,2,-22,111,-97,997,149,1,0
24859,2,stairs,19,29,3,-53,130,-41,998,146,1,0
24885,2,stairs,11,8,3,-101,177,1,997,204,1,0
24911,2,stairs,18,-16,2,-137,196,29,997,241,1,0
24938,2,stairs,20,-38,1,-165,205,54,997,269,1,0
24965,2,stairs,15,-53,0,-180,191,84,997,276,1,0
24992,2,stairs,5,-71,-3,-192,169,105,996,276,1,0
25019,2,stairs,0,-80,-4,-189,107,104,997,241,1,0
25046,2,stairs,-1,-85,-4,-170,29,111,998,205,1,0
25073,2,stairs,-2,-83,-4,-131,-79,133,998,202,1,0
25100,2,stairs,7,-67,-1,-64,-221,172,998,287,1,0
25127,2,stairs,18,-46,1,27,-333,223,998,402,1,0
25154,2,stairs,15,-26,2,128,-358,271,998,467,1,0
25181,2,stairs,20,-8,3,212,-313,302,997,484,1,0
25207,2,stairs,25,11,4,245,-228,323,997,465,1,0
25233,2,stairs,33,25,5,208,-127,335,997,414,1,0
25259,2,stairs,34,31,5,121,-29,342,997,364,1,0
25285,2,stairs,20,35,4,38,61,350,998,357,1,0
25311,2,stairs,2,40,2,-13,127,355,998,377,1,0
25337,2,stairs,-15,46,0,-24,166,350,998,388,1,0
25363,2,stairs,-21,52,-1,-4,164,335,998,373,1,0
25389,2,stairs,-10,56,1,39,135,308,998,339,1,0
25415,2,stairs,13,55,2,100,104,274,998,310,1,0
25441,2,stairs,35,48,4,155,78,233,997,290,1,0
25467,2,stairs,55,37,5,186,58,195,997,276,1,0
25493,2,stairs,56,24,6,189,49,173,997,261,1,0
25519,2,stairs,46,17,6,187,34,167,998,252,1,0
25545,2,stairs,36,14,5,186,-4,167,998,250,1,0
25571,2,stairs,39,14,6,182,-65,163,999,253,1,0
25597,2,stairs,49,14,7,176,-123,155,999,265,1,0
25624,2,stairs,59,20,7,180,-183,148,999,296,1,0
25650,2,stairs,73,25,7,182,-229,139,999,324,1,0
25676,2,stairs,86,31,7,184,-264,133,998,348,1,0
25702,2,stairs,83,40,6,187,-298,133,998,376,1,0
25728,2,stairs,95,48,6,185,-346,128,998,412,1,0
25754,2,stairs,111,60,4,177,-390,121,997,445,1,0
25780,2,stairs,122,68,4,166,-423,103,997,466,1,0
25806,2,stairs,130,70,3,146,-450,68,998,478,1,0
25832,2,stairs,130,73,3,115,-471,27,998,486,1,0
25858,2,stairs,120,72,3,71,-464,-27,998,470,1,0
25884,2,stairs,107,71,3,32,-421,-91,998,432,1,0
25910,2,stairs,97,70,4,-9,-341,-155,998,375,1,0
25937,2,stairs,86,62,4,-83,-248,-210,998,335,1,0
25964,2,stairs,62,45,4,-174,-152,-247,997,338,1,0
25991,2,stairs,21,26,1,-241,-41,-275,995,368,1,0
26018,2,stairs,-26,16,-5,-245,70,-300,992,394,1,0
26045,2,stairs,-66,8,-11,-205,169,-333,991,426,1,0
26072,2,stairs,-74,5,-10,-163,244,-381,993,481,1,0
26099,2,stairs,-52,4,-6,-145,280,-424,994,528,1,0
26126,2,stairs,-18,-4,-3,-153,290,-440,994,549,1,0
26153,2,stairs,8,-10,0,-178,294,-427,994,548,1,0
26180,2,stairs,15,-17,2,-217,305,-401,995,548,1,0
26207,2,stairs,3,-22,2,-251,310,-368,996,542,1,0
26234,2,stairs,-21,-26,-1,-274,289,-335,996,520,1,0
26261,2,stairs,-36,-33,-2,-281,243,-309,996,483,1,0
26296,2,stairs,-34,-44,-2,-257,157,-275,997,408,1,0
26323,2,stairs,-13,-54,-1,-227,67,-233,997,332,1,0
26350,2,stairs,9,-61,0,-198,-12,-189,997,275,1,0
26377,2,stairs,18,-69,1,-175,-68,-144,997,237,1,0
26404,2,stairs,15,-71,1,-160,-104,-104,997,217,1,0
26431,2,stairs,-2,-71,-1,-147,-122,-68,997,203,1,0
26458,2,stairs,-3,-63,0,-116,-155,-23,998,196,1,0
26485,2,stairs,4,-49,1,-77,-184,44,998,204,1,0
26511,2,stairs,10,-37,2,-57,-160,136,998,218,1,0
26537,2,stairs,9,-20,3,-59,-62,220,997,236,1,0
26563,2,stairs,11,2,3,-49,69,267,997,280,1,0
26589,2,stairs,10,18,3,-22,180,283,997,337,1,0
26615,2,stairs,4,24,3,8,234,292,997,374,1,0
26641,2,stairs,-26,21,-1,39,240,287,996,376,1,0
26667,2,stairs,-45,23,-3,98,194,269,996,346,1,0
26693,2,stairs,-56,28,-4,186,127,246,997,333,1,0
26720,2,stairs,-55,31,-4,274,64,217,997,355,1,0
26747,2,stairs,-39,30,-1,324,31,179,998,372,1,0
26773,2,stairs,-12,37,1,334,20,131,997,359,1,0
26799,2,stairs,12,42,2,296,28,84,997,309,1,0
26825,2,stairs,20,39,4,221,50,53,998,232,1,0
26851,2,stairs,21,34,4,136,74,42,998,160,1,0
26877,2,stairs,15,27,4,60,100,42,998,124,1,0
26903,2,stairs,10,23,4,15,123,42,999,131,1,0
26929,2,stairs,11,19,4,-6,142,35,999,147,1,0
26955,2,stairs,10,14,5,-16,163,20,999,165,1,0
26981,2,stairs,14,7,5,-28,163,-2,999,166,1,0
27007,2,stairs,21,-1,5,-40,147,-26,999,154,1,0
27033,2,stairs,26,-5,5,-43,105,-43,999,121,1,0
27059,2,stairs,30,-8,6,-36,49,-48,999,77,1,0
27085,2,stairs,41,1,5,-16,-20,-48,999,55,1,0
27111,2,stairs,49,6,5,-4,-66,-50,998,83,1,0
27137,2,stairs,48,11,5,5,-92,-50,998,105,1,0
27163,2,stairs,41,17,5,12,-103,-55,998,118,1,0
27189,2,stairs,35,20,5,19,-113,-62,999,130,1,0
27215,2,stairs,21,20,4,26,-128,-61,998,145,1,0
27241,2,stairs,14,20,3,43,-150,-50,998,164,1,0
27267,2,stairs,11,26,3,66,-158,-32,998,174,1,0
27293,2,stairs,7,31,2,80,-151,-22,998,172,1,0
27319,2,stairs,7,31,2,61,-125,-31,998,143,1,0
27345,2,stairs,-8,20,1,14,-76,-55,998,94,1,0
27371,2,stairs,-37,6,-3,-25,-13,-85,997,89,1,0
27398,2,stairs,-68,-15,-9,-48,39,-125,995,139,1,0
27425,2,stairs,-100,-30,-16,-48,60,-163,993,181,1,0
27452,2,stairs,-122,-42,-20,-31,56,-207,994,217,1,0
27479,2,stairs,-127,-50,-21,-6,23,-251,995,252,1,0
27506,2,stairs,-111,-54,-17,23,-14,-276,996,278,1,0
27533,2,stairs,-78,-63,-12,24,-30,-280,995,283,1,0
27560,2,stairs,-31,-67,-8,-6,-67,-266,993,274,1,0
27587,2,stairs,-16,-60,-5,-59,-44,-243,994,254,1,0
27614,2,stairs,-8,-43,-2,-96,-25,-217,995,239,1,0
27641,2,stairs,-8,-29,0,-97,-8,-192,996,216,1,0
27667,2,stairs,-8,-41,-1,-95,26,-185,996,210,1,0
27694,2,stairs,-6,-22,1,-1,45,-170,997,175,1,0
27720,2,stairs,-1,-23,2,59,32,-133,997,149,1,0
27746,2,stairs,7,-34,2,36,49,-102,998,119,1,0
27772,2,stairs,12,-42,3,-14,46,-80,998,93,1,0
27798,2,stairs,24,-44,3,-38,3,-64,998,75,1,0
27824,2,stairs,32,-46,3,-23,-38,-55,998,70,1,0
27850,2,stairs,28,-49,3,16,-98,-43,998,108,1,0
27876,2,stairs,28,-54,3,48,-171,-22,999,179,1,0
27902,2,stairs,31,-48,3,64,-250,13,999,258,1,0
27928,2,stairs,29,-37,4,60,-333,53,999,343,1,0
27954,2,stairs,31,-19,5,63,-382,89,998,397,1,0
27989,2,stairs,42,1,5,74,-385,116,998,409,1,0
28015,2,stairs,50,26,5,96,-321,140,997,363,1,0
28041,2,stairs,46,46,4,115,-207,171,997,292,1,0
28067,2,stairs,43,66,3,122,-85,211,997,258,1,0
28093,2,stairs,32,83,1,107,34,258,997,282,1,0
28119,2,stairs,16,97,-1,47,123,285,997,314,1,0
28146,2,stairs,11,78,0,-43,173,275,997,328,1,0
28172,2,stairs,-9,48,-1,-135,277,201,996,368,1,0
28199,2,stairs,-22,87,-6,-69,370,145,994,404,1,0
28226,2,stairs,-25,117,-10,69,420,123,994,443,1,0
28253,2,stairs,-21,135,-11,134,455,98,994,484,1,0
28280,2,stairs,-27,115,-9,92,420,72,995,436,1,0
28306,2,stairs,-8,88,-5,11,361,71,994,368,1,0
28332,2,stairs,8,62,-1,-64,315,95,995,335,1,0
28358,2,stairs,6,33,0,-127,269,123,995,322,1,0
28384,2,stairs,8,13,1,-167,209,144,995,304,1,0
28410,2,stairs,-11,6,0,-155,160,164,996,277,1,0
28437,2,stairs,-18,4,1,-101,104,183,997,233,1,0
28463,2,stairs,-15,8,2,-37,50,191,997,201,1,0
28489,2,stairs,-16,17,2,20,16,180,998,182,1,0
28515,2,stairs,-7,15,3,33,-34,153,998,160,1,0
28541,2,stairs,9,7,4,12,-82,122,998,148,1,0
28567,2,stairs,23,4,5,-23,-128,104,998,167,1,0
28593,2,stairs,39,15,5,-40,-163,99,998,195,1,0
28619,2,stairs,53,20,5,-45,-178,96,998,207,1,0
28645,2,stairs,65,26,5,-35,-173,92,997,199,1,0
28671,2,stairs,67,27,5,-20,-144,100,998,176,1,0
28697,2,stairs,61,21,6,-7,-109,119,998,161,1,0
28723,2,stairs,41,12,5,12,-77,142,998,162,1,0
28749,2,stairs,31,15,4,21,-44,150,998,158,1,0
28775,2,stairs,18,15,4,-10,10,132,998,133,1,0
28801,2,stairs,7,10,3,-66,67,93,998,133,1,0
28827,2,stairs,-1,-4,2,-137,119,39,998,186,1,0
28854,2,stairs,-29,-27,-2,-194,182,-34,996,268,1,0
28881,2,stairs,-73,-55,-12,-199,212,-104,992,309,1,0
28908,2,stairs,-114,-71,-22,-140,192,-158,990,285,1,0
28935,2,stairs,-142,-79,-29,-44,153,-201,991,256,1,0
28962,2,stairs,-150,-84,-29,44,109,-243,993,270,1,0
28989,2,stairs,-136,-81,-24,97,73,-273,994,299,1,0
29016,2,stairs,-108,-71,-18,98,64,-272,994,296,1,0
29043,2,stairs,-82,-62,-12,37,76,-247,995,261,1,0
29070,2,stairs,-62,-51,-8,-54,93,-202,995,229,1,0
29097,2,stairs,-53,-42,-5,-148,115,-151,996,241,1,0
29124,2,stairs,-48,-39,-3,-223,130,-97,997,276,1,0
29151,2,stairs,-44,-48,-3,-276,136,-58,998,313,1,0
29178,2,stairs,-32,-60,-2,-304,120,-37,998,329,1,0
29205,2,stairs,-23,-72,-2,-303,99,-28,998,320,1,0
29232,2,stairs,-17,-88,-2,-288,82,-22,998,300,1,0
29259,2,stairs,-14,-100,-3,-259,73,-20,998,270,1,0
29286,2,stairs,-12,-108,-4,-220,61,-18,998,229,1,0
29313,2,stairs,-2,-114,-4,-183,33,-14,998,186,1,0
29340,2,stairs,14,-118,-4,-153,-6,-8,998,153,1,0
29367,2,stairs,28,-121,-4,-136,-38,3,998,141,1,0
29394,2,stairs,35,-124,-4,-135,-60,16,998,149,1,0
29421,2,stairs,39,-123,-3,-134,-77,27,998,157,1,0
29448,2,stairs,31,-118,-3,-123,-98,37,999,161,1,0
29475,2,stairs,30,-109,-2,-87,-136,36,999,166,1,0
29502,2,stairs,17,-92,-1,-26,-172,29,998,177,1,0
29529,2,stairs,15,-71,1,46,-218,15,998,223,1,0
29555,2,stairs,17,-52,2,95,-246,6,997,264,1,0
29581,2,stairs,12,-37,3,120,-227,20,997,257,1,0
29607,2,stairs,0,-23,2,130,-148,58,997,205,1,0
29633,2,stairs,-17,-7,1,127,-56,111,997,177,1,0
29659,2,stairs,-34,13,-1,117,24,162,996,201,1,0
29694,2,stairs,-62,32,-5,103,67,195,995,230,1,0
29720,2,stairs,-78,40,-8,99,75,200,996,235,1,0
29746,2,stairs,-83,42,-8,106,80,182,997,225,1,0
29772,2,stairs,-71,40,-5,118,89,149,997,210,1,0
29798,2,stairs,-46,38,-2,124,107,103,997,194,1,0
29824,2,stairs,-20,32,2,113,123,52,997,175,1,0
29850,2,stairs,-1,20,4,85,132,6,997,157,1,0
29876,2,stairs,1,3,4,57,140,-28,997,154,1,0
29902,2,stairs,-4,-10,3,39,132,-49,998,147,1,0
29929,2,stairs,-10,-13,3,29,117,-71,998,140,1,0
29955,2,stairs,-8,-17,3,22,94,-98,999,137,1,0
29981,2,stairs,-3,-18,4,18,67,-129,999,147,1,0
30007,2,stairs,5,-15,5,24,53,-159,999,169,1,0
30033,2,stairs,11,-13,6,38,40,-190,999,198,1,0
30059,2,stairs,17,-13,6,54,19,-228,999,235,1,0
30085,2,stairs,21,-11,7,66,-10,-269,999,277,1,0
30112,2,stairs,28,-8,7,77,-50,-316,999,329,1,0
30138,2,stairs,41,-4,7,87,-98,-370,999,392,1,0
30165,2,stairs,53,0,8,93,-147,-430,998,464,1,0
30191,2,stairs,63,7,8,97,-195,-498,998,544,1,0
30217,2,stairs,62,13,8,98,-242,-574,998,631,1,0
30243,2,stairs,58,18,8,105,-306,-647,999,723,1,0
30270,2,stairs,48,22,7,128,-356,-710,998,804,1,0
30297,2,stairs,37,24,7,157,-367,-775,998,871,1,0
30324,2,stairs,26,21,6,152,-336,-843,998,920,1,0
30351,2,stairs,9,11,4,111,-264,-908,998,952,1,0
30378,2,stairs,-7,-8,1,47,-193,-956,997,977,1,0
30405,2,stairs,-31,-35,-5,-27,-132,-992,995,1001,1,0
30432,2,stairs,-72,-60,-16,-77,-80,-1019,992,1025,1,0
30459,2,stairs,-104,-82,-26,-100,-49,-1036,991,1042,1,0
30486,2,stairs,-130,-99,-34,-121,-16,-1033,991,1040,1,0
30513,2,stairs,-133,-102,-33,-149,3,-1031,993,1042,1,0
30540,2,stairs,-110,-98,-26,-192,15,-1021,994,1039,1,0
30567,2,stairs,-79,-96,-20,-242,38,-1013,994,1042,1,0
30594,2,stairs,-53,-96,-15,-281,78,-1008,995,1049,1,0
30621,2,stairs,-40,-100,-13,-303,128,-1007,996,1059,1,0
30649,2,stairs,-38,-110,-13,-313,165,-1015,997,1074,1,0
30677,2,stairs,-38,-122,-15,-307,181,-1028,997,1088,1,0
30705,2,stairs,-35,-129,-16,-281,172,-1047,998,1098,1,0
30733,2,stairs,-30,-132,-15,-248,151,-1075,998,1114,1,0
30760,2,stairs,-21,-134,-15,-216,125,-1106,998,1134,1,0
30787,2,stairs,-10,-133,-14,-179,88,-1128,998,1146,1,0
30814,2,stairs,4,-126,-11,-135,42,-1135,998,1143,1,0
30841,2,stairs,16,-111,-8,-86,-5,-1124,998,1127,1,0
30868,2,stairs,25,-94,-4,-39,-52,-1095,998,1097,1,0
30895,2,stairs,26,-80,-2,4,-92,-1048,998,1052,1,0
30922,2,stairs,28,-66,0,53,-150,-977,997,990,1,0
30949,2,stairs,30,-53,2,106,-228,-880,997,916,1,0
30976,2,stairs,39,-41,4,156,-329,-773,997,854,1,0
31003,2,stairs,46,-34,5,184,-408,-664,998,800,1,0
31030,2,stairs,53,-24,7,186,-424,-574,998,737,1,0
31057,2,stairs,44,-8,8,169,-382,-539,998,682,1,0
31084,2,stairs,35,-2,7,124,-311,-542,998,637,1,0
31111,2,stairs,14,-6,5,55,-221,-542,997,587,1,0
31138,2,stairs,-12,-6,1,-10,-171,-538,997,565,1,0
31165,2,stairs,-22,10,2,-48,-174,-564,997,592,1,0
31192,2,stairs,-17,18,3,-81,-189,-644,997,676,1,0
31219,2,stairs,-9,9,3,-118,-172,-756,997,784,1,0
31246,2,stairs,-1,0,4,-139,-117,-863,997,882,1,0
31273,2,stairs,9,-6,4,-151,-44,-953,998,966,1,0
31300,2,stairs,16,-11,5,-172,9,-1025,998,1039,1,0
31327,2,stairs,16,-10,5,-192,28,-1088,998,1105,1,0
31354,2,stairs,14,-4,5,-194,19,-1143,998,1160,1,0
31381,2,stairs,14,-3,6,-184,1,-1205,998,1219,1,0
31417,2,stairs,19,-6,6,-162,-16,-1267,999,1278,1,0
31444,2,stairs,26,-10,6,-136,-31,-1312,999,1319,1,0
31471,2,stairs,34,-7,7,-116,-41,-1341,998,1347,1,0
31498,2,stairs,39,0,7,-109,-47,-1359,998,1364,1,0
31525,2,stairs,43,6,8,-116,-61,-1366,999,1372,1,0
31552,2,stairs,47,9,8,-134,-84,-1362,999,1371,1,0
31579,2,stairs,56,7,8,-163,-116,-1349,998,1363,1,0
31606,2,stairs,70,2,8,-193,-148,-1340,998,1362,1,0
31633,2,stairs,87,-3,7,-213,-181,-1345,997,1374,1,0
31660,2,stairs,107,-5,6,-215,-218,-1368,997,1402,1,0
31687,2,stairs,115,-4,6,-198,-250,-1404,997,1439,1,0
31714,2,stairs,110,-8,7,-185,-263,-1443,998,1479,1,0
31741,2,stairs,89,-22,5,-198,-238,-1477,998,1509,1,0
31768,2,stairs,59,-40,1,-215,-182,-1504,996,1530,1,0
31795,2,stairs,28,-51,-2,-199,-124,-1528,995,1546,1,0
31822,2,stairs,4,-57,-5,-161,-94,-1550,995,1561,1,0
31849,2,stairs,-22,-64,-9,-134,-85,-1575,995,1583,1,0
31876,2,stairs,-45,-66,-12,-111,-70,-1602,995,1607,1,0
31903,2,stairs,-52,-66,-12,-88,-29,-1610,996,1613,1,0
31930,2,stairs,-38,-56,-9,-83,27,-1591,996,1594,1,0
31957,2,stairs,-13,-40,-4,-103,74,-1549,995,1554,1,0
31984,2,stairs,9,-23,0,-138,103,-1490,995,1500,1,0
32011,2,stairs,20,-18,2,-174,119,-1426,996,1442,1,0
32038,2,stairs,23,-19,3,-195,128,-1367,997,1387,1,0
32065,2,stairs,24,-19,4,-188,144,-1304,998,1326,1,0
32092,2,stairs,30,-22,4,-169,165,-1232,998,1254,1,0
32119,2,stairs,40,-24,4,-159,192,-1155,998,1181,1,0
32146,2,stairs,49,-29,3,-166,220,-1074,998,1108,1,0
32173,2,stairs,56,-37,3,-185,230,-991,998,1034,1,0
32200,2,stairs,65,-42,2,-199,222,-911,998,959,1,0
32227,2,stairs,71,-47,1,-196,196,-836,998,880,1,0
32254,2,stairs,78,-53,0,-169,151,-759,998,792,1,0
32281,2,stairs,82,-48,1,-115,96,-679,998,696,1,0
32308,2,stairs,74,-36,3,-49,39,-606,998,609,1,0
32335,2,stairs,62,-20,4,15,-13,-533,998,533,1,0
32362,2,stairs,50,-4,5,39,-54,-462,997,466,1,0
32389,2,stairs,36,12,5,45,-50,-376,997,382,1,0
32415,2,stairs,24,31,6,41,-5,-273,997,276,1,0
32441,2,stairs,9,48,6,-10,75,-164,996,181,1,0
32467,2,stairs,-19,63,3,-82,153,-72,996,188,1,0
32494,2,stairs,-66,80,-5,-127,207,-19,992,244,1,0
32521,2,stairs,-104,96,-12,-120,210,-17,991,242,1,0
32548,2,stairs,-127,109,-16,-65,175,-54,992,194,1,0
32575,2,stairs,-119,116,-14,3,159,-115,993,196,1,0
32602,2,stairs,-100,106,-9,43,198,-179,994,271,1,0
32629,2,stairs,-70,90,-4,78,255,-230,994,353,1,0
32656,2,stairs,-41,77,0,125,304,-269,994,425,1,0
32683,2,stairs,-23,66,2,169,330,-304,995,479,1,0
32710,2,stairs,-19,55,4,188,337,-342,996,516,1,0
32737,2,stairs,-19,41,4,178,328,-383,996,535,1,0
32764,2,stairs,-20,28,4,163,302,-418,997,541,1,0
32791,2,stairs,-16,20,4,156,252,-447,998,537,1,0
32818,2,stairs,-18,16,4,146,203,-478,998,540,1,0
32845,2,stairs,-22,16,4,129,164,-510,999,551,1,0
32871,2,stairs,-31,15,3,98,137,-536,999,562,1,0
32897,2,stairs,-31,14,3,52,109,-556,999,569,1,0
32924,2,stairs,-26,16,4,2,78,-568,999,574,1,0
32950,2,stairs,-20,19,5,-47,51,-579,999,583,1,0
32977,2,stairs,-11,26,6,-88,31,-590,999,597,1,0
33004,2,stairs,-2,32,6,-132,23,-605,999,620,1,0
33030,2,stairs,-6,38,6,-152,25,-617,999,636,1,0
33057,2,stairs,-7,47,6,-123,29,-617,999,630,1,0
33083,2,stairs,-8,51,6,-80,79,-610,999,620,1,0
33109,2,stairs,-17,50,5,-65,200,-617,998,652,1,0
33144,2,stairs,-23,47,4,-66,320,-636,998,715,1,0
33171,2,stairs,-40,47,1,-60,400,-648,998,764,1,0
33198,2,stairs,-84,39,-9,-54,429,-657,995,787,1,0
33225,2,stairs,-133,25,-24,-38,415,-669,991,788,1,0
33252,2,stairs,-157,15,-30,6,389,-675,992,779,1,0
33279,2,stairs,-158,14,-29,59,369,-664,993,762,1,0
33306,2,stairs,-137,14,-22,83,348,-644,994,737,1,0
33333,2,stairs,-101,15,-15,64,331,-618,994,704,1,0
33360,2,stairs,-80,15,-9,22,319,-586,995,668,1,0
33387,2,stairs,-74,10,-7,-24,307,-551,996,631,1,0
33414,2,stairs,-79,0,-8,-58,283,-511,997,587,1,0
33441,2,stairs,-77,-13,-9,-76,223,-473,997,529,1,0
33468,2,stairs,-68,-22,-7,-68,141,-440,998,467,1,0
33495,2,stairs,-55,-30,-6,-37,61,-411,998,417,1,0
33522,2,stairs,-39,-38,-4,-4,-2,-381,998,381,1,0
33549,2,stairs,-23,-40,-2,24,-47,-348,998,352,1,0
33576,2,stairs,-9,-48,-1,29,-92,-316,998,331,1,0
33603,2,stairs,0,-57,-1,31,-130,-279,998,310,1,0
33630,2,stairs,10,-60,-1,33,-161,-229,998,282,1,0
33657,2,stairs,22,-68,-1,13,-170,-186,998,252,1,0
33684,2,stairs,18,-68,-1,2,-151,-144,998,209,1,0
33711,2,stairs,9,-55,0,1,-121,-103,998,159,1,0
33737,2,stairs,4,-37,1,-5,-82,-71,998,108,1,0
33763,2,stairs,-9,-9,1,-3,-43,-41,997,60,1,0
33789,2,stairs,-22,19,0,2,7,-32,996,33,1,0
33815,2,stairs,-42,39,-3,25,86,-50,995,102,1,0
33841,2,stairs,-57,52,-4,59,149,-63,995,172,1,0
33867,2,stairs,-65,63,-5,78,199,-46,996,219,1,0
33893,2,stairs,-78,79,-8,82,230,-12,996,245,1,0
33919,2,stairs,-91,100,-12,91,237,15,995,255,1,0
33945,2,stairs,-93,116,-13,107,230,18,996,255,1,0
33972,2,stairs,-98,123,-14,122,215,9,996,248,1,0
33999,2,stairs,-97,122,-14,141,201,11,997,246,1,0
34025,2,stairs,-92,119,-12,161,206,27,997,262,1,0
34052,2,stairs,-66,112,-7,172,203,53,997,271,1,0
34079,2,stairs,-38,100,-2,168,197,95,996,276,1,0
34105,2,stairs,-14,90,2,165,174,158,996,287,1,0
34131,2,stairs,5,80,5,154,133,222,996,301,1,0
34157,2,stairs,11,65,7,133,99,271,997,318,1,0
34183,2,stairs,9,56,7,123,78,302,997,335,1,0
34209,2,stairs,10,52,8,131,64,320,998,352,1,0
34235,2,stairs,10,45,8,140,66,325,998,360,1,0
34261,2,stairs,19,35,9,126,70,316,999,347,1,0
34287,2,stairs,30,27,10,97,70,299,999,322,1,0
34313,2,stairs,45,25,11,69,57,275,999,289,1,0
34339,2,stairs,55,26,12,50,35,246,999,253,1,0
34365,2,stairs,64,24,12,29,12,218,999,220,1,0
34391,2,stairs,68,30,13,18,-12,190,999,191,1,0
34417,2,stairs,74,41,13,22,-46,156,999,164,1,0
34443,2,stairs,83,45,13,25,-100,119,998,157,1,0
34469,2,stairs,81,47,12,31,-159,95,999,188,1,0
34495,2,stairs,75,49,12,41,-221,84,999,240,1,0
34521,2,stairs,68,50,12,51,-278,78,999,293,1,0
34547,2,stairs,58,48,11,63,-316,76,999,331,1,0
34573,2,stairs,51,52,11,78,-335,82,999,353,1,0
34599,2,stairs,46,56,10,75,-349,100,999,371,1,0
34625,2,stairs,47,46,10,13,-375,136,999,399,1,0
34652,2,stairs,43,25,9,-101,-402,183,998,453,1,0
34679,2,stairs,24,0,5,-191,-378,217,997,476,1,0
34706,2,stairs,8,-27,1,-208,-313,224,995,437,1,0
34733,2,stairs,19,-46,1,-178,-232,202,996,355,1,0
34760,2,stairs,23,-67,-1,-128,-85,155,995,219,1,0
34787,2,stairs,-3,-87,-7,-56,99,106,995,155,1,0
34814,2,stairs,-15,-76,-6,2,275,49,995,280,1,0
34849,2,stairs,-42,-62,-9,45,430,6,995,432,1,0
34876,2,stairs,-39,-43,-6,56,468,0,996,471,1,0
34902,2,stairs,-29,-29,-3,15,436,25,996,437,1,0
34929,2,stairs,-42,-48,-7,-106,342,49,996,362,1,0
34956,2,stairs,-56,-81,-15,-257,228,28,994,345,1,0
34983,2,stairs,-51,-125,-23,-400,135,-42,992,424,1,0
35010,2,stairs,-43,-133,-22,-474,58,-147,993,499,1,0
35037,2,stairs,-36,-155,-25,-504,49,-233,994,558,1,0
35064,2,stairs,-30,-181,-30,-463,60,-269,994,539,1,0
35091,2,stairs,-21,-164,-24,-352,46,-265,995,443,1,0
35118,2,stairs,-7,-122,-15,-215,20,-245,993,327,1,0
35145,2,stairs,2,-97,-10,-127,11,-212,994,247,1,0
35172,2,stairs,12,-94,-7,-103,13,-172,995,201,1,0
35199,2,stairs,32,-101,-6,-105,25,-139,995,176,1,0
35226,2,stairs,42,-100,-4,-85,55,-128,996,163,1,0
35253,2,stairs,41,-93,-2,-34,76,-123,997,149,1,0
35280,2,stairs,41,-98,-3,3,86,-104,998,135,1,0
35306,2,stairs,25,-111,-7,27,104,-70,997,128,1,0
35333,2,stairs,12,-115,-9,62,98,-37,998,121,1,0
35359,2,stairs,12,-109,-8,104,65,-18,998,125,1,0
35386,2,stairs,25,-98,-5,124,2,-23,998,126,1,0
35413,2,stairs,38,-96,-4,112,-63,-40,998,134,1,0
35440,2,stairs,35,-94,-3,99,-111,-48,998,157,1,0
35467,2,stairs,27,-83,-2,132,-140,-26,998,194,1,0
35494,2,stairs,14,-55,0,184,-127,24,997,225,1,0
35521,2,stairs,2,-7,1,191,-46,63,994,206,1,0
35547,2,stairs,-5,46,1,146,33,67,990,163,1,0
35573,2,stairs,-1,79,2,63,74,64,991,117,1,0
35599,2,stairs,-9,87,3,-21,98,80,992,128,1,0
35625,2,stairs,-37,79,-1,-79,109,94,993,164,1,0
35652,2,stairs,-64,66,-5,-76,128,83,993,171,1,0
35678,2,stairs,-80,62,-7,-26,142,58,994,156,1,0
35705,2,stairs,-75,66,-5,45,143,16,995,150,1,0
35731,2,stairs,-62,54,-2,92,147,-34,996,177,1,0
35758,2,stairs,-38,41,1,119,148,-78,996,205,1,0
35785,2,stairs,-15,38,5,142,149,-108,996,233,1,0
35812,2,stairs,-4,42,7,161,146,-131,997,254,1,0
35839,2,stairs,-3,42,8,165,131,-150,998,259,1,0
35866,2,stairs,-3,33,7,153,90,-163,998,241,1,0
35893,2,stairs,-7,25,7,143,42,-165,998,223,1,0
35920,2,stairs,-5,19,7,145,-3,-159,998,215,1,0
35947,2,stairs,-1,17,7,142,-26,-155,998,212,1,0
35974,2,stairs,9,13,8,122,-39,-159,998,204,1,0
36000,2,stairs,19,14,9,97,-35,-168,999,197,1,0
36026,2,stairs,32,23,10,75,-26,-179,998,196,1,0
36052,2,stairs,48,34,12,59,-13,-188,998,197,1,0
36078,2,stairs,62,45,12,39,3,-194,997,198,1,0
36104,2,stairs,69,56,13,28,25,-201,997,205,1,0
36130,2,stairs,65,65,13,25,44,-210,998,216,1,0
36156,2,stairs,57,65,12,26,44,-213,998,219,1,0
36182,2,stairs,46,59,12,33,8,-203,998,206,1,0
36208,2,stairs,36,55,11,55,-53,-178,999,194,1,0
36235,2,stairs,18,56,9,86,-103,-170,998,216,1,0
36262,2,stairs,6,62,7,125,-108,-189,998,251,1,0
36289,2,stairs,-10,63,5,152,-55,-207,998,262,1,0
36316,2,stairs,-30,55,2,142,19,-211,997,255,1,0
36343,2,stairs,-50,37,-2,101,58,-213,996,243,1,0
36370,2,stairs,-79,18,-10,69,46,-209,995,225,1,0
36397,2,stairs,-111,3,-19,76,3,-196,994,211,1,0
36424,2,stairs,-130,-2,-24,105,-36,-194,994,223,1,0
36451,2,stairs,-131,-3,-23,119,-40,-210,995,245,1,0
36478,2,stairs,-111,-3,-18,95,-30,-237,996,257,1,0
36505,2,stairs,-71,-3,-10,54,-27,-255,994,262,1,0
36532,2,stairs,-34,-2,-4,17,-15,-257,994,258,1,0
36567,2,stairs,-9,-6,0,-20,8,-259,994,260,1,0
36593,2,stairs,1,-15,2,-59,44,-266,995,276,1,0
36620,2,stairs,1,-22,2,-88,79,-277,996,301,1,0
36647,2,stairs,-3,-27,2,-109,102,-287,997,324,1,0
36674,2,stairs,-2,-28,3,-118,107,-297,998,337,1,0
36701,2,stairs,5,-25,4,-110,91,-297,998,329,1,0
36727,2,stairs,15,-25,6,-98,71,-285,999,310,1,0
36753,2,stairs,21,-24,6,-91,52,-269,999,288,1,0
36779,2,stairs,29,-26,7,-89,25,-251,999,268,1,0
36805,2,stairs,30,-28,6,-93,2,-233,999,251,1,0
36832,2,stairs,32,-33,6,-104,-25,-210,999,236,1,0
36859,2,stairs,35,-37,6,-116,-57,-181,998,222,1,0
36886,2,stairs,44,-36,6,-112,-102,-139,998,206,1,0
36913,2,stairs,45,-30,7,-85,-154,-84,999,195,1,0
36939,2,stairs,40,-23,7,-47,-189,-33,999,198,1,0
36966,2,stairs,36,-10,8,7,-213,7,999,213,1,0
36992,2,stairs,36,3,8,59,-202,30,998,212,1,0
37018,2,stairs,42,10,9,89,-155,43,998,184,1,0
37044,2,stairs,39,15,9,95,-55,63,998,127,1,0
37070,2,stairs,18,22,7,96,91,104,997,169,1,0
37096,2,stairs,-11,38,3,93,229,152,996,290,1,0
37122,2,stairs,-45,61,-4,69,332,178,994,382,1,0
37148,2,stairs,-77,83,-12,36,371,169,993,409,1,0
37175,2,stairs,-101,95,-18,22,363,142,993,390,1,0
37201,2,stairs,-111,96,-19,40,343,121,994,366,1,0
37227,2,stairs,-104,90,-16,69,318,115,996,345,1,0
37254,2,stairs,-85,85,-11,91,290,116,996,326,1,0
37280,2,stairs,-54,77,-5,94,254,114,996,294,1,0
37306,2,stairs,-34,61,-1,66,219,108,996,254,1,0
37332,2,stairs,-26,39,0,17,180,106,996,209,1,0
37358,2,stairs,-31,21,-1,-27,130,112,996,174,1,0
37385,2,stairs,-38,12,-2,-46,62,126,997,148,1,0
37412,2,stairs,-40,9,-2,-45,-11,141,997,148,1,0
37439,2,stairs,-32,11,0,-31,-74,151,998,171,1,0
37466,2,stairs,-16,12,3,-20,-112,153,998,190,1,0
37493,2,stairs,2,13,5,-18,-120,145,998,190,1,0
37519,2,stairs,15,14,7,-25,-101,133,998,168,1,0
37545,2,stairs,24,14,8,-37,-67,115,998,138,1,0
37571,2,stairs,32,16,9,-49,-39,96,998,114,1,0
37597,2,stairs,44,25,10,-49,-28,79,998,97,1,0
37623,2,stairs,55,32,11,-41,-33,69,998,87,1,0
37649,2,stairs,65,37,11,-37,-45,67,998,89,1,0
37675,2,stairs,69,38,11,-30,-60,74,998,100,1,0
37701,2,stairs,62,39,11,-12,-74,88,998,116,1,0
37727,2,stairs,46,37,10,14,-98,99,998,140,1,0
37753,2,stairs,29,29,8,39,-154,98,998,186,1,0
37779,2,stairs,18,23,6,77,-225,95,998,256,1,0
37805,2,stairs,11,21,6,121,-278,86,998,315,1,0
37831,2,stairs,2,18,5,151,-263,52,998,307,1,0
37857,2,stairs,-1,13,4,154,-203,-8,998,255,1,0
37884,2,stairs,-8,2,3,125,-134,-65,998,195,1,0
37910,2,stairs,-32,-18,-4,69,-58,-103,996,137,1,0
37937,2,stairs,-72,-37,-15,22,6,-116,993,118,1,0
37964,2,stairs,-103,-52,-25,-6,42,-115,993,122,1,0
37991,2,stairs,-115,-65,-28,-19,59,-114,994,130,1,0
38018,2,stairs,-99,-75,-24,-25,50,-114,995,127,1,0
38045,2,stairs,-66,-78,-18,-31,46,-106,994,120,1,0
38072,2,stairs,-28,-68,-10,-40,68,-86,993,117,1,0
38099,2,stairs,-8,-56,-5,-65,119,-66,994,151,1,0
38126,2,stairs,-1,-51,-2,-98,176,-60,995,211,1,0
38153,2,stairs,0,-49,-1,-111,222,-61,997,256,1,0
38180,2,stairs,-1,-54,-1,-108,246,-64,997,276,1,0
38207,2,stairs,-3,-63,-2,-95,258,-66,998,283,1,0
38234,2,stairs,1,-63,-1,-77,251,-62,998,270,1,0
38269,2,stairs,0,-61,-1,-65,243,-58,999,258,1,0
38296,2,stairs,2,-55,0,-54,219,-54,999,231,1,0
38322,2,stairs,6,-53,1,-51,185,-42,999,196,1,0
38348,2,stairs,11,-56,1,-59,144,-23,999,158,1,0
38374,2,stairs,21,-60,1,-76,100,0,998,126,1,0
38400,2,stairs,32,-68,1,-94,61,24,998,114,1,0
38426,2,stairs,41,-82,-1,-117,23,44,998,127,1,0
38453,2,stairs,41,-93,-3,-141,-5,60,998,153,1,0
38480,2,stairs,31,-96,-4,-151,-19,72,998,169,1,0
38507,2,stairs,14,-91,-6,-144,-21,68,998,161,1,0
38534,2,stairs,6,-79,-5,-121,-11,45,998,130,1,0
38560,2,stairs,-2,-63,-4,-83,6,11,997,84,1,0
38586,2,stairs,-6,-40,-2,-31,-15,-19,997,40,1,0
38613,2,stairs,-4,-16,0,26,-52,-33,997,67,1,0
38639,2,stairs,-12,6,1,84,-67,-32,996,112,1,0
38665,2,stairs,-24,22,0,137,-51,-18,996,147,1,0
38691,2,stairs,-30,37,0,166,-5,12,996,167,1,0
38717,2,stairs,-43,50,-2,155,54,47,997,171,1,0
38743,2,stairs,-62,62,-6,114,98,66,996,164,1,0
38769,2,stairs,-84,74,-11,65,120,62,996,150,1,0
38795,2,stairs,-101,85,-16,34,115,40,996,126,1,0
38822,2,stairs,-111,92,-18,34,106,3,996,111,1,0
38848,2,stairs,-106,97,-17,57,95,-35,997,116,1,0
38875,2,stairs,-85,102,-12,84,92,-75,997,146,1,0
38902,2,stairs,-58,100,-6,87,91,-116,997,172,1,0
38928,2,stairs,-40,88,-2,63,89,-152,997,187,1,0
38954,2,stairs,-33,68,0,25,92,-174,997,198,1,0
38981,2,stairs,-35,53,0,-7,89,-181,997,202,1,0
39008,2,stairs,-41,42,-1,-19,64,-183,998,194,1,0
39035,2,stairs,-44,36,-1,-16,19,-183,998,184,1,0
39062,2,stairs,-40,32,-1,-8,-33,-182,999,185,1,0
39089,2,stairs,-30,31,1,2,-81,-177,999,195,1,0
39116,2,stairs,-23,29,3,7,-103,-168,999,197,1,0
39143,2,stairs,-11,28,4,4,-104,-160,999,191,1,0
39170,2,stairs,-2,28,6,-3,-96,-151,999,179,1,0
39197,2,stairs,8,26,7,-18,-93,-146,999,174,1,0
39223,2,stairs,25,23,9,-36,-93,-151,999,181,1,0
39250,2,stairs,44,20,11,-47,-91,-161,998,190,1,0
39277,2,stairs,59,21,12,-49,-77,-177,998,199,1,0
39304,2,stairs,69,24,13,-36,-58,-194,998,206,1,0
39330,2,stairs,73,58,12,15,-34,-209,997,212,1,0
39356,2,stairs,65,52,11,23,0,-226,997,227,1,0
39382,2,stairs,55,46,10,26,35,-240,997,244,1,0
39408,2,stairs,48,40,10,33,62,-244,997,254,1,0
39434,2,stairs,37,31,9,55,67,-234,997,249,1,0
39460,2,stairs,36,24,9,88,24,-208,998,227,1,0
39487,2,stairs,39,21,9,119,-64,-191,998,234,1,0
39514,2,stairs,40,20,9,157,-168,-203,998,306,1,0
39541,2,stairs,39,18,9,201,-250,-247,998,404,1,0
39568,2,stairs,28,11,7,246,-282,-311,998,486,1,0
39595,2,stairs,23,5,6,279,-277,-380,998,547,1,0
39622,2,stairs,17,-4,5,283,-245,-448,998,584,1,0
39649,2,stairs,2,-16,2,268,-192,-511,998,608,1,0
39676,2,stairs,-17,-33,-3,251,-144,-564,997,633,1,0
39703,2,stairs,-47,-54,-12,234,-103,-605,995,657,1,0
39730,2,stairs,-77,-67,-20,218,-88,-637,994,679,1,0
39757,2,stairs,-91,-74,-24,191,-91,-652,995,686,1,0
39784,2,stairs,-82,-82,-22,128,-80,-655,996,673,1,0
39811,2,stairs,-55,-83,-16,29,-49,-646,996,649,1,0
39838,2,stairs,-23,-77,-10,-84,5,-636,995,642,1,0
39865,2,stairs,6,-72,-5,-185,86,-639,995,671,1,0
39892,2,stairs,31,-71,-2,-276,168,-664,995,738,1,0
39919,2,stairs,31,-82,-2,-353,257,-706,996,830,1,0
39946,2,stairs,23,-99,-6,-389,321,-745,996,900,1,0
39981,2,stairs,23,-124,-11,-376,329,-771,995,919,1,0
40008,2,stairs,14,-140,-16,-318,306,-785,996,901,1,0
40035,2,stairs,10,-142,-16,-201,242,-795,997,855,1,0
40062,2,stairs,14,-144,-15,-54,151,-794,997,810,1,0
40089,2,stairs,18,-141,-14,87,32,-781,998,786,1,0
40116,2,stairs,25,-123,-10,197,-97,-749,998,781,1,0
40143,2,stairs,27,-96,-5,265,-180,-713,997,781,1,0
40170,2,stairs,29,-63,-1,255,-213,-692,996,768,1,0
40197,2,stairs,26,-37,2,144,-212,-691,996,737,1,0
40224,2,stairs,17,-18,3,12,-219,-689,996,724,1,0
40251,2,stairs,19,-3,5,-67,-249,-684,996,731,1,0
40278,2,stairs,28,1,7,-53,-264,-679,997,731,1,0
40305,2,stairs,25,3,8,59,-280,-665,997,724,1,0
40332,2,stairs,35,27,10,221,-296,-647,997,745,1,0
40359,2,stairs,48,57,11,367,-294,-638,996,792,1,0
40386,2,stairs,70,78,11,460,-373,-656,995,884,1,0
40413,2,stairs,74,109,10,521,-391,-645,994,917,1,0
40440,2,stairs,41,121,7,526,-279,-563,993,819,1,0
40467,2,stairs,5,126,1,474,-163,-450,993,673,1,0
40494,2,stairs,-33,133,-6,389,-39,-348,992,523,1,0
40521,2,stairs,-74,128,-14,282,35,-262,991,386,1,0
40548,2,stairs,-102,119,-20,179,8,-196,992,266,1,0
40575,2,stairs,-84,113,-14,97,-62,-122,993,168,1,0
40602,2,stairs,-21,82,-6,-25,-140,-74,987,160,1,0
40629,2,stairs,15,69,0,-168,-156,-102,988,251,1,0
40656,2,stairs,45,53,5,-312,-154,-228,989,416,1,0
40683,2,stairs,76,39,7,-449,-140,-427,990,635,1,0
40710,2,stairs,72,20,9,-545,-76,-614,992,824,1,0
40737,2,stairs,40,12,6,-579,-27,-753,992,951,1,0
40764,2,stairs,26,3,6,-547,-8,-849,994,1009,1,0
40791,2,stairs,18,0,6,-443,19,-900,995,1003,1,0
40818,2,stairs,27,-8,7,-302,59,-930,996,980,1,0
40845,2,stairs,45,-11,8,-147,96,-966,996,981,1,0
40872,2,stairs,63,-15,10,-11,129,-1017,996,1025,1,0
40899,2,stairs,76,-18,10,90,147,-1077,996,1091,1,0
40926,2,stairs,73,-35,9,120,128,-1141,996,1155,1,0
40953,2,stairs,70,-14,10,148,86,-1204,996,1216,1,0
40980,2,stairs,58,6,10,132,37,-1254,996,1262,1,0
41007,2,stairs,38,22,9,92,-15,-1295,995,1298,1,0
41034,2,stairs,28,31,8,33,-57,-1339,996,1341,1,0
41061,2,stairs,31,36,9,-33,-95,-1382,996,1385,1,0
41088,2,stairs,24,36,9,-83,-85,-1411,997,1416,1,0
41115,2,stairs,33,14,9,-130,-68,-1428,997,1435,1,0
41142,2,stairs,46,-13,7,-195,-72,-1470,996,1485,1,0
41169,2,stairs,26,-43,2,-277,-57,-1540,994,1566,1,0
41196,2,stairs,14,-75,-4,-388,-22,-1601,994,1647,1,0
41223,2,stairs,2,-112,-12,-490,37,-1654,993,1726,1,0
41250,2,stairs,-22,-141,-22,-531,114,-1655,992,1742,1,0
41278,2,stairs,-46,-156,-30,-490,153,-1609,992,1689,1,0
41306,2,stairs,-65,-161,-34,-411,173,-1560,993,1623,1,0
41334,2,stairs,-80,-168,-38,-323,170,-1529,994,1572,1,0
41361,2,stairs,-81,-176,-40,-245,152,-1483,995,1511,1,0
41388,2,stairs,-58,-154,-30,-167,156,-1453,995,1470,1,0
41415,2,stairs,-34,-129,-21,-111,171,-1430,994,1444,1,0
41442,2,stairs,-8,-98,-12,-57,260,-1407,993,1432,1,0
41469,2,stairs,-6,-82,-8,-104,316,-1412,994,1450,1,0
41496,2,stairs,-2,-86,-7,-208,370,-1451,995,1512,1,0
41523,2,stairs,-7,-100,-10,-314,431,-1475,996,1568,1,0
41550,2,stairs,-11,-120,-15,-376,413,-1465,996,1568,1,0
41578,2,stairs,5,-131,-15,-352,378,-1446,996,1535,1,0
41605,2,stairs,18,-133,-14,-267,324,-1419,996,1480,1,0
41632,2,stairs,45,-127,-11,-164,223,-1402,996,1429,1,0
41659,2,stairs,63,-126,-9,-59,126,-1384,996,1391,1,0
41686,2,stairs,71,-132,-10,30,-10,-1334,996,1335,1,0
41722,2,stairs,80,-130,-9,64,-155,-1234,997,1245,1,0
41749,2,stairs,66,-114,-6,64,-227,-1138,997,1163,1,0
41776,2,stairs,42,-100,-5,76,-309,-1055,997,1102,1,0
41803,2,stairs,30,-76,-2,90,-334,-1005,996,1063,1,0
41830,2,stairs,18,-57,0,99,-314,-985,996,1039,1,0
41857,2,stairs,24,-49,3,101,-278,-981,997,1025,1,0
41884,2,stairs,35,-48,4,76,-220,-926,997,954,1,0
41910,2,stairs,22,-40,4,51,-137,-846,997,858,1,0
41937,2,stairs,-25,-26,-3,69,-18,-792,994,795,1,0
41964,2,stairs,-71,-10,-11,123,76,-769,992,783,1,0
41991,2,stairs,-83,0,-11,159,138,-781,993,808,1,0
42018,2,stairs,-78,6,-8,140,229,-811,994,854,1,0
42045,2,stairs,-59,2,-5,86,338,-841,995,910,1,0
42072,2,stairs,-33,-5,-1,64,428,-868,995,970,1,0
42099,2,stairs,-29,-18,-1,90,502,-909,995,1042,1,0
42126,2,stairs,-29,-29,-2,136,526,-975,996,1117,1,0
42153,2,stairs,-23,-31,-1,188,507,-1049,997,1180,1,0
42180,2,stairs,-19,-16,1,222,471,-1109,997,1225,1,0
42207,2,stairs,-28,5,2,223,445,-1160,996,1262,1,0
42234,2,stairs,-43,23,1,190,415,-1204,996,1288,1,0
42261,2,stairs,-53,40,1,140,360,-1229,996,1288,1,0
42288,2,stairs,-63,58,0,74,290,-1234,996,1270,1,0
42315,2,stairs,-62,77,1,18,209,-1235,996,1253,1,0
42342,2,stairs,-51,90,3,-12,147,-1237,996,1246,1,0
42369,2,stairs,-37,97,6,-13,82,-1234,996,1237,1,0
42396,2,stairs,-16,101,9,21,14,-1228,996,1228,1,0
42423,2,stairs,-2,105,11,85,-39,-1215,996,1219,1,0
42450,2,stairs,-4,105,11,133,-71,-1192,997,1202,1,0
42477,2,stairs,2,107,12,145,-94,-1169,997,1182,1,0
42504,2,stairs,16,105,14,139,-127,-1146,997,1161,1,0
42531,2,stairs,28,97,15,105,-159,-1137,997,1153,1,0
42558,2,stairs,23,78,13,51,-163,-1153,997,1165,1,0
42585,2,stairs,-2,52,8,8,-104,-1176,995,1180,1,0
42612,2,stairs,-44,19,-5,-8,-12,-1169,992,1169,1,0
42639,2,stairs,-79,-19,-18,26,48,-1103,989,1105,1,0
42666,2,stairs,-102,-46,-27,91,56,-991,989,997,1,0
42693,2,stairs,-107,-63,-30,138,26,-869,991,880,1,0
42720,2,stairs,-81,-66,-23,149,-23,-757,992,772,1,0
42747,2,stairs,-44,-60,-14,116,-66,-674,992,687,1,0
42774,2,stairs,-9,-55,-7,59,-97,-619,992,629,1,0
42801,2,stairs,15,-54,-3,9,-102,-566,993,576,1,0
42828,2,stairs,27,-45,2,-19,-78,-514,995,520,1,0
42855,2,stairs,30,-33,5,-37,-36,-468,996,471,1,0
42882,2,stairs,41,-28,7,-52,12,-423,996,427,1,0
42909,2,stairs,54,-18,10,-62,64,-387,997,397,1,0
42936,2,stairs,65,-10,12,-81,112,-365,997,390,1,0
42963,2,stairs,74,-10,13,-112,154,-347,998,396,1,0
42990,2,stairs,79,-13,13,-140,166,-324,998,390,1,0
43017,2,stairs,86,-16,13,-158,147,-296,998,366,1,0
43044,2,stairs,89,-18,12,-173,98,-260,998,328,1,0
43071,2,stairs,96,-19,13,-196,-2,-230,998,302,1,0
43098,2,stairs,94,-25,12,-220,-110,-208,998,322,1,0
43125,2,stairs,85,-33,10,-231,-213,-191,998,368,1,0
43152,2,stairs,84,-36,9,-198,-266,-175,998,375,1,0
43179,2,stairs,80,-38,9,-143,-226,-160,998,311,1,0
43206,2,stairs,74,-41,8,-94,-114,-152,998,212,1,0
43233,2,stairs,65,-48,6,-50,26,-151,998,161,1,0
43260,2,stairs,35,-51,2,-6,146,-147,997,208,1,0
43287,2,stairs,1,-35,-1,52,209,-142,995,258,1,0
43314,2,stairs,-32,-5,-4,97,249,-140,993,302,1,0
43341,2,stairs,-48,20,-3,107,269,-141,993,323,1,0
43368,2,stairs,-40,34,0,93,275,-130,994,318,1,0
43394,2,stairs,-11,44,5,77,269,-116,994,303,1,0
43420,2,stairs,19,50,9,64,264,-103,994,291,1,0
43455,2,stairs,22,52,11,39,288,-90,996,304,1,0
43481,2,stairs,14,51,10,21,297,-67,996,305,1,0
43507,2,stairs,1,51,9,20,290,-36,997,293,1,0
43533,2,stairs,-14,49,8,17,259,-4,997,260,1,0
43559,2,stairs,-16,47,8,8,197,22,998,198,1,0
43585,2,stairs,-9,46,9,-1,129,43,998,136,1,0
43611,2,stairs,-3,45,10,-5,68,59,999,90,1,0
43637,2,stairs,9,45,11,1,7,66,998,66,1,0
43663,2,stairs,16,48,12,13,-24,61,999,67,1,0
43689,2,stairs,21,47,12,26,-36,43,999,62,1,0
43715,2,stairs,31,44,13,52,-50,20,999,75,1,0
43741,2,stairs,36,43,13,79,-61,-4,999,101,1,0
43767,2,stairs,30,43,12,83,-46,-30,998,100,1,0
43793,2,stairs,16,38,10,69,24,-51,998,89,1,0
43819,2,stairs,-10,23,4,47,143,-72,997,167,1,0
43846,2,stairs,-29,-4,-2,51,247,-92,996,269,1,0
43873,2,stairs,-36,-38,-9,94,293,-105,994,325,1,0
43900,2,stairs,-47,-64,-15,164,275,-101,994,336,1,0
43927,2,stairs,-57,-73,-17,228,199,-78,995,312,1,0
43954,2,stairs,-65,-68,-17,251,123,-52,996,284,1,0
43981,2,stairs,-64,-61,-15,212,50,-30,997,220,1,0
44008,2,stairs,-42,-59,-11,129,-23,-9,997,131,1,0
44035,2,stairs,-14,-54,-6,47,-85,9,996,98,1,0
44061,2,stairs,6,-46,-2,-25,-133,11,996,136,1,0
44088,2,stairs,19,-39,1,-84,-152,-9,997,174,1,0
44115,2,stairs,24,-39,2,-127,-147,-37,998,198,1,0
44142,2,stairs,31,-42,3,-150,-143,-50,998,213,1,0
44169,2,stairs,42,-37,4,-150,-139,-53,998,211,1,0
44196,2,stairs,58,-28,6,-144,-129,-54,998,201,1,0
44223,2,stairs,76,-18,8,-145,-115,-54,997,193,1,0
44250,2,stairs,88,-11,10,-155,-97,-52,998,190,1,0
44277,2,stairs,100,-2,11,-167,-87,-43,998,193,1,0
44304,2,stairs,104,4,11,-182,-87,-25,998,204,1,0
44330,2,stairs,99,-2,11,-208,-113,2,998,237,1,0
44357,2,stairs,85,-8,10,-215,-154,37,998,268,1,0
44384,2,stairs,76,-12,9,-198,-178,76,998,276,1,0
44411,2,stairs,70,-13,8,-138,-162,112,998,241,1,0
44438,2,stairs,60,-14,7,-44,-102,148,998,185,1,0
44465,2,stairs,51,-20,6,55,-9,182,998,190,1,0
44491,2,stairs,44,-23,6,142,66,198,998,252,1,0
44517,2,stairs,26,-16,4,219,102,183,998,303,1,0
44544,2,stairs,-4,1,2,286,100,152,996,339,1,0
44570,2,stairs,-42,26,-3,331,94,134,994,369,1,0
44596,2,stairs,-81,56,-10,336,91,136,991,374,1,0
44622,2,stairs,-95,88,-11,308,77,155,991,354,1,0
44648,2,stairs,-89,113,-9,243,76,177,992,310,1,0
44674,2,stairs,-63,124,-4,142,73,189,993,248,1,0
44701,2,stairs,-21,118,2,28,62,182,992,194,1,0
44727,2,stairs,10,102,6,-58,65,162,992,184,1,0
44753,2,stairs,20,79,7,-99,81,147,993,195,1,0
44779,2,stairs,21,59,8,-90,94,155,994,203,1,0
44805,2,stairs,11,50,8,-58,113,176,996,217,1,0
44831,2,stairs,4,53,8,-21,122,190,997,227,1,0
44857,2,stairs,0,56,9,-9,136,193,997,236,1,0
44883,2,stairs,3,56,9,-22,136,191,998,235,1,0
44909,2,stairs,11,60,10,-36,138,188,998,236,1,0
44935,2,stairs,16,63,11,-46,146,181,998,237,1,0
44961,2,stairs,22,60,11,-48,151,172,998,234,1,0
44987,2,stairs,27,58,12,-33,153,156,998,221,1,0
45013,2,stairs,27,57,12,-6,147,131,999,197,1,0
45039,2,stairs,23,52,11,12,131,98,999,164,1,0
45065,2,stairs,13,44,10,4,110,62,999,126,1,0
45091,2,stairs,1,32,7,-26,97,35,998,107,1,0
45117,2,stairs,-17,18,3,-66,126,14,997,143,1,0
45152,2,stairs,-34,-9,-3,-107,205,-17,996,232,1,0
45179,2,stairs,-49,-42,-10,-104,268,-59,994,294,1,0
45206,2,stairs,-67,-73,-19,-46,295,-100,993,315,1,0
45233,2,stairs,-93,-92,-29,31,285,-126,993,313,1,0
45260,2,stairs,-111,-104,-34,98,245,-134,993,296,1,0
45287,2,stairs,-116,-104,-35,137,206,-125,994,277,1,0
45314,2,stairs,-114,-101,-33,138,167,-106,996,241,1,0
45341,2,stairs,-88,-97,-26,117,127,-75,996,188,1,0
45368,2,stairs,-57,-84,-18,94,108,-41,995,148,1,0
45394,2,stairs,-28,-69,-11,65,102,-21,995,123,1,0
45421,2,stairs,-5,-56,-6,36,106,-18,995,113,1,0
45447,2,stairs,-4,-46,-3,15,114,-22,996,117,1,0
45474,2,stairs,-12,-41,-2,-6,108,-25,997,111,1,0
45501,2,stairs,-19,-35,-2,-15,72,-20,998,76,1,0
45527,2,stairs,-23,-28,-1,-17,22,-12,998,31,1,0
45554,2,stairs,-18,-22,1,-21,-41,-4,998,47,1,0
45581,2,stairs,-5,-17,3,-34,-98,8,998,104,1,0
45607,2,stairs,12,-10,6,-55,-150,15,998,160,1,0
45634,2,stairs,33,-7,7,-83,-189,23,998,208,1,0
45661,2,stairs,49,-13,8,-115,-219,41,997,251,1,0
45688,2,stairs,67,-22,7,-137,-256,65,997,298,1,0
45715,2,stairs,80,-28,7,-142,-287,83,997,331,1,0
45742,2,stairs,80,-34,6,-133,-320,84,997,357,1,0
45769,2,stairs,73,-37,6,-103,-361,80,998,384,1,0
45796,2,stairs,62,-34,6,-55,-386,73,998,397,1,0
45822,2,stairs,53,-25,6,2,-409,62,998,414,1,0
45848,2,stairs,47,-14,7,74,-397,57,998,408,1,0
45874,2,stairs,38,-7,7,131,-323,69,997,355,1,0
45900,2,stairs,31,-2,7,169,-226,88,998,296,1,0
45926,2,stairs,24,6,7,202,-135,96,998,261,1,0
45952,2,stairs,-2,16,5,226,-53,88,997,248,1,0
45978,2,stairs,-33,32,1,249,-3,77,995,261,1,0
46004,2,stairs,-60,52,-4,263,31,68,995,273,1,0
46030,2,stairs,-75,69,-5,256,53,65,995,269,1,0
46056,2,stairs,-70,81,-3,231,69,62,996,249,1,0
46082,2,stairs,-50,85,1,196,85,60,996,222,1,0
46108,2,stairs,-20,83,5,162,95,56,996,196,1,0
46134,2,stairs,8,80,8,132,101,48,996,173,1,0
46160,2,stairs,20,75,10,102,110,34,997,153,1,0
46186,2,stairs,23,68,11,77,107,18,997,133,1,0
46212,2,stairs,19,64,11,56,99,10,998,114,1,0
46238,2,stairs,9,64,10,32,87,5,998,93,1,0
46264,2,stairs,8,66,10,-1,66,-4,999,66,1,0
46290,2,stairs,9,65,10,-33,52,-18,999,64,1,0
46316,2,stairs,16,61,11,-49,38,-25,999,67,1,0
46342,2,stairs,30,61,12,-38,19,-26,999,50,1,0
46368,2,stairs,42,69,13,-10,7,-26,999,29,1,0
46394,2,stairs,45,80,12,23,9,-30,998,39,1,0
46420,2,stairs,43,90,12,61,22,-33,998,72,1,0
46446,2,stairs,35,94,11,92,40,-30,998,105,1,0
46472,2,stairs,37,91,11,102,28,-25,999,108,1,0
46498,2,stairs,47,89,12,97,-19,-28,999,102,1,0
46524,2,stairs,53,84,12,68,-73,-37,999,106,1,0
46550,2,stairs,46,75,11,7,-103,-47,998,113,1,0
46577,2,stairs,27,64,9,-55,-67,-57,998,104,1,0
46603,2,stairs,3,45,5,-95,39,-61,996,120,1,0
46629,2,stairs,-13,19,2,-100,153,-61,996,193,1,0
46656,2,stairs,-13,-8,-1,-68,226,-64,995,244,1,0
46683,2,stairs,-16,-29,-3,-19,250,-70,995,260,1,0
46710,2,stairs,-33,-39,-6,24,223,-71,995,236,1,0
46737,2,stairs,-61,-43,-12,43,183,-61,995,198,1,0
46764,2,stairs,-82,-41,-15,51,141,-39,995,155,1,0
46791,2,stairs,-91,-36,-16,39,107,-7,996,114,1,0
46817,2,stairs,-76,-35,-12,-1,76,27,997,80,1,0
46852,2,stairs,-32,-39,-7,-58,46,59,995,94,1,0
46879,2,stairs,5,-43,-4,-105,24,69,994,128,1,0
46905,2,stairs,24,-40,0,-124,5,50,995,134,1,0
46931,2,stairs,25,-35,2,-121,-4,12,996,122,1,0
46958,2,stairs,20,-35,2,-106,-8,-19,997,108,1,0
46985,2,stairs,20,-35,2,-86,-26,-30,998,95,1,0
47011,2,stairs,27,-32,4,-73,-59,-25,998,97,1,0
47038,2,stairs,43,-25,6,-75,-99,-19,998,126,1,0
47064,2,stairs,58,-20,7,-96,-138,-15,998,168,1,0
47091,2,stairs,66,-15,8,-132,-169,-11,998,215,1,0
47118,2,stairs,76,-15,9,-169,-193,-3,999,256,1,0
47144,2,stairs,86,-22,8,-189,-211,15,998,284,1,0
47171,2,stairs,95,-30,6,-187,-227,39,998,297,1,0
47198,2,stairs,94,-35,6,-171,-235,64,998,297,1,0
47225,2,stairs,91,-38,6,-134,-251,83,999,297,1,0
47252,2,stairs,82,-37,5,-84,-255,99,998,286,1,0
47279,2,stairs,69,-32,5,-53,-241,102,998,267,1,0
47306,2,stairs,59,-22,6,-40,-228,89,998,248,1,0
47332,2,stairs,51,-20,6,-29,-195,83,998,214,1,0
47358,2,stairs,42,-25,5,-20,-143,95,998,173,1,0
47384,2,stairs,33,-28,4,-3,-101,107,998,147,1,0
47410,2,stairs,20,-28,3,21,-62,100,998,119,1,0
47436,2,stairs,-6,-21,0,45,-25,72,997,89,1,0
47462,2,stairs,-33,-12,-3,70,-7,39,996,80,1,0
47488,2,stairs,-58,1,-6,92,2,16,996,93,1,0
47514,2,stairs,-74,16,-7,98,8,0,996,98,1,0
47540,2,stairs,-68,29,-5,86,5,-14,997,87,1,0
47566,2,stairs,-43,39,-1,66,6,-30,996,73,1,0
47592,2,stairs,-16,39,3,34,23,-54,996,68,1,0
47618,2,stairs,13,35,5,7,45,-87,996,98,1,0
47644,2,stairs,29,26,6,-12,88,-115,996,145,1,0
47670,2,stairs,26,16,6,-23,142,-126,997,191,1,0
47697,2,stairs,18,16,6,-20,183,-123,997,221,1,0
47724,2,stairs,8,22,5,-12,215,-115,998,244,1,0
47750,2,stairs,-1,29,5,-12,232,-114,998,259,1,0
47777,2,stairs,-1,34,6,-12,239,-122,999,268,1,0
47803,2,stairs,1,38,7,1,245,-137,999,280,1,0
47829,2,stairs,7,37,7,30,238,-152,999,284,1,0
47855,2,stairs,16,36,8,71,222,-166,999,286,1,0
47881,2,stairs,19,40,8,117,197,-182,999,293,1,0
47908,2,stairs,20,51,8,160,166,-215,998,315,1,0
47934,2,stairs,14,63,8,188,138,-263,998,352,1,0
47960,2,stairs,1,70,6,185,120,-320,998,389,1,0
47986,2,stairs,-12,71,5,160,92,-364,998,408,1,0
48012,2,stairs,-17,64,4,111,57,-392,998,411,1,0
48039,2,stairs,-21,53,4,62,50,-404,998,411,1,0
48065,2,stairs,-26,39,3,33,98,-418,998,430,1,0
48092,2,stairs,-27,22,1,33,197,-439,998,483,1,0
48119,2,stairs,-29,0,-1,55,295,-485,997,570,1,0
48146,2,stairs,-35,-26,-5,93,346,-549,997,655,1,0
48173,2,stairs,-47,-49,-10,148,332,-601,996,702,1,0
48200,2,stairs,-62,-65,-15,206,279,-617,996,707,1,0
48227,2,stairs,-83,-74,-20,246,212,-594,996,677,1,0
48254,2,stairs,-100,-76,-24,250,153,-539,996,613,1,0
48281,2,stairs,-102,-76,-23,218,97,-475,997,531,1,0
48308,2,stairs,-81,-75,-19,149,38,-422,997,449,1,0
48335,2,stairs,-42,-72,-13,71,-20,-398,996,405,1,0
48362,2,stairs,-10,-68,-9,11,-46,-407,995,410,1,0
48389,2,stairs,5,-64,-6,-19,-43,-440,996,443,1,0
48416,2,stairs,3,-59,-4,-20,-21,-483,997,483,1,0
48443,2,stairs,-6,-50,-4,-8,6,-520,997,520,1,0
48469,2,stairs,-11,-39,-2,2,21,-550,998,550,1,0
48495,2,stairs,-12,-27,-1,-5,21,-577,998,577,1,0
48522,2,stairs,0,-16,2,-33,10,-600,998,601,1,0
48557,2,stairs,20,-12,4,-79,-6,-617,998,622,1,0
48584,2,stairs,43,-9,5,-120,-32,-627,997,639,1,0
48611,2,stairs,62,-7,6,-144,-70,-632,997,652,1,0
48638,2,stairs,66,-5,7,-146,-116,-625,997,652,1,0
48665,2,stairs,63,-4,7,-118,-191,-604,998,644,1,0
48692,2,stairs,65,-5,7,-68,-309,-575,998,656,1,0
48719,2,stairs,62,-3,8,-10,-423,-551,998,694,1,0
48746,2,stairs,45,4,7,45,-470,-546,998,722,1,0
48773,2,stairs,28,2,6,69,-419,-553,998,698,1,0
48800,2,stairs,35,-8,5,78,-351,-549,998,656,1,0
48827,2,stairs,32,-15,4,78,-276,-526,998,599,1,0
48854,2,stairs,13,-18,2,56,-219,-523,998,570,1,0
48881,2,stairs,-17,-22,-3,35,-184,-542,997,573,1,0
48908,2,stairs,-59,-17,-10,28,-163,-567,994,591,1,0
48935,2,stairs,-85,-4,-14,23,-151,-595,994,614,1,0
48962,2,stairs,-85,9,-12,3,-110,-628,995,637,1,0
48989,2,stairs,-64,12,-7,-37,-47,-663,995,665,1,0
49016,2,stairs,-34,6,-3,-81,9,-696,995,701,1,0
49043,2,stairs,-12,0,-1,-107,50,-728,996,738,1,0
49070,2,stairs,-6,1,1,-105,69,-762,997,772,1,0
49096,2,stairs,-13,6,1,-85,76,-799,997,807,1,0
49122,2,stairs,-15,15,2,-66,68,-844,998,850,1,0
49149,2,stairs,-15,25,3,-49,50,-899,998,901,1,0
49175,2,stairs,-8,26,4,-37,12,-947,998,948,1,0
49201,2,stairs,1,25,5,-27,-40,-982,998,983,1,0
49227,2,stairs,9,28,6,-11,-95,-1010,998,1015,1,0
49254,2,stairs,15,33,7,-3,-131,-1045,998,1053,1,0
49281,2,stairs,23,30,8,-13,-165,-1094,998,1106,1,0
49308,2,stairs,34,21,8,-23,-212,-1159,998,1179,1,0
49335,2,stairs,35,22,8,-3,-223,-1236,998,1256,1,0
49362,2,stairs,30,22,8,12,-152,-1308,999,1317,1,0
49389,2,stairs,21,12,6,11,-54,-1357,998,1358,1,0
49416,2,stairs,10,-11,2,8,52,-1372,997,1373,1,0
49443,2,stairs,-4,-36,-3,25,140,-1364,996,1372,1,0
49470,2,stairs,-16,-53,-7,47,178,-1350,996,1363,1,0
49497,2,stairs,-16,-68,-9,48,167,-1334,996,1345,1,0
49524,2,stairs,-7,-74,-9,34,139,-1306,997,1314,1,0
49551,2,stairs,-1,-69,-7,-1,124,-1271,997,1277,1,0
49578,2,stairs,12,-60,-4,-53,125,-1244,997,1251,1,0
49605,2,stairs,23,-53,-2,-98,146,-1227,997,1239,1,0
49632,2,stairs,30,-50,-1,-121,163,-1211,998,1228,1,0
49659,2,stairs,35,-50,0,-114,162,-1190,998,1206,1,0
49686,2,stairs,40,-49,0,-92,141,-1162,998,1174,1,0
49713,2,stairs,48,-47,1,-73,108,-1133,999,1140,1,0
49740,2,stairs,56,-39,2,-62,64,-1109,999,1113,1,0
49767,2,stairs,70,-30,4,-61,15,-1089,998,1091,1,0
49794,2,stairs,85,-19,5,-66,-34,-1067,998,1070,1,0
49821,2,stairs,96,-10,6,-80,-83,-1032,998,1039,1,0
49848,2,stairs,103,-5,6,-88,-144,-974,998,989,1,0
49875,2,stairs,104,1,7,-78,-213,-891,998,919,1,0
49902,2,stairs,97,7,7,-57,-288,-798,998,850,1,0
49928,2,stairs,84,17,8,-33,-335,-719,998,794,1,0
49955,2,stairs,65,18,8,-8,-279,-666,998,722,1,0
49982,2,stairs,67,7,7,31,-197,-623,998,654,1,0
50008,2,stairs,78,-10,5,74,-109,-569,997,584,1,0
50035,2,stairs,63,-17,3,107,-8,-524,997,535,1,0
50062,2,stairs,20,-21,-1,117,70,-515,995,533,1,0
50089,2,stairs,-37,-23,-11,112,108,-524,991,547,1,0
50116,2,stairs,-87,-13,-19,98,98,-530,989,548,1,0
50143,2,stairs,-105,7,-19,60,66,-539,990,546,1,0
50170,2,stairs,-94,22,-14,-13,60,-561,992,564,1,0
50197,2,stairs,-61,24,-8,-85,68,-586,992,596,1,0
50224,2,stairs,-33,18,-4,-124,91,-602,993,622,1,0
50251,2,stairs,-18,16,-1,-114,109,-612,994,632,1,0
50286,2,stairs,-17,21,1,-74,115,-621,995,636,1,0
50313,2,stairs,-19,25,2,-56,120,-629,996,643,1,0
50340,2,stairs,-13,28,4,-60,110,-641,997,654,1,0
50367,2,stairs,-3,29,5,-73,93,-661,998,671,1,0
50393,2,stairs,5,28,6,-93,70,-691,998,701,1,0
50419,2,stairs,14,27,7,-105,35,-733,998,742,1,0
50446,2,stairs,18,25,7,-108,-2,-773,998,781,1,0
50473,2,stairs,19,21,7,-105,-48,-806,998,814,1,0
50500,2,stairs,21,19,7,-107,-109,-833,998,847,1,0
50527,2,stairs,23,21,7,-127,-179,-870,998,897,1,0
50554,2,stairs,17,28,7,-158,-208,-932,998,967,1,0
50581,2,stairs,9,29,7,-208,-151,-1010,998,1042,1,0
50608,2,stairs,-4,11,3,-262,-46,-1066,998,1099,1,0
50635,2,stairs,-15,-18,-2,-278,94,-1091,997,1130,1,0
50662,2,stairs,-25,-51,-9,-244,230,-1101,995,1151,1,0
50689,2,stairs,-39,-78,-16,-177,310,-1114,994,1170,1,0
50716,2,stairs,-53,-92,-20,-96,334,-1116,995,1168,1,0
50743,2,stairs,-61,-94,-21,-19,345,-1071,995,1126,1,0
50770,2,stairs,-69,-86,-20,16,370,-986,996,1053,1,0
50797,2,stairs,-62,-71,-16,15,370,-899,997,973,1,0
50824,2,stairs,-49,-59,-12,-1,343,-841,997,908,1,0
50851,2,stairs,-36,-56,-9,-14,279,-802,997,850,1,0
50878,2,stairs,-21,-52,-7,-14,179,-772,997,792,1,0
50905,2,stairs,-10,-42,-4,0,85,-744,997,749,1,0
50932,2,stairs,-1,-30,-1,17,14,-721,997,722,1,0
50959,2,stairs,8,-21,1,28,-28,-698,998,699,1,0
50986,2,stairs,19,-12,3,26,-48,-665,998,667,1,0
51013,2,stairs,34,-4,5,14,-52,-627,998,629,1,0
51039,2,stairs,50,0,7,1,-35,-587,998,588,1,0
51065,2,stairs,65,-1,7,-6,0,-544,998,544,1,0
51091,2,stairs,75,-7,6,-5,47,-498,998,500,1,0
51117,2,stairs,82,-13,6,6,97,-454,998,464,1,0
51143,2,stairs,81,-19,5,24,145,-416,998,441,1,0
51169,2,stairs,70,-20,4,41,178,-379,998,421,1,0
51196,2,stairs,43,-20,3,40,189,-340,997,391,1,0
51223,2,stairs,31,-20,2,32,164,-303,997,346,1,0
51249,2,stairs,29,-13,3,23,118,-266,998,292,1,0
51276,2,stairs,39,-3,5,-5,55,-237,998,243,1,0
51302,2,stairs,57,1,6,-63,-11,-214,997,223,1,0
51329,2,stairs,66,-1,6,-136,-73,-195,998,249,1,0
51356,2,stairs,67,-8,5,-200,-135,-175,998,298,1,0
51383,2,stairs,70,-13,5,-239,-176,-145,998,330,1,0
51410,2,stairs,69,-13,5,-255,-178,-109,998,330,1,0
51437,2,stairs,69,-12,5,-237,-137,-74,998,284,1,0
51464,2,stairs,65,-12,5,-188,-40,-33,998,195,1,0
51491,2,stairs,41,-8,4,-114,103,12,997,154,1,0
51517,2,stairs,-1,-1,0,-30,250,59,995,259,1,0
51543,2,stairs,-43,9,-5,56,361,109,993,381,1,0
51569,2,stairs,-91,22,-14,140,403,164,990,457,1,0
51596,2,stairs,-135,40,-23,202,361,220,988,468,1,0
51623,2,stairs,-154,62,-25,212,278,255,990,433,1,0
51650,2,stairs,-147,74,-21,160,201,250,992,359,1,0
51676,2,stairs,-121,69,-14,66,131,204,993,251,1,0
51703,2,stairs,-82,49,-8,-28,70,137,992,156,1,0
51730,2,stairs,-54,21,-6,-89,38,76,992,123,1,0
51757,2,stairs,-37,1,-5,-90,24,37,993,100,1,0
51783,2,stairs,-34,-5,-3,-47,25,10,995,54,1,0
51809,2,stairs,-39,-3,-2,-2,27,-19,996,34,1,0
51835,2,stairs,-43,4,-1,34,18,-54,997,66,1,0
51861,2,stairs,-46,11,-1,58,-2,-92,997,109,1,0
51888,2,stairs,-40,14,1,72,-31,-131,998,153,1,0
51915,2,stairs,-22,18,3,86,-72,-165,998,200,1,0
51942,2,stairs,-8,25,5,102,-104,-200,998,248,1,0
51969,2,stairs,4,31,7,111,-134,-239,997,296,1,0
52004,2,stairs,13,42,8,96,-176,-288,997,350,1,0
52031,2,stairs,15,51,9,54,-210,-344,998,406,1,0
52058,2,stairs,14,51,9,-7,-219,-386,998,444,1,0
52085,2,stairs,6,45,8,-43,-148,-397,998,426,1,0
52112,2,stairs,-7,26,5,-58,-21,-389,997,394,1,0
52139,2,stairs,-8,-1,2,-62,88,-392,997,407,1,0
52166,2,stairs,-3,-32,-3,-56,150,-420,995,450,1,0
52193,2,stairs,-13,-56,-8,-26,176,-449,995,483,1,0
52220,2,stairs,-32,-71,-13,5,181,-447,995,482,1,0
52247,2,stairs,-49,-78,-16,18,202,-400,995,448,1,0
52274,2,stairs,-57,-78,-17,9,231,-330,996,402,1,0
52301,2,stairs,-44,-75,-14,-10,229,-259,997,346,1,0
52328,2,stairs,-11,-67,-9,-27,190,-206,996,282,1,0
52355,2,stairs,16,-53,-4,-44,152,-179,996,239,1,0
52382,2,stairs,24,-41,-1,-67,135,-175,996,231,1,0
52409,2,stairs,17,-34,0,-84,139,-171,997,236,1,0
52436,2,stairs,4,-30,0,-86,145,-152,998,227,1,0
52463,2,stairs,3,-26,1,-77,129,-117,998,191,1,0
52489,2,stairs,13,-20,3,-70,105,-84,998,151,1,0
52515,2,stairs,29,-19,4,-74,79,-69,998,128,1,0
52541,2,stairs,48,-27,4,-88,53,-69,998,124,1,0
52567,2,stairs,65,-38,3,-95,16,-71,998,120,1,0
52593,2,stairs,74,-44,2,-92,-20,-74,998,120,1,0
52620,2,stairs,79,-47,1,-86,-53,-79,998,128,1,0
52646,2,stairs,85,-48,1,-76,-90,-83,998,144,1,0
52673,2,stairs,89,-47,1,-68,-131,-90,998,173,1,0
52700,2,stairs,89,-40,3,-64,-177,-103,999,215,1,0
52727,2,stairs,77,-32,3,-51,-202,-115,998,238,1,0
52754,2,stairs,63,-26,4,-18,-193,-118,998,226,1,0
52781,2,stairs,54,-18,4,44,-165,-92,998,194,1,0
52808,2,stairs,52,-7,6,121,-132,-59,998,188,1,0
52834,2,stairs,56,1,7,186,-98,-37,998,214,1,0
52860,2,stairs,51,7,8,230,-59,-29,999,240,1,0
52886,2,stairs,36,13,8,248,-28,-21,998,251,1,0
52912,2,stairs,13,21,6,248,-9,-9,998,248,1,0
52938,2,stairs,-21,33,3,230,3,16,996,230,1,0
52964,2,stairs,-46,48,1,195,-1,50,995,201,1,0
52990,2,stairs,-54,63,1,139,-5,89,996,165,1,0
53016,2,stairs,-11,75,4,70,-32,114,994,138,1,0
53042,2,stairs,4,79,7,4,3,124,995,124,1,0
53068,2,stairs,32,70,8,-37,45,113,995,127,1,0
53094,2,stairs,57,54,8,-51,89,94,995,139,1,0
53120,2,stairs,65,43,8,-25,132,81,996,157,1,0
53146,2,stairs,57,35,9,16,169,79,997,187,1,0
53172,2,stairs,38,32,8,43,198,85,997,220,1,0
53198,2,stairs,18,33,7,43,205,88,997,227,1,0
53224,2,stairs,8,38,7,20,183,79,998,200,1,0
53250,2,stairs,6,42,8,-19,162,54,998,172,1,0
53276,2,stairs,7,45,8,-50,152,20,999,161,1,0
53302,2,stairs,12,42,8,-63,152,-8,999,164,1,0
53328,2,stairs,16,43,9,-42,153,-28,998,161,1,0
53354,2,stairs,11,51,9,9,154,-49,998,161,1,0
53380,2,stairs,4,54,8,43,147,-75,998,171,1,0
53406,2,stairs,-2,51,8,43,108,-103,999,155,1,0
53432,2,stairs,-9,50,7,17,51,-131,999,141,1,0
53459,2,stairs,-21,47,5,-22,32,-156,998,160,1,0
53486,2,stairs,-41,32,1,-61,102,-158,997,197,1,0
53513,2,stairs,-53,2,-4,-96,197,-133,996,257,1,0
53540,2,stairs,-44,-30,-8,-102,272,-114,995,312,1,0
53567,2,stairs,-47,-55,-12,-82,308,-133,995,346,1,0
53594,2,stairs,-70,-72,-19,-47,307,-169,994,354,1,0
53621,2,stairs,-100,-80,-27,-8,298,-193,994,355,1,0
53648,2,stairs,-134,-80,-35,42,285,-182,993,341,1,0
53675,2,stairs,-153,-82,-39,73,264,-144,994,309,1,0
53710,2,stairs,-133,-84,-34,81,206,-79,995,235,1,0
53737,2,stairs,-95,-76,-25,87,129,-26,994,157,1,0
53764,2,stairs,-53,-64,-17,83,73,-6,992,111,1,0
53790,2,stairs,-31,-48,-10,79,64,-17,993,103,1,0
53816,2,stairs,-29,-38,-7,73,81,-40,995,116,1,0
53843,2,stairs,-33,-31,-5,80,104,-52,996,141,1,0
53870,2,stairs,-42,-18,-4,100,123,-45,997,165,1,0
53897,2,stairs,-45,-6,-2,114,119,-27,997,167,1,0
53924,2,stairs,-38,6,0,120,95,-5,997,153,1,0
53950,2,stairs,-27,17,3,114,62,16,998,131,1,0
53976,2,stairs,-13,22,5,93,20,28,998,99,1,0
54002,2,stairs,6,22,7,62,-26,36,998,77,1,0
54028,2,stairs,24,18,8,33,-67,46,998,87,1,0
54054,2,stairs,38,11,8,9,-94,55,998,109,1,0
54080,2,stairs,52,4,8,-5,-104,66,997,124,1,0
54106,2,stairs,57,0,8,-6,-88,76,998,116,1,0
54132,2,stairs,57,-5,8,-11,-65,80,998,103,1,0
54158,2,stairs,52,-10,7,-25,-58,75,999,98,1,0
54184,2,stairs,47,-11,7,-52,-79,61,999,113,1,0
54211,2,stairs,41,-6,7,-112,-123,35,999,170,1,0
54238,2,stairs,37,2,8,-154,-196,5,999,249,1,0
54264,2,stairs,27,8,7,-158,-227,-3,999,277,1,0
54291,2,stairs,9,15,6,-119,-184,24,998,221,1,0
54317,2,stairs,-10,20,4,-49,-86,69,998,121,1,0
54343,2,stairs,-22,20,3,30,27,117,998,124,1,0
54369,2,stairs,-38,18,0,103,109,152,997,213,1,0
54396,2,stairs,-60,25,-3,170,138,164,997,274,1,0
54423,2,stairs,-94,39,-10,215,138,160,995,301,1,0
54450,2,stairs,-125,58,-17,229,134,148,994,304,1,0
54477,2,stairs,-139,74,-19,204,136,137,994,281,1,0
54504,2,stairs,-131,82,-16,150,127,125,995,233,1,0
54530,2,stairs,-98,86,-9,102,99,110,995,180,1,0
54556,2,stairs,-61,83,-3,68,76,87,994,134,1,0
54582,2,stairs,-38,77,1,51,69,66,995,108,1,0
54608,2,stairs,-32,69,3,52,82,58,996,113,1,0
54634,2,stairs,-36,64,3,58,104,69,997,137,1,0
54660,2,stairs,-49,63,1,53,121,89,997,159,1,0
54686,2,stairs,-56,65,0,24,111,104,998,154,1,0
54712,2,stairs,-50,67,2,-14,80,106,998,134,1,0
54739,2,stairs,-42,70,3,-46,49,97,998,118,1,0
54765,2,stairs,-30,70,5,-65,13,82,999,105,1,0
54791,2,stairs,-14,70,7,-66,-24,72,998,100,1,0
54817,2,stairs,-2,74,8,-46,-63,69,998,104,1,0
54843,2,stairs,6,79,9,-15,-97,66,998,118,1,0
54869,2,stairs,10,81,9,0,-112,61,998,127,1,0
54895,2,stairs,8,81,9,-18,-132,42,999,140,1,0
54921,2,stairs,6,74,9,-66,-165,7,999,178,1,0
54948,2,stairs,5,63,8,-127,-189,-32,998,230,1,0
54975,2,stairs,2,49,7,-163,-164,-63,998,240,1,0
55002,2,stairs,-3,27,5,-178,-64,-88,998,209,1,0
55029,2,stairs,-4,-1,2,-167,68,-125,997,219,1,0
55056,2,stairs,-7,-34,-3,-128,185,-179,996,287,1,0
55083,2,stairs,-23,-67,-11,-74,262,-219,994,350,1,0
55110,2,stairs,-45,-88,-18,-21,266,-212,993,341,1,0
55137,2,stairs,-67,-94,-23,10,230,-168,994,285,1,0
55164,2,stairs,-80,-90,-24,17,177,-110,995,209,1,0
55191,2,stairs,-81,-84,-22,-6,111,-54,996,123,1,0
55218,2,stairs,-65,-82,-18,-44,30,-4,997,54,1,0
55245,2,stairs,-39,-82,-14,-71,-46,44,997,95,1,0
55272,2,stairs,-21,-79,-10,-72,-92,84,997,144,1,0
55299,2,stairs,-17,-76,-8,-57,-99,109,998,158,1,0
55326,2,stairs,-19,-77,-8,-43,-88,122,998,157,1,0
55353,2,stairs,-16,-80,-8,-25,-83,135,998,160,1,0
55380,2,stairs,-12,-80,-8,-13,-82,149,999,171,1,0
55415,2,stairs,5,-73,-5,-24,-85,154,999,178,1,0
55442,2,stairs,29,-70,-2,-55,-78,145,998,173,1,0
55469,2,stairs,51,-70,-1,-90,-71,127,997,171,1,0
55495,2,stairs,72,-68,0,-116,-71,111,997,176,1,0
55522,2,stairs,88,-63,1,-120,-84,94,997,174,1,0
55549,2,stairs,95,-61,2,-107,-106,76,997,169,1,0
55575,2,stairs,92,-58,2,-80,-139,66,998,173,1,0
55601,2,stairs,89,-56,3,-52,-183,64,998,201,1,0
55627,2,stairs,86,-56,3,-38,-248,66,998,260,1,0
55653,2,stairs,81,-55,3,-37,-325,68,998,334,1,0
55680,2,stairs,74,-46,4,-30,-385,67,998,392,1,0
55706,2,stairs,68,-33,5,-9,-385,69,998,391,1,0
55732,2,stairs,60,-20,7,40,-315,84,998,328,1,0
55758,2,stairs,54,-9,8,102,-211,102,998,255,1,0
55784,2,stairs,48,-3,8,160,-100,106,998,217,1,0
55810,2,stairs,40,-2,8,201,-14,91,998,221,1,0
55836,2,stairs,26,-1,7,222,36,66,998,234,1,0
55862,2,stairs,2,9,5,224,62,46,997,237,1,0
55888,2,stairs,-30,27,1,211,90,39,996,233,1,0
55914,2,stairs,-59,44,-3,182,118,44,995,222,1,0
55940,2,stairs,-72,54,-4,139,141,53,996,205,1,0
55966,2,stairs,-65,60,-1,100,149,53,997,187,1,0
55992,2,stairs,-38,61,3,63,143,33,996,160,1,0
56018,2,stairs,-9,54,6,34,143,-2,996,147,1,0
56044,2,stairs,8,45,7,16,148,-44,996,155,1,0
56070,2,stairs,10,39,8,12,156,-77,997,175,1,0
56096,2,stairs,-4,35,6,7,169,-93,998,193,1,0
56122,2,stairs,-18,39,5,-10,163,-93,998,187,1,0
56149,2,stairs,-20,49,6,-31,137,-87,998,165,1,0
56175,2,stairs,-19,57,6,-56,114,-91,998,156,1,0
56202,2,stairs,-10,58,8,-73,102,-105,999,163,1,0
56229,2,stairs,8,55,9,-58,105,-112,998,164,1,0
56255,2,stairs,20,53,10,-12,126,-102,998,163,1,0
56282,2,stairs,25,59,11,57,142,-74,999,170,1,0
56308,2,stairs,26,74,11,141,150,-39,998,210,1,0
56334,2,stairs,14,95,9,219,134,-10,997,257,1,0
56360,2,stairs,8,113,8,262,91,8,997,277,1,0
56386,2,stairs,7,122,8,245,35,5,998,247,1,0
56412,2,stairs,10,114,8,173,-50,-6,998,180,1,0
56438,2,stairs,13,95,9,73,-148,-19,997,166,1,0
56465,2,stairs,13,75,8,-18,-220,-37,997,223,1,0
56492,2,stairs,7,55,7,-86,-172,-72,997,205,1,0
56519,2,stairs,-7,24,3,-111,-29,-118,996,165,1,0
56546,2,stairs,-13,-13,-2,-91,118,-165,995,222,1,0
56573,2,stairs,-19,-48,-8,-31,212,-210,994,300,1,0
56600,2,stairs,-35,-74,-15,43,222,-249,993,336,1,0
56627,2,stairs,-50,-85,-18,110,165,-271,994,336,1,0
56654,2,stairs,-63,-82,-18,147,106,-272,995,327,1,0
56681,2,stairs,-69,-70,-17,142,77,-255,996,302,1,0
56708,2,stairs,-64,-58,-13,101,54,-228,997,255,1,0
56735,2,stairs,-38,-49,-8,43,23,-201,996,207,1,0
56762,2,stairs,-8,-39,-4,-7,-7,-182,996,182,1,0
56789,2,stairs,10,-31,0,-51,-24,-178,996,186,1,0
56816,2,stairs,18,-27,2,-87,-20,-181,997,202,1,0
56843,2,stairs,16,-27,3,-108,1,-185,998,214,1,0
56870,2,stairs,11,-28,2,-121,23,-183,998,221,1,0
56897,2,stairs,12,-28,3,-133,33,-179,999,226,1,0
56924,2,stairs,17,-26,4,-143,39,-183,999,235,1,0
56951,2,stairs,19,-24,4,-153,49,-201,999,258,1,0
56978,2,stairs,28,-20,6,-159,50,-227,999,282,1,0
57005,2,stairs,38,-16,7,-149,42,-249,999,293,1,0
57032,2,stairs,46,-12,7,-126,32,-254,999,286,1,0
57059,2,stairs,57,-11,8,-94,13,-241,999,259,1,0
57085,2,stairs,71,-6,8,-56,-15,-216,998,224,1,0
57120,2,stairs,71,1,9,-28,-34,-200,998,205,1,0
57146,2,stairs,66,1,9,-27,-66,-202,999,214,1,0
57172,2,stairs,69,-4,8,-36,-132,-215,998,255,1,0
57199,2,stairs,64,-9,7,-35,-222,-235,998,325,1,0
57226,2,stairs,55,-11,6,-33,-271,-264,998,380,1,0
57253,2,stairs,50,-17,5,-37,-228,-294,998,374,1,0
57280,2,stairs,44,-29,3,-33,-128,-325,998,351,1,0
57307,2,stairs,37,-43,1,-2,-35,-361,998,363,1,0
57334,2,stairs,5,-55,-5,65,40,-405,996,412,1,0
57361,2,stairs,-42,-60,-15,164,86,-438,993,476,1,0
57388,2,stairs,-89,-53,-24,260,122,-440,991,525,1,0
57415,2,stairs,-120,-39,-29,318,167,-411,991,546,1,0
57442,2,stairs,-129,-25,-27,316,213,-378,992,537,1,0
57469,2,stairs,-112,-20,-21,271,230,-369,994,512,1,0
57496,2,stairs,-78,-19,-14,213,223,-391,993,498,1,0
57523,2,stairs,-48,-15,-9,176,221,-448,994,530,1,0
57550,2,stairs,-33,-12,-5,167,231,-530,995,602,1,0
57577,2,stairs,-35,-5,-3,191,248,-619,996,694,1,0
57604,2,stairs,-51,9,-4,229,264,-698,996,780,1,0
57631,2,stairs,-75,24,-7,253,259,-760,996,842,1,0
57658,2,stairs,-94,40,-10,242,221,-799,996,864,1,0
57685,2,stairs,-99,56,-10,201,145,-821,996,858,1,0
57712,2,stairs,-91,70,-7,136,52,-836,997,849,1,0
57739,2,stairs,-76,77,-4,55,-31,-849,997,851,1,0
57766,2,stairs,-55,76,0,-28,-96,-859,997,865,1,0
57793,2,stairs,-34,70,3,-87,-148,-872,997,889,1,0
57820,2,stairs,-25,69,5,-106,-187,-893,998,919,1,0
57847,2,stairs,-22,69,6,-90,-218,-920,998,949,1,0
57874,2,stairs,-18,70,6,-53,-237,-945,998,976,1,0
57901,2,stairs,-15,67,7,-12,-245,-980,998,1010,1,0
57928,2,stairs,-4,58,8,26,-257,-1030,998,1061,1,0
57955,2,stairs,8,44,9,69,-261,-1097,998,1130,1,0
57982,2,stairs,19,30,8,101,-228,-1169,998,1195,1,0
58009,2,stairs,17,12,7,92,-162,-1227,998,1242,1,0
58036,2,stairs,4,-4,4,66,-91,-1260,998,1265,1,0
58063,2,stairs,-22,-16,-2,53,-29,-1274,996,1276,1,0
58090,2,stairs,-51,-23,-9,48,-13,-1287,995,1288,1,0
58117,2,stairs,-63,-30,-11,36,-44,-1294,996,1296,1,0
58144,2,stairs,-62,-33,-11,17,-94,-1294,997,1298,1,0
58171,2,stairs,-46,-30,-7,-10,-124,-1276,997,1282,1,0
58198,2,stairs,-22,-23,-3,-39,-108,-1243,997,1248,1,0
58225,2,stairs,-2,-14,1,-61,-49,-1201,996,1203,1,0
58252,2,stairs,14,-7,4,-68,24,-1171,997,1173,1,0
58279,2,stairs,24,-6,5,-61,78,-1147,997,1151,1,0
58306,2,stairs,29,-8,6,-50,89,-1124,998,1129,1,0
58333,2,stairs,32,-10,7,-43,65,-1095,998,1098,1,0
58360,2,stairs,39,-9,7,-41,25,-1060,998,1061,1,0
58387,2,stairs,47,-8,8,-53,-15,-1020,999,1022,1,0
58414,2,stairs,60,-5,9,-75,-50,-984,998,988,1,0
58441,2,stairs,77,-5,9,-97,-81,-953,998,962,1,0
58468,2,stairs,95,-10,9,-111,-108,-927,997,940,1,0
58495,2,stairs,114,-13,8,-109,-144,-908,997,925,1,0
58522,2,stairs,126,-12,8,-87,-186,-899,997,922,1,0
58549,2,stairs,137,-11,8,-65,-226,-893,997,923,1,0
58576,2,stairs,140,-3,9,-42,-264,-890,997,929,1,0
58603,2,stairs,141,6,9,-27,-308,-886,997,938,1,0
58630,2,stairs,145,12,9,-27,-364,-874,997,947,1,0
58657,2,stairs,137,13,10,-27,-410,-843,998,938,1,0
58684,2,stairs,120,10,10,-22,-381,-802,998,888,1,0
58711,2,stairs,103,-4,8,-11,-274,-761,997,809,1,0
58738,2,stairs,106,-26,5,22,-167,-732,997,751,1,0
58765,2,stairs,101,-44,2,75,-76,-725,997,732,1,0
58792,2,stairs,74,-53,0,133,-14,-736,996,748,1,0
58819,2,stairs,28,-50,-4,173,24,-756,993,776,1,0
58854,2,stairs,-29,-29,-11,188,64,-780,989,805,1,0
58881,2,stairs,-74,-9,-16,166,101,-785,987,809,1,0
58908,2,stairs,-86,14,-14,117,115,-767,989,784,1,0
58935,2,stairs,-66,38,-8,53,110,-756,990,766,1,0
58962,2,stairs,-38,51,-2,-21,93,-776,991,782,1,0
58989,2,stairs,-13,46,2,-94,78,-802,992,811,1,0
59016,2,stairs,-6,34,3,-138,81,-811,994,827,1,0
59043,2,stairs,-4,28,4,-150,84,-806,995,824,1,0
59069,2,stairs,-5,28,5,-149,89,-808,996,827,1,0
59096,2,stairs,-2,27,6,-161,93,-828,997,848,1,0
59123,2,stairs,6,22,7,-184,92,-861,997,885,1,0
59149,2,stairs,21,16,8,-200,74,-897,998,922,1,0
59176,2,stairs,35,11,8,-204,53,-931,998,954,1,0
59203,2,stairs,46,6,8,-193,28,-962,998,982,1,0
59230,2,stairs,55,8,9,-159,11,-997,998,1010,1,0
59257,2,stairs,58,11,9,-117,-2,-1039,998,1046,1,0
59284,2,stairs,56,14,9,-92,-16,-1085,998,1089,1,0
59311,2,stairs,45,21,9,-83,-33,-1135,998,1138,1,0
59338,2,stairs,40,28,10,-89,-49,-1192,998,1197,1,0
59365,2,stairs,37,31,10,-109,-44,-1249,998,1255,1,0
59392,2,stairs,29,22,9,-159,15,-1293,998,1302,1,0
59419,2,stairs,17,6,6,-213,105,-1305,998,1327,1,0
59446,2,stairs,0,-16,2,-255,217,-1299,997,1342,1,0
59473,2,stairs,-20,-40,-4,-264,308,-1289,996,1351,1,0
59500,2,stairs,-42,-67,-13,-252,324,-1269,995,1334,1,0
59527,2,stairs,-53,-87,-17,-227,256,-1223,995,1270,1,0
59554,2,stairs,-54,-86,-17,-210,167,-1159,996,1189,1,0
59581,2,stairs,-47,-79,-14,-228,105,-1085,996,1114,1,0
59608,2,stairs,-30,-83,-12,-269,79,-1000,996,1039,1,0
59635,2,stairs,-4,-92,-12,-282,71,-909,996,955,1,0
59662,2,stairs,23,-98,-11,-255,73,-831,996,872,1,0
59689,2,stairs,44,-98,-10,-214,73,-771,996,804,1,0
59716,2,stairs,62,-97,-9,-177,65,-725,996,750,1,0
59743,2,stairs,76,-88,-7,-142,51,-683,996,700,1,0
59770,2,stairs,83,-74,-3,-115,39,-642,997,653,1,0
59796,2,stairs,92,-61,-1,-100,32,-597,997,606,1,0
59823,2,stairs,101,-50,1,-81,27,-543,997,549,1,0
59850,2,stairs,114,-41,2,-41,27,-481,997,483,1,0
59876,2,stairs,120,-34,2,5,36,-424,998,426,1,0
59902,2,stairs,133,-30,2,63,25,-377,998,383,1,0
59929,2,stairs,144,-30,1,132,7,-332,997,357,1,0
59956,2,stairs,149,-28,1,186,-17,-290,997,345,1,0
59983,2,stairs,146,-21,2,201,-40,-252,998,325,1,0
60010,2,stairs,132,-17,3,159,-86,-203,998,272,1,0
60037,2,stairs,108,-21,3,71,-145,-149,998,219,1,0
60064,2,stairs,95,-24,4,-33,-234,-101,998,257,1,0
60091,2,stairs,93,-24,4,-121,-287,-66,998,318,1,0
60118,2,stairs,90,-31,3,-185,-253,-31,998,315,1,0
60145,2,stairs,90,-45,0,-188,-159,1,998,246,1,0
60172,2,stairs,81,-61,-3,-117,-14,11,998,119,1,0
60198,2,stairs,44,-70,-6,1,131,-9,996,132,1,0
60224,2,stairs,-19,-64,-13,136,249,-37,991,286,1,0
60251,2,stairs,-88,-46,-24,266,327,-50,985,424,1,0
60278,2,stairs,-143,-25,-32,356,360,-41,982,508,1,0
60305,2,stairs,-164,0,-31,379,333,-27,985,505,1,0
60332,2,stairs,-146,21,-22,314,265,-40,987,413,1,0
60359,2,stairs,-104,28,-12,188,186,-91,988,280,1,0
60386,2,stairs,-69,23,-6,52,127,-169,989,217,1,0
60413,2,stairs,-55,14,-3,-44,115,-240,991,269,1,0
60440,2,stairs,-61,12,-2,-79,142,-292,993,335,1,0
60467,2,stairs,-68,15,-1,-64,179,-328,995,379,1,0
60494,2,stairs,-69,22,0,-24,210,-355,996,413,1,0
60521,2,stairs,-62,27,2,8,227,-377,996,440,1,0
60548,2,stairs,-53,30,4,19,236,-395,997,460,1,0
60583,2,stairs,-50,33,5,20,252,-415,998,486,1,0
60610,2,stairs,-52,31,5,24,277,-428,998,510,1,0
60637,2,stairs,-54,31,5,27,293,-428,998,519,1,0
60664,2,stairs,-53,43,6,40,278,-425,998,510,1,0
60691,2,stairs,-46,58,7,50,232,-429,998,491,1,0
60717,2,stairs,-40,67,8,30,169,-441,998,473,1,0
60744,2,stairs,-35,67,9,-15,86,-464,998,472,1,0
60771,2,stairs,-37,59,8,-62,32,-494,998,499,1,0
60798,2,stairs,-43,47,6,-78,57,-516,998,525,1,0
60825,2,stairs,-58,27,1,-73,167,-534,997,565,1,0
60852,2,stairs,-54,-1,-2,-62,266,-554,996,617,1,0
60879,2,stairs,-52,-36,-8,-38,328,-561,995,651,1,0
60906,2,stairs,-80,-56,-16,14,327,-541,994,632,1,0
60933,2,stairs,-117,-47,-23,76,284,-500,993,580,1,0
60960,2,stairs,-139,-27,-25,92,243,-438,993,509,1,0
60987,2,stairs,-128,-12,-19,53,199,-353,994,409,1,0
61014,2,stairs,-93,-1,-11,-11,160,-262,994,307,1,0
61041,2,stairs,-55,5,-5,-73,136,-193,993,247,1,0
61067,2,stairs,-34,4,-1,-111,131,-150,994,227,1,0
61094,2,stairs,-31,-4,0,-116,129,-118,995,209,1,0
61121,2,stairs,-32,-10,0,-94,120,-86,996,175,1,0
61147,2,stairs,-31,-11,1,-66,103,-57,997,135,1,0
61173,2,stairs,-21,-11,2,-56,67,-40,998,96,1,0
61199,2,stairs,-3,-11,5,-69,24,-39,998,83,1,0
61226,2,stairs,11,-14,6,-102,-18,-48,998,114,1,0
61253,2,stairs,22,-20,6,-139,-57,-56,998,160,1,0
61280,2,stairs,32,-23,6,-156,-96,-56,998,191,1,0
61307,2,stairs,47,-25,6,-150,-127,-44,998,201,1,0
61334,2,stairs,58,-27,6,-131,-136,-18,998,190,1,0
61361,2,stairs,66,-31,6,-103,-136,18,998,172,1,0
61388,2,stairs,64,-34,5,-62,-143,54,998,165,1,0
61415,2,stairs,46,-33,4,-7,-145,89,998,170,1,0
61442,2,stairs,26,-26,3,63,-123,133,998,191,1,0
61469,2,stairs,14,-19,4,126,-64,189,998,236,1,0
61496,2,stairs,8,-14,4,151,24,231,998,276,1,0
61522,2,stairs,4,-12,4,146,106,234,998,296,1,0
61549,2,stairs,-16,-12,1,141,176,213,998,311,1,0
61576,2,stairs,-53,-6,-5,156,214,198,996,331,1,0
61603,2,stairs,-87,9,-10,180,222,201,994,349,1,0
61630,2,stairs,-111,29,-14,192,224,210,994,362,1,0
61657,2,stairs,-111,48,-11,178,217,211,995,351,1,0
61684,2,stairs,-91,55,-6,142,208,195,995,319,1,0
61711,2,stairs,-56,51,-1,106,197,167,994,280,1,0
61737,2,stairs,-26,42,3,86,191,142,994,253,1,0
61763,2,stairs,-14,33,4,75,193,121,995,240,1,0
61789,2,stairs,-17,32,5,78,198,105,997,237,1,0
61815,2,stairs,-29,37,4,82,205,96,997,241,1,0
61841,2,stairs,-44,43,3,70,202,89,997,232,1,0
61867,2,stairs,-51,47,2,40,181,82,998,203,1,0
61893,2,stairs,-46,51,3,11,154,68,998,168,1,0
61919,2,stairs,-41,53,5,3,133,46,998,141,1,0
61945,2,stairs,-32,53,6,14,116,22,999,119,1,0
61971,2,stairs,-18,56,8,52,102,5,998,114,1,0
61997,2,stairs,-10,67,9,108,90,-9,998,141,1,0
62023,2,stairs,-9,81,9,157,85,-28,998,181,1,0
62049,2,stairs,-11,89,9,172,74,-51,998,194,1,0
62075,2,stairs,-10,89,9,153,19,-73,998,171,1,0
62101,2,stairs,-8,81,9,95,-64,-93,998,147,1,0
62128,2,stairs,-11,68,8,-7,-131,-117,998,175,1,0
62155,2,stairs,-19,51,5,-121,-122,-155,997,231,1,0
62182,2,stairs,-34,25,1,-201,-19,-215,996,295,1,0
62209,2,stairs,-48,-10,-7,-217,116,-277,995,371,1,0
62236,2,stairs,-65,-41,-15,-164,225,-325,994,427,1,0
62263,2,stairs,-86,-61,-22,-62,282,-341,993,447,1,0
62299,2,stairs,-110,-62,-28,52,286,-318,994,431,1,0
62326,2,stairs,-120,-51,-27,127,272,-275,995,407,1,0
62353,2,stairs,-119,-37,-24,142,249,-222,996,363,1,0
62380,2,stairs,-97,-26,-17,110,209,-162,996,286,1,0
62407,2,stairs,-75,-18,-11,52,176,-105,996,211,1,0
62434,2,stairs,-53,-12,-6,-2,130,-62,996,144,1,0
62461,2,stairs,-39,-7,-3,-38,87,-33,997,100,1,0
62488,2,stairs,-36,-5,-2,-53,42,-13,997,69,1,0
62514,2,stairs,-32,-4,0,-59,-5,6,998,59,1,0
62540,2,stairs,-26,-3,1,-65,-50,26,998,86,1,0
62566,2,stairs,-17,-3,3,-82,-91,42,999,129,1,0
62593,2,stairs,-5,-4,5,-111,-126,51,999,176,1,0
62620,2,stairs,11,-9,6,-150,-153,54,999,221,1,0
62647,2,stairs,23,-18,6,-190,-174,52,999,263,1,0
62674,2,stairs,37,-27,6,-218,-195,48,998,296,1,0
62701,2,stairs,52,-36,5,-220,-211,43,998,308,1,0
62728,2,stairs,66,-43,5,-189,-224,38,998,296,1,0
62755,2,stairs,74,-47,4,-145,-236,31,998,278,1,0
62782,2,stairs,72,-47,5,-96,-258,23,998,276,1,0
62808,2,stairs,61,-42,5,-52,-273,24,998,279,1,0
62834,2,stairs,48,-32,5,-16,-258,45,998,262,1,0
62861,2,stairs,38,-25,5,0,-182,85,998,201,1,0
62887,2,stairs,33,-22,5,0,-82,125,998,150,1,0
62913,2,stairs,29,-26,4,2,8,135,998,135,1,0
62939,2,stairs,13,-36,1,24,84,120,998,148,1,0
62965,2,stairs,-15,-45,-6,66,136,103,996,183,1,0
62992,2,stairs,-49,-43,-12,110,170,108,995,229,1,0
63019,2,stairs,-77,-32,-17,132,195,125,994,267,1,0
63046,2,stairs,-86,-17,-16,127,196,141,995,273,1,0
63073,2,stairs,-80,-6,-12,84,184,141,996,246,1,0
63100,2,stairs,-58,-4,-7,21,153,123,996,198,1,0
63127,2,stairs,-34,-4,-3,-22,124,96,996,158,1,0
63153,2,stairs,-22,-4,-1,-32,117,66,997,138,1,0
63180,2,stairs,-19,-6,0,-27,114,39,998,124,1,0
63207,2,stairs,-20,-4,1,-12,109,21,998,112,1,0
63233,2,stairs,-29,3,0,5,103,9,998,103,1,0
63259,2,stairs,-39,13,-1,10,88,-4,998,89,1,0
63285,2,stairs,-44,20,-1,2,76,-16,998,77,1,0
63311,2,stairs,-43,24,0,-1,73,-27,999,78,1,0
63337,2,stairs,-36,23,1,1,78,-34,999,85,1,0
63363,2,stairs,-23,21,3,13,70,-38,999,81,1,0
63389,2,stairs,-11,23,5,46,51,-47,998,83,1,0
63415,2,stairs,-2,30,6,90,23,-64,998,113,1,0
63441,2,stairs,-4,37,7,112,-9,-84,999,140,1,0
63468,2,stairs,-1,44,8,103,-66,-109,999,163,1,0
63495,2,stairs,6,49,9,66,-128,-141,998,202,1,0
63522,2,stairs,8,52,9,8,-169,-168,998,239,1,0
63549,2,stairs,6,47,8,-53,-156,-176,998,241,1,0
63576,2,stairs,1,32,6,-108,-86,-169,998,218,1,0
63603,2,stairs,-6,7,2,-138,9,-169,997,219,1,0
63630,2,stairs,-17,-23,-4,-134,93,-183,996,245,1,0
63657,2,stairs,-40,-49,-14,-90,150,-197,995,263,1,0
63684,2,stairs,-62,-70,-22,-24,172,-194,994,260,1,0
63711,2,stairs,-73,-80,-26,41,167,-170,995,242,1,0
63738,2,stairs,-69,-79,-24,84,148,-129,996,214,1,0
63765,2,stairs,-55,-75,-20,79,135,-84,996,178,1,0
63792,2,stairs,-29,-72,-14,50,109,-45,996,128,1,0
63819,2,stairs,-9,-69,-10,27,85,-12,997,90,1,0
63845,2,stairs,1,-62,-7,26,63,15,997,70,1,0
63871,2,stairs,6,-51,-4,33,52,35,998,71,1,0
63897,2,stairs,2,-37,-2,28,48,44,998,71,1,0
63923,2,stairs,0,-24,0,4,37,43,998,57,1,0
63949,2,stairs,3,-16,2,-29,18,39,998,52,1,0
63975,2,stairs,8,-14,3,-69,-6,37,999,79,1,0
64010,2,stairs,15,-16,4,-112,-33,31,999,121,1,0
64037,2,stairs,32,-20,5,-134,-63,21,999,150,1,0
64064,2,stairs,46,-21,6,-138,-83,9,998,162,1,0
64091,2,stairs,58,-21,7,-137,-90,-2,998,164,1,0
64118,2,stairs,71,-25,7,-134,-86,-5,998,159,1,0
64145,2,stairs,81,-27,7,-115,-84,0,998,143,1,0
64171,2,stairs,85,-25,7,-89,-93,8,998,129,1,0
64197,2,stairs,78,-22,8,-65,-108,20,998,128,1,0
64223,2,stairs,63,-15,7,-29,-150,38,998,157,1,0
64250,2,stairs,44,-12,6,22,-177,64,998,189,1,0
64277,2,stairs,30,-13,4,76,-151,108,998,200,1,0
64304,2,stairs,26,-15,4,127,-92,156,998,221,1,0
64330,2,stairs,28,-17,4,165,-10,177,998,242,1,0
64357,2,stairs,20,-20,2,202,79,166,998,273,1,0
64384,2,stairs,-1,-23,-1,242,146,139,998,315,1,0
64411,2,stairs,-35,-17,-7,289,186,115,996,362,1,0
64438,2,stairs,-73,-2,-14,329,194,101,994,395,1,0
64465,2,stairs,-96,20,-17,343,168,104,994,395,1,0
64492,2,stairs,-93,47,-13,318,108,110,994,354,1,0
64519,2,stairs,-74,73,-7,254,47,101,994,277,1,0
64545,2,stairs,-51,84,-2,160,-3,74,994,176,1,0
64571,2,stairs,-25,84,3,79,-53,46,995,106,1,0
64597,2,stairs,-8,80,6,37,-86,27,995,97,1,0
64623,2,stairs,-2,77,8,24,-108,21,996,112,1,0
64649,2,stairs,1,78,9,25,-113,30,997,120,1,0
64675,2,stairs,-1,84,10,28,-97,43,998,110,1,0
64701,2,stairs,-2,89,10,19,-75,54,998,94,1,0
64727,2,stairs,4,86,11,-5,-52,59,999,79,1,0
64753,2,stairs,15,79,12,-26,-32,60,999,73,1,0
64779,2,stairs,24,72,13,-29,-11,57,999,65,1,0
64805,2,stairs,35,66,13,-15,2,42,998,45,1,0
64831,2,stairs,45,64,14,8,-1,16,998,18,1,0
64857,2,stairs,50,70,14,38,-13,-13,998,42,1,0
64883,2,stairs,47,79,14,57,-16,-45,998,74,1,0
64909,2,stairs,39,82,13,50,-15,-74,998,91,1,0
64935,2,stairs,34,79,13,22,-29,-101,999,107,1,0
64962,2,stairs,29,73,12,-8,-56,-125,999,137,1,0
64989,2,stairs,23,66,11,-36,-81,-144,999,169,1,0
65016,2,stairs,14,60,9,-58,-57,-162,998,181,1,0
65043,2,stairs,3,45,7,-71,52,-183,998,203,1,0
65070,2,stairs,-4,17,3,-80,188,-206,997,290,1,0
65097,2,stairs,-11,-13,-2,-78,302,-239,996,392,1,0
65124,2,stairs,-29,-40,-9,-57,355,-281,995,456,1,0
65151,2,stairs,-55,-59,-18,-12,346,-306,994,462,1,0
65178,2,stairs,-77,-60,-22,45,287,-295,994,414,1,0
65205,2,stairs,-89,-53,-23,75,218,-257,995,345,1,0
65232,2,stairs,-79,-49,-19,68,146,-211,996,265,1,0
65259,2,stairs,-56,-51,-14,33,76,-165,996,185,1,0
65286,2,stairs,-26,-49,-9,-13,10,-126,996,127,1,0
65313,2,stairs,-6,-43,-5,-55,-38,-103,996,123,1,0
65340,2,stairs,-1,-35,-2,-86,-58,-94,997,140,1,0
65367,2,stairs,-5,-28,-1,-101,-66,-90,998,150,1,0
65394,2,stairs,-5,-22,0,-94,-69,-78,998,141,1,0
65421,2,stairs,-4,-19,1,-77,-62,-54,999,113,1,0
65448,2,stairs,9,-17,3,-60,-70,-26,999,96,1,0
65474,2,stairs,23,-15,5,-49,-78,-4,999,92,1,0
65500,2,stairs,33,-14,7,-50,-94,12,999,107,1,0
65526,2,stairs,43,-14,8,-57,-118,27,999,134,1,0
65553,2,stairs,50,-13,8,-67,-146,43,999,166,1,0
65580,2,stairs,59,-11,9,-77,-180,59,999,205,1,0
65607,2,stairs,68,-10,10,-85,-201,78,999,232,1,0
65634,2,stairs,85,-13,9,-89,-212,99,998,251,1,0
65661,2,stairs,104,-19,9,-94,-211,117,998,259,1,0
65688,2,stairs,123,-25,7,-93,-210,123,997,261,1,0
65723,2,stairs,125,-32,6,-94,-207,115,997,255,1,0
65750,2,stairs,112,-37,6,-94,-220,99,998,259,1,0
65777,2,stairs,94,-38,5,-102,-235,85,997,270,1,0
65804,2,stairs,78,-36,4,-139,-252,79,998,298,1,0
65831,2,stairs,78,-37,4,-181,-308,73,998,365,1,0
65858,2,stairs,84,-40,4,-191,-343,65,998,398,1,0
65885,2,stairs,75,-40,4,-154,-308,67,998,351,1,0
65912,2,stairs,65,-44,2,-82,-214,74,998,241,1,0
65938,2,stairs,60,-50,1,6,-114,67,998,132,1,0
65964,2,stairs,47,-51,0,82,-27,33,998,93,1,0
65990,2,stairs,18,-45,-2,138,45,-15,997,146,1,0
66017,2,stairs,-19,-35,-7,170,111,-57,995,211,1,0
66044,2,stairs,-60,-20,-13,177,186,-81,993,269,1,0
66071,2,stairs,-87,-10,-16,163,241,-94,994,305,1,0
66098,2,stairs,-88,-2,-14,138,272,-118,995,327,1,0
66125,2,stairs,-67,3,-9,115,281,-156,996,342,1,0
66152,2,stairs,-39,3,-4,99,294,-212,995,375,1,0
66179,2,stairs,-16,-4,-1,99,317,-276,996,432,1,0
66206,2,stairs,-7,-16,-1,116,339,-338,996,493,1,0
66233,2,stairs,-13,-22,-2,139,355,-397,997,550,1,0
66260,2,stairs,-25,-14,-2,166,357,-451,997,599,1,0
66287,2,stairs,-42,1,-3,169,366,-496,997,639,1,0
66314,2,stairs,-55,19,-4,147,361,-536,997,663,1,0
66341,2,stairs,-56,38,-2,117,338,-574,997,676,1,0
66368,2,stairs,-52,52,0,85,308,-609,997,688,1,0
66395,2,stairs,-38,61,3,69,263,-645,997,699,1,0
66422,2,stairs,-28,68,5,82,213,-678,998,715,1,0
66448,2,stairs,-27,72,5,107,159,-713,998,738,1,0
66475,2,stairs,-33,73,5,140,99,-744,998,764,1,0
66502,2,stairs,-36,73,4,169,31,-774,998,793,1,0
66529,2,stairs,-35,70,4,168,-40,-816,998,835,1,0
66556,2,stairs,-28,64,4,145,-113,-879,998,898,1,0
66583,2,stairs,-34,64,4,128,-158,-966,998,987,1,0
66610,2,stairs,-35,59,4,110,-149,-1069,999,1085,1,0
66637,2,stairs,-42,38,0,88,-96,-1155,998,1163,1,0
66664,2,stairs,-41,13,-2,85,-25,-1203,998,1206,1,0
66691,2,stairs,-42,-8,-5,114,74,-1236,997,1244,1,0
66718,2,stairs,-49,-29,-9,157,163,-1278,997,1298,1,0
66745,2,stairs,-68,-52,-18,187,221,-1315,996,1346,1,0
66772,2,stairs,-90,-69,-26,204,230,-1324,995,1359,1,0
66799,2,stairs,-93,-74,-27,217,186,-1300,996,1331,1,0
66826,2,stairs,-82,-65,-23,207,148,-1254,997,1279,1,0
66853,2,stairs,-63,-44,-15,177,145,-1215,996,1236,1,0
66880,2,stairs,-54,-28,-11,142,174,-1192,996,1213,1,0
66907,2,stairs,-45,-22,-8,117,199,-1175,997,1197,1,0
66934,2,stairs,-38,-20,-6,113,196,-1150,997,1172,1,0
66961,2,stairs,-26,-13,-3,119,159,-1113,998,1131,1,0
66988,2,stairs,-12,-3,1,123,116,-1069,998,1082,1,0
67015,2,stairs,-1,4,3,113,77,-1021,998,1030,1,0
67042,2,stairs,9,10,6,93,28,-966,998,971,1,0
67068,2,stairs,16,14,7,65,-27,-903,998,906,1,0
67095,2,stairs,27,16,8,36,-95,-838,998,844,1,0
67122,2,stairs,35,20,10,30,-176,-770,998,791,1,0
67149,2,stairs,41,22,10,29,-267,-704,998,753,1,0
67176,2,stairs,51,25,11,32,-381,-653,998,756,1,0
67203,2,stairs,51,28,12,43,-476,-625,998,787,1,0
67230,2,stairs,35,26,10,56,-491,-618,998,791,1,0
67257,2,stairs,14,17,6,91,-441,-619,997,765,1,0
67284,2,stairs,9,0,3,140,-399,-615,997,747,1,0
67311,2,stairs,3,-14,1,181,-377,-606,997,736,1,0
67338,2,stairs,-14,-13,-2,195,-372,-615,997,745,1,0
67365,2,stairs,-36,2,-4,187,-353,-657,996,769,1,0
67392,2,stairs,-53,18,-6,159,-302,-722,996,799,1,0
67419,2,stairs,-50,22,-5,107,-243,-777,997,821,1,0
67455,2,stairs,-13,25,1,58,-195,-798,995,823,1,0
67482,2,stairs,20,36,5,29,-150,-813,994,827,1,0
67509,2,stairs,37,46,9,7,-93,-836,995,841,1,0
67535,2,stairs,40,52,10,-12,-30,-865,996,866,1,0
67562,2,stairs,33,53,11,-31,26,-897,997,898,1,0
67589,2,stairs,25,55,10,-47,59,-933,997,936,1,0
67616,2,stairs,24,54,10,-48,54,-975,998,978,1,0
67643,2,stairs,25,49,10,-30,17,-1016,998,1017,1,0
67670,2,stairs,24,48,10,1,-31,-1057,998,1057,1,0
67697,2,stairs,24,49,10,30,-72,-1117,998,1119,1,0
67724,2,stairs,18,50,9,54,-83,-1189,998,1193,1,0
67751,2,stairs,12,48,8,68,-65,-1254,998,1257,1,0
67778,2,stairs,17,36,8,60,-45,-1295,998,1297,1,0
67805,2,stairs,31,19,8,55,-17,-1320,998,1321,1,0
67832,2,stairs,24,6,6,50,91,-1347,998,1351,1,0
67859,2,stairs,4,-11,1,37,217,-1379,997,1396,1,0
67886,2,stairs,-5,-38,-4,14,285,-1393,996,1422,1,0
67913,2,stairs,-5,-59,-7,4,272,-1381,996,1407,1,0
67940,2,stairs,9,-58,-5,-9,197,-1352,997,1367,1,0
67967,2,stairs,27,-40,-1,-59,168,-1336,996,1348,1,0
67994,2,stairs,31,-24,2,-125,188,-1344,996,1363,1,0
68021,2,stairs,30,-22,3,-175,216,-1337,997,1365,1,0
68048,2,stairs,26,-24,2,-194,215,-1291,997,1324,1,0
68075,2,stairs,30,-17,4,-180,168,-1220,998,1245,1,0
68102,2,stairs,45,-4,6,-156,101,-1158,997,1172,1,0
68129,2,stairs,64,2,8,-141,40,-1109,997,1119,1,0
68156,2,stairs,86,1,9,-132,-21,-1059,997,1067,1,0
68183,2,stairs,97,1,9,-113,-84,-999,997,1008,1,0
68210,2,stairs,103,4,10,-89,-150,-931,997,947,1,0
68237,2,stairs,111,7,10,-50,-231,-842,997,875,1,0
68264,2,stairs,116,12,11,2,-303,-729,998,790,1,0
68291,2,stairs,113,20,12,48,-341,-619,998,709,1,0
68318,2,stairs,94,30,12,96,-299,-538,998,623,1,0
68345,2,stairs,70,27,10,124,-156,-497,997,535,1,0
68372,2,stairs,65,11,8,141,-45,-481,997,503,1,0
68399,2,stairs,59,-6,6,155,14,-466,997,491,1,0
68426,2,stairs,28,-12,2,162,20,-457,996,485,1,0
68453,2,stairs,-15,-3,-3,171,-16,-456,994,488,1,0
68480,2,stairs,-52,14,-8,164,-41,-464,992,493,1,0
68507,2,stairs,-72,37,-10,136,-42,-473,992,494,1,0
68534,2,stairs,-63,53,-7,92,-30,-471,993,481,1,0
68560,2,stairs,-29,59,-1,50,-12,-459,993,462,1,0
68587,2,stairs,10,59,3,21,4,-452,992,452,1,0
68613,2,stairs,30,57,6,-1,31,-457,994,458,1,0
68639,2,stairs,31,55,8,-17,73,-473,995,479,1,0
68665,2,stairs,23,53,8,-33,123,-489,996,505,1,0
68692,2,stairs,15,50,8,-51,164,-503,997,531,1,0
68719,2,stairs,17,49,8,-77,179,-519,998,555,1,0
68746,2,stairs,23,49,9,-103,171,-549,998,584,1,0
68773,2,stairs,27,47,9,-114,145,-589,998,617,1,0
68800,2,stairs,21,40,8,-112,104,-635,998,653,1,0
68827,2,stairs,14,31,7,-101,42,-688,998,697,1,0
68854,2,stairs,-4,24,5,-77,-8,-743,998,747,1,0
68880,2,stairs,-10,21,4,-43,-4,-782,998,783,1,0
68906,2,stairs,-27,10,0,-26,92,-790,997,796,1,0
68933,2,stairs,-30,-13,-3,-24,152,-767,997,782,1,0
68960,2,stairs,-22,-41,-6,-27,164,-736,996,755,1,0
68987,2,stairs,-32,-56,-9,-18,101,-711,997,718,1,0
69014,2,stairs,-30,-57,-8,-39,23,-680,997,682,1,0
69041,2,stairs,-28,-48,-7,-101,32,-643,997,651,1,0
69068,2,stairs,-13,-48,-5,-166,67,-602,997,628,1,0
69095,2,stairs,10,-56,-4,-210,99,-553,997,600,1,0
69122,2,stairs,28,-59,-3,-208,106,-508,997,559,1,0
69149,2,stairs,37,-57,-1,-170,91,-482,998,519,1,0
69184,2,stairs,38,-51,1,-125,68,-469,998,490,1,0
69210,2,stairs,39,-46,2,-96,47,-458,999,470,1,0
69237,2,stairs,43,-43,2,-87,29,-438,999,447,1,0
69264,2,stairs,54,-43,3,-97,13,-410,999,421,1,0
69291,2,stairs,80,-44,3,-112,-16,-383,998,400,1,0
69318,2,stairs,98,-44,2,-122,-32,-368,997,389,1,0
69345,2,stairs,105,-48,2,-128,-48,-364,997,388,1,0
69372,2,stairs,111,-48,2,-115,-82,-366,998,392,1,0
69399,2,stairs,102,-46,2,-96,-143,-367,998,406,1,0
69426,2,stairs,85,-44,2,-91,-223,-356,998,430,1,0
69453,2,stairs,70,-40,2,-104,-267,-333,998,439,1,0
69480,2,stairs,60,-35,3,-116,-242,-303,998,405,1,0
69507,2,stairs,55,-31,3,-100,-113,-261,998,301,1,0
69534,2,stairs,50,-34,3,-72,58,-206,998,226,1,0
69560,2,stairs,38,-40,1,-43,191,-172,998,261,1,0
69587,2,stairs,5,-45,-4,-13,264,-171,996,315,1,0
69614,2,stairs,-48,-42,-14,25,258,-181,992,316,1,0
69641,2,stairs,-95,-23,-22,68,206,-178,989,281,1,0
69668,2,stairs,-122,1,-25,85,179,-166,989,258,1,0
69695,2,stairs,-124,15,-21,51,185,-161,992,250,1,0
69722,2,stairs,-88,16,-13,-7,174,-169,992,243,1,0
69749,2,stairs,-48,5,-8,-72,155,-192,991,257,1,0
69776,2,stairs,-23,-5,-5,-105,143,-208,992,274,1,0
69803,2,stairs,-25,-5,-3,-94,154,-205,994,273,1,0
69830,2,stairs,-37,-2,-3,-56,172,-185,996,259,1,0
69857,2,stairs,-49,5,-3,-21,180,-157,996,240,1,0
69884,2,stairs,-49,8,-2,-14,168,-133,997,215,1,0
69910,2,stairs,-36,8,0,-26,137,-120,998,184,1,0
69937,2,stairs,-18,8,2,-32,101,-118,998,159,1,0
69964,2,stairs,-6,5,4,-32,69,-123,998,144,1,0
69990,2,stairs,3,9,5,-14,34,-128,998,134,1,0
70016,2,stairs,7,24,7,16,4,-137,998,138,1,0
70042,2,stairs,10,37,8,33,-20,-154,998,159,1,0
70068,2,stairs,11,40,9,19,-43,-176,998,182,1,0
70095,2,stairs,14,38,9,-17,-59,-199,998,209,1,0
70122,2,stairs,13,27,8,-63,-34,-223,998,235,1,0
70149,2,stairs,15,9,5,-107,31,-255,998,279,1,0
70176,2,stairs,11,-11,3,-130,123,-293,997,344,1,0
70203,2,stairs,-3,-36,-3,-128,227,-332,996,422,1,0
70230,2,stairs,-28,-62,-12,-99,302,-363,995,482,1,0
70257,2,stairs,-60,-83,-22,-51,330,-360,993,491,1,0
70284,2,stairs,-90,-90,-30,7,309,-319,993,444,1,0
70311,2,stairs,-99,-88,-30,52,262,-253,995,368,1,0
70338,2,stairs,-81,-79,-24,69,204,-175,995,277,1,0
70365,2,stairs,-42,-69,-16,36,144,-110,994,185,1,0
70392,2,stairs,0,-64,-11,-29,94,-69,993,121,1,0
70418,2,stairs,24,-63,-7,-91,73,-49,993,127,1,0
70444,2,stairs,28,-60,-5,-120,75,-39,995,146,1,0
70471,2,stairs,17,-56,-5,-109,90,-28,996,144,1,0
70498,2,stairs,6,-49,-4,-72,102,-9,996,125,1,0
70524,2,stairs,6,-40,-2,-31,101,9,997,106,1,0
70550,2,stairs,16,-36,1,-10,91,19,998,94,1,0
70576,2,stairs,34,-37,2,-12,75,19,998,78,1,0
70602,2,stairs,50,-38,3,-24,65,13,998,71,1,0
70628,2,stairs,60,-41,3,-36,63,6,998,73,1,0
70654,2,stairs,62,-47,2,-48,63,9,998,80,1,0
70680,2,stairs,66,-49,2,-54,50,24,998,78,1,0
70706,2,stairs,65,-55,0,-71,28,41,998,87,1,0
70732,2,stairs,65,-54,1,-104,-10,48,999,115,1,0
70759,2,stairs,62,-53,1,-141,-81,44,999,168,1,0
70786,2,stairs,52,-54,0,-157,-147,48,999,221,1,0
70813,2,stairs,34,-48,-1,-125,-177,87,998,234,1,0
70840,2,stairs,21,-41,-1,-36,-130,144,998,197,1,0
70867,2,stairs,14,-36,-1,57,-32,178,998,190,1,0
70902,2,stairs,4,-36,-1,133,72,146,998,211,1,0
70928,2,stairs,-16,-37,-5,195,139,98,997,258,1,0
70955,2,stairs,-52,-29,-10,258,167,73,996,316,1,0
70982,2,stairs,-92,-4,-16,312,181,92,993,373,1,0
71009,2,stairs,-121,27,-20,335,206,128,991,414,1,0
71036,2,stairs,-127,52,-18,315,229,155,992,419,1,0
71063,2,stairs,-116,60,-13,249,242,156,994,381,1,0
71090,2,stairs,-89,53,-8,168,237,137,994,321,1,0
71117,2,stairs,-61,42,-3,108,224,103,994,270,1,0
71143,2,stairs,-47,34,-1,82,213,64,995,237,1,0
71169,2,stairs,-45,31,0,79,203,31,996,220,1,0
71195,2,stairs,-50,33,0,83,189,12,997,206,1,0
71221,2,stairs,-59,42,0,76,172,6,997,188,1,0
71247,2,stairs,-66,54,0,50,149,2,998,157,1,0
71273,2,stairs,-65,61,1,17,124,-7,998,125,1,0
71299,2,stairs,-55,62,3,-11,95,-19,998,97,1,0
71325,2,stairs,-40,61,5,-18,70,-26,998,77,1,0
71351,2,stairs,-25,63,7,5,59,-27,998,65,1,0
71377,2,stairs,-19,71,8,55,60,-20,998,84,1,0
71403,2,stairs,-16,85,9,115,64,3,998,132,1,0
71429,2,stairs,-11,100,10,166,60,39,998,181,1,0
71455,2,stairs,-1,107,11,180,39,82,998,202,1,0
71481,2,stairs,4,108,12,145,-8,126,998,192,1,0
71507,2,stairs,6,103,12,72,-80,161,999,194,1,0
71534,2,stairs,4,92,11,-12,-151,180,998,236,1,0
71561,2,stairs,-3,72,9,-103,-150,182,998,257,1,0
71588,2,stairs,-12,42,5,-184,-72,163,997,257,1,0
71615,2,stairs,-17,3,-1,-225,45,114,995,256,1,0
71642,2,stairs,-33,-39,-11,-216,143,39,993,262,1,0
71669,2,stairs,-56,-70,-21,-159,187,-44,992,249,1,0
71696,2,stairs,-80,-83,-28,-84,179,-127,992,235,1,0
71723,2,stairs,-98,-82,-31,-32,152,-199,993,252,1,0
71750,2,stairs,-106,-72,-30,-17,137,-243,995,280,1,0
71777,2,stairs,-106,-60,-26,-35,129,-251,996,285,1,0
71804,2,stairs,-96,-52,-22,-73,108,-227,997,261,1,0
71831,2,stairs,-58,-45,-14,-104,54,-177,995,213,1,0
71858,2,stairs,5,-37,-7,-121,-28,-123,990,175,1,0
71885,2,stairs,28,-23,-1,-134,-74,-92,992,179,1,0
71912,2,stairs,18,-24,0,-149,-79,-63,994,180,1,0
71939,2,stairs,-14,-30,-5,-148,-53,-8,994,157,1,0
71966,2,stairs,-39,-26,-8,-119,-43,51,994,136,1,0
71993,2,stairs,-35,-18,-5,-95,-45,85,996,135,1,0
72020,2,stairs,-2,-20,-1,-100,-40,89,995,139,1,0
72047,2,stairs,37,-30,1,-126,-34,87,994,157,1,0
72073,2,stairs,57,-40,2,-151,-16,98,994,181,1,0
72100,2,stairs,66,-48,2,-161,-7,117,995,199,1,0
72127,2,stairs,70,-51,2,-155,-14,132,996,203,1,0
72154,2,stairs,82,-53,3,-147,-46,133,996,204,1,0
72181,2,stairs,102,-55,3,-135,-92,120,996,203,1,0
72208,2,stairs,105,-60,3,-116,-129,99,997,200,1,0
72235,2,stairs,87,-62,2,-79,-145,83,997,185,1,0
72261,2,stairs,56,-61,-1,-41,-123,78,996,151,1,0
72288,2,stairs,23,-55,-4,9,-78,90,995,120,1,0
72314,2,stairs,-3,-46,-6,64,15,117,995,134,1,0
72341,2,stairs,-19,-36,-6,107,138,143,995,225,1,0
72368,2,stairs,-21,-28,-4,150,226,139,996,305,1,0
72395,2,stairs,-33,-23,-4,192,270,104,997,347,1,0
72422,2,stairs,-64,-15,-10,247,273,72,995,375,1,0
72449,2,stairs,-100,4,-17,306,259,74,993,408,1,0
72476,2,stairs,-132,31,-24,340,255,107,991,438,1,0
72503,2,stairs,-151,55,-27,333,235,147,992,434,1,0
72530,2,stairs,-150,67,-25,290,202,175,993,394,1,0
72557,2,stairs,-131,64,-18,225,146,182,995,324,1,0
72584,2,stairs,-102,54,-12,157,84,169,995,245,1,0
72619,2,stairs,-74,36,-7,97,32,148,994,180,1,0
72646,2,stairs,-52,28,-3,63,-5,137,995,151,1,0
72673,2,stairs,-46,33,0,40,-17,127,996,134,1,0
72699,2,stairs,-46,42,2,16,-13,114,997,116,1,0
72725,2,stairs,-50,45,2,-14,11,102,998,103,1,0
72751,2,stairs,-44,46,4,-34,31,88,998,99,1,0
72777,2,stairs,-29,46,6,-40,44,66,998,89,1,0
72803,2,stairs,-15,44,8,-37,45,37,998,68,1,0
72829,2,stairs,-2,45,10,-16,29,8,998,34,1,0
72855,2,stairs,3,55,11,21,13,-15,998,29,1,0
72881,2,stairs,2,70,12,54,1,-35,998,65,1,0
72907,2,stairs,5,78,13,60,-12,-54,998,82,1,0
72933,2,stairs,7,78,13,43,-24,-72,998,87,1,0
72959,2,stairs,-1,73,12,23,-22,-76,998,82,1,0
72985,2,stairs,-8,63,10,20,30,-58,998,68,1,0
73011,2,stairs,-19,48,7,30,117,-26,998,124,1,0
73037,2,stairs,-15,30,5,42,193,-3,997,198,1,0
73063,2,stairs,-13,6,3,46,249,-14,997,254,1,0
73089,2,stairs,-22,-16,-2,50,249,-57,997,260,1,0
73116,2,stairs,-44,-35,-10,58,203,-94,996,231,1,0
73143,2,stairs,-71,-48,-19,70,129,-101,995,178,1,0
73170,2,stairs,-89,-53,-24,81,50,-82,995,126,1,0
73197,2,stairs,-92,-53,-24,83,-21,-51,996,100,1,0
73224,2,stairs,-75,-50,-18,79,-72,-21,997,109,1,0
73251,2,stairs,-41,-45,-11,72,-98,1,996,122,1,0
73277,2,stairs,-7,-40,-5,59,-97,12,995,114,1,0
73303,2,stairs,12,-35,0,42,-76,13,996,88,1,0
73329,2,stairs,14,-27,2,37,-49,10,997,62,1,0
73355,2,stairs,4,-15,3,43,-20,11,997,49,1,0
73381,2,stairs,-7,-2,3,44,5,12,997,46,1,0
73407,2,stairs,-10,5,4,24,15,20,998,35,1,0
73433,2,stairs,-3,10,6,-8,-5,33,998,35,1,0
73459,2,stairs,12,11,8,-52,-49,50,998,87,1,0
73485,2,stairs,31,8,10,-97,-107,71,998,161,1,0
73512,2,stairs,52,5,11,-143,-169,95,997,241,1,0
73539,2,stairs,71,2,12,-187,-222,110,997,311,1,0
73566,2,stairs,86,-8,12,-223,-257,121,997,361,1,0
73593,2,stairs,99,-21,11,-243,-294,133,997,404,1,0
73620,2,stairs,100,-29,10,-238,-322,153,997,429,1,0
73647,2,stairs,88,-28,10,-197,-327,169,998,417,1,0
73674,2,stairs,69,-24,8,-123,-266,189,997,349,1,0
73701,2,stairs,43,-17,6,-32,-146,209,996,257,1,0
73728,2,stairs,29,-10,6,56,-29,218,997,226,1,0
73755,2,stairs,21,-6,6,124,62,202,997,245,1,0
73781,2,stairs,4,-1,4,171,109,162,997,260,1,0
73807,2,stairs,-16,8,1,197,114,114,997,254,1,0
73833,2,stairs,-41,20,-3,207,103,85,996,247,1,0
73859,2,stairs,-75,34,-10,194,98,86,994,234,1,0
73885,2,stairs,-99,48,-15,158,86,104,994,208,1,0
73911,2,stairs,-104,60,-14,104,63,132,995,179,1,0
73938,2,stairs,-92,68,-10,36,39,149,996,158,1,0
73965,2,stairs,-62,70,-3,-31,20,145,996,150,1,0
73992,2,stairs,-32,60,2,-82,25,123,995,150,1,0
74018,2,stairs,-11,46,5,-94,38,94,996,138,1,0
74044,2,stairs,-5,35,6,-64,53,73,997,110,1,0
74070,2,stairs,-9,32,6,-10,62,63,997,89,1,0
74096,2,stairs,-18,35,5,32,72,56,998,97,1,0
74122,2,stairs,-22,43,5,49,75,44,998,100,1,0
74148,2,stairs,-18,50,6,42,72,27,999,88,1,0
74174,2,stairs,-9,49,8,18,68,9,999,71,1,0
74200,2,stairs,3,46,10,-5,58,-4,999,58,1,0
74226,2,stairs,18,47,12,-8,49,-15,999,52,1,0
74252,2,stairs,29,48,13,-2,42,-24,998,48,1,0
74278,2,stairs,37,51,14,11,29,-24,998,39,1,0
74312,2,stairs,36,64,14,27,19,-19,998,38,1,0
74338,2,stairs,32,75,13,30,12,-16,998,36,1,0
74364,2,stairs,30,77,13,12,4,-14,998,19,1,0
74390,2,stairs,30,71,13,-25,-24,-9,998,36,1,0
74416,2,stairs,28,63,13,-70,-69,-7,998,98,1,0
74442,2,stairs,21,54,11,-120,-114,-13,999,166,1,0
74469,2,stairs,9,45,9,-155,-133,-16,998,205,1,0
74496,2,stairs,-2,34,6,-156,-63,5,998,169,1,0
74522,2,stairs,-7,20,4,-135,67,31,998,153,1,0
74548,2,stairs,2,-4,3,-102,194,27,997,221,1,0
74574,2,stairs,4,-31,-1,-66,308,-5,996,315,1,0
74600,2,stairs,-15,-56,-8,-17,387,-56,996,392,1,0
74627,2,stairs,-43,-75,-18,40,425,-95,994,438,1,0
74654,2,stairs,-78,-86,-30,110,419,-105,993,445,1,0
74681,2,stairs,-104,-89,-37,176,354,-90,993,406,1,0
74708,2,stairs,-111,-80,-36,223,253,-67,994,344,1,0
74735,2,stairs,-98,-67,-29,224,142,-57,995,271,1,0
74762,2,stairs,-69,-61,-21,179,40,-55,995,191,1,0
74789,2,stairs,-42,-56,-14,108,-33,-51,995,124,1,0
74816,2,stairs,-26,-49,-9,34,-81,-47,996,100,1,0
74843,2,stairs,-22,-44,-7,-28,-112,-48,997,125,1,0
74870,2,stairs,-24,-38,-5,-68,-139,-45,998,161,1,0
74897,2,stairs,-29,-27,-4,-90,-154,-37,998,182,1,0
74924,2,stairs,-27,-21,-3,-117,-162,-34,998,203,1,0
74951,2,stairs,-12,-23,0,-146,-170,-39,998,227,1,0
74978,2,stairs,9,-25,2,-170,-175,-49,998,249,1,0
75005,2,stairs,30,-28,5,-187,-172,-67,998,263,1,0
75032,2,stairs,46,-33,6,-188,-160,-88,997,262,1,0
75059,2,stairs,64,-39,7,-172,-157,-106,997,255,1,0
75086,2,stairs,77,-40,7,-143,-164,-120,997,249,1,0
75113,2,stairs,89,-37,9,-118,-182,-135,997,256,1,0
75140,2,stairs,98,-33,10,-103,-201,-153,997,273,1,0
75167,2,stairs,97,-32,10,-104,-216,-174,997,296,1,0
75194,2,stairs,88,-33,9,-110,-240,-198,998,330,1,0
75221,2,stairs,78,-33,8,-107,-265,-224,998,364,1,0
75248,2,stairs,73,-32,8,-73,-250,-254,998,364,1,0
75275,2,stairs,66,-33,7,-8,-155,-276,998,317,1,0
75302,2,stairs,61,-34,7,56,-27,-302,998,308,1,0
75329,2,stairs,56,-38,6,98,101,-344,998,372,1,0
75356,2,stairs,37,-48,1,120,199,-387,998,451,1,0
75383,2,stairs,4,-54,-6,131,243,-410,996,494,1,0
75410,2,stairs,-35,-51,-14,139,248,-407,994,496,1,0
75437,2,stairs,-72,-45,-22,140,231,-381,993,467,1,0
75464,2,stairs,-87,-43,-24,124,188,-352,994,418,1,0
75491,2,stairs,-76,-47,-21,96,121,-346,995,379,1,0
75518,2,stairs,-40,-50,-15,71,39,-386,994,394,1,0
75545,2,stairs,-4,-47,-8,62,-25,-475,994,480,1,0
75572,2,stairs,13,-47,-4,72,-54,-593,995,599,1,0
75599,2,stairs,12,-45,-3,107,-53,-704,996,714,1,0
75626,2,stairs,-1,-32,-2,151,-32,-788,997,803,1,0
75653,2,stairs,-17,-12,-2,178,-10,-839,996,858,1,0
75680,2,stairs,-27,12,-1,170,12,-858,996,875,1,0
75707,2,stairs,-33,38,1,138,33,-856,996,867,1,0
75733,2,stairs,-29,57,3,91,50,-850,996,856,1,0
75759,2,stairs,-17,71,7,44,61,-847,997,851,1,0
75785,2,stairs,-1,79,10,8,61,-850,997,852,1,0
75811,2,stairs,17,80,13,-7,54,-855,997,857,1,0
75837,2,stairs,27,70,13,-6,37,-858,997,859,1,0
75863,2,stairs,34,70,14,28,8,-853,997,854,1,0
75889,2,stairs,30,68,14,60,-21,-846,998,848,1,0
75916,2,stairs,29,66,14,78,-66,-841,998,847,1,0
75943,2,stairs,31,65,14,88,-132,-855,998,869,1,0
75970,2,stairs,36,56,14,91,-215,-899,998,928,1,0
75997,2,stairs,39,51,14,119,-292,-967,998,1017,1,0
76033,2,stairs,34,39,12,153,-317,-1025,998,1084,1,0
76060,2,stairs,24,29,10,184,-279,-1046,998,1098,1,0
76087,2,stairs,13,20,8,215,-155,-1039,998,1072,1,0
76114,2,stairs,12,4,6,218,-17,-1029,998,1052,1,0
76141,2,stairs,24,-21,3,181,74,-1023,997,1041,1,0
76168,2,stairs,32,-46,0,136,89,-1015,997,1028,1,0
76195,2,stairs,31,-56,-1,106,40,-1001,997,1007,1,0
76222,2,stairs,32,-52,0,76,-15,-984,998,987,1,0
76249,2,stairs,33,-41,2,26,-22,-966,998,966,1,0
76276,2,stairs,42,-34,4,-35,5,-949,998,950,1,0
76303,2,stairs,54,-36,5,-75,41,-930,998,934,1,0
76330,2,stairs,61,-41,5,-73,60,-909,998,913,1,0
76357,2,stairs,66,-42,5,-34,54,-896,998,898,1,0
76383,2,stairs,76,-42,5,19,26,-898,998,899,1,0
76410,2,stairs,88,-40,6,63,-12,-909,998,911,1,0
76437,2,stairs,103,-36,7,90,-51,-923,998,928,1,0
76464,2,stairs,122,-30,8,93,-89,-936,997,945,1,0
76491,2,stairs,130,-18,9,85,-121,-950,997,961,1,0
76518,2,stairs,130,-8,10,79,-136,-960,997,973,1,0
76545,2,stairs,126,-3,11,83,-153,-958,998,973,1,0
76572,2,stairs,122,2,12,92,-187,-949,998,972,1,0
76599,2,stairs,122,17,13,110,-236,-950,998,985,1,0
76626,2,stairs,115,38,15,140,-263,-960,997,1005,1,0
76653,2,stairs,100,54,15,154,-216,-983,997,1018,1,0
76680,2,stairs,85,53,15,148,-133,-999,997,1019,1,0
76707,2,stairs,69,42,13,132,-33,-982,997,991,1,0
76734,2,stairs,35,32,9,106,55,-935,996,942,1,0
76761,2,stairs,-10,23,1,74,99,-885,993,893,1,0
76788,2,stairs,-65,21,-11,51,80,-833,990,838,1,0
76815,2,stairs,-102,32,-18,40,33,-782,990,784,1,0
76842,2,stairs,-108,49,-16,12,9,-759,991,759,1,0
76869,2,stairs,-80,54,-9,-51,38,-764,992,766,1,0
76896,2,stairs,-42,42,-3,-118,103,-776,991,792,1,0
76923,2,stairs,-19,28,0,-154,188,-792,992,828,1,0
76950,2,stairs,-19,19,1,-145,258,-819,994,871,1,0
76977,2,stairs,-29,16,0,-109,285,-858,995,910,1,0
77004,2,stairs,-32,20,1,-70,276,-917,996,960,1,0
77031,2,stairs,-26,25,3,-49,244,-994,997,1024,1,0
77058,2,stairs,-15,25,4,-48,197,-1080,997,1098,1,0
77085,2,stairs,-7,28,6,-44,148,-1162,997,1172,1,0
77112,2,stairs,-9,34,6,-17,108,-1230,997,1235,1,0
77139,2,stairs,-21,41,5,21,76,-1268,997,1270,1,0
77166,2,stairs,-47,47,0,46,52,-1270,996,1272,1,0
77193,2,stairs,-59,58,-2,56,-1,-1243,996,1244,1,0
77220,2,stairs,-39,76,2,50,-61,-1225,996,1227,1,0
77247,2,stairs,-12,92,5,20,-115,-1262,995,1267,1,0
77274,2,stairs,13,99,9,-25,-126,-1326,995,1332,1,0
77301,2,stairs,8,89,9,-79,-35,-1361,996,1363,1,0
77328,2,stairs,-5,68,7,-115,85,-1342,996,1350,1,0
77355,2,stairs,-20,43,3,-111,221,-1292,996,1316,1,0
77382,2,stairs,-32,13,-1,-83,331,-1232,995,1278,1,0
77409,2,stairs,-34,-22,-7,-60,379,-1168,994,1229,1,0
77436,2,stairs,-27,-57,-11,-49,351,-1101,993,1156,1,0
77463,2,stairs,-11,-78,-12,-48,279,-1031,994,1069,1,0
77490,2,stairs,-3,-82,-11,-69,216,-974,995,1000,1,0
77517,2,stairs,-4,-81,-10,-100,193,-944,996,969,1,0
77544,2,stairs,-5,-86,-10,-113,197,-927,997,954,1,0
77571,2,stairs,2,-92,-10,-93,193,-906,997,931,1,0
77598,2,stairs,18,-92,-8,-45,163,-893,997,909,1,0
77625,2,stairs,37,-85,-5,4,121,-894,997,902,1,0
77651,2,stairs,50,-77,-2,32,85,-898,998,902,1,0
77678,2,stairs,59,-69,0,39,53,-894,998,897,1,0
77704,2,stairs,68,-54,3,37,21,-884,998,885,1,0
77730,2,stairs,79,-34,6,37,-4,-875,997,876,1,0
77765,2,stairs,95,-14,9,56,-39,-857,997,859,1,0
77792,2,stairs,105,11,11,100,-72,-822,996,832,1,0
77819,2,stairs,104,33,13,154,-100,-765,996,787,1,0
77846,2,stairs,106,44,14,193,-126,-698,996,735,1,0
77873,2,stairs,95,51,15,226,-147,-632,997,687,1,0
77900,2,stairs,65,58,13,237,-142,-576,996,639,1,0
77927,2,stairs,31,45,9,185,-45,-532,994,565,1,0
77954,2,stairs,38,14,6,149,19,-475,994,498,1,0
77980,2,stairs,39,-13,3,172,41,-393,994,431,1,0
78007,2,stairs,13,-23,0,216,14,-327,994,392,1,0
78034,2,stairs,-41,-17,-10,248,-8,-297,991,387,1,0
78061,2,stairs,-95,-2,-21,250,-34,-290,987,385,1,0
78088,2,stairs,-129,18,-27,203,-47,-290,987,357,1,0
78115,2,stairs,-144,27,-28,102,-4,-261,990,280,1,0
78142,2,stairs,-90,23,-17,-3,11,-220,988,220,1,0
78169,2,stairs,-35,20,-8,-73,39,-202,986,218,1,0
78196,2,stairs,-2,16,-2,-94,90,-222,988,258,1,0
78223,2,stairs,2,12,1,-77,157,-265,991,317,1,0
78250,2,stairs,-12,15,1,-38,224,-306,993,381,1,0
78277,2,stairs,-24,20,1,0,270,-335,994,431,1,0
78304,2,stairs,-23,24,3,25,290,-353,996,458,1,0
78331,2,stairs,-18,28,5,41,285,-370,996,469,1,0
78358,2,stairs,-12,34,6,67,258,-392,997,474,1,0
78385,2,stairs,-12,42,7,103,230,-413,997,484,1,0
78412,2,stairs,-14,49,8,134,189,-436,997,494,1,0
78439,2,stairs,-22,61,7,158,133,-466,997,510,1,0
78466,2,stairs,-35,74,5,144,80,-509,997,534,1,0
78493,2,stairs,-48,79,3,69,36,-549,997,555,1,0
78519,2,stairs,-55,75,2,-49,48,-578,998,582,1,0
78546,2,stairs,-56,57,1,-156,154,-612,998,650,1,0
78573,2,stairs,-52,27,-1,-164,284,-669,997,745,1,0
78600,2,stairs,-55,-6,-6,-74,384,-738,995,835,1,0
78627,2,stairs,-73,-34,-15,79,417,-788,994,895,1,0
78654,2,stairs,-99,-54,-25,227,390,-793,993,913,1,0
78681,2,stairs,-125,-67,-34,312,323,-753,993,877,1,0
78708,2,stairs,-143,-79,-41,310,244,-674,993,781,1,0
78735,2,stairs,-133,-79,-37,258,167,-580,995,656,1,0
78762,2,stairs,-102,-77,-29,161,95,-495,995,530,1,0
78789,2,stairs,-58,-76,-20,59,38,-434,993,439,1,0
78816,2,stairs,-26,-65,-13,-3,-3,-395,993,395,1,0
78843,2,stairs,-14,-50,-7,-26,-30,-375,994,377,1,0
78870,2,stairs,-14,-33,-3,-32,-47,-368,995,372,1,0
78897,2,stairs,-16,-16,0,-35,-62,-366,996,373,1,0
78924,2,stairs,-14,-4,2,-49,-78,-365,997,377,1,0
78951,2,stairs,-7,3,5,-71,-98,-360,997,380,1,0
78978,2,stairs,6,5,7,-84,-116,-351,998,379,1,0
79005,2,stairs,16,4,9,-85,-125,-335,998,367,1,0
79032,2,stairs,29,0,10,-89,-131,-315,998,353,1,0
79059,2,stairs,54,-1,11,-87,-149,-292,997,339,1,0
79086,2,stairs,72,-3,12,-95,-162,-264,997,324,1,0
79113,2,stairs,90,-9,12,-121,-195,-229,996,324,1,0
79140,2,stairs,102,-17,11,-151,-248,-187,997,345,1,0
79167,2,stairs,105,-22,11,-174,-319,-141,997,390,1,0
79194,2,stairs,96,-18,12,-186,-373,-91,998,427,1,0
79221,2,stairs,84,-11,12,-192,-367,-33,998,416,1,0
79248,2,stairs,69,-8,11,-189,-298,34,998,354,1,0
79275,2,stairs,67,-9,11,-161,-196,85,998,267,1,0
79302,2,stairs,66,-17,10,-97,-70,97,998,154,1,0
79328,2,stairs,56,-25,8,-3,49,77,998,91,1,0
79354,2,stairs,31,-25,5,96,143,42,997,177,1,0
79380,2,stairs,-9,-10,0,186,215,16,995,285,1,0
79406,2,stairs,-58,19,-9,245,260,15,991,357,1,0
79432,2,stairs,-98,56,-18,243,276,41,988,370,1,0
79459,2,stairs,-117,90,-21,178,264,78,988,328,1,0
79494,2,stairs,-105,103,-15,49,227,97,990,252,1,0
79521,2,stairs,-73,97,-7,-70,188,91,991,220,1,0
79547,2,stairs,-42,76,-1,-136,166,66,991,225,1,0
79574,2,stairs,-19,46,1,-135,155,41,991,210,1,0
79601,2,stairs,0,25,3,-69,140,33,992,159,1,0
79627,2,stairs,3,21,5,22,133,32,994,139,1,0
79653,2,stairs,2,26,7,79,135,30,995,159,1,0
79679,2,stairs,-1,36,8,81,134,22,996,158,1,0
79705,2,stairs,-2,45,9,46,129,6,997,137,1,0
79731,2,stairs,-3,51,9,2,131,-18,997,133,1,0
79757,2,stairs,24,38,11,-46,95,-40,996,113,1,0
79784,2,stairs,30,45,12,-30,94,-34,997,104,1,0
79810,2,stairs,43,55,14,22,78,-40,997,91,1,0
79836,2,stairs,43,59,14,70,58,-49,997,103,1,0
79862,2,stairs,38,61,14,86,21,-52,998,103,1,0
79888,2,stairs,31,62,14,58,-36,-57,998,89,1,0
79914,2,stairs,28,62,13,-20,-114,-62,998,132,1,0
79941,2,stairs,27,61,13,-150,-181,-60,999,242,1,0
79968,2,stairs,21,53,12,-298,-190,-49,998,357,1,0
79995,2,stairs,17,31,10,-414,-128,-32,998,434,1,0
80022,2,stairs,12,-2,5,-440,-12,-29,996,441,1,0
80049,2,stairs,1,-41,-3,-377,88,-51,994,390,1,0
80076,2,stairs,-13,-78,-12,-267,148,-79,993,316,1,0
80103,2,stairs,-36,-103,-21,-145,162,-93,992,237,1,0
80130,2,stairs,-58,-116,-28,-39,138,-83,993,166,1,0
80157,2,stairs,-68,-116,-28,35,86,-48,994,105,1,0
80184,2,stairs,-63,-100,-23,65,34,-3,995,74,1,0
80211,2,stairs,-33,-79,-14,62,-20,37,994,75,1,0
80238,2,stairs,3,-62,-7,36,-56,68,993,95,1,0
80264,2,stairs,32,-57,-2,3,-74,87,994,114,1,0
80290,2,stairs,54,-54,1,-6,-79,95,994,124,1,0
80316,2,stairs,59,-51,3,12,-68,94,996,117,1,0
80342,2,stairs,63,-46,5,40,-62,89,997,115,1,0
80368,2,stairs,69,-42,7,54,-59,85,997,117,1,0
80394,2,stairs,75,-35,8,46,-61,86,998,115,1,0
80420,2,stairs,81,-26,10,19,-65,88,998,111,1,0
80446,2,stairs,91,-20,11,-22,-73,87,998,116,1,0
80472,2,stairs,96,-21,11,-72,-84,91,999,143,1,0
80499,2,stairs,109,-28,10,-109,-118,106,998,192,1,0
80526,2,stairs,119,-33,9,-124,-152,134,998,238,1,0
80553,2,stairs,122,-34,8,-117,-191,172,998,282,1,0
80580,2,stairs,115,-39,7,-89,-224,221,998,327,1,0
80607,2,stairs,91,-42,6,-46,-220,274,998,355,1,0
80634,2,stairs,72,-42,5,14,-199,317,997,375,1,0
80661,2,stairs,64,-35,5,84,-162,331,997,378,1,0
80688,2,stairs,55,-28,6,137,-101,310,998,353,1,0
80715,2,stairs,45,-23,6,172,-19,272,998,323,1,0
80742,2,stairs,31,-18,6,201,68,243,998,323,1,0
80769,2,stairs,-2,-7,3,225,157,232,996,359,1,0
80795,2,stairs,-50,14,-5,240,229,241,993,410,1,0
80822,2,stairs,-91,42,-12,237,267,257,990,440,1,0
80849,2,stairs,-116,65,-16,202,267,258,991,423,1,0
80876,2,stairs,-113,69,-13,135,226,239,993,356,1,0
80903,2,stairs,-86,63,-7,73,157,210,993,273,1,0
80930,2,stairs,-52,53,-2,42,89,177,993,203,1,0
80956,2,stairs,-24,39,2,38,54,148,993,162,1,0
80982,2,stairs,-11,27,4,54,47,129,995,147,1,0
81008,2,stairs,-7,23,6,71,66,119,996,154,1,0
81034,2,stairs,-10,24,6,69,101,118,997,170,1,0
81060,2,stairs,-14,27,6,32,137,115,998,182,1,0
81086,2,stairs,-10,28,8,-13,165,101,998,193,1,0
81112,2,stairs,-5,29,8,-36,198,76,999,215,1,0
81138,2,stairs,2,29,9,-21,226,39,999,231,1,0
81164,2,stairs,12,30,10,36,246,-6,999,249,1,0
81199,2,stairs,14,41,11,145,249,-48,998,292,1,0
81226,2,stairs,6,60,10,249,248,-77,998,360,1,0
81252,2,stairs,1,81,10,318,222,-98,997,400,1,0
81278,2,stairs,-2,101,10,337,180,-107,997,397,1,0
81305,2,stairs,-7,114,9,292,131,-100,998,335,1,0
81332,2,stairs,-12,118,9,176,59,-69,998,198,1,0
81359,2,stairs,-12,110,8,0,-12,-46,998,48,1,0
81385,2,stairs,-16,89,7,-192,-23,-66,998,204,1,0
81412,2,stairs,-34,51,2,-345,53,-121,996,370,1,0
81439,2,stairs,-45,4,-6,-395,159,-175,993,461,1,0
81466,2,stairs,-48,-43,-14,-315,251,-200,991,450,1,0
81493,2,stairs,-47,-76,-19,-167,268,-202,991,374,1,0
81520,2,stairs,-54,-88,-21,-12,220,-190,992,291,1,0
81547,2,stairs,-66,-85,-21,97,139,-172,994,241,1,0
81574,2,stairs,-86,-77,-23,140,70,-142,995,212,1,0
81601,2,stairs,-89,-68,-22,125,-16,-94,996,158,1,0
81628,2,stairs,-72,-55,-15,62,-103,-36,996,126,1,0
81655,2,stairs,-43,-37,-8,-17,-179,11,995,181,1,0
81682,2,stairs,-22,-27,-3,-98,-218,41,996,242,1,0
81709,2,stairs,-6,-27,0,-141,-217,69,996,268,1,0
81736,2,stairs,3,-30,1,-138,-196,102,997,260,1,0
81763,2,stairs,14,-30,3,-94,-179,133,997,241,1,0
81790,2,stairs,24,-30,4,-35,-159,148,998,220,1,0
81817,2,stairs,33,-32,5,11,-137,153,998,206,1,0
81844,2,stairs,44,-34,6,30,-117,156,998,197,1,0
81870,2,stairs,59,-35,7,20,-116,156,999,195,1,0
81897,2,stairs,74,-35,8,-2,-125,153,998,198,1,0
81923,2,stairs,86,-33,8,-33,-138,149,998,206,1,0
81950,2,stairs,96,-31,8,-70,-158,148,998,228,1,0
81977,2,stairs,102,-34,8,-109,-189,143,998,261,1,0
82004,2,stairs,98,-36,8,-120,-235,143,998,300,1,0
82031,2,stairs,80,-34,7,-111,-263,154,998,324,1,0
82058,2,stairs,62,-27,7,-86,-254,177,998,321,1,0
82085,2,stairs,47,-20,6,-46,-199,210,998,293,1,0
82112,2,stairs,43,-16,7,-3,-146,229,998,272,1,0
82138,2,stairs,45,-18,7,31,-120,214,998,248,1,0
82165,2,stairs,37,-22,6,60,-104,172,998,210,1,0
82191,2,stairs,14,-22,3,101,-85,127,997,183,1,0
82217,2,stairs,-17,-14,-1,147,-46,102,996,185,1,0
82244,2,stairs,-50,8,-5,184,18,103,994,211,1,0
82270,2,stairs,-73,31,-7,181,80,116,994,230,1,0
82296,2,stairs,-71,50,-5,146,119,127,995,228,1,0
82322,2,stairs,-50,61,0,85,141,122,995,205,1,0
82349,2,stairs,-17,60,4,12,145,99,995,177,1,0
82375,2,stairs,14,47,7,-44,152,72,994,173,1,0
82401,2,stairs,22,33,8,-68,171,56,995,193,1,0
82427,2,stairs,18,26,8,-60,189,52,996,205,1,0
82453,2,stairs,3,25,6,-39,203,54,997,214,1,0
82479,2,stairs,-12,27,5,-26,206,60,997,216,1,0
82505,2,stairs,-19,30,5,-20,187,64,998,198,1,0
82531,2,stairs,-14,35,6,-13,157,58,998,168,1,0
82557,2,stairs,-5,37,7,0,125,37,998,131,1,0
82583,2,stairs,8,34,9,28,85,11,998,90,1,0
82609,2,stairs,18,35,10,73,38,-9,998,83,1,0
82635,2,stairs,19,49,10,126,-4,-18,998,128,1,0
82661,2,stairs,15,64,10,158,-38,-18,998,164,1,0
82688,2,stairs,13,74,10,149,-72,-9,998,166,1,0
82714,2,stairs,11,77,10,94,-112,-2,998,146,1,0
82740,2,stairs,17,76,11,15,-161,-7,998,162,1,0
82767,2,stairs,22,67,11,-78,-166,-16,998,185,1,0
82794,2,stairs,19,57,10,-145,-104,-25,998,180,1,0
82821,2,stairs,10,41,8,-141,54,-26,998,153,1,0
82848,2,stairs,-2,20,4,-82,246,-36,997,261,1,0
82874,2,stairs,-14,-6,0,-8,395,-82,996,404,1,0
82909,2,stairs,-42,-33,-9,68,444,-157,994,476,1,0
82936,2,stairs,-72,-51,-19,150,403,-203,993,476,1,0
82963,2,stairs,-93,-51,-22,229,299,-196,994,424,1,0
82990,2,stairs,-90,-37,-19,268,181,-152,995,357,1,0
83017,2,stairs,-68,-22,-12,255,82,-92,995,283,1,0
83044,2,stairs,-38,-10,-6,194,18,-34,995,198,1,0
83070,2,stairs,-18,-4,-1,101,-14,8,995,103,1,0
83097,2,stairs,-12,-4,1,9,-28,37,996,47,1,0
83123,2,stairs,-17,-4,0,-54,-31,60,997,86,1,0
83149,2,stairs,-27,-3,0,-94,-33,78,998,127,1,0
83176,2,stairs,-27,1,0,-119,-41,84,998,151,1,0
83203,2,stairs,-20,2,2,-136,-57,78,999,167,1,0
83229,2,stairs,-4,-2,4,-153,-75,71,999,185,1,0
83256,2,stairs,14,-6,5,-171,-88,72,998,205,1,0
83283,2,stairs,30,-10,6,-187,-97,78,998,225,1,0
83310,2,stairs,44,-15,7,-203,-102,87,998,243,1,0
83337,2,stairs,57,-19,7,-211,-106,97,998,255,1,0
83364,2,stairs,67,-19,7,-216,-110,111,998,266,1,0
83391,2,stairs,73,-23,7,-235,-115,123,998,289,1,0
83418,2,stairs,82,-27,7,-247,-153,128,998,318,1,0
83445,2,stairs,81,-29,7,-243,-215,134,998,351,1,0
83472,2,stairs,64,-28,6,-207,-279,154,998,380,1,0
83499,2,stairs,38,-21,4,-130,-287,201,997,374,1,0
83526,2,stairs,9,-15,1,-49,-200,254,996,327,1,0
83552,2,stairs,-10,-20,-2,4,-81,294,996,305,1,0
83579,2,stairs,-10,-38,-4,42,13,301,996,304,1,0
83606,2,stairs,-10,-56,-7,86,63,270,996,290,1,0
83633,2,stairs,-23,-63,-10,137,85,223,996,275,1,0
83660,2,stairs,-46,-51,-12,181,110,181,996,279,1,0
83687,2,stairs,-79,-38,-17,222,154,151,995,310,1,0
83714,2,stairs,-106,-14,-21,231,182,149,994,330,1,0
83741,2,stairs,-103,11,-17,200,177,156,994,309,1,0
83768,2,stairs,-84,33,-11,143,166,162,994,272,1,0
83795,2,stairs,-45,38,-4,72,142,138,993,211,1,0
83821,2,stairs,-15,29,0,17,158,109,994,193,1,0
83847,2,stairs,-2,21,3,4,179,88,995,199,1,0
83873,2,stairs,3,16,4,18,200,64,996,211,1,0
83899,2,stairs,-4,9,3,45,236,32,997,243,1,0
83925,2,stairs,-22,9,1,63,280,0,997,287,1,0
83951,2,stairs,-37,13,-1,81,299,-37,998,311,1,0
83978,2,stairs,-35,14,0,93,289,-84,998,315,1,0
84005,2,stairs,-23,13,2,98,259,-147,998,313,1,0
84032,2,stairs,-8,12,4,91,216,-213,998,316,1,0
84058,2,stairs,11,10,6,86,160,-287,998,340,1,0
84084,2,stairs,12,12,6,97,126,-352,998,386,1,0
84110,2,stairs,0,23,5,117,106,-403,998,433,1,0
84136,2,stairs,-6,43,5,144,89,-447,997,478,1,0
84162,2,stairs,-12,64,5,157,78,-494,997,524,1,0
84188,2,stairs,-13,78,5,139,51,-555,997,574,1,0
84214,2,stairs,-14,80,6,94,1,-614,998,622,1,0
84240,2,stairs,-29,74,3,37,-79,-658,997,664,1,0
84267,2,stairs,-42,71,1,1,-190,-672,997,699,1,0
84294,2,stairs,-50,68,-1,0,-235,-670,998,710,1,0
84321,2,stairs,-50,51,-1,20,-218,-686,998,720,1,0
84348,2,stairs,-35,21,-2,28,-177,-735,996,757,1,0
84375,2,stairs,-29,-17,-6,31,-129,-804,995,815,1,0
84402,2,stairs,-46,-56,-16,44,-87,-853,993,859,1,0
84429,2,stairs,-68,-82,-26,69,-68,-854,992,860,1,0
84456,2,stairs,-81,-90,-29,82,-45,-814,993,819,1,0
84483,2,stairs,-82,-90,-27,68,-26,-765,995,768,1,0
84510,2,stairs,-65,-94,-24,35,-12,-721,996,722,1,0
84537,2,stairs,-39,-98,-20,-3,1,-685,996,686,1,0
84564,2,stairs,-13,-96,-15,-25,14,-665,996,666,1,0
84591,2,stairs,0,-91,-11,-23,42,-662,996,663,1,0
84627,2,stairs,-4,-84,-10,1,76,-675,997,679,1,0
84654,2,stairs,-11,-76,-9,32,92,-694,998,700,1,0
84681,2,stairs,-15,-69,-8,59,79,-713,998,720,1,0
84708,2,stairs,-10,-64,-6,70,40,-733,998,737,1,0
84735,2,stairs,8,-60,-3,66,-14,-751,998,754,1,0
84762,2,stairs,31,-54,0,57,-65,-767,998,772,1,0
84789,2,stairs,56,-48,3,43,-97,-781,997,788,1,0
84815,2,stairs,78,-42,5,23,-113,-798,997,806,1,0
84842,2,stairs,99,-34,7,13,-125,-810,997,820,1,0
84869,2,stairs,111,-25,9,16,-126,-812,997,822,1,0
84896,2,stairs,110,-17,10,33,-131,-800,997,811,1,0
84923,2,stairs,104,-5,11,76,-157,-769,997,788,1,0
84950,2,stairs,92,8,12,123,-185,-719,997,753,1,0
84977,2,stairs,78,18,12,169,-240,-663,997,725,1,0
85004,2,stairs,55,28,11,203,-278,-611,997,701,1,0
85031,2,stairs,27,35,9,215,-263,-577,996,670,1,0
85058,2,stairs,20,35,9,223,-240,-549,997,639,1,0
85085,2,stairs,22,29,9,220,-217,-517,997,603,1,0
85112,2,stairs,12,30,8,205,-208,-507,998,585,1,0
85139,2,stairs,-20,37,3,185,-184,-524,996,585,1,0
85166,2,stairs,-65,50,-6,168,-127,-556,993,595,1,0
85193,2,stairs,-98,64,-14,148,-43,-596,992,615,1,0
85220,2,stairs,-109,75,-15,126,47,-646,993,660,1,0
85247,2,stairs,-88,77,-9,112,126,-692,994,712,1,0
85274,2,stairs,-51,70,-3,103,187,-734,993,765,1,0
85301,2,stairs,-20,60,2,98,219,-773,993,809,1,0
85327,2,stairs,-7,54,5,100,232,-813,995,851,1,0
85354,2,stairs,-16,51,4,101,223,-862,996,896,1,0
85381,2,stairs,-34,49,2,96,184,-918,996,941,1,0
85408,2,stairs,-36,51,2,85,116,-978,997,989,1,0
85435,2,stairs,-27,54,4,67,32,-1042,997,1045,1,0
85462,2,stairs,-14,58,6,38,-47,-1106,997,1108,1,0
85489,2,stairs,-5,63,7,13,-114,-1176,997,1182,1,0
85516,2,stairs,-5,67,8,7,-159,-1244,998,1254,1,0
85543,2,stairs,-6,66,8,6,-194,-1299,998,1313,1,0
85570,2,stairs,-6,65,8,-1,-234,-1339,998,1360,1,0
85597,2,stairs,0,65,9,-7,-295,-1386,998,1417,1,0
85624,2,stairs,0,69,8,4,-354,-1451,998,1494,1,0
85651,2,stairs,6,69,9,12,-345,-1529,998,1568,1,0
85678,2,stairs,-9,56,7,-7,-206,-1587,998,1600,1,0
85705,2,stairs,-28,31,1,-32,-26,-1590,997,1590,1,0
85732,2,stairs,-34,-1,-3,-54,131,-1549,996,1556,1,0
85759,2,stairs,-41,-29,-8,-65,196,-1495,995,1510,1,0
85786,2,stairs,-42,-41,-9,-71,142,-1458,996,1467,1,0
85813,2,stairs,-34,-38,-7,-105,73,-1443,997,1449,1,0
85840,2,stairs,-34,-31,-6,-174,65,-1448,997,1460,1,0
85867,2,stairs,-21,-33,-4,-239,69,-1446,997,1468,1,0
85894,2,stairs,1,-41,-2,-271,73,-1418,997,1445,1,0
85921,2,stairs,19,-43,0,-248,53,-1373,997,1396,1,0
85948,2,stairs,28,-41,2,-201,16,-1336,997,1351,1,0
85975,2,stairs,37,-39,4,-158,-33,-1307,998,1317,1,0
86002,2,stairs,48,-38,5,-125,-87,-1278,998,1287,1,0
86029,2,stairs,60,-40,6,-114,-151,-1246,998,1260,1,0
86056,2,stairs,86,-38,7,-106,-222,-1212,997,1237,1,0
86083,2,stairs,102,-35,7,-91,-265,-1179,997,1212,1,0
86110,2,stairs,112,-37,7,-69,-298,-1139,997,1179,1,0
86137,2,stairs,118,-31,8,-25,-320,-1090,998,1136,1,0
86164,2,stairs,102,-14,10,40,-288,-1043,997,1083,1,0
86191,2,stairs,79,0,9,89,-172,-1012,997,1031,1,0
86218,2,stairs,71,-1,10,119,-60,-969,997,978,1,0
86245,2,stairs,69,-4,9,137,15,-899,998,909,1,0
86272,2,stairs,53,-3,8,146,41,-839,998,852,1,0
86299,2,stairs,27,4,6,140,28,-803,997,816,1,0
86325,2,stairs,-3,16,3,109,27,-792,996,800,1,0
86360,2,stairs,-21,24,1,46,85,-803,996,809,1,0
86387,2,stairs,-16,20,2,-15,174,-812,996,831,1,0
86414,2,stairs,6,15,4,-49,250,-822,996,860,1,0
86441,2,stairs,21,17,6,-48,303,-846,997,900,1,0
86467,2,stairs,23,24,8,-32,337,-884,997,947,1,0
86494,2,stairs,14,33,8,-16,350,-924,998,988,1,0
86521,2,stairs,4,43,7,-12,330,-955,998,1010,1,0
86548,2,stairs,-3,49,7,-28,287,-972,998,1014,1,0
86575,2,stairs,-7,52,6,-52,225,-976,998,1003,1,0
86602,2,stairs,-10,53,6,-75,154,-974,998,989,1,0
86629,2,stairs,-14,50,5,-98,88,-977,998,986,1,0
86656,2,stairs,-18,43,5,-113,33,-992,998,999,1,0
86683,2,stairs,-14,35,5,-107,-2,-1028,999,1033,1,0
86710,2,stairs,-19,31,4,-91,38,-1076,998,1081,1,0
86737,2,stairs,-35,18,0,-102,143,-1099,998,1113,1,0
86764,2,stairs,-50,-6,-6,-100,237,-1092,997,1122,1,0
86791,2,stairs,-53,-44,-13,-67,284,-1068,995,1107,1,0
86818,2,stairs,-54,-70,-17,2,237,-1042,995,1068,1,0
86845,2,stairs,-40,-69,-14,69,133,-1026,996,1037,1,0
86872,2,stairs,-32,-64,-11,64,76,-1001,996,1006,1,0
86899,2,stairs,-23,-63,-9,-7,54,-950,997,951,1,0
86926,2,stairs,-10,-63,-7,-81,55,-887,997,892,1,0
86953,2,stairs,3,-63,-6,-114,62,-831,997,841,1,0
86980,2,stairs,13,-61,-4,-103,59,-783,997,792,1,0
87007,2,stairs,27,-55,-1,-59,46,-740,997,744,1,0
87033,2,stairs,35,-41,2,-8,37,-707,998,708,1,0
87059,2,stairs,36,-25,4,22,36,-680,998,681,1,0
87085,2,stairs,34,-11,6,22,42,-646,998,648,1,0
87111,2,stairs,33,-2,7,-1,50,-605,998,607,1,0
87137,2,stairs,44,1,8,-29,47,-544,999,547,1,0
87163,2,stairs,65,2,9,-47,36,-473,998,477,1,0
87189,2,stairs,91,4,9,-49,28,-412,997,416,1,0
87215,2,stairs,110,-2,8,-41,40,-365,996,370,1,0
87241,2,stairs,125,-8,7,-13,43,-328,997,331,1,0
87267,2,stairs,123,-7,8,23,38,-301,997,304,1,0
87293,2,stairs,105,-5,8,41,3,-279,997,282,1,0
87319,2,stairs,84,-3,8,25,-57,-262,997,269,1,0
87346,2,stairs,67,3,8,-37,-120,-240,997,271,1,0
87373,2,stairs,61,4,8,-110,-175,-201,998,288,1,0
87400,2,stairs,67,3,8,-150,-191,-141,998,281,1,0
87427,2,stairs,70,2,8,-136,-115,-84,998,197,1,0
87453,2,stairs,58,-5,7,-87,23,-33,998,96,1,0
87479,2,stairs,30,-12,4,-35,142,8,997,147,1,0
87505,2,stairs,-11,-18,-3,17,200,37,994,204,1,0
87532,2,stairs,-65,-14,-14,90,178,64,991,210,1,0
87559,2,stairs,-104,5,-21,151,111,91,989,208,1,0
87586,2,stairs,-117,28,-21,153,65,101,991,195,1,0
87613,2,stairs,-102,40,-15,110,62,83,992,151,1,0
87639,2,stairs,-69,31,-9,49,88,55,993,115,1,0
87665,2,stairs,-24,13,-5,-3,120,26,991,123,1,0
87691,2,stairs,7,1,-1,-22,162,-8,992,164,1,0
87717,2,stairs,14,-4,1,-6,214,-46,993,219,1,0
87743,2,stairs,-3,-5,0,19,279,-69,994,288,1,0
87769,2,stairs,-26,0,-2,40,319,-73,995,330,1,0
87795,2,stairs,-39,12,-2,59,326,-67,996,338,1,0
87822,2,stairs,-47,25,-2,68,316,-67,996,330,1,0
87848,2,stairs,-45,37,0,72,285,-76,997,304,1,0
87874,2,stairs,-39,47,1,85,252,-91,997,281,1,0
87901,2,stairs,-38,51,2,107,212,-103,997,259,1,0
87928,2,stairs,-31,58,4,143,143,-112,998,231,1,0
87955,2,stairs,-25,68,5,161,60,-134,998,218,1,0
87982,2,stairs,-23,73,5,137,-24,-172,998,221,1,0
88009,2,stairs,-27,69,5,64,-79,-212,998,235,1,0
88036,2,stairs,-34,53,3,-21,-85,-227,998,244,1,0
88071,2,stairs,-35,22,0,-82,-18,-231,997,246,1,0
88098,2,stairs,-28,-16,-4,-105,52,-245,995,271,1,0
88125,2,stairs,-36,-52,-11,-95,96,-270,994,302,1,0
88152,2,stairs,-62,-77,-21,-53,108,-283,993,307,1,0
88179,2,stairs,-94,-86,-30,4,99,-265,992,283,1,0
88206,2,stairs,-105,-79,-30,52,79,-212,994,232,1,0
88233,2,stairs,-94,-68,-24,52,83,-140,995,171,1,0
88260,2,stairs,-53,-68,-17,5,86,-76,994,114,1,0
88287,2,stairs,-2,-74,-13,-57,77,-45,991,106,1,0
88313,2,stairs,26,-75,-9,-103,68,-53,992,134,1,0
88340,2,stairs,27,-67,-6,-125,76,-92,994,173,1,0
88367,2,stairs,15,-60,-5,-127,97,-126,995,204,1,0
88394,2,stairs,4,-51,-4,-111,116,-138,996,212,1,0
88421,2,stairs,6,-41,-1,-94,111,-133,997,197,1,0
88448,2,stairs,22,-29,3,-95,85,-124,997,178,1,0
88474,2,stairs,38,-19,5,-112,53,-122,997,174,1,0
88501,2,stairs,52,-18,7,-138,16,-119,997,183,1,0
88528,2,stairs,56,-22,7,-156,-19,-102,997,187,1,0
88555,2,stairs,69,-33,6,-157,-74,-71,997,188,1,0
88582,2,stairs,87,-40,5,-142,-148,-35,997,208,1,0
88609,2,stairs,91,-41,5,-131,-220,-9,998,257,1,0
88636,2,stairs,79,-39,5,-126,-271,13,998,299,1,0
88663,2,stairs,69,-34,6,-112,-284,42,998,308,1,0
88690,2,stairs,60,-25,6,-97,-253,78,998,282,1,0
88717,2,stairs,56,-19,7,-77,-221,102,998,255,1,0
88744,2,stairs,58,-20,7,-36,-174,115,998,212,1,0
88771,2,stairs,55,-25,6,39,-129,135,998,191,1,0
88797,2,stairs,42,-23,6,117,-101,154,998,218,1,0
88824,2,stairs,13,-10,3,177,-62,168,997,252,1,0
88850,2,stairs,-24,8,-1,212,-22,188,995,284,1,0
88876,2,stairs,-56,26,-5,217,18,215,994,306,1,0
88903,2,stairs,-69,39,-5,192,51,236,995,309,1,0
88930,2,stairs,-54,45,-1,155,80,239,996,296,1,0
88956,2,stairs,-23,43,3,124,114,222,995,279,1,0
88982,2,stairs,11,36,6,98,152,190,995,262,1,0
89008,2,stairs,36,29,8,81,195,150,995,259,1,0
89034,2,stairs,43,21,8,74,238,114,996,274,1,0
89060,2,stairs,31,18,8,74,270,93,997,296,1,0
89086,2,stairs,15,22,7,70,283,89,997,305,1,0
89112,2,stairs,0,35,7,50,279,92,997,297,1,0
89138,2,stairs,-6,47,7,16,254,89,998,269,1,0
89164,2,stairs,-3,53,8,-20,224,81,998,239,1,0
89190,2,stairs,8,59,9,-35,201,72,998,216,1,0
89216,2,stairs,17,63,10,-16,188,69,998,201,1,0
89242,2,stairs,18,68,11,35,187,80,998,206,1,0
89268,2,stairs,10,74,10,93,196,104,998,240,1,0
89294,2,stairs,-7,80,8,120,191,115,998,253,1,0
89320,2,stairs,-17,81,7,112,148,104,998,213,1,0
89346,2,stairs,-21,78,6,67,99,83,998,145,1,0
89372,2,stairs,-32,68,4,1,94,61,998,112,1,0
89398,2,stairs,-46,44,0,-65,163,50,997,182,1,0
89425,2,stairs,-54,11,-5,-95,264,42,996,284,1,0
89452,2,stairs,-64,-28,-13,-85,341,20,994,352,1,0
89479,2,stairs,-77,-61,-21,-45,359,-13,993,362,1,0
89506,2,stairs,-96,-78,-28,14,316,-36,993,319,1,0
89533,2,stairs,-112,-85,-33,52,247,-41,994,255,1,0
89560,2,stairs,-121,-87,-34,54,172,-25,995,182,1,0
89587,2,stairs,-114,-83,-31,26,90,-2,996,93,1,0
89614,2,stairs,-95,-78,-25,-21,6,17,997,28,1,0
89641,2,stairs,-63,-70,-17,-72,-71,27,996,105,1,0
89668,2,stairs,-38,-64,-12,-119,-115,22,996,167,1,0
89695,2,stairs,-29,-60,-9,-155,-124,9,997,198,1,0
89722,2,stairs,-31,-59,-8,-178,-110,-2,998,209,1,0
89749,2,stairs,-32,-60,-8,-187,-89,0,998,206,1,0
89784,2,stairs,-22,-56,-6,-182,-96,4,999,206,1,0
89811,2,stairs,-1,-50,-2,-181,-115,-9,998,214,1,0
89838,2,stairs,22,-47,1,-181,-131,-36,998,226,1,0
89865,2,stairs,42,-46,2,-171,-133,-65,997,226,1,0
89892,2,stairs,59,-49,3,-140,-124,-84,997,205,1,0
89919,2,stairs,72,-52,3,-97,-119,-92,997,178,1,0
89946,2,stairs,81,-53,3,-59,-128,-94,997,170,1,0
89973,2,stairs,84,-48,4,-33,-156,-92,998,184,1,0
90000,2,stairs,72,-42,5,-19,-197,-81,998,213,1,0
90027,2,stairs,55,-34,5,-5,-240,-52,998,246,1,0
90054,2,stairs,41,-25,5,13,-242,-4,997,242,1,0
90081,2,stairs,35,-18,5,38,-202,43,998,210,1,0
90108,2,stairs,38,-21,5,55,-140,70,998,165,1,0
90134,2,stairs,40,-27,5,78,-95,70,998,141,1,0
90160,2,stairs,28,-26,4,121,-77,52,998,153,1,0
90186,2,stairs,1,-18,1,174,-81,30,997,195,1,0
90212,2,stairs,-35,-5,-4,219,-86,36,995,238,1,0
90238,2,stairs,-69,16,-9,236,-70,75,994,258,1,0
90265,2,stairs,-88,38,-11,215,-36,124,994,250,1,0
90292,2,stairs,-86,54,-8,157,3,150,995,217,1,0
90318,2,stairs,-64,55,-3,86,44,138,995,169,1,0
90345,2,stairs,-27,45,1,34,69,101,994,127,1,0
90371,2,stairs,2,34,4,24,96,59,994,115,1,0
90397,2,stairs,14,26,6,41,128,28,995,138,1,0
90423,2,stairs,10,24,7,74,162,15,996,179,1,0
90449,2,stairs,-2,30,6,100,186,21,997,212,1,0
90475,2,stairs,-15,43,5,105,199,34,997,228,1,0
90501,2,stairs,-21,53,6,82,196,40,998,216,1,0
90527,2,stairs,-16,54,7,47,185,27,998,193,1,0
90553,2,stairs,-3,44,8,21,159,1,998,161,1,0
90579,2,stairs,18,37,9,29,112,-29,998,119,1,0
90605,2,stairs,34,42,11,76,60,-60,998,114,1,0
90631,2,stairs,38,56,12,136,23,-84,998,162,1,0
90657,2,stairs,30,76,12,186,4,-94,997,208,1,0
90683,2,stairs,21,91,11,200,-28,-90,997,221,1,0
90710,2,stairs,23,97,11,170,-99,-71,997,209,1,0
90736,2,stairs,28,98,12,100,-192,-43,998,221,1,0
90762,2,stairs,33,95,12,-3,-252,-31,998,253,1,0
90788,2,stairs,29,79,12,-111,-194,-49,998,229,1,0
90815,2,stairs,24,44,8,-184,-69,-83,996,214,1,0
90842,2,stairs,23,1,3,-196,40,-107,994,226,1,0
90869,2,stairs,8,-33,-4,-156,105,-119,993,222,1,0
90896,2,stairs,-21,-51,-11,-98,110,-122,992,191,1,0
90923,2,stairs,-53,-55,-17,-50,82,-110,992,146,1,0
90950,2,stairs,-74,-56,-20,-31,48,-74,993,94,1,0
90977,2,stairs,-77,-60,-20,-49,13,-16,995,53,1,0
91004,2,stairs,-49,-61,-14,-86,-39,41,995,103,1,0
91031,2,stairs,-9,-61,-9,-134,-84,77,994,176,1,0
91058,2,stairs,29,-64,-6,-178,-106,90,993,226,1,0
91085,2,stairs,49,-65,-4,-190,-88,93,994,229,1,0
91112,2,stairs,50,-62,-2,-159,-43,97,995,192,1,0
91139,2,stairs,44,-57,-1,-104,3,103,996,147,1,0
91165,2,stairs,46,-47,2,-41,24,109,997,119,1,0
91191,2,stairs,49,-35,4,8,30,111,998,115,1,0
91217,2,stairs,54,-25,6,26,19,107,998,112,1,0
91243,2,stairs,72,-22,7,19,-9,100,998,102,1,0
91269,2,stairs,94,-25,7,-3,-59,93,997,110,1,0
91295,2,stairs,109,-27,7,-33,-125,88,997,156,1,0
91322,2,stairs,117,-26,7,-62,-192,81,997,217,1,0
91349,2,stairs,118,-25,7,-79,-247,70,998,269,1,0
91376,2,stairs,113,-30,7,-96,-297,67,998,319,1,0
91403,2,stairs,102,-34,6,-114,-345,82,999,372,1,0
91430,2,stairs,86,-36,6,-120,-368,104,999,401,1,0
91457,2,stairs,69,-27,6,-86,-336,136,998,372,1,0
91492,2,stairs,52,-20,6,-38,-228,193,998,301,1,0
91519,2,stairs,47,-17,6,0,-125,239,998,270,1,0
91545,2,stairs,42,-15,6,42,-38,258,998,264,1,0
91571,2,stairs,25,-9,5,89,17,255,998,271,1,0
91597,2,stairs,-3,4,3,141,49,249,997,291,1,0
91623,2,stairs,-37,23,0,185,85,261,995,331,1,0
91649,2,stairs,-62,45,-3,207,127,278,994,369,1,0
91676,2,stairs,-65,58,-2,197,155,282,996,377,1,0
91703,2,stairs,-45,59,2,164,168,268,996,356,1,0
91729,2,stairs,-15,49,5,124,172,234,996,316,1,0
91755,2,stairs,12,30,5,95,170,192,995,274,1,0
91781,2,stairs,21,14,5,85,174,154,996,248,1,0
91807,2,stairs,14,10,5,96,184,129,996,244,1,0
91833,2,stairs,-1,16,5,105,198,111,997,250,1,0
91859,2,stairs,-13,26,5,96,213,95,997,252,1,0
91885,2,stairs,-20,36,5,67,229,75,998,250,1,0
91911,2,stairs,-16,43,6,39,243,52,998,252,1,0
91937,2,stairs,-5,46,8,24,255,29,998,258,1,0
91963,2,stairs,8,52,9,33,249,13,998,251,1,0
91989,2,stairs,7,66,9,64,234,5,998,243,1,0
92015,2,stairs,6,84,9,102,190,12,997,216,1,0
92041,2,stairs,0,100,8,127,135,34,997,188,1,0
92067,2,stairs,-5,110,8,111,78,53,997,146,1,0
92093,2,stairs,-4,110,8,46,15,49,998,69,1,0
92119,2,stairs,1,94,9,-50,-53,32,998,80,1,0
92145,2,stairs,3,70,8,-135,-93,24,997,166,1,0
92171,2,stairs,-3,46,6,-170,-46,11,997,177,1,0
92198,2,stairs,-11,18,3,-146,81,-34,996,171,1,0
92225,2,stairs,-18,-15,-3,-77,231,-118,995,270,1,0
92252,2,stairs,-38,-49,-11,-2,345,-203,993,400,1,0
92279,2,stairs,-72,-71,-22,67,388,-260,992,472,1,0
92306,2,stairs,-115,-79,-34,121,350,-261,990,454,1,0
92333,2,stairs,-148,-68,-41,143,275,-227,990,384,1,0
92360,2,stairs,-155,-52,-39,124,179,-186,992,287,1,0
92387,2,stairs,-135,-49,-31,56,85,-148,993,179,1,0
92414,2,stairs,-89,-55,-23,-31,8,-113,992,117,1,0
92441,2,stairs,-53,-62,-17,-100,-22,-93,992,138,1,0
92468,2,stairs,-38,-66,-14,-122,-9,-91,993,152,1,0
92495,2,stairs,-39,-66,-13,-110,28,-96,995,149,1,0
92522,2,stairs,-39,-62,-11,-80,51,-115,996,149,1,0
92549,2,stairs,-35,-56,-8,-58,48,-151,997,169,1,0
92576,2,stairs,-21,-52,-5,-56,18,-198,997,207,1,0
92603,2,stairs,-7,-49,-3,-68,-7,-245,998,254,1,0
92630,2,stairs,0,-41,0,-84,-19,-283,998,296,1,0
92657,2,stairs,8,-32,2,-95,-20,-302,998,318,1,0
92684,2,stairs,12,-25,4,-106,-10,-300,999,318,1,0
92711,2,stairs,23,-18,6,-115,-17,-289,999,311,1,0
92738,2,stairs,39,-12,8,-118,-24,-283,998,308,1,0
92765,2,stairs,50,-13,8,-120,-19,-289,998,313,1,0
92792,2,stairs,58,-19,8,-111,-28,-295,998,317,1,0
92819,2,stairs,56,-22,7,-86,-47,-290,998,306,1,0
92846,2,stairs,40,-26,5,-66,-88,-278,998,299,1,0
92873,2,stairs,29,-30,4,-64,-153,-260,998,309,1,0
92900,2,stairs,20,-30,3,-73,-192,-243,998,318,1,0
92927,2,stairs,22,-35,2,-74,-214,-240,998,330,1,0
92954,2,stairs,33,-48,1,-55,-219,-263,998,347,1,0
92981,2,stairs,42,-62,-2,24,-216,-318,998,385,1,0
93008,2,stairs,27,-70,-5,151,-176,-390,997,454,1,0
93035,2,stairs,-18,-66,-11,277,-92,-457,995,542,1,0
93062,2,stairs,-74,-53,-23,366,11,-503,990,622,1,0
93089,2,stairs,-124,-29,-34,414,102,-511,987,666,1,0
93116,2,stairs,-140,5,-32,417,129,-494,988,659,1,0
93143,2,stairs,-145,25,-29,355,138,-496,990,626,1,0
93170,2,stairs,-187,17,-45,240,197,-514,989,600,1,0
93206,2,stairs,-127,18,-29,171,159,-553,986,600,1,0
93233,2,stairs,-89,12,-20,146,173,-620,987,660,1,0
93260,2,stairs,-74,8,-14,165,199,-695,990,742,1,0
93287,2,stairs,-78,12,-12,205,221,-766,992,823,1,0
93314,2,stairs,-93,24,-13,233,222,-823,993,884,1,0
93341,2,stairs,-100,38,-12,224,193,-871,995,920,1,0
93368,2,stairs,-97,49,-10,172,140,-913,996,939,1,0
93395,2,stairs,-79,54,-5,100,66,-950,996,958,1,0
93422,2,stairs,-58,54,0,28,-13,-989,997,990,1,0
93449,2,stairs,-32,53,5,-28,-86,-1028,996,1032,1,0
93476,2,stairs,-9,49,8,-61,-142,-1070,997,1082,1,0
93503,2,stairs,0,48,10,-67,-185,-1111,997,1128,1,0
93530,2,stairs,1,50,11,-52,-217,-1140,998,1162,1,0
93557,2,stairs,-5,51,10,-39,-222,-1164,998,1186,1,0
93584,2,stairs,-9,50,9,-37,-225,-1194,998,1215,1,0
93611,2,stairs,1,48,11,-51,-234,-1241,998,1264,1,0
93638,2,stairs,15,47,12,-61,-229,-1315,998,1336,1,0
93665,2,stairs,28,43,14,-65,-190,-1409,998,1424,1,0
93692,2,stairs,33,30,13,-72,-134,-1486,998,1494,1,0
93719,2,stairs,30,11,10,-64,-65,-1520,998,1523,1,0
93746,2,stairs,17,-4,7,-29,15,-1519,997,1519,1,0
93773,2,stairs,-1,-14,3,16,80,-1506,997,1509,1,0
93800,2,stairs,-18,-25,-2,38,112,-1492,997,1496,1,0
93827,2,stairs,-33,-32,-5,35,98,-1469,997,1473,1,0
93854,2,stairs,-42,-31,-6,11,61,-1436,998,1437,1,0
93881,2,stairs,-33,-29,-4,-48,34,-1395,998,1396,1,0
93908,2,stairs,-12,-28,-1,-117,56,-1348,997,1355,1,0
93935,2,stairs,10,-34,1,-161,116,-1302,997,1317,1,0
93962,2,stairs,34,-43,2,-167,170,-1267,996,1289,1,0
93989,2,stairs,52,-53,2,-131,192,-1247,996,1268,1,0
94016,2,stairs,57,-55,3,-66,177,-1238,997,1252,1,0
94043,2,stairs,58,-51,4,-2,134,-1238,998,1245,1,0
94070,2,stairs,61,-44,5,43,78,-1240,998,1243,1,0
94097,2,stairs,71,-39,7,65,12,-1236,998,1237,1,0
94124,2,stairs,87,-34,8,67,-52,-1214,998,1217,1,0
94151,2,stairs,99,-28,9,54,-108,-1174,997,1180,1,0
94178,2,stairs,112,-21,10,47,-157,-1126,997,1138,1,0
94205,2,stairs,117,-15,11,45,-196,-1073,998,1091,1,0
94232,2,stairs,123,-13,11,57,-255,-1027,998,1060,1,0
94259,2,stairs,128,-10,12,88,-340,-1003,998,1063,1,0
94286,2,stairs,113,3,13,136,-412,-991,998,1082,1,0
94313,2,stairs,95,15,13,178,-419,-980,998,1081,1,0
94340,2,stairs,82,16,13,198,-368,-946,998,1034,1,0
94367,2,stairs,75,12,13,194,-305,-884,998,955,1,0
94394,2,stairs,62,11,12,169,-244,-820,998,872,1,0
94421,2,stairs,34,10,9,127,-195,-782,997,816,1,0
94448,2,stairs,0,13,5,82,-167,-768,996,790,1,0
94475,2,stairs,-28,25,1,34,-127,-771,995,782,1,0
94502,2,stairs,-33,36,2,-17,-75,-789,996,793,1,0
94529,2,stairs,-18,39,5,-67,-7,-809,996,812,1,0
94556,2,stairs,12,33,7,-106,56,-828,996,837,1,0
94583,2,stairs,39,26,9,-118,97,-849,996,863,1,0
94610,2,stairs,44,22,10,-93,123,-875,997,888,1,0
94637,2,stairs,38,24,10,-40,143,-899,997,911,1,0
94664,2,stairs,29,36,10,11,165,-924,998,939,1,0
94691,2,stairs,20,50,11,31,194,-957,998,977,1,0
94718,2,stairs,28,53,12,6,208,-992,998,1013,1,0
94745,2,stairs,34,52,12,-35,207,-1026,998,1048,1,0
94772,2,stairs,33,52,12,-61,189,-1059,998,1078,1,0
94799,2,stairs,23,53,12,-59,180,-1082,999,1098,1,0
94826,2,stairs,13,53,11,-48,151,-1105,999,1116,1,0
94853,2,stairs,14,53,10,-32,107,-1146,999,1152,1,0
94880,2,stairs,10,53,10,-10,115,-1192,998,1198,1,0
94907,2,stairs,12,46,9,-27,184,-1224,998,1238,1,0
94943,2,stairs,-1,18,5,-58,288,-1239,997,1273,1,0
94970,2,stairs,-22,-14,-3,-69,373,-1247,995,1303,1,0
94997,2,stairs,-50,-60,-19,-89,379,-1242,991,1302,1,0
95024,2,stairs,-53,-81,-22,-75,283,-1217,992,1252,1,0
95051,2,stairs,-49,-81,-19,-78,189,-1175,994,1192,1,0
95078,2,stairs,-34,-71,-14,-144,139,-1130,995,1147,1,0
95105,2,stairs,-17,-66,-10,-241,137,-1086,995,1121,1,0
95132,2,stairs,3,-71,-8,-297,136,-1042,996,1092,1,0
95159,2,stairs,17,-73,-7,-289,121,-993,996,1041,1,0
95186,2,stairs,30,-64,-4,-232,98,-947,997,980,1,0
95213,2,stairs,40,-49,0,-163,73,-916,997,933,1,0
95240,2,stairs,53,-38,3,-105,43,-892,997,899,1,0
95267,2,stairs,64,-30,5,-59,13,-855,998,858,1,0
95293,2,stairs,76,-23,6,-27,-14,-807,998,807,1,0
95319,2,stairs,93,-16,7,-2,-40,-753,998,754,1,0
95346,2,stairs,112,-9,8,23,-65,-695,997,698,1,0
95373,2,stairs,125,0,8,52,-93,-638,997,646,1,0
95399,2,stairs,134,12,9,81,-117,-583,997,600,1,0
95426,2,stairs,130,20,10,100,-126,-514,998,538,1,0
95453,2,stairs,114,17,11,80,-134,-415,998,443,1,0
95480,2,stairs,100,14,11,40,-171,-304,998,351,1,0
95507,2,stairs,93,11,10,-22,-188,-196,998,272,1,0
95534,2,stairs,97,4,9,-90,-155,-108,998,210,1,0
95561,2,stairs,95,-3,9,-116,-42,-38,999,129,1,0
95587,2,stairs,74,-15,6,-81,91,17,998,123,1,0
95613,2,stairs,33,-27,0,-10,185,51,995,192,1,0
95640,2,stairs,-15,-24,-5,84,212,59,993,236,1,0
95667,2,stairs,-107,-40,-36,132,221,112,979,281,1,0
95694,2,stairs,-144,-13,-38,155,175,123,980,264,1,0
95721,2,stairs,-157,9,-35,103,156,121,984,223,1,0
95748,2,stairs,-141,10,-27,1,131,94,988,161,1,0
95774,2,stairs,-101,1,-18,-102,97,58,988,152,1,0
95801,2,stairs,-62,-12,-12,-153,68,19,989,169,1,0
95828,2,stairs,-42,-21,-8,-126,66,-12,991,143,1,0
95855,2,stairs,-33,-21,-5,-43,79,-42,993,99,1,0
95882,2,stairs,-31,-12,-2,40,101,-78,994,134,1,0
95909,2,stairs,-26,-5,0,91,122,-121,995,194,1,0
95936,2,stairs,-27,-2,1,110,146,-159,996,242,1,0
95963,2,stairs,-24,5,3,124,158,-180,997,270,1,0
95990,2,stairs,-22,22,5,145,160,-194,997,291,1,0
96017,2,stairs,-17,41,8,170,145,-204,997,302,1,0
96044,2,stairs,-10,63,9,189,117,-211,997,306,1,0
96070,2,stairs,-2,82,11,183,75,-222,997,298,1,0
96096,2,stairs,12,92,12,146,7,-238,997,279,1,0
96122,2,stairs,21,91,14,84,-71,-260,997,282,1,0
96149,2,stairs,19,80,13,11,-114,-279,998,301,1,0
96176,2,stairs,12,61,11,-57,-70,-298,997,311,1,0
96203,2,stairs,9,37,9,-101,55,-324,997,344,1,0
96230,2,stairs,0,7,4,-118,211,-382,996,453,1,0
96257,2,stairs,-9,-29,-3,-99,326,-458,994,571,1,0
96284,2,stairs,-19,-52,-7,-48,367,-528,994,645,1,0
96311,2,stairs,-45,-84,-19,-6,334,-521,992,619,1,0
96338,2,stairs,-62,-88,-22,19,286,-492,993,569,1,0
96365,2,stairs,-57,-83,-18,6,243,-453,995,514,1,0
96392,2,stairs,-36,-75,-13,-26,217,-420,995,474,1,0
96419,2,stairs,-8,-61,-7,-56,207,-395,995,449,1,0
96446,2,stairs,4,-50,-3,-81,224,-375,996,444,1,0
96473,2,stairs,5,-42,-1,-90,237,-355,997,436,1,0
96500,2,stairs,0,-34,1,-76,237,-332,998,415,1,0
96527,2,stairs,-7,-24,2,-51,220,-306,998,380,1,0
96554,2,stairs,-8,-13,3,-26,178,-276,998,329,1,0
96581,2,stairs,2,-3,6,-13,129,-247,998,279,1,0
96607,2,stairs,14,3,8,-14,87,-222,998,239,1,0
96633,2,stairs,26,3,9,-28,50,-200,999,208,1,0
96668,2,stairs,40,-2,9,-50,14,-168,998,176,1,0
96695,2,stairs,54,-2,9,-63,-24,-132,998,149,1,0
96722,2,stairs,66,-6,9,-76,-61,-99,998,139,1,0
96748,2,stairs,69,-6,9,-84,-105,-71,998,152,1,0
96775,2,stairs,60,-4,9,-64,-133,-45,998,155,1,0
96801,2,stairs,46,-9,7,-11,-131,-10,998,132,1,0
96828,2,stairs,31,-13,6,90,-87,41,998,132,1,0
96854,2,stairs,23,-11,5,213,-12,83,998,229,1,0
96880,2,stairs,14,-10,5,316,63,83,998,332,1,0
96906,2,stairs,0,-11,3,378,123,47,998,401,1,0
96932,2,stairs,-31,-6,-1,409,165,7,997,441,1,0
96959,2,stairs,-66,11,-6,415,181,-3,995,453,1,0
96986,2,stairs,-134,36,-27,387,227,35,986,451,1,0
97013,2,stairs,-146,66,-26,332,226,65,988,407,1,0
97040,2,stairs,-143,81,-22,224,223,83,990,326,1,0
97067,2,stairs,-111,86,-14,95,206,72,991,237,1,0
97094,2,stairs,-71,83,-6,-18,189,38,991,194,1,0
97121,2,stairs,-45,73,-1,-90,198,4,992,218,1,0
97147,2,stairs,-33,63,2,-114,226,-14,993,253,1,0
97174,2,stairs,-34,59,3,-89,251,-17,995,267,1,0
97201,2,stairs,-40,58,3,-45,264,-7,996,268,1,0
97227,2,stairs,-48,61,3,-12,264,12,997,265,1,0
97253,2,stairs,-50,70,3,9,245,26,997,247,1,0
97279,2,stairs,-43,76,5,19,210,34,998,214,1,0
97305,2,stairs,-30,82,7,26,152,47,998,161,1,0
97331,2,stairs,-17,84,9,30,86,63,998,111,1,0
97357,2,stairs,-4,97,10,50,25,64,997,85,1,0
97383,2,stairs,6,107,11,67,-28,45,997,86,1,0
97409,2,stairs,8,107,11,66,-76,12,998,101,1,0
97435,2,stairs,1,98,11,52,-126,-17,998,138,1,0
97462,2,stairs,-11,85,8,28,-156,-30,998,161,1,0
97489,2,stairs,-10,67,8,-4,-135,-27,998,138,1,0
97516,2,stairs,-12,38,5,-53,-34,-29,996,69,1,0
97543,2,stairs,-24,6,0,-104,119,-64,995,170,1,0
97570,2,stairs,-34,-16,-4,-113,249,-125,995,301,1,0
97597,2,stairs,-75,-54,-20,-101,357,-163,991,405,1,0
97624,2,stairs,-104,-78,-32,-51,382,-184,990,427,1,0
97651,2,stairs,-115,-89,-35,10,343,-180,992,388,1,0
97678,2,stairs,-105,-91,-31,49,277,-162,994,325,1,0
97705,2,stairs,-87,-88,-26,52,200,-150,995,255,1,0
97732,2,stairs,-68,-83,-20,25,130,-138,996,191,1,0
97759,2,stairs,-56,-73,-15,-9,80,-126,996,150,1,0
97786,2,stairs,-52,-60,-11,-48,46,-121,997,138,1,0
97813,2,stairs,-54,-50,-9,-85,20,-119,998,148,1,0
97840,2,stairs,-53,-45,-8,-110,-9,-120,998,163,1,0
97867,2,stairs,-45,-42,-6,-124,-39,-123,999,179,1,0
97894,2,stairs,-33,-39,-3,-134,-68,-128,999,197,1,0
97921,2,stairs,-14,-38,0,-141,-94,-137,999,218,1,0
97948,2,stairs,5,-39,2,-149,-106,-143,998,233,1,0
97975,2,stairs,21,-41,3,-157,-115,-145,998,242,1,0
98002,2,stairs,38,-42,5,-169,-129,-142,998,256,1,0
98029,2,stairs,51,-41,6,-182,-140,-134,998,266,1,0
98056,2,stairs,65,-41,7,-204,-148,-121,998,280,1,0
98083,2,stairs,75,-46,6,-238,-160,-105,998,305,1,0
98110,2,stairs,72,-50,5,-271,-169,-87,998,331,1,0
98137,2,stairs,61,-52,4,-281,-182,-61,998,341,1,0
98164,2,stairs,49,-55,3,-247,-177,-24,998,305,1,0
98191,2,stairs,33,-55,1,-168,-129,23,998,213,1,0
98218,2,stairs,24,-55,0,-71,-47,58,998,103,1,0
98245,2,stairs,24,-54,0,26,31,56,998,69,1,0
98271,2,stairs,12,-55,-1,103,107,23,998,150,1,0
98298,2,stairs,-19,-52,-7,164,152,-5,997,224,1,0
98325,2,stairs,-56,-34,-12,213,176,15,994,277,1,0
98352,2,stairs,-129,-26,-37,201,243,78,986,325,1,0
98387,2,stairs,-141,10,-34,158,255,134,987,329,1,0
98414,2,stairs,-132,27,-27,81,258,162,990,315,1,0
98441,2,stairs,-92,30,-16,5,234,161,990,284,1,0
98468,2,stairs,-47,17,-9,-49,212,140,989,259,1,0
98495,2,stairs,-19,2,-4,-64,209,120,990,249,1,0
98522,2,stairs,-10,-8,-2,-33,216,114,992,247,1,0
98549,2,stairs,-19,-9,-2,11,223,122,994,254,1,0
98576,2,stairs,-36,-3,-3,41,215,131,995,255,1,0
98603,2,stairs,-43,5,-2,51,179,135,996,230,1,0
98629,2,stairs,-42,11,-1,40,127,134,997,189,1,0
98655,2,stairs,-31,12,2,26,60,126,997,141,1,0
98681,2,stairs,-17,15,4,29,-8,112,998,116,1,0
98707,2,stairs,0,25,8,62,-80,98,997,141,1,0
98733,2,stairs,8,41,10,112,-134,85,997,194,1,0
98759,2,stairs,11,57,11,165,-178,73,997,253,1,0
98785,2,stairs,12,69,13,200,-207,65,998,295,1,0
98811,2,stairs,9,73,13,195,-237,63,998,313,1,0
98837,2,stairs,10,72,13,151,-289,63,999,332,1,0
98863,2,stairs,8,68,13,79,-327,60,999,342,1,0
98889,2,stairs,7,64,12,17,-312,65,999,319,1,0
98915,2,stairs,10,51,11,-33,-209,56,998,219,1,0
98942,2,stairs,14,23,9,-61,-68,25,997,95,1,0
98968,2,stairs,14,-10,4,-68,53,-25,996,90,1,0
98995,2,stairs,0,-33,-2,-49,130,-77,995,159,1,0
99022,2,stairs,-44,-67,-20,-35,176,-89,991,200,1,0
99049,2,stairs,-78,-69,-28,6,196,-66,991,207,1,0
99076,2,stairs,-100,-65,-31,36,199,-20,992,203,1,0
99103,2,stairs,-88,-60,-25,36,176,30,994,183,1,0
99130,2,stairs,-49,-54,-16,13,135,63,993,149,1,0
99156,2,stairs,-7,-51,-9,-21,101,76,992,128,1,0
99182,2,stairs,19,-52,-5,-53,97,77,993,135,1,0
99208,2,stairs,28,-53,-2,-61,104,73,994,141,1,0
99234,2,stairs,24,-50,-1,-39,102,64,996,127,1,0
99260,2,stairs,15,-45,0,-1,82,55,997,99,1,0
99286,2,stairs,8,-35,1,32,44,44,997,70,1,0
99312,2,stairs,9,-24,3,45,-4,24,998,51,1,0
99338,2,stairs,18,-17,6,31,-53,-6,998,62,1,0
99364,2,stairs,31,-12,8,2,-100,-35,998,106,1,0
99391,2,stairs,48,-14,9,-31,-140,-50,998,152,1,0
99418,2,stairs,67,-17,10,-62,-168,-53,998,187,1,0
99445,2,stairs,85,-17,10,-85,-179,-54,997,205,1,0
99472,2,stairs,97,-19,11,-111,-181,-54,997,219,1,0
99499,2,stairs,104,-24,10,-141,-197,-48,997,247,1,0
99526,2,stairs,93,-27,9,-173,-219,-36,998,282,1,0
99553,2,stairs,74,-24,9,-206,-257,-16,998,330,1,0
99580,2,stairs,57,-18,8,-213,-288,17,998,359,1,0
99607,2,stairs,46,-12,8,-197,-270,69,998,342,1,0
99634,2,stairs,49,-8,9,-168,-195,128,998,288,1,0
99661,2,stairs,57,-9,9,-133,-79,167,998,228,1,0
99688,2,stairs,52,-15,8,-79,36,177,998,197,1,0
99714,2,stairs,23,-18,4,-3,128,173,997,215,1,0
99740,2,stairs,-19,-14,-3,80,184,167,995,261,1,0
99767,2,stairs,-44,3,-5,154,189,160,994,292,1,0
99794,2,stairs,-94,24,-17,188,191,190,991,328,1,0
99821,2,stairs,-125,52,-23,182,187,209,990,335,1,0
99848,2,stairs,-134,60,-23,127,175,208,992,300,1,0
99875,2,stairs,-104,64,-14,64,142,187,993,243,1,0
99902,2,stairs,-52,58,-5,2,109,157,990,191,1,0
99928,2,stairs,-17,45,0,-38,112,135,991,179,1,0
99955,2,stairs,-6,33,3,-46,144,136,993,204,1,0
99982,2,stairs,-12,25,3,-30,171,162,994,238,1,0
100008,2,stairs,-20,25,3,-12,177,200,996,268,1,0
100035,2,stairs,-24,32,4,-14,162,235,997,286,1,0
100062,2,stairs,-17,38,6,-33,140,253,997,291,1,0
100097,2,stairs,3,38,9,-47,114,250,997,279,1,0
100123,2,stairs,19,36,11,-40,86,241,997,259,1,0
100149,2,stairs,30,34,12,-10,44,229,997,233,1,0
100175,2,stairs,30,40,13,37,10,216,998,220,1,0
100202,2,stairs,24,48,13,73,-8,189,998,203,1,0
100229,2,stairs,23,49,13,71,-43,133,998,157,1,0
100256,2,stairs,17,43,12,44,-88,68,999,119,1,0
100283,2,stairs,1,36,8,12,-95,20,998,98,1,0
100309,2,stairs,-17,22,4,-1,-23,-28,998,37,1,0
100336,2,stairs,-34,0,-2,24,123,-87,997,152,1,0
100363,2,stairs,-48,-25,-9,81,278,-153,996,328,1,0
100390,2,stairs,-60,-46,-15,152,391,-216,996,471,1,0
100417,2,stairs,-74,-61,-21,212,434,-253,996,545,1,0
100444,2,stairs,-89,-70,-26,256,412,-246,996,544,1,0
100471,2,stairs,-102,-78,-31,267,351,-211,996,489,1,0
100498,2,stairs,-98,-83,-31,244,257,-168,997,392,1,0
100525,2,stairs,-77,-84,-25,200,148,-125,997,278,1,0
100552,2,stairs,-47,-79,-19,142,57,-94,996,179,1,0
100579,2,stairs,-19,-73,-12,89,-9,-84,996,123,1,0
100606,2,stairs,-3,-67,-8,63,-41,-97,996,123,1,0
100633,2,stairs,-6,-58,-6,60,-52,-122,997,145,1,0
100660,2,stairs,-14,-50,-5,63,-63,-157,998,180,1,0
100687,2,stairs,-21,-42,-5,62,-93,-206,998,234,1,0
100714,2,stairs,-18,-37,-3,56,-140,-254,999,295,1,0
100741,2,stairs,-6,-34,-1,45,-190,-295,999,354,1,0
100768,2,stairs,19,-31,3,19,-230,-329,998,402,1,0
100795,2,stairs,51,-29,6,-17,-253,-360,997,440,1,0
100822,2,stairs,80,-26,8,-60,-262,-389,996,473,1,0
100849,2,stairs,99,-19,11,-92,-255,-410,996,491,1,0
100876,2,stairs,107,-12,12,-108,-229,-416,997,487,1,0
100903,2,stairs,106,-7,13,-110,-198,-408,997,467,1,0
100930,2,stairs,90,-4,13,-106,-177,-384,997,436,1,0
100957,2,stairs,73,-3,12,-103,-176,-357,997,411,1,0
100984,2,stairs,57,1,11,-89,-144,-331,997,372,1,0
101011,2,stairs,43,9,10,-73,-60,-301,997,316,1,0
101038,2,stairs,41,7,10,-70,55,-294,998,307,1,0
101065,2,stairs,41,-3,9,-69,149,-321,998,361,1,0
101092,2,stairs,20,-15,4,-54,183,-386,997,431,1,0
101119,2,stairs,-13,-11,-1,1,166,-449,996,478,1,0
101146,2,stairs,-79,-1,-19,72,150,-451,989,481,1,0
101173,2,stairs,-142,12,-40,123,127,-424,984,459,1,0
101200,2,stairs,-179,32,-49,143,93,-395,984,431,1,0
101227,2,stairs,-171,55,-41,142,48,-375,987,403,1,0
101254,2,stairs,-124,65,-26,117,10,-405,987,422,1,0
101281,2,stairs,-58,58,-13,79,-10,-478,983,485,1,0
101308,2,stairs,-17,41,-5,55,24,-553,984,556,1,0
101335,2,stairs,-6,25,-1,58,86,-597,988,606,1,0
101362,2,stairs,-18,17,-2,83,145,-615,991,638,1,0
101389,2,stairs,-33,14,-3,107,175,-623,992,656,1,0
101416,2,stairs,-47,16,-4,107,164,-640,994,669,1,0
101443,2,stairs,-39,19,-1,95,117,-683,996,700,1,0
101470,2,stairs,-19,24,4,84,60,-754,996,761,1,0
101497,2,stairs,0,29,8,78,9,-843,997,846,1,0
101524,2,stairs,14,34,11,90,-22,-925,997,929,1,0
101551,2,stairs,11,46,12,133,-26,-981,997,991,1,0
101578,2,stairs,-8,57,9,184,-13,-1013,997,1030,1,0
101605,2,stairs,-29,62,5,223,0,-1030,997,1054,1,0
101632,2,stairs,-46,65,2,256,4,-1052,997,1083,1,0
101659,2,stairs,-55,67,1,296,-6,-1100,997,1139,1,0
101686,2,stairs,-43,55,3,318,-19,-1145,997,1189,1,0
101713,2,stairs,-25,33,4,325,-1,-1158,997,1203,1,0
101740,2,stairs,-20,8,2,320,56,-1151,997,1196,1,0
101767,2,stairs,-30,-17,-4,294,110,-1158,996,1200,1,0
101794,2,stairs,-49,-53,-16,240,123,-1182,994,1212,1,0
101830,2,stairs,-51,-66,-17,187,73,-1197,995,1214,1,0
101857,2,stairs,-34,-64,-13,125,55,-1197,995,1205,1,0
101884,2,stairs,-13,-51,-7,58,85,-1191,996,1195,1,0
101911,2,stairs,-3,-40,-3,-15,150,-1177,996,1187,1,0
101938,2,stairs,-1,-33,0,-71,209,-1155,997,1176,1,0
101965,2,stairs,2,-25,2,-90,237,-1123,997,1151,1,0
101992,2,stairs,7,-19,4,-71,236,-1077,998,1105,1,0
102019,2,stairs,15,-16,6,-29,207,-1023,998,1045,1,0
102046,2,stairs,27,-12,8,32,158,-969,998,982,1,0
102073,2,stairs,41,-8,10,101,87,-923,998,933,1,0
102100,2,stairs,57,-5,12,157,10,-884,997,898,1,0
102127,2,stairs,71,1,14,182,-69,-849,997,871,1,0
102154,2,stairs,85,8,15,163,-151,-810,997,840,1,0
102181,2,stairs,85,11,16,106,-231,-762,998,804,1,0
102208,2,stairs,84,12,16,28,-318,-696,998,765,1,0
102235,2,stairs,91,16,17,-40,-408,-614,998,739,1,0
102262,2,stairs,93,15,17,-83,-486,-531,998,725,1,0
102289,2,stairs,92,13,17,-103,-498,-460,998,686,1,0
102316,2,stairs,83,4,15,-64,-443,-414,998,609,1,0
102343,2,stairs,76,-10,12,31,-384,-388,998,547,1,0
102370,2,stairs,57,-14,10,144,-322,-380,998,519,1,0
102397,2,stairs,24,-6,6,234,-264,-398,996,532,1,0
102424,2,stairs,-21,10,-2,287,-219,-437,994,567,1,0
102451,2,stairs,-52,28,-6,310,-216,-480,993,611,1,0
102478,2,stairs,-94,60,-17,305,-207,-497,990,619,1,0
102505,2,stairs,-115,79,-20,241,-171,-506,991,586,1,0
102532,2,stairs,-103,96,-15,163,-105,-526,992,561,1,0
102559,2,stairs,-63,94,-6,81,-32,-566,992,573,1,0
102586,2,stairs,-14,72,1,4,22,-606,989,607,1,0
102613,2,stairs,18,48,4,-49,62,-646,989,650,1,0
102640,2,stairs,22,36,6,-76,88,-695,992,704,1,0
102667,2,stairs,17,34,8,-87,107,-753,994,765,1,0
102694,2,stairs,6,35,7,-102,125,-819,995,834,1,0
102721,2,stairs,5,34,8,-137,120,-895,996,913,1,0
102748,2,stairs,21,32,10,-163,81,-974,996,991,1,0
102775,2,stairs,38,27,12,-180,33,-1044,996,1060,1,0
102802,2,stairs,47,23,13,-193,-13,-1099,997,1116,1,0
102829,2,stairs,47,22,13,-208,-37,-1141,997,1161,1,0
102856,2,stairs,41,21,12,-232,-65,-1191,998,1215,1,0
102883,2,stairs,33,15,11,-258,-110,-1273,998,1303,1,0
102911,2,stairs,16,14,9,-240,-101,-1385,998,1409,1,0
102938,2,stairs,-4,3,4,-184,10,-1514,997,1525,1,0
102965,2,stairs,-28,-20,-4,-137,154,-1601,996,1614,1,0
102992,2,stairs,-50,-51,-15,-117,299,-1635,994,1667,1,0
103020,2,stairs,-61,-67,-20,-105,362,-1652,994,1695,1,0
103048,2,stairs,-67,-77,-22,-137,358,-1652,995,1696,1,0
103076,2,stairs,-75,-79,-24,-199,342,-1618,996,1665,1,0
103104,2,stairs,-79,-69,-23,-253,336,-1554,996,1610,1,0
103132,2,stairs,-68,-58,-18,-275,337,-1484,996,1546,1,0
103160,2,stairs,-41,-53,-12,-252,322,-1416,996,1474,1,0
103188,2,stairs,-15,-51,-7,-188,289,-1347,996,1390,1,0
103215,2,stairs,0,-48,-3,-101,254,-1274,996,1303,1,0
103242,2,stairs,5,-41,-1,-7,227,-1200,997,1221,1,0
103269,2,stairs,4,-30,1,71,203,-1132,997,1153,1,0
103296,2,stairs,13,-21,4,115,180,-1070,998,1091,1,0
103323,2,stairs,29,-15,7,121,161,-1006,998,1026,1,0
103350,2,stairs,48,-12,9,99,139,-943,997,958,1,0
103377,2,stairs,68,-10,11,69,127,-882,997,894,1,0
103404,2,stairs,82,-11,12,46,119,-825,997,835,1,0
103431,2,stairs,92,-13,12,42,112,-766,997,776,1,0
103458,2,stairs,99,-14,12,52,104,-705,997,715,1,0
103485,2,stairs,108,-15,13,70,94,-646,998,656,1,0
103512,2,stairs,118,-12,13,84,78,-591,998,602,1,0
103539,2,stairs,125,-7,14,84,59,-546,998,555,1,0
103574,2,stairs,133,-5,14,67,39,-499,998,505,1,0
103601,2,stairs,127,-6,14,28,23,-442,998,444,1,0
103628,2,stairs,109,-4,13,-31,-6,-382,998,383,1,0
103655,2,stairs,101,-5,13,-94,-37,-326,998,341,1,0
103682,2,stairs,108,-8,13,-140,-91,-266,998,314,1,0
103709,2,stairs,115,-5,13,-154,-127,-200,998,283,1,0
103736,2,stairs,113,-5,13,-137,-96,-142,999,219,1,0
103763,2,stairs,94,-9,12,-79,36,-77,998,116,1,0
103790,2,stairs,64,-20,7,0,190,-2,997,190,1,0
103816,2,stairs,27,-22,3,86,283,46,996,300,1,0
103843,2,stairs,-51,-29,-19,146,335,86,986,375,1,0
103870,2,stairs,-106,-16,-30,195,300,83,984,367,1,0
103897,2,stairs,-151,6,-40,209,226,77,983,318,1,0
103924,2,stairs,-181,31,-46,168,173,69,984,251,1,0
103951,2,stairs,-185,47,-43,74,142,49,988,168,1,0
103978,2,stairs,-159,43,-33,-46,100,21,989,112,1,0
104005,2,stairs,-106,34,-20,-144,41,-9,988,150,1,0
104032,2,stairs,-68,25,-11,-198,6,-38,988,201,1,0
104059,2,stairs,-42,13,-6,-179,10,-65,990,191,1,0
104086,2,stairs,-31,0,-3,-89,32,-87,992,128,1,0
104113,2,stairs,-27,-6,-2,36,55,-107,994,125,1,0
104140,2,stairs,-26,-9,-1,148,92,-131,995,218,1,0
104167,2,stairs,-30,-8,0,227,135,-163,996,310,1,0
104194,2,stairs,-31,-2,1,279,156,-198,997,376,1,0
104221,2,stairs,-29,6,2,292,152,-236,997,405,1,0
104248,2,stairs,-26,15,4,273,113,-292,997,415,1,0
104275,2,stairs,-21,25,6,219,51,-383,998,444,1,0
104302,2,stairs,-25,32,6,138,-6,-517,998,536,1,0
104329,2,stairs,-37,27,3,58,-22,-632,998,635,1,0
104356,2,stairs,-57,11,-3,-3,35,-677,997,678,1,0
104383,2,stairs,-76,-8,-11,-52,159,-661,996,682,1,0
104410,2,stairs,-90,-33,-19,-98,278,-625,995,691,1,0
104437,2,stairs,-96,-61,-26,-131,328,-596,995,693,1,0
104464,2,stairs,-99,-78,-31,-126,310,-565,995,657,1,0
104491,2,stairs,-98,-81,-31,-97,280,-522,996,600,1,0
104518,2,stairs,-92,-79,-28,-70,265,-473,996,546,1,0
104545,2,stairs,-76,-78,-24,-47,252,-428,997,498,1,0
104572,2,stairs,-49,-77,-18,-21,229,-388,996,451,1,0
104599,2,stairs,-24,-73,-12,3,200,-359,996,410,1,0
104626,2,stairs,-11,-67,-8,14,173,-349,996,390,1,0
104653,2,stairs,-8,-69,-7,4,140,-359,997,386,1,0
104680,2,stairs,-8,-76,-8,-11,86,-378,998,387,1,0
104707,2,stairs,0,-76,-7,-10,1,-399,998,399,1,0
104734,2,stairs,14,-68,-3,-10,-78,-430,998,437,1,0
104761,2,stairs,37,-61,1,-25,-137,-469,998,490,1,0
104788,2,stairs,66,-55,5,-50,-178,-501,997,534,1,0
104815,2,stairs,85,-51,7,-80,-194,-513,997,555,1,0
104842,2,stairs,100,-45,9,-111,-204,-503,997,554,1,0
104869,2,stairs,111,-37,11,-132,-226,-472,997,540,1,0
104896,2,stairs,123,-34,12,-142,-270,-422,997,521,1,0
104923,2,stairs,120,-32,12,-152,-310,-354,998,494,1,0
104950,2,stairs,105,-21,13,-173,-312,-269,997,447,1,0
104977,2,stairs,89,-12,13,-191,-278,-179,997,382,1,0
105004,2,stairs,82,-11,13,-190,-200,-97,997,292,1,0
105031,2,stairs,84,-14,13,-161,-111,-29,998,198,1,0
105058,2,stairs,76,-13,13,-101,-18,12,998,104,1,0
105085,2,stairs,51,-6,11,-16,65,24,997,71,1,0
105111,2,stairs,12,4,6,82,129,29,995,155,1,0
105137,2,stairs,-29,24,0,178,172,50,993,253,1,0
105164,2,stairs,-52,48,-2,238,197,64,992,315,1,0
105191,2,stairs,-65,68,-2,250,221,88,993,345,1,0
105218,2,stairs,-58,76,1,222,229,102,995,335,1,0
105245,2,stairs,-37,76,6,174,219,112,995,301,1,0
105272,2,stairs,-14,72,10,126,219,113,996,277,1,0
105308,2,stairs,1,70,12,105,234,117,996,282,1,0
105334,2,stairs,3,65,13,106,262,129,997,310,1,0
105361,2,stairs,2,60,13,110,285,145,998,338,1,0
105388,2,stairs,2,59,13,117,286,158,998,347,1,0
105415,2,stairs,6,56,14,119,270,156,999,334,1,0
105442,2,stairs,12,54,14,120,247,137,999,307,1,0
105469,2,stairs,23,53,15,133,212,105,999,272,1,0
105495,2,stairs,29,56,16,159,166,78,999,243,1,0
105521,2,stairs,22,63,15,180,111,63,998,221,1,0
105548,2,stairs,12,74,14,183,44,53,998,196,1,0
105575,2,stairs,2,84,13,144,-18,40,998,150,1,0
105601,2,stairs,-7,89,12,61,-67,13,998,92,1,0
105628,2,stairs,-11,81,11,-32,-81,-12,998,88,1,0
105655,2,stairs,-12,61,9,-96,-48,-13,998,108,1,0
105682,2,stairs,-9,35,6,-104,35,-12,997,110,1,0
105709,2,stairs,-9,5,2,-73,146,-42,996,169,1,0
105736,2,stairs,-13,-19,-1,-24,233,-107,996,258,1,0
105763,2,stairs,-35,-47,-11,29,283,-164,994,328,1,0
105790,2,stairs,-61,-61,-20,89,291,-186,994,357,1,0
105817,2,stairs,-82,-68,-26,138,256,-161,994,332,1,0
105844,2,stairs,-90,-67,-27,150,183,-105,995,259,1,0
105871,2,stairs,-82,-56,-22,125,95,-57,996,167,1,0
105898,2,stairs,-59,-44,-15,67,5,-30,996,74,1,0
105925,2,stairs,-37,-38,-9,-11,-55,-15,996,58,1,0
105952,2,stairs,-21,-38,-5,-81,-90,-1,997,121,1,0
105979,2,stairs,-13,-40,-3,-118,-107,15,998,161,1,0
106006,2,stairs,-6,-40,-2,-124,-113,21,998,169,1,0
106033,2,stairs,0,-41,-1,-124,-114,16,999,169,1,0
106060,2,stairs,10,-44,0,-121,-120,9,999,170,1,0
106087,2,stairs,15,-42,2,-118,-119,-1,999,168,1,0
106114,2,stairs,23,-43,3,-130,-115,-13,999,174,1,0
106141,2,stairs,35,-47,3,-155,-112,-19,999,192,1,0
106168,2,stairs,55,-49,4,-180,-118,-19,999,216,1,0
106195,2,stairs,72,-50,5,-200,-119,-16,998,233,1,0
106222,2,stairs,83,-53,5,-212,-120,-10,998,244,1,0
106249,2,stairs,91,-57,4,-212,-126,-2,998,247,1,0
106276,2,stairs,99,-57,5,-214,-151,2,998,261,1,0
106303,2,stairs,92,-50,6,-232,-179,-8,998,293,1,0
106330,2,stairs,86,-45,6,-263,-203,-12,999,332,1,0
106357,2,stairs,78,-41,6,-298,-188,13,998,353,1,0
106384,2,stairs,85,-38,7,-311,-128,55,998,340,1,0
106411,2,stairs,92,-38,7,-251,-7,98,998,270,1,0
106438,2,stairs,89,-42,6,-127,150,127,998,234,1,0
106465,2,stairs,66,-43,4,33,284,131,998,315,1,0
106492,2,stairs,32,-34,1,198,368,116,996,434,1,0
106519,2,stairs,-74,-22,-33,314,455,151,977,573,1,0
106546,2,stairs,-134,2,-46,379,446,193,976,616,1,0
106573,2,stairs,-166,31,-49,357,401,242,978,589,1,0
106600,2,stairs,-153,59,-38,264,315,258,982,485,1,0
106627,2,stairs,-112,68,-23,115,227,224,984,339,1,0
106654,2,stairs,-75,52,-14,-48,155,172,986,236,1,0
106681,2,stairs,-50,28,-9,-152,116,138,987,236,1,0
106708,2,stairs,-43,10,-7,-165,106,129,990,235,1,0
106735,2,stairs,-45,0,-7,-104,114,135,992,205,1,0
106762,2,stairs,-47,0,-5,-20,122,145,994,190,1,0
106789,2,stairs,-46,3,-3,42,126,140,996,193,1,0
106816,2,stairs,-40,7,0,70,123,125,996,189,1,0
106843,2,stairs,-31,13,3,74,120,110,997,179,1,0
106870,2,stairs,-16,21,6,77,101,97,997,160,1,0
106896,2,stairs,-2,36,10,93,72,80,997,142,1,0
106922,2,stairs,0,52,12,108,50,47,997,128,1,0
106948,2,stairs,-8,64,12,105,22,-2,997,107,1,0
106975,2,stairs,-23,66,9,86,0,-37,997,94,1,0
107001,2,stairs,-48,54,2,41,7,-36,996,55,1,0
107036,2,stairs,-49,24,-2,-32,32,-1,996,45,1,0
107063,2,stairs,-47,-5,-6,-62,90,5,995,110,1,0
107090,2,stairs,-51,-33,-12,-46,167,-33,994,176,1,0
107117,2,stairs,-60,-56,-18,14,225,-79,995,239,1,0
107144,2,stairs,-70,-83,-27,93,241,-107,994,280,1,0
107171,2,stairs,-78,-98,-33,163,209,-114,995,289,1,0
107198,2,stairs,-85,-91,-32,212,149,-108,996,281,1,0
107225,2,stairs,-84,-90,-31,212,76,-96,997,245,1,0
107252,2,stairs,-70,-89,-26,186,-4,-81,997,203,1,0
107279,2,stairs,-54,-78,-20,144,-58,-65,997,169,1,0
107306,2,stairs,-36,-67,-14,96,-71,-61,997,133,1,0
107333,2,stairs,-22,-62,-9,56,-62,-68,998,107,1,0
107360,2,stairs,-8,-57,-5,36,-56,-80,998,104,1,0
107387,2,stairs,3,-50,-2,35,-55,-94,998,114,1,0
107414,2,stairs,12,-41,2,32,-62,-113,999,133,1,0
107441,2,stairs,19,-33,4,28,-75,-137,999,158,1,0
107468,2,stairs,28,-27,7,21,-96,-164,999,191,1,0
107495,2,stairs,39,-19,10,9,-121,-189,999,225,1,0
107522,2,stairs,52,-13,12,-11,-138,-212,999,253,1,0
107549,2,stairs,68,-8,14,-37,-154,-222,998,273,1,0
107576,2,stairs,81,-3,15,-55,-164,-211,998,273,1,0
107603,2,stairs,90,4,17,-71,-170,-183,998,260,1,0
107630,2,stairs,94,12,18,-90,-195,-151,998,262,1,0
107657,2,stairs,85,11,18,-109,-237,-116,998,286,1,0
107684,2,stairs,68,11,16,-131,-296,-67,998,330,1,0
107711,2,stairs,52,14,14,-134,-357,-2,998,381,1,0
107738,2,stairs,45,20,14,-117,-362,77,998,389,1,0
107765,2,stairs,46,25,15,-79,-302,139,998,341,1,0
107792,2,stairs,46,27,16,-20,-200,156,998,255,1,0
107819,2,stairs,34,24,13,62,-108,139,998,187,1,0
107846,2,stairs,5,24,8,166,-30,124,997,209,1,0
107873,2,stairs,-42,34,-2,274,45,133,994,308,1,0
107900,2,stairs,-78,55,-9,362,106,167,992,412,1,0
107927,2,stairs,-100,77,-13,420,146,202,992,488,1,0
107954,2,stairs,-100,92,-11,424,162,228,994,508,1,0
107981,2,stairs,-71,98,-3,376,156,229,994,467,1,0
108008,2,stairs,-32,97,4,303,130,201,993,386,1,0
108034,2,stairs,-3,92,10,230,106,162,993,301,1,0
108060,2,stairs,5,87,12,171,100,126,995,234,1,0
108086,2,stairs,-1,86,12,126,107,104,996,196,1,0
108113,2,stairs,-10,91,11,98,113,100,997,180,1,0
108140,2,stairs,-12,99,12,83,123,101,998,179,1,0
108167,2,stairs,-9,103,13,70,140,96,998,183,1,0
108193,2,stairs,5,100,15,62,159,83,998,190,1,0
108219,2,stairs,19,93,17,57,176,67,998,197,1,0
108245,2,stairs,25,87,17,55,165,44,998,179,1,0
108271,2,stairs,19,86,16,68,127,17,998,144,1,0
108297,2,stairs,10,91,15,77,68,-12,998,104,1,0
108324,2,stairs,0,95,13,59,-13,-53,998,80,1,0
108350,2,stairs,-6,95,12,7,-88,-101,998,134,1,0
108377,2,stairs,-15,92,10,-50,-114,-140,998,188,1,0
108404,2,stairs,-26,79,7,-92,-51,-159,998,191,1,0
108431,2,stairs,-23,50,5,-120,76,-162,997,216,1,0
108458,2,stairs,3,6,2,-140,181,-190,994,297,1,0
108485,2,stairs,12,-35,-3,-162,242,-256,992,387,1,0
108512,2,stairs,-15,-56,-12,-184,260,-344,992,468,1,0
108539,2,stairs,-62,-84,-31,-214,255,-411,988,529,1,0
108566,2,stairs,-102,-95,-45,-214,225,-433,987,533,1,0
108593,2,stairs,-110,-93,-44,-196,160,-415,990,486,1,0
108620,2,stairs,-86,-79,-33,-190,81,-381,991,433,1,0
108647,2,stairs,-44,-66,-21,-194,-10,-359,991,409,1,0
108674,2,stairs,-8,-59,-11,-192,-99,-355,991,415,1,0
108701,2,stairs,8,-54,-6,-175,-156,-355,993,425,1,0
108728,2,stairs,15,-51,-2,-141,-186,-347,994,418,1,0
108764,2,stairs,14,-52,-2,-101,-181,-319,996,380,1,0
108791,2,stairs,20,-47,1,-75,-176,-282,997,341,1,0
108818,2,stairs,31,-33,5,-56,-175,-251,997,311,1,0
108845,2,stairs,50,-22,9,-46,-183,-238,997,303,1,0
108872,2,stairs,73,-22,12,-50,-190,-227,997,300,1,0
108899,2,stairs,94,-25,13,-50,-206,-199,997,291,1,0
108926,2,stairs,112,-25,14,-32,-230,-159,997,282,1,0
108953,2,stairs,125,-23,14,-1,-251,-117,997,277,1,0
108980,2,stairs,136,-21,15,27,-259,-80,997,272,1,0
109007,2,stairs,144,-23,14,42,-250,-58,997,260,1,0
109034,2,stairs,141,-30,13,35,-231,-47,998,238,1,0
109061,2,stairs,138,-37,12,21,-229,-34,998,232,1,0
109088,2,stairs,124,-36,11,20,-234,-15,998,235,1,0
109115,2,stairs,99,-28,11,42,-180,3,997,185,1,0
109142,2,stairs,79,-25,10,57,-56,16,997,81,1,0
109169,2,stairs,67,-27,9,70,43,1,997,82,1,0
109195,2,stairs,54,-34,7,87,78,-56,997,130,1,0
109222,2,stairs,28,-40,2,128,67,-137,997,199,1,0
109249,2,stairs,-5,-33,-2,195,41,-202,995,284,1,0
109276,2,stairs,-43,-12,-7,272,36,-233,993,360,1,0
109303,2,stairs,-78,19,-12,340,67,-242,991,423,1,0
109330,2,stairs,-96,45,-13,369,98,-251,991,457,1,0
109357,2,stairs,-80,61,-7,357,90,-274,993,459,1,0
109384,2,stairs,-36,68,1,321,47,-322,991,457,1,0
109411,2,stairs,21,65,7,268,1,-391,989,474,1,0
109438,2,stairs,53,60,11,222,3,-449,990,501,1,0
109464,2,stairs,50,56,13,193,57,-480,992,520,1,0
109491,2,stairs,31,57,12,179,132,-485,993,534,1,0
109518,2,stairs,9,67,11,167,209,-472,994,543,1,0
109545,2,stairs,-10,79,9,137,260,-465,994,550,1,0
109572,2,stairs,-11,87,11,96,279,-477,996,561,1,0
109599,2,stairs,-2,88,12,75,269,-511,996,582,1,0
109626,2,stairs,7,83,13,88,215,-565,997,611,1,0
109653,2,stairs,10,75,14,142,127,-630,997,658,1,0
109680,2,stairs,8,68,13,216,9,-715,997,747,1,0
109707,2,stairs,-6,65,11,289,-114,-835,998,890,1,0
109734,2,stairs,-15,64,10,343,-206,-973,998,1052,1,0
109761,2,stairs,-15,47,9,326,-223,-1084,998,1154,1,0
109788,2,stairs,-24,22,4,243,-192,-1123,997,1165,1,0
109815,2,stairs,-27,-5,0,121,-136,-1105,996,1120,1,0
109842,2,stairs,-36,-28,-5,7,-83,-1074,996,1077,1,0
109869,2,stairs,-38,-45,-8,-79,-82,-1064,997,1070,1,0
109896,2,stairs,-40,-61,-11,-130,-87,-1087,997,1098,1,0
109924,2,stairs,-27,-63,-9,-131,-91,-1127,997,1138,1,0
109952,2,stairs,-3,-61,-5,-113,-66,-1158,997,1165,1,0
109979,2,stairs,14,-56,-1,-100,-15,-1171,997,1175,1,0
110006,2,stairs,21,-48,1,-92,24,-1170,998,1173,1,0
110033,2,stairs,22,-40,3,-93,48,-1155,998,1160,1,0
110060,2,stairs,23,-33,5,-101,53,-1134,998,1140,1,0
110087,2,stairs,30,-30,6,-110,46,-1100,999,1106,1,0
110114,2,stairs,45,-31,7,-112,37,-1050,999,1057,1,0
110141,2,stairs,59,-34,7,-108,36,-994,998,1000,1,0
110168,2,stairs,81,-38,7,-100,18,-936,997,942,1,0
110195,2,stairs,106,-42,7,-89,-18,-880,997,885,1,0
110222,2,stairs,117,-44,7,-90,-59,-828,997,835,1,0
110249,2,stairs,122,-48,6,-90,-116,-782,997,796,1,0
110276,2,stairs,132,-48,6,-72,-184,-738,997,764,1,0
110303,2,stairs,137,-47,6,-44,-250,-694,998,739,1,0
110330,2,stairs,141,-44,7,-22,-308,-660,998,729,1,0
110357,2,stairs,136,-42,7,-2,-322,-641,998,717,1,0
110384,2,stairs,119,-40,7,67,-268,-623,998,682,1,0
110411,2,stairs,74,-35,4,134,-132,-605,995,634,1,0
110438,2,stairs,26,-17,0,146,20,-611,992,628,1,0
110465,2,stairs,-16,0,-3,139,141,-632,991,662,1,0
110501,2,stairs,-42,2,-6,128,130,-634,992,660,1,0
110528,2,stairs,-63,12,-8,104,79,-608,993,622,1,0
110555,2,stairs,-76,30,-7,60,54,-598,993,603,1,0
110582,2,stairs,-81,43,-6,-2,72,-621,994,626,1,0
110609,2,stairs,-82,39,-6,-66,112,-656,995,668,1,0
110636,2,stairs,-69,27,-4,-101,130,-679,996,699,1,0
110663,2,stairs,-44,16,-1,-103,122,-694,996,713,1,0
110690,2,stairs,-33,11,1,-90,106,-715,996,728,1,0
110717,2,stairs,-28,9,2,-79,89,-748,997,757,1,0
110744,2,stairs,-24,7,3,-69,73,-791,998,798,1,0
110771,2,stairs,-15,4,4,-68,54,-839,998,843,1,0
110798,2,stairs,6,-3,6,-88,30,-889,998,894,1,0
110825,2,stairs,25,-7,7,-117,-5,-950,997,957,1,0
110852,2,stairs,36,-8,8,-144,-49,-1020,998,1032,1,0
110879,2,stairs,40,-5,9,-160,-89,-1084,998,1099,1,0
110906,2,stairs,40,1,10,-167,-121,-1124,998,1143,1,0
110933,2,stairs,39,9,11,-166,-143,-1139,998,1160,1,0
110960,2,stairs,37,11,11,-155,-164,-1164,999,1186,1,0
110987,2,stairs,46,4,11,-129,-195,-1237,999,1259,1,0
111014,2,stairs,40,-10,8,-50,-186,-1350,998,1364,1,0
111041,2,stairs,3,-24,-1,44,-104,-1413,996,1418,1,0
111068,2,stairs,-43,-38,-13,95,19,-1398,993,1401,1,0
111095,2,stairs,-78,-56,-24,78,101,-1335,991,1341,1,0
111122,2,stairs,-92,-53,-26,42,120,-1280,993,1287,1,0
111149,2,stairs,-87,-39,-21,-20,141,-1257,994,1265,1,0
111177,2,stairs,-72,-32,-16,-90,207,-1243,995,1263,1,0
111205,2,stairs,-39,-41,-11,-135,261,-1210,994,1246,1,0
111233,2,stairs,1,-50,-8,-142,267,-1165,993,1203,1,0
111260,2,stairs,28,-50,-4,-117,249,-1126,994,1160,1,0
111287,2,stairs,36,-41,0,-78,236,-1099,995,1127,1,0
111314,2,stairs,35,-28,3,-46,234,-1075,996,1101,1,0
111341,2,stairs,33,-16,5,-27,243,-1047,997,1075,1,0
111368,2,stairs,34,-7,7,-18,254,-1011,997,1043,1,0
111395,2,stairs,35,2,9,-7,262,-968,998,1003,1,0
111422,2,stairs,46,7,11,10,266,-920,998,958,1,0
111449,2,stairs,63,10,12,40,263,-856,998,896,1,0
111476,2,stairs,78,12,13,82,248,-778,998,821,1,0
111503,2,stairs,92,11,13,122,226,-683,997,730,1,0
111530,2,stairs,97,17,14,162,193,-574,998,627,1,0
111557,2,stairs,97,25,15,170,151,-471,998,523,1,0
111584,2,stairs,87,24,15,117,73,-379,998,404,1,0
111611,2,stairs,78,21,14,31,-55,-305,998,311,1,0
111638,2,stairs,73,22,14,-14,-155,-247,998,291,1,0
111665,2,stairs,49,24,12,14,-107,-198,997,226,1,0
111692,2,stairs,40,11,10,97,43,-156,998,189,1,0
111719,2,stairs,16,-6,4,184,193,-136,997,300,1,0
111746,2,stairs,-25,-12,-4,260,294,-143,994,418,1,0
111773,2,stairs,-97,-34,-30,295,300,-154,985,448,1,0
111800,2,stairs,-156,3,-44,322,251,-168,980,442,1,0
111827,2,stairs,-181,44,-46,266,195,-202,981,387,1,0
111854,2,stairs,-171,65,-37,147,146,-266,985,337,1,0
111881,2,stairs,-128,60,-24,17,105,-332,986,348,1,0
111908,2,stairs,-88,44,-15,-78,89,-383,987,401,1,0
111935,2,stairs,-64,31,-9,-111,98,-424,989,449,1,0
111962,2,stairs,-58,27,-5,-82,125,-457,992,481,1,0
111989,2,stairs,-57,28,-3,-20,145,-483,994,505,1,0
112016,2,stairs,-56,32,-1,38,153,-502,995,526,1,0
112043,2,stairs,-55,36,0,65,158,-519,996,546,1,0
112070,2,stairs,-49,35,2,64,157,-532,997,558,1,0
112097,2,stairs,-41,32,4,46,155,-540,997,564,1,0
112124,2,stairs,-38,29,4,17,153,-552,998,573,1,0
112151,2,stairs,-34,30,5,-4,137,-570,998,586,1,0
112178,2,stairs,-29,37,7,-5,121,-595,998,607,1,0
112205,2,stairs,-25,47,8,5,92,-630,998,636,1,0
112240,2,stairs,-12,55,10,-5,40,-672,998,674,1,0
112267,2,stairs,-10,57,11,-55,1,-713,998,715,1,0
112294,2,stairs,-16,57,10,-118,-27,-746,998,756,1,0
112321,2,stairs,-36,46,5,-164,0,-765,997,782,1,0
112348,2,stairs,-45,23,0,-190,66,-766,997,792,1,0
112375,2,stairs,-41,-3,-3,-181,138,-773,996,805,1,0
112402,2,stairs,-45,-26,-7,-144,207,-792,996,831,1,0
112429,2,stairs,-62,-44,-14,-102,256,-789,996,836,1,0
112456,2,stairs,-89,-67,-27,-62,280,-734,994,788,1,0
112483,2,stairs,-102,-71,-30,-13,283,-655,995,714,1,0
112510,2,stairs,-91,-70,-26,4,261,-578,996,634,1,0
112537,2,stairs,-61,-69,-19,-5,221,-525,995,570,1,0
112564,2,stairs,-21,-71,-13,-28,165,-505,994,532,1,0
112591,2,stairs,12,-73,-9,-44,109,-508,994,521,1,0
112618,2,stairs,25,-70,-5,-36,85,-526,995,534,1,0
112645,2,stairs,23,-63,-3,1,96,-543,996,552,1,0
112672,2,stairs,12,-56,-3,46,131,-546,997,563,1,0
112699,2,stairs,13,-51,-1,81,156,-531,998,560,1,0
112726,2,stairs,27,-41,3,92,157,-501,998,533,1,0
112753,2,stairs,41,-26,7,70,138,-471,998,495,1,0
112780,2,stairs,50,-18,9,2,112,-445,998,459,1,0
112807,2,stairs,56,-12,11,-80,62,-412,998,424,1,0
112834,2,stairs,60,-14,10,-152,-5,-362,998,392,1,0
112861,2,stairs,69,-17,11,-196,-100,-286,998,361,1,0
112888,2,stairs,76,-16,11,-208,-193,-189,998,341,1,0
112915,2,stairs,72,-17,11,-197,-244,-90,998,327,1,0
112942,2,stairs,62,-19,9,-166,-245,3,998,296,1,0
112969,2,stairs,44,-14,8,-119,-196,85,997,245,1,0
112996,2,stairs,33,-14,7,-64,-118,137,998,192,1,0
113023,2,stairs,34,-20,6,2,-35,142,998,146,1,0
113050,2,stairs,28,-21,5,54,67,136,998,161,1,0
113077,2,stairs,-19,-3,-2,73,177,160,994,249,1,0
113104,2,stairs,-57,31,-7,70,223,214,991,317,1,0
113131,2,stairs,-73,57,-8,58,249,245,991,354,1,0
113158,2,stairs,-77,66,-7,46,267,241,993,363,1,0
113185,2,stairs,-71,61,-4,30,275,224,995,356,1,0
113212,2,stairs,-59,52,-1,25,273,213,996,347,1,0
113239,2,stairs,-43,46,2,35,261,209,996,336,1,0
113266,2,stairs,-17,46,6,61,221,212,996,312,1,0
113292,2,stairs,5,52,10,96,173,219,996,295,1,0
113318,2,stairs,16,60,12,123,139,224,997,291,1,0
113344,2,stairs,17,61,13,133,113,226,997,286,1,0
113371,2,stairs,15,53,13,134,84,229,998,278,1,0
113398,2,stairs,18,41,12,138,58,239,998,282,1,0
113425,2,stairs,21,32,12,145,42,242,998,285,1,0
113452,2,stairs,20,29,12,160,30,234,999,285,1,0
113479,2,stairs,23,37,13,182,5,210,999,278,1,0
113506,2,stairs,20,48,13,195,-22,165,998,256,1,0
113533,2,stairs,21,55,13,185,-68,98,998,220,1,0
113560,2,stairs,14,58,13,148,-125,12,998,194,1,0
113587,2,stairs,5,55,11,105,-191,-69,998,228,1,0
113614,2,stairs,-2,39,8,87,-209,-122,998,257,1,0
113641,2,stairs,-18,18,3,92,-146,-119,997,210,1,0
113668,2,stairs,-17,0,1,93,-52,-122,997,162,1,0
113695,2,stairs,-15,-14,-1,79,51,-142,997,171,1,0
113722,2,stairs,-21,-23,-3,62,139,-169,997,227,1,0
113749,2,stairs,-35,-30,-7,53,207,-185,997,283,1,0
113776,2,stairs,-45,-38,-10,59,247,-176,997,308,1,0
113803,2,stairs,-50,-47,-12,84,252,-151,997,306,1,0
113830,2,stairs,-48,-53,-13,108,227,-124,997,280,1,0
113857,2,stairs,-41,-51,-11,112,185,-102,998,239,1,0
113884,2,stairs,-31,-46,-8,84,145,-92,998,191,1,0
113911,2,stairs,-22,-45,-6,45,123,-82,998,154,1,0
113938,2,stairs,-16,-43,-5,0,109,-64,999,126,1,0
113974,2,stairs,-11,-45,-4,-61,101,-52,999,129,1,0
114001,2,stairs,-4,-49,-4,-104,96,-52,999,151,1,0
114028,2,stairs,-8,-47,-4,-130,93,-58,999,170,1,0
114055,2,stairs,2,-43,-2,-145,62,-74,999,175,1,0
114082,2,stairs,16,-44,0,-152,32,-96,999,183,1,0
114109,2,stairs,24,-43,1,-156,10,-113,999,193,1,0
114136,2,stairs,34,-45,2,-162,-13,-123,999,204,1,0
114163,2,stairs,44,-48,2,-161,-28,-126,999,206,1,0
114190,2,stairs,54,-51,2,-155,-33,-122,999,200,1,0
114217,2,stairs,57,-54,2,-148,-26,-111,999,187,1,0
114244,2,stairs,68,-55,2,-131,-32,-96,999,166,1,0
114271,2,stairs,71,-50,3,-107,-32,-77,999,136,1,0
114298,2,stairs,63,-47,3,-99,-38,-52,999,118,1,0
114325,2,stairs,56,-38,4,-89,-65,-29,999,114,1,0
114352,2,stairs,45,-24,5,-71,-105,-12,999,128,1,0
114379,2,stairs,31,-18,4,-62,-134,-2,998,148,1,0
114406,2,stairs,15,-11,3,-40,-130,17,998,137,1,0
114433,2,stairs,1,-5,2,-11,-94,53,998,108,1,0
114459,2,stairs,-15,4,1,22,-56,95,998,112,1,0
114485,2,stairs,-31,21,0,63,-25,137,997,152,1,0
114512,2,stairs,-51,42,-2,95,-9,170,996,194,1,0
114539,2,stairs,-70,52,-5,113,0,189,996,221,1,0
114566,2,stairs,-81,55,-7,132,6,200,996,240,1,0
114592,2,stairs,-94,57,-10,151,10,208,997,258,1,0
114619,2,stairs,-101,51,-12,153,32,200,997,254,1,0
114646,2,stairs,-90,51,-9,161,59,185,997,253,1,0
114673,2,stairs,-67,57,-4,173,81,174,997,259,1,0
114700,2,stairs,-42,58,1,175,109,160,997,261,1,0
114727,2,stairs,-25,55,4,165,133,143,997,256,1,0
114754,2,stairs,-8,56,7,158,142,140,997,255,1,0
114781,2,stairs,9,57,10,159,140,148,998,258,1,0
114808,2,stairs,10,57,11,162,146,162,998,271,1,0
114835,2,stairs,2,60,10,161,148,167,999,275,1,0
114862,2,stairs,4,60,11,152,129,161,999,257,1,0
114889,2,stairs,4,58,11,140,107,154,999,234,1,0
114916,2,stairs,13,59,12,124,69,144,999,202,1,0
114943,2,stairs,31,60,14,109,19,134,999,173,1,0
114970,2,stairs,49,58,15,94,-28,126,998,159,1,0
114997,2,stairs,58,69,16,97,-52,124,998,166,1,0
115024,2,stairs,60,67,16,90,-55,108,998,151,1,0
115050,2,stairs,65,72,17,94,-56,90,998,142,1,0
115076,2,stairs,73,78,17,100,-60,63,998,133,1,0
115103,2,stairs,80,83,18,102,-68,35,998,127,1,0
115130,2,stairs,79,86,18,88,-84,14,998,123,1,0
115156,2,stairs,63,85,16,52,-98,1,998,111,1,0
115183,2,stairs,54,80,15,13,-119,-12,998,120,1,0
115210,2,stairs,48,69,14,-12,-124,-29,998,128,1,0
115237,2,stairs,38,57,12,-21,-101,-44,998,113,1,0
115264,2,stairs,20,50,9,-35,-40,-64,997,83,1,0
115291,2,stairs,-5,44,5,-71,39,-100,997,128,1,0
115318,2,stairs,-28,30,0,-121,84,-145,996,207,1,0
115345,2,stairs,-48,3,-7,-170,88,-192,995,271,1,0
115372,2,stairs,-61,-23,-13,-192,49,-213,995,291,1,0
115399,2,stairs,-70,-47,-19,-184,5,-210,995,279,1,0
115426,2,stairs,-69,-84,-27,-171,-23,-212,993,273,1,0
115453,2,stairs,-64,-86,-25,-129,-25,-186,995,228,1,0
115480,2,stairs,-38,-89,-20,-112,-25,-153,995,191,1,0
115507,2,stairs,-7,-85,-14,-111,-11,-122,995,165,1,0
115534,2,stairs,12,-74,-9,-118,14,-88,995,148,1,0
115561,2,stairs,25,-59,-4,-118,38,-56,996,136,1,0
115588,2,stairs,26,-50,-1,-116,78,-37,997,145,1,0
115615,2,stairs,22,-46,0,-104,104,-27,997,150,1,0
115642,2,stairs,20,-48,-1,-80,108,-23,998,136,1,0
115669,2,stairs,19,-51,-1,-48,88,-24,998,104,1,0
115704,2,stairs,24,-52,0,-24,35,-23,999,48,1,0
115731,2,stairs,31,-53,1,-19,-14,-16,999,29,1,0
115757,2,stairs,42,-54,1,-21,-58,-5,999,62,1,0
115784,2,stairs,54,-55,2,-30,-81,14,999,87,1,0
115810,2,stairs,57,-52,3,-51,-87,32,999,106,1,0
115837,2,stairs,59,-48,3,-77,-101,48,999,136,1,0
115864,2,stairs,68,-43,5,-95,-136,56,999,175,1,0
115891,2,stairs,66,-39,5,-103,-180,65,999,217,1,0
115918,2,stairs,56,-33,5,-83,-241,83,999,268,1,0
115945,2,stairs,53,-24,6,-27,-288,92,999,303,1,0
115972,2,stairs,57,-18,7,50,-295,79,999,309,1,0
115999,2,stairs,61,-15,8,131,-252,62,999,291,1,0
116026,2,stairs,52,-11,8,194,-177,69,999,271,1,0
116053,2,stairs,39,0,8,239,-93,95,999,273,1,0
116079,2,stairs,22,14,8,274,-1,125,998,301,1,0
116106,2,stairs,-1,31,5,306,80,153,997,352,1,0
116133,2,stairs,-26,46,2,313,125,162,996,374,1,0
116160,2,stairs,-42,54,1,299,125,154,996,359,1,0
116187,2,stairs,-41,57,2,278,105,138,997,328,1,0
116214,2,stairs,-41,58,3,250,96,121,998,294,1,0
116240,2,stairs,-34,62,4,222,89,105,998,262,1,0
116266,2,stairs,-24,63,6,196,92,91,999,235,1,0
116292,2,stairs,-19,65,7,182,103,77,999,223,1,0
116319,2,stairs,-12,68,9,168,113,63,999,212,1,0
116346,2,stairs,-6,69,9,145,123,43,999,194,1,0
116372,2,stairs,2,67,10,117,123,13,999,170,1,0
116398,2,stairs,9,61,11,91,122,-16,999,153,1,0
116424,2,stairs,10,57,11,72,124,-34,999,148,1,0
116451,2,stairs,10,59,11,55,122,-45,1000,142,1,0
116478,2,stairs,17,64,12,38,105,-60,1000,127,1,0
116505,2,stairs,25,69,13,17,80,-79,999,114,1,0
116531,2,stairs,33,74,13,1,45,-91,999,102,1,0
116557,2,stairs,40,80,13,-11,3,-99,999,99,1,0
116583,2,stairs,44,86,14,-31,-41,-109,999,121,1,0
116610,2,stairs,44,87,14,-73,-92,-139,999,182,1,0
116637,2,stairs,45,83,13,-106,-148,-186,999,261,1,0
116664,2,stairs,43,80,13,-116,-201,-236,998,331,1,0
116691,2,stairs,37,73,12,-103,-227,-270,998,367,1,0
116718,2,stairs,26,61,10,-73,-183,-290,998,351,1,0
116745,2,stairs,13,45,7,-49,-82,-307,997,322,1,0
116772,2,stairs,-4,27,4,-58,35,-314,997,321,1,0
116799,2,stairs,-18,8,0,-90,109,-303,997,335,1,0
116826,2,stairs,-32,-11,-5,-120,131,-278,996,330,1,0
116853,2,stairs,-47,-26,-9,-129,113,-239,996,294,1,0
116880,2,stairs,-58,-35,-12,-113,82,-197,996,241,1,0
116907,2,stairs,-57,-42,-12,-78,40,-161,997,184,1,0
116934,2,stairs,-50,-44,-11,-34,6,-135,998,140,1,0
116961,2,stairs,-35,-44,-8,-6,-26,-121,998,124,1,0
116988,2,stairs,-9,-47,-5,1,-48,-110,997,120,1,0
117015,2,stairs,13,-48,-3,6,-42,-96,997,105,1,0
117041,2,stairs,23,-51,-2,11,-7,-67,998,68,1,0
117067,2,stairs,31,-47,0,13,33,-30,998,47,1,0
117093,2,stairs,38,-39,2,10,67,-8,998,68,1,0
117119,2,stairs,36,-32,3,3,96,-2,999,96,1,0
117145,2,stairs,31,-29,4,-5,114,-4,999,114,1,0
117172,2,stairs,38,-27,4,-9,104,-17,999,106,1,0
117199,2,stairs,46,-25,5,-4,72,-35,999,80,1,0
117225,2,stairs,58,-20,6,12,30,-52,999,61,1,0
117251,2,stairs,68,-19,7,15,2,-64,998,65,1,0
117277,2,stairs,83,-19,7,0,-32,-76,998,83,1,0
117304,2,stairs,101,-16,7,-17,-72,-93,998,119,1,0
117331,2,stairs,103,-13,7,-21,-94,-94,998,135,1,0
117358,2,stairs,99,-14,8,-23,-121,-84,998,149,1,0
117385,2,stairs,84,-13,7,-41,-153,-83,998,178,1,0
117421,2,stairs,75,-13,7,-78,-231,-102,998,264,1,0
117448,2,stairs,53,-10,6,-93,-229,-119,998,274,1,0
117475,2,stairs,38,-5,5,-68,-156,-120,998,208,1,0
117502,2,stairs,31,-7,4,-15,-53,-95,998,110,1,0
117529,2,stairs,35,-11,5,31,23,-77,998,86,1,0
117555,2,stairs,19,-5,4,60,74,-78,998,123,1,0
117582,2,stairs,-16,8,0,75,100,-95,996,157,1,0
117609,2,stairs,-51,19,-6,67,92,-124,994,168,1,0
117636,2,stairs,-78,18,-11,72,63,-149,994,177,1,0
117663,2,stairs,-117,16,-21,109,66,-159,993,203,1,0
117690,2,stairs,-125,18,-21,165,39,-165,994,237,1,0
117717,2,stairs,-93,24,-14,225,6,-182,994,290,1,0
117744,2,stairs,-48,24,-7,262,-4,-225,993,346,1,0
117771,2,stairs,-9,12,-3,267,7,-292,992,396,1,0
117798,2,stairs,2,1,-1,251,42,-357,993,438,1,0
117825,2,stairs,-1,0,0,227,85,-409,994,476,1,0
117852,2,stairs,-13,7,-1,195,133,-462,995,519,1,0
117879,2,stairs,-27,17,-1,147,178,-525,996,574,1,0
117906,2,stairs,-36,34,0,86,207,-596,996,637,1,0
117933,2,stairs,-35,50,1,39,196,-665,997,694,1,0
117960,2,stairs,-25,59,4,24,154,-718,997,735,1,0
117987,2,stairs,-13,63,6,43,89,-751,997,757,1,0
118014,2,stairs,9,73,8,90,1,-771,997,777,1,0
118040,2,stairs,23,86,10,148,-84,-792,997,810,1,0
118067,2,stairs,21,93,10,183,-153,-813,997,847,1,0
118094,2,stairs,8,93,9,174,-209,-832,998,876,1,0
118121,2,stairs,1,89,8,133,-283,-864,998,919,1,0
118148,2,stairs,-11,85,6,93,-344,-928,998,994,1,0
118175,2,stairs,-9,80,7,92,-358,-998,998,1064,1,0
118202,2,stairs,-1,58,7,123,-283,-1034,998,1079,1,0
118229,2,stairs,-2,30,5,166,-150,-1015,997,1040,1,0
118256,2,stairs,-7,2,1,195,-3,-973,996,992,1,0
118283,2,stairs,-14,-25,-4,190,87,-947,996,970,1,0
118310,2,stairs,-21,-53,-9,154,101,-948,995,966,1,0
118337,2,stairs,-28,-74,-13,102,64,-965,995,972,1,0
118364,2,stairs,-35,-84,-15,41,35,-987,996,989,1,0
118391,2,stairs,-26,-87,-14,-26,26,-1018,996,1018,1,0
118418,2,stairs,-8,-87,-11,-93,35,-1066,997,1071,1,0
118445,2,stairs,3,-90,-10,-153,58,-1126,997,1138,1,0
118472,2,stairs,6,-92,-10,-190,77,-1187,998,1205,1,0
118499,2,stairs,11,-90,-9,-185,82,-1232,998,1248,1,0
118526,2,stairs,15,-81,-7,-147,86,-1259,998,1270,1,0
118553,2,stairs,24,-64,-3,-98,85,-1276,998,1283,1,0
118580,2,stairs,42,-45,1,-53,88,-1286,997,1291,1,0
118607,2,stairs,56,-29,4,-22,95,-1283,997,1287,1,0
118634,2,stairs,66,-16,6,-4,85,-1254,997,1257,1,0
118661,2,stairs,68,-9,7,3,54,-1184,997,1185,1,0
118688,2,stairs,63,-5,8,14,-4,-1079,997,1080,1,0
118715,2,stairs,58,-1,8,35,-86,-952,998,957,1,0
118742,2,stairs,56,6,9,54,-166,-822,998,841,1,0
118769,2,stairs,47,10,9,37,-226,-724,998,759,1,0
118796,2,stairs,54,11,9,12,-289,-688,998,746,1,0
118823,2,stairs,55,1,8,37,-326,-689,998,763,1,0
118850,2,stairs,52,-12,7,92,-343,-685,998,772,1,0
118877,2,stairs,35,-10,5,140,-303,-670,998,748,1,0
118904,2,stairs,-4,3,1,144,-232,-666,995,720,1,0
118931,2,stairs,-56,21,-9,100,-175,-677,992,706,1,0
118958,2,stairs,-139,56,-37,42,-122,-693,979,705,1,0
118985,2,stairs,-164,84,-40,-44,-128,-730,982,742,1,0
119012,2,stairs,-143,100,-30,-125,-129,-788,985,808,1,0
119039,2,stairs,-85,90,-18,-185,-109,-840,984,867,1,0
119066,2,stairs,-35,66,-10,-192,-57,-883,983,905,1,0
119093,2,stairs,-6,45,-4,-150,10,-916,985,929,1,0
119120,2,stairs,-3,37,-1,-63,75,-944,989,949,1,0
119156,2,stairs,-8,42,1,31,115,-962,991,969,1,0
119183,2,stairs,-3,50,4,90,131,-974,993,986,1,0
119210,2,stairs,14,54,7,98,124,-987,994,999,1,0
119237,2,stairs,38,50,9,58,91,-1011,994,1017,1,0
119264,2,stairs,54,36,10,-5,40,-1044,995,1045,1,0
119291,2,stairs,57,22,10,-68,-22,-1073,995,1075,1,0
119318,2,stairs,52,14,10,-122,-89,-1089,996,1099,1,0
119345,2,stairs,48,14,10,-178,-160,-1106,997,1131,1,0
119372,2,stairs,55,16,11,-238,-244,-1148,997,1198,1,0
119399,2,stairs,54,17,11,-276,-304,-1219,998,1286,1,0
119426,2,stairs,41,24,11,-244,-279,-1305,998,1357,1,0
119453,2,stairs,17,16,8,-174,-159,-1360,997,1380,1,0
119480,2,stairs,-14,-1,1,-104,-3,-1357,996,1361,1,0
119507,2,stairs,-36,-26,-5,-67,121,-1346,995,1353,1,0
119534,2,stairs,-45,-49,-10,-69,154,-1337,995,1348,1,0
119561,2,stairs,-54,-62,-13,-115,121,-1316,996,1327,1,0
119589,2,stairs,-58,-58,-12,-195,94,-1272,996,1290,1,0
119616,2,stairs,-56,-47,-10,-279,122,-1232,997,1269,1,0
119644,2,stairs,-33,-44,-6,-333,169,-1214,996,1270,1,0
119671,2,stairs,1,-53,-4,-340,203,-1204,995,1268,1,0
119698,2,stairs,30,-66,-4,-310,227,-1184,995,1245,1,0
119725,2,stairs,48,-68,-2,-255,242,-1153,996,1205,1,0
119752,2,stairs,64,-63,0,-201,258,-1123,996,1169,1,0
119779,2,stairs,72,-61,2,-178,281,-1100,997,1150,1,0
119806,2,stairs,78,-64,2,-183,293,-1083,998,1137,1,0
119833,2,stairs,85,-68,1,-189,285,-1067,998,1121,1,0
119860,2,stairs,94,-73,0,-178,260,-1051,998,1097,1,0
119887,2,stairs,101,-74,0,-148,226,-1027,998,1062,1,0
119914,2,stairs,104,-69,1,-113,190,-997,998,1021,1,0
119941,2,stairs,96,-62,2,-110,166,-957,998,978,1,0
119968,2,stairs,83,-61,2,-117,105,-895,998,909,1,0
119995,2,stairs,79,-60,2,-107,38,-797,999,805,1,0
120022,2,stairs,67,-57,2,-74,42,-672,998,678,1,0
120049,2,stairs,60,-52,2,-53,116,-555,998,569,1,0
120076,2,stairs,42,-47,2,-48,237,-469,998,528,1,0
120103,2,stairs,13,-44,-1,-47,332,-414,997,533,1,0
120130,2,stairs,-29,-37,-6,-29,371,-372,995,526,1,0
120157,2,stairs,-68,-21,-12,15,344,-337,993,482,1,0
120184,2,stairs,-119,5,-23,63,315,-296,989,437,1,0
120211,2,stairs,-147,29,-27,74,281,-273,989,399,1,0
120238,2,stairs,-160,51,-27,52,278,-257,990,382,1,0
120265,2,stairs,-148,63,-22,33,277,-239,992,367,1,0
120292,2,stairs,-117,61,-14,61,280,-214,992,358,1,0
120319,2,stairs,-86,49,-8,106,309,-179,992,372,1,0
120346,2,stairs,-65,35,-4,150,354,-137,993,408,1,0
120373,2,stairs,-58,26,-2,193,400,-91,995,453,1,0
120400,2,stairs,-65,23,-3,219,433,-51,996,488,1,0
120427,2,stairs,-66,21,-2,219,439,-40,997,492,1,0
120454,2,stairs,-60,11,-2,204,426,-69,998,477,1,0
120481,2,stairs,-65,-1,-4,200,404,-111,998,464,1,0
120508,2,stairs,-66,-1,-4,208,357,-149,998,439,1,0
120535,2,stairs,-63,5,-3,208,288,-189,999,402,1,0
120562,2,stairs,-54,15,0,201,213,-233,998,374,1,0
120589,2,stairs,-45,29,2,184,143,-290,998,372,1,0
120616,2,stairs,-36,42,4,133,67,-367,998,397,1,0
120643,2,stairs,-36,47,5,50,-4,-440,998,443,1,0
120670,2,stairs,-38,48,5,-27,-72,-487,998,493,1,0
120697,2,stairs,-35,48,5,-93,-98,-522,998,539,1,0
120724,2,stairs,-38,37,3,-131,-58,-551,998,569,1,0
120751,2,stairs,-51,15,-2,-146,43,-571,997,591,1,0
120778,2,stairs,-70,-10,-10,-154,160,-597,996,637,1,0
120805,2,stairs,-89,-30,-17,-156,240,-612,995,675,1,0
120832,2,stairs,-105,-53,-25,-165,260,-630,995,701,1,0
120859,2,stairs,-116,-79,-34,-168,234,-640,994,702,1,0
120896,2,stairs,-114,-90,-35,-139,204,-630,995,677,1,0
120923,2,stairs,-96,-93,-31,-114,183,-608,995,645,1,0
120950,2,stairs,-69,-88,-24,-97,167,-580,995,611,1,0
120977,2,stairs,-47,-78,-17,-92,156,-541,996,571,1,0
121004,2,stairs,-33,-65,-11,-101,148,-496,996,528,1,0
121031,2,stairs,-28,-59,-8,-117,145,-448,997,485,1,0
121058,2,stairs,-29,-57,-8,-122,134,-392,998,432,1,0
121085,2,stairs,-26,-54,-6,-111,104,-341,998,373,1,0
121112,2,stairs,-15,-53,-4,-83,60,-300,999,317,1,0
121139,2,stairs,-7,-52,-2,-39,22,-263,999,267,1,0
121166,2,stairs,0,-48,0,10,-14,-224,999,224,1,0
121193,2,stairs,14,-46,2,51,-47,-195,999,207,1,0
121220,2,stairs,32,-50,2,70,-70,-176,998,202,1,0
121247,2,stairs,47,-55,2,74,-91,-154,998,194,1,0
121274,2,stairs,49,-57,2,67,-96,-120,998,168,1,0
121301,2,stairs,41,-53,2,49,-127,-75,998,155,1,0
121328,2,stairs,39,-47,3,41,-176,-29,998,183,1,0
121355,2,stairs,37,-43,3,67,-188,15,998,200,1,0
121382,2,stairs,33,-36,4,123,-126,53,998,184,1,0
121409,2,stairs,12,-20,3,174,-11,87,997,194,1,0
121436,2,stairs,-15,5,1,194,96,117,996,246,1,0
121463,2,stairs,-46,25,-4,188,161,142,994,285,1,0
121490,2,stairs,-74,34,-9,180,191,158,994,306,1,0
121517,2,stairs,-93,38,-12,175,191,170,994,309,1,0
121544,2,stairs,-98,42,-12,171,177,175,996,303,1,0
121571,2,stairs,-87,42,-9,156,170,171,997,287,1,0
121598,2,stairs,-71,40,-5,129,191,161,997,281,1,0
121625,2,stairs,-52,37,-1,102,216,153,997,284,1,0
121652,2,stairs,-31,31,3,83,240,141,997,290,1,0
121679,2,stairs,-21,23,4,73,259,128,998,298,1,0
121706,2,stairs,-15,23,5,89,261,132,998,306,1,0
121733,2,stairs,-8,27,7,121,246,138,998,307,1,0
121760,2,stairs,-5,36,9,154,212,128,999,291,1,0
121787,2,stairs,1,48,10,176,164,108,999,264,1,0
121813,2,stairs,7,57,12,181,119,87,998,234,1,0
121839,2,stairs,13,64,13,171,72,69,998,198,1,0
121865,2,stairs,18,68,13,151,23,50,998,160,1,0
121891,2,stairs,20,73,14,123,-24,27,998,128,1,0
121918,2,stairs,27,79,15,80,-70,-3,998,107,1,0
121945,2,stairs,24,84,14,15,-107,-48,998,119,1,0
121972,2,stairs,21,83,14,-52,-150,-88,998,181,1,0
121999,2,stairs,22,73,13,-75,-173,-103,998,215,1,0
122026,2,stairs,17,56,11,-57,-147,-95,998,184,1,0
122053,2,stairs,11,43,9,-34,-61,-87,998,111,1,0
122080,2,stairs,-8,31,5,-29,58,-88,997,109,1,0
122107,2,stairs,-41,21,-3,-30,175,-79,996,194,1,0
122134,2,stairs,-68,5,-12,-16,235,-55,995,242,1,0
122161,2,stairs,-86,-20,-20,4,244,-32,994,246,1,0
122188,2,stairs,-98,-47,-27,32,230,-10,994,232,1,0
122215,2,stairs,-99,-64,-29,60,214,5,995,222,1,0
122242,2,stairs,-89,-70,-27,75,209,14,996,222,1,0
122269,2,stairs,-60,-75,-21,67,208,20,996,219,1,0
122296,2,stairs,-30,-74,-15,33,214,30,995,219,1,0
122323,2,stairs,-20,-63,-10,-12,224,47,996,230,1,0
122350,2,stairs,-20,-51,-8,-58,218,56,997,232,1,0
122377,2,stairs,-21,-42,-6,-95,178,53,997,209,1,0
122404,2,stairs,-22,-35,-5,-121,119,40,998,175,1,0
122431,2,stairs,-13,-34,-2,-140,47,14,998,148,1,0
122458,2,stairs,-1,-34,0,-137,-18,-13,998,139,1,0
122485,2,stairs,10,-32,2,-126,-68,-30,998,146,1,0
122512,2,stairs,25,-30,4,-121,-107,-35,999,165,1,0
122539,2,stairs,35,-31,5,-134,-112,-28,999,176,1,0
122566,2,stairs,40,-36,5,-164,-83,-10,999,184,1,0
122593,2,stairs,45,-44,4,-201,-36,14,998,205,1,0
122629,2,stairs,32,-50,1,-216,19,69,998,227,1,0
122656,2,stairs,15,-46,-1,-218,21,124,998,252,1,0
122683,2,stairs,1,-39,-2,-207,-23,152,997,258,1,0
122710,2,stairs,-4,-34,-2,-165,-70,166,998,245,1,0
122737,2,stairs,-7,-30,-2,-99,-81,184,998,224,1,0
122764,2,stairs,-13,-21,-2,-29,-51,214,998,222,1,0
122791,2,stairs,-26,-6,-2,30,-10,245,998,247,1,0
122818,2,stairs,-44,8,-4,66,19,264,997,273,1,0
122845,2,stairs,-71,18,-11,88,43,263,996,281,1,0
122872,2,stairs,-90,24,-15,98,51,252,996,275,1,0
122899,2,stairs,-99,31,-16,104,49,228,997,255,1,0
122926,2,stairs,-98,36,-15,110,49,191,997,226,1,0
122953,2,stairs,-86,42,-11,127,46,160,998,210,1,0
122980,2,stairs,-63,43,-5,136,40,132,997,194,1,0
123007,2,stairs,-37,38,0,131,21,108,997,171,1,0
123034,2,stairs,-12,31,4,125,-9,102,997,161,1,0
123061,2,stairs,4,27,7,122,-25,116,997,170,1,0
123088,2,stairs,14,27,9,118,-30,131,998,179,1,0
123115,2,stairs,15,28,9,115,-25,139,998,182,1,0
123142,2,stairs,16,31,10,117,-13,139,999,182,1,0
123169,2,stairs,22,37,12,131,-6,128,999,183,1,0
123195,2,stairs,29,45,13,157,-4,112,999,193,1,0
123221,2,stairs,38,57,15,194,-6,106,998,222,1,0
123248,2,stairs,47,67,16,212,-9,101,998,235,1,0
123274,2,stairs,52,76,17,212,-32,93,998,234,1,0
123300,2,stairs,54,85,17,195,-84,78,998,226,1,0
123326,2,stairs,57,92,18,166,-160,60,998,238,1,0
123352,2,stairs,54,90,17,101,-232,43,998,256,1,0
123379,2,stairs,42,85,15,25,-299,45,998,304,1,0
123406,2,stairs,36,76,14,-31,-351,33,998,354,1,0
123433,2,stairs,33,60,13,-74,-359,-8,998,367,1,0
123460,2,stairs,44,35,12,-107,-316,-47,997,337,1,0
123487,2,stairs,31,14,8,-117,-207,-72,997,248,1,0
123514,2,stairs,4,-3,1,-106,-73,-75,996,149,1,0
123541,2,stairs,-32,-25,-10,-93,43,-72,993,125,1,0
123568,2,stairs,-59,-47,-20,-77,118,-71,993,157,1,0
123595,2,stairs,-66,-64,-23,-56,150,-86,994,182,1,0
123622,2,stairs,-54,-72,-21,-41,149,-111,995,190,1,0
123649,2,stairs,-26,-77,-16,-35,129,-137,995,191,1,0
123676,2,stairs,9,-78,-11,-38,113,-144,994,187,1,0
123703,2,stairs,36,-71,-5,-50,106,-130,994,175,1,0
123730,2,stairs,44,-59,-1,-63,113,-100,996,164,1,0
123757,2,stairs,42,-47,2,-79,125,-66,997,162,1,0
123784,2,stairs,40,-40,3,-94,134,-43,997,170,1,0
123811,2,stairs,33,-35,4,-99,146,-29,998,179,1,0
123838,2,stairs,31,-31,4,-95,150,-17,998,178,1,0
123865,2,stairs,35,-26,6,-77,138,-11,999,159,1,0
123892,2,stairs,52,-30,7,-66,102,-13,998,122,1,0
123919,2,stairs,61,-32,8,-55,57,-15,998,80,1,0
123946,2,stairs,74,-35,8,-46,5,-10,998,48,1,0
123972,2,stairs,79,-38,8,-54,-52,6,998,75,1,0
123998,2,stairs,78,-36,8,-88,-105,23,998,138,1,0
124025,2,stairs,85,-35,9,-142,-179,32,998,231,1,0
124052,2,stairs,92,-34,9,-171,-266,52,999,320,1,0
124079,2,stairs,83,-30,9,-157,-304,93,999,354,1,0
124106,2,stairs,56,-12,8,-108,-269,147,997,325,1,0
124133,2,stairs,30,8,7,-38,-163,194,996,257,1,0
124160,2,stairs,18,10,6,27,-38,222,997,227,1,0
124187,2,stairs,14,4,5,69,67,251,997,269,1,0
124213,2,stairs,3,4,4,91,135,294,998,336,1,0
124239,2,stairs,-18,13,1,110,173,342,997,398,1,0
124266,2,stairs,-56,28,-7,136,197,378,994,448,1,0
124293,2,stairs,-88,40,-14,157,206,396,993,473,1,0
124320,2,stairs,-103,48,-17,158,197,388,994,463,1,0
124355,2,stairs,-95,50,-13,145,185,346,995,418,1,0
124382,2,stairs,-79,47,-9,133,186,290,996,369,1,0
124409,2,stairs,-56,38,-5,127,191,231,996,326,1,0
124436,2,stairs,-39,26,-2,138,193,185,997,301,1,0
124463,2,stairs,-29,18,0,163,182,151,997,287,1,0
124490,2,stairs,-27,17,1,198,157,127,998,283,1,0
124517,2,stairs,-20,24,3,225,127,107,998,279,1,0
124544,2,stairs,-18,37,5,226,115,83,998,267,1,0
124570,2,stairs,-10,54,7,203,97,58,998,232,1,0
124596,2,stairs,-1,66,9,168,79,34,998,189,1,0
124622,2,stairs,11,71,11,138,64,19,998,154,1,0
124648,2,stairs,17,78,12,120,60,20,998,136,1,0
124674,2,stairs,20,88,12,102,60,23,998,120,1,0
124700,2,stairs,21,98,13,71,47,12,998,86,1,0
124726,2,stairs,25,103,13,28,8,-15,998,33,1,0
124752,2,stairs,32,102,14,-28,-47,-58,998,80,1,0
124779,2,stairs,31,96,13,-74,-108,-107,998,169,1,0
124806,2,stairs,15,87,11,-83,-140,-141,998,215,1,0
124833,2,stairs,-8,72,6,-62,-106,-170,997,210,1,0
124860,2,stairs,-30,53,0,-41,-37,-210,996,217,1,0
124887,2,stairs,-39,32,-3,-32,19,-266,996,268,1,0
124914,2,stairs,-47,9,-6,-42,52,-321,996,328,1,0
124941,2,stairs,-60,-12,-11,-55,52,-344,996,353,1,0
124968,2,stairs,-74,-27,-17,-54,24,-333,996,338,1,0
124995,2,stairs,-87,-40,-22,-48,-11,-318,996,321,1,0
125022,2,stairs,-82,-50,-21,-41,-60,-308,997,316,1,0
125049,2,stairs,-68,-56,-18,-42,-104,-295,997,316,1,0
125076,2,stairs,-49,-55,-14,-41,-133,-268,997,302,1,0
125103,2,stairs,-24,-49,-8,-39,-145,-235,997,279,1,0
125130,2,stairs,-4,-42,-3,-43,-141,-198,997,247,1,0
125157,2,stairs,10,-36,0,-60,-126,-168,997,218,1,0
125184,2,stairs,17,-37,2,-75,-108,-150,998,199,1,0
125211,2,stairs,26,-39,2,-75,-94,-147,998,190,1,0
125238,2,stairs,29,-38,3,-65,-77,-151,998,181,1,0
125265,2,stairs,38,-37,5,-63,-61,-165,998,186,1,0
125292,2,stairs,49,-34,7,-56,-37,-178,998,190,1,0
125319,2,stairs,56,-27,8,-42,1,-179,999,183,1,0
125346,2,stairs,62,-23,10,-28,41,-163,999,171,1,0
125373,2,stairs,67,-24,10,-20,69,-140,999,157,1,0
125400,2,stairs,71,-23,10,-11,76,-116,998,139,1,0
125427,2,stairs,76,-22,10,-3,57,-101,998,116,1,0
125453,2,stairs,84,-20,11,8,18,-101,998,103,1,0
125480,2,stairs,87,-25,10,6,-47,-122,998,131,1,0
125507,2,stairs,92,-33,9,15,-109,-150,998,186,1,0
125534,2,stairs,83,-34,9,33,-170,-166,998,240,1,0
125561,2,stairs,79,-27,9,57,-219,-182,999,291,1,0
125588,2,stairs,64,-18,9,89,-197,-212,998,303,1,0
125615,2,stairs,41,-9,7,127,-117,-248,997,302,1,0
125642,2,stairs,31,-6,6,166,-34,-275,997,323,1,0
125669,2,stairs,11,-3,4,185,50,-297,997,353,1,0
125696,2,stairs,-13,4,1,193,108,-316,997,385,1,0
125723,2,stairs,-39,13,-4,188,144,-345,996,419,1,0
125750,2,stairs,-72,16,-12,167,178,-375,995,447,1,0
125777,2,stairs,-99,6,-20,126,209,-399,994,468,1,0
125804,2,stairs,-108,-12,-24,76,222,-419,995,480,1,0
125831,2,stairs,-100,-30,-24,22,204,-452,995,496,1,0
125858,2,stairs,-77,-48,-21,-14,149,-501,995,522,1,0
125885,2,stairs,-48,-58,-17,-22,73,-566,995,571,1,0
125912,2,stairs,-31,-63,-14,-8,-14,-655,995,655,1,0
125939,2,stairs,-28,-57,-12,27,-94,-761,996,767,1,0
125966,2,stairs,-32,-44,-9,70,-168,-863,997,882,1,0
125993,2,stairs,-39,-27,-8,94,-216,-944,997,973,1,0
126020,2,stairs,-38,-8,-5,90,-233,-1004,997,1035,1,0
126047,2,stairs,-29,9,-1,76,-225,-1049,997,1075,1,0
126083,2,stairs,-7,15,3,45,-187,-1089,997,1106,1,0
126110,2,stairs,18,18,7,21,-152,-1130,996,1140,1,0
126137,2,stairs,39,19,10,9,-131,-1178,997,1186,1,0
126164,2,stairs,53,22,12,6,-138,-1242,997,1249,1,0
126191,2,stairs,60,30,14,18,-172,-1303,997,1315,1,0
126218,2,stairs,60,40,15,32,-221,-1339,998,1357,1,0
126245,2,stairs,57,47,15,32,-271,-1335,998,1363,1,0
126272,2,stairs,54,55,15,4,-297,-1309,998,1342,1,0
126299,2,stairs,64,63,16,-37,-311,-1289,998,1327,1,0
126326,2,stairs,83,62,17,-88,-315,-1311,998,1351,1,0
126353,2,stairs,102,56,18,-127,-292,-1367,997,1404,1,0
126380,2,stairs,108,48,18,-135,-216,-1410,998,1433,1,0
126407,2,stairs,87,36,15,-116,-70,-1403,998,1409,1,0
126434,2,stairs,61,18,11,-75,94,-1360,996,1365,1,0
126461,2,stairs,43,-8,5,-41,213,-1315,995,1333,1,0
126488,2,stairs,28,-38,-1,-27,254,-1281,995,1306,1,0
126515,2,stairs,1,-61,-9,-43,234,-1261,994,1283,1,0
126542,2,stairs,-24,-68,-14,-60,175,-1258,994,1272,1,0
126569,2,stairs,-36,-66,-15,-67,120,-1257,995,1265,1,0
126596,2,stairs,-26,-67,-13,-78,93,-1253,996,1259,1,0
126623,2,stairs,-11,-64,-9,-76,101,-1241,996,1248,1,0
126650,2,stairs,8,-65,-7,-59,133,-1230,996,1238,1,0
126677,2,stairs,24,-71,-6,-40,163,-1219,996,1230,1,0
126704,2,stairs,36,-76,-5,-11,171,-1211,997,1223,1,0
126731,2,stairs,45,-75,-4,34,150,-1206,997,1216,1,0
126758,2,stairs,56,-67,-1,95,113,-1204,997,1213,1,0
126785,2,stairs,69,-52,2,161,69,-1204,997,1217,1,0
126812,2,stairs,88,-34,6,206,28,-1205,996,1222,1,0
126839,2,stairs,107,-18,8,225,-9,-1192,996,1213,1,0
126866,2,stairs,116,-5,10,222,-52,-1150,996,1173,1,0
126893,2,stairs,119,7,12,206,-110,-1079,996,1104,1,0
126920,2,stairs,121,17,13,180,-181,-989,997,1021,1,0
126947,2,stairs,133,24,14,143,-271,-897,997,948,1,0
126974,2,stairs,139,28,14,99,-346,-818,997,893,1,0
127001,2,stairs,135,34,15,63,-370,-756,997,844,1,0
127028,2,stairs,115,34,14,59,-294,-718,997,778,1,0
127055,2,stairs,93,27,13,92,-195,-692,997,725,1,0
127082,2,stairs,72,20,12,126,-105,-669,997,689,1,0
127109,2,stairs,45,19,9,129,-38,-647,996,661,1,0
127136,2,stairs,7,21,5,96,-14,-640,995,648,1,0
127162,2,stairs,-34,27,-1,42,-21,-642,993,644,1,0
127189,2,stairs,-68,40,-7,-19,-38,-647,993,648,1,0
127216,2,stairs,-86,57,-9,-73,-34,-675,993,680,1,0
127243,2,stairs,-81,69,-6,-97,19,-719,994,726,1,0
127270,2,stairs,-53,65,-1,-93,95,-753,994,765,1,0
127297,2,stairs,-16,51,3,-65,160,-782,993,801,1,0
127324,2,stairs,5,41,6,-21,204,-809,994,834,1,0
127351,2,stairs,6,37,7,26,228,-831,995,863,1,0
127378,2,stairs,-4,40,7,57,242,-849,996,884,1,0
127405,2,stairs,-11,50,7,66,243,-861,997,897,1,0
127432,2,stairs,-8,58,8,50,228,-885,998,916,1,0
127459,2,stairs,9,59,10,8,180,-914,998,932,1,0
127486,2,stairs,28,53,12,-45,115,-949,997,957,1,0
127513,2,stairs,34,48,12,-86,55,-988,998,993,1,0
127540,2,stairs,30,45,12,-96,4,-1024,998,1029,1,0
127567,2,stairs,28,40,11,-95,-41,-1063,998,1068,1,0
127594,2,stairs,34,38,11,-95,-103,-1118,998,1127,1,0
127621,2,stairs,40,45,12,-78,-134,-1201,998,1210,1,0
127648,2,stairs,31,41,11,-44,-87,-1283,998,1287,1,0
127675,2,stairs,7,27,7,-13,19,-1311,997,1311,1,0
127702,2,stairs,-27,11,0,-5,148,-1303,996,1311,1,0
127729,2,stairs,-59,-12,-10,-34,219,-1284,994,1303,1,0
127757,2,stairs,-87,-39,-21,-90,187,-1260,992,1277,1,0
127784,2,stairs,-93,-51,-22,-130,74,-1221,994,1230,1,0
127821,2,stairs,-74,-45,-17,-166,13,-1176,994,1188,1,0
127849,2,stairs,-54,-34,-11,-192,36,-1139,995,1155,1,0
127877,2,stairs,-20,-41,-7,-213,79,-1098,994,1121,1,0
127904,2,stairs,11,-52,-5,-221,106,-1046,994,1075,1,0
127931,2,stairs,36,-56,-3,-216,113,-991,994,1020,1,0
127958,2,stairs,53,-51,0,-196,122,-944,995,972,1,0
127985,2,stairs,64,-44,3,-170,134,-907,996,933,1,0
128012,2,stairs,75,-37,5,-139,144,-877,997,900,1,0
128039,2,stairs,86,-30,6,-105,153,-846,997,866,1,0
128066,2,stairs,94,-25,8,-72,160,-809,998,828,1,0
128093,2,stairs,101,-21,8,-37,169,-767,998,786,1,0
128120,2,stairs,102,-22,8,-13,184,-722,998,745,1,0
128147,2,stairs,109,-28,7,-2,181,-672,998,696,1,0
128174,2,stairs,115,-34,6,-5,171,-617,998,640,1,0
128201,2,stairs,121,-39,5,-29,147,-562,998,581,1,0
128228,2,stairs,122,-42,4,-73,103,-501,998,516,1,0
128255,2,stairs,114,-38,5,-128,43,-431,998,452,1,0
128282,2,stairs,96,-30,6,-179,9,-366,998,407,1,0
128309,2,stairs,80,-20,7,-191,13,-300,998,355,1,0
128336,2,stairs,67,-15,7,-141,81,-221,998,274,1,0
128363,2,stairs,59,-16,7,-49,196,-144,998,248,1,0
128390,2,stairs,42,-21,5,61,330,-85,998,346,1,0
128417,2,stairs,10,-24,1,165,420,-42,997,453,1,0
128444,2,stairs,-51,-23,-11,255,463,-18,991,529,1,0
128471,2,stairs,-118,-8,-28,332,453,-6,985,562,1,0
128498,2,stairs,-167,18,-39,364,407,9,983,546,1,0
128525,2,stairs,-187,50,-40,334,361,12,985,492,1,0
128552,2,stairs,-185,72,-36,246,338,-20,988,418,1,0
128579,2,stairs,-155,73,-26,128,312,-73,989,345,1,0
128606,2,stairs,-119,58,-17,15,291,-130,989,319,1,0
128633,2,stairs,-95,42,-11,-46,290,-177,991,343,1,0
128660,2,stairs,-87,27,-9,-47,305,-207,993,371,1,0
128687,2,stairs,-87,19,-8,-6,314,-223,994,386,1,0
128714,2,stairs,-92,17,-8,45,319,-239,996,401,1,0
128741,2,stairs,-93,23,-7,89,317,-260,997,419,1,0
128768,2,stairs,-87,32,-5,118,308,-284,997,435,1,0
128795,2,stairs,-80,39,-2,123,294,-305,998,441,1,0
128822,2,stairs,-75,50,-1,115,266,-312,998,426,1,0
128849,2,stairs,-72,63,0,91,232,-310,998,398,1,0
128876,2,stairs,-65,69,2,31,182,-319,998,369,1,0
128903,2,stairs,-56,67,3,-46,122,-340,998,365,1,0
128930,2,stairs,-56,61,3,-119,78,-349,998,377,1,0
128957,2,stairs,-59,53,2,-174,70,-331,998,380,1,0
128984,2,stairs,-62,42,0,-176,119,-318,998,382,1,0
129011,2,stairs,-65,16,-3,-125,199,-339,997,413,1,0
129038,2,stairs,-73,-16,-10,-55,280,-387,996,481,1,0
129065,2,stairs,-97,-44,-21,20,334,-431,994,546,1,0
129092,2,stairs,-132,-55,-34,115,335,-457,993,578,1,0
129119,2,stairs,-174,-55,-50,218,323,-412,991,568,1,0
129146,2,stairs,-193,-48,-55,285,313,-339,992,543,1,0
129173,2,stairs,-171,-46,-46,289,290,-267,993,489,1,0
129200,2,stairs,-115,-51,-32,244,253,-223,990,417,1,0
129227,2,stairs,-58,-62,-22,167,211,-211,987,342,1,0
129254,2,stairs,-31,-70,-16,90,188,-220,989,303,1,0
129281,2,stairs,-36,-70,-15,38,176,-227,992,290,1,0
129308,2,stairs,-64,-62,-19,12,167,-236,992,289,1,0
129335,2,stairs,-77,-41,-17,-1,138,-249,993,285,1,0
129362,2,stairs,-74,-22,-13,-22,96,-279,994,296,1,0
129389,2,stairs,-51,-12,-6,-50,39,-319,995,325,1,0
129416,2,stairs,-26,-17,-1,-83,-17,-349,995,359,1,0
129443,2,stairs,2,-22,3,-105,-77,-355,995,378,1,0
129470,2,stairs,22,-23,6,-120,-122,-333,995,375,1,0
129497,2,stairs,39,-26,8,-153,-172,-287,996,368,1,0
129524,2,stairs,44,-24,10,-215,-203,-221,997,369,1,0
129560,2,stairs,49,-32,9,-308,-281,-154,997,445,1,0
129587,2,stairs,55,-35,9,-310,-351,-96,997,478,1,0
129614,2,stairs,40,-28,9,-208,-323,-39,997,387,1,0
129641,2,stairs,30,-21,9,-48,-212,22,998,218,1,0
129668,2,stairs,22,-17,8,125,-100,56,998,170,1,0
129695,2,stairs,-4,-9,5,266,-27,74,997,277,1,0
129722,2,stairs,-38,6,-1,351,-16,96,995,364,1,0
129749,2,stairs,-88,32,-14,370,-8,125,991,390,1,0
129776,2,stairs,-109,62,-18,337,-14,145,991,367,1,0
129803,2,stairs,-119,82,-19,275,-12,138,992,308,1,0
129830,2,stairs,-73,82,-8,202,-43,102,991,230,1,0
129857,2,stairs,-44,72,-1,158,-45,62,992,176,1,0
129884,2,stairs,-13,64,5,152,-46,24,992,161,1,0
129911,2,stairs,13,59,10,172,-33,-13,993,175,1,0
129938,2,stairs,26,59,13,198,-3,-33,994,201,1,0
129964,2,stairs,31,62,15,204,35,-36,996,210,1,0
129991,2,stairs,33,67,16,176,73,-33,997,194,1,0
130018,2,stairs,34,72,17,131,104,-31,997,170,1,0
130045,2,stairs,32,71,17,82,129,-33,998,156,1,0
130072,2,stairs,35,68,18,45,145,-30,998,155,1,0
130099,2,stairs,39,74,18,34,159,-37,998,167,1,0
130125,2,stairs,43,78,19,34,171,-59,998,184,1,0
130152,2,stairs,44,75,19,13,178,-93,999,202,1,0
130179,2,stairs,41,68,18,-45,180,-126,999,224,1,0
130206,2,stairs,28,65,16,-139,189,-143,998,275,1,0
130233,2,stairs,10,64,12,-209,216,-152,998,337,1,0
130260,2,stairs,-11,51,8,-245,288,-163,997,411,1,0
130287,2,stairs,-26,19,1,-245,364,-164,996,468,1,0
130314,2,stairs,-35,-19,-5,-207,388,-151,994,465,1,0
130341,2,stairs,-53,-40,-12,-133,349,-136,994,398,1,0
130368,2,stairs,-81,-43,-20,-53,293,-106,994,316,1,0
130395,2,stairs,-114,-41,-30,0,257,-49,993,261,1,0
130422,2,stairs,-131,-42,-34,17,216,33,994,219,1,0
130449,2,stairs,-118,-41,-29,17,153,119,995,195,1,0
130476,2,stairs,-88,-38,-20,6,95,186,995,209,1,0
130503,2,stairs,-53,-41,-13,-18,55,225,994,232,1,0
130530,2,stairs,-33,-48,-9,-39,34,243,995,248,1,0
130557,2,stairs,-27,-54,-7,-48,17,252,996,257,1,0
130584,2,stairs,-27,-56,-7,-49,-13,250,997,255,1,0
130611,2,stairs,-19,-56,-5,-47,-50,234,997,244,1,0
130638,2,stairs,-4,-56,-2,-49,-84,206,997,228,1,0
130665,2,stairs,18,-59,1,-65,-99,179,997,215,1,0
130692,2,stairs,44,-63,3,-96,-100,152,997,206,1,0
130719,2,stairs,60,-65,5,-133,-88,121,997,200,1,0
130746,2,stairs,73,-65,7,-161,-73,87,997,196,1,0
130773,2,stairs,83,-61,8,-177,-72,41,998,196,1,0
130800,2,stairs,84,-57,9,-171,-83,-6,998,190,1,0
130827,2,stairs,77,-53,9,-155,-97,-25,998,185,1,0
130854,2,stairs,57,-47,7,-120,-117,-1,998,168,1,0
130881,2,stairs,33,-36,5,-62,-106,59,997,137,1,0
130908,2,stairs,20,-29,5,17,-62,132,997,146,1,0
130935,2,stairs,23,-28,5,103,-5,180,997,207,1,0
130962,2,stairs,30,-31,6,177,28,172,998,249,1,0
130989,2,stairs,10,-32,3,227,33,145,997,272,1,0
131016,2,stairs,-27,-27,-5,261,9,122,995,288,1,0
131043,2,stairs,-72,-7,-16,287,-15,138,992,319,1,0
131070,2,stairs,-104,23,-23,286,-25,178,991,338,1,0
131097,2,stairs,-113,54,-22,251,-19,203,991,323,1,0
131124,2,stairs,-102,71,-17,185,0,181,992,259,1,0
131151,2,stairs,-67,66,-8,120,1,129,993,176,1,0
131177,2,stairs,-26,51,0,83,9,77,992,114,1,0
131203,2,stairs,0,41,5,83,43,50,992,106,1,0
131229,2,stairs,13,43,9,108,98,36,994,150,1,0
131255,2,stairs,10,50,10,132,157,33,995,208,1,0
131290,2,stairs,2,55,10,134,190,46,996,237,1,0
131316,2,stairs,-1,63,10,125,196,69,997,243,1,0
131342,2,stairs,1,71,11,110,183,91,998,233,1,0
131368,2,stairs,5,75,12,95,163,107,998,217,1,0
131394,2,stairs,9,76,13,79,135,117,998,195,1,0
131420,2,stairs,8,76,12,67,98,118,998,167,1,0
131446,2,stairs,5,71,12,50,59,106,998,131,1,0
131472,2,stairs,4,64,11,-2,27,72,998,77,1,0
131498,2,stairs,2,56,10,-88,10,-5,998,89,1,0
131525,2,stairs,-12,40,6,-149,13,-106,998,184,1,0
131552,2,stairs,-35,20,-1,-130,63,-192,996,240,1,0
131579,2,stairs,-51,-4,-8,-58,143,-252,995,295,1,0
131606,2,stairs,-60,-21,-12,20,208,-303,996,368,1,0
131633,2,stairs,-81,-30,-19,86,248,-334,995,425,1,0
131660,2,stairs,-113,-31,-29,140,231,-330,994,426,1,0
131687,2,stairs,-143,-26,-39,168,184,-283,994,377,1,0
131714,2,stairs,-154,-21,-42,152,112,-211,995,283,1,0
131741,2,stairs,-135,-21,-34,93,25,-144,996,174,1,0
131768,2,stairs,-85,-24,-22,19,-54,-96,993,111,1,0
131795,2,stairs,-34,-30,-12,-52,-95,-66,990,127,1,0
131822,2,stairs,-7,-36,-6,-100,-84,-46,992,139,1,0
131849,2,stairs,-6,-39,-4,-117,-44,-28,994,128,1,0
131876,2,stairs,-15,-38,-4,-110,-3,-8,995,111,1,0
131903,2,stairs,-39,-29,-9,-92,34,5,995,98,1,0
131930,2,stairs,-33,-20,-5,-75,34,2,996,82,1,0
131956,2,stairs,-16,-19,-1,-72,28,-10,997,78,1,0
131983,2,stairs,4,-25,2,-85,19,-26,997,91,1,0
132010,2,stairs,28,-34,5,-105,-2,-35,996,111,1,0
132037,2,stairs,51,-41,8,-130,-41,-40,996,142,1,0
132064,2,stairs,73,-46,9,-160,-89,-42,996,188,1,0
132091,2,stairs,86,-52,10,-190,-128,-35,997,232,1,0
132118,2,stairs,91,-54,10,-214,-154,-23,997,264,1,0
132145,2,stairs,94,-54,11,-229,-183,-15,997,293,1,0
132172,2,stairs,91,-55,11,-235,-210,-7,998,315,1,0
132199,2,stairs,81,-48,11,-228,-228,9,998,322,1,0
132226,2,stairs,72,-42,11,-191,-233,37,998,303,1,0
132253,2,stairs,65,-34,11,-130,-216,71,998,262,1,0
132280,2,stairs,60,-24,12,-39,-175,113,999,212,1,0
132307,2,stairs,51,-19,12,67,-109,156,998,202,1,0
132334,2,stairs,37,-15,10,158,-58,177,999,244,1,0
132361,2,stairs,13,-10,6,224,-36,179,998,289,1,0
132388,2,stairs,-15,-2,1,265,-32,186,997,325,1,0
132415,2,stairs,-48,11,-6,280,-18,195,996,341,1,0
132442,2,stairs,-64,29,-8,283,10,183,996,337,1,0
132469,2,stairs,-62,45,-6,287,39,132,996,318,1,0
132496,2,stairs,-41,49,-1,283,44,58,996,293,1,0
132523,2,stairs,-13,48,4,272,43,-19,995,276,1,0
132550,2,stairs,3,47,8,254,55,-80,996,272,1,0
132576,2,stairs,4,52,9,228,81,-122,996,271,1,0
132603,2,stairs,-3,61,8,190,107,-147,997,263,1,0
132630,2,stairs,-12,72,7,150,121,-161,997,251,1,0
132657,2,stairs,-15,79,7,109,127,-163,997,234,1,0
132684,2,stairs,-9,81,9,72,133,-162,998,222,1,0
132711,2,stairs,10,81,12,60,129,-164,998,217,1,0
132738,2,stairs,29,75,14,75,120,-172,998,222,1,0
132765,2,stairs,48,70,16,102,102,-173,997,225,1,0
132792,2,stairs,53,72,17,133,91,-162,997,228,1,0
132819,2,stairs,45,82,16,131,86,-144,998,213,1,0
132846,2,stairs,40,93,15,86,53,-132,998,167,1,0
132873,2,stairs,37,95,15,-9,-4,-138,998,138,1,0
132900,2,stairs,38,91,15,-122,-84,-152,998,213,1,0
132927,2,stairs,25,83,14,-207,-102,-160,998,281,1,0
132954,2,stairs,9,68,10,-226,-45,-161,998,281,1,0
132981,2,stairs,-12,42,4,-186,50,-163,997,252,1,0
133017,2,stairs,-34,7,-5,-122,85,-177,994,231,1,0
133044,2,stairs,-63,-20,-16,-50,50,-189,993,202,1,0
133071,2,stairs,-92,-29,-24,32,-15,-183,993,187,1,0
133098,2,stairs,-112,-34,-30,83,-60,-162,994,191,1,0
133125,2,stairs,-105,-41,-28,97,-105,-129,995,193,1,0
133152,2,stairs,-70,-45,-20,97,-157,-99,994,209,1,0
133179,2,stairs,-25,-45,-11,59,-189,-78,992,213,1,0
133206,2,stairs,12,-46,-4,-13,-191,-76,992,206,1,0
133233,2,stairs,32,-45,1,-77,-171,-86,993,206,1,0
133260,2,stairs,30,-45,2,-124,-128,-98,995,203,1,0
133287,2,stairs,26,-44,3,-152,-89,-109,996,207,1,0
133314,2,stairs,33,-36,5,-154,-63,-122,997,207,1,0
133341,2,stairs,39,-28,8,-142,-28,-146,997,205,1,0
133368,2,stairs,54,-26,11,-133,-4,-180,998,224,1,0
133395,2,stairs,78,-29,12,-134,9,-213,997,252,1,0
133422,2,stairs,94,-34,13,-139,9,-238,997,276,1,0
133449,2,stairs,101,-36,13,-136,2,-246,998,281,1,0
133476,2,stairs,102,-39,13,-125,5,-230,998,262,1,0
133503,2,stairs,102,-41,12,-106,15,-196,998,223,1,0
133530,2,stairs,109,-42,12,-101,8,-152,998,182,1,0
133557,2,stairs,116,-42,13,-129,-17,-120,998,177,1,0
133584,2,stairs,106,-40,12,-210,-32,-99,998,234,1,0
133611,2,stairs,86,-33,11,-293,-79,-73,998,312,1,0
133638,2,stairs,63,-35,8,-336,-67,-25,997,344,1,0
133665,2,stairs,60,-44,7,-308,-13,22,998,309,1,0
133692,2,stairs,62,-57,5,-212,63,22,997,222,1,0
133718,2,stairs,54,-76,0,-90,122,-24,997,153,1,0
133745,2,stairs,17,-84,-8,45,177,-94,995,205,1,0
133772,2,stairs,-38,-75,-20,159,218,-160,991,314,1,0
133799,2,stairs,-102,-52,-37,235,232,-208,985,390,1,0
133826,2,stairs,-159,-18,-54,286,211,-219,981,417,1,0
133853,2,stairs,-181,8,-57,306,143,-222,983,404,1,0
133880,2,stairs,-147,19,-41,301,61,-236,985,387,1,0
133907,2,stairs,-69,17,-24,286,-32,-282,980,403,1,0
133934,2,stairs,-2,0,-14,259,-99,-363,977,457,1,0
133961,2,stairs,25,-21,-8,221,-119,-445,981,511,1,0
133988,2,stairs,18,-32,-6,185,-109,-505,985,549,1,0
134015,2,stairs,-9,-25,-7,160,-97,-552,987,582,1,0
134042,2,stairs,-33,-9,-8,137,-91,-588,989,611,1,0
134069,2,stairs,-43,11,-6,110,-77,-624,991,638,1,0
134096,2,stairs,-39,27,-2,85,-52,-669,993,676,1,0
134123,2,stairs,-8,36,5,80,-44,-717,993,722,1,0
134150,2,stairs,22,40,10,100,-39,-756,993,764,1,0
134177,2,stairs,45,41,14,139,-50,-787,994,801,1,0
134204,2,stairs,61,47,17,197,-72,-811,995,838,1,0
134231,2,stairs,60,57,18,276,-96,-820,995,870,1,0
134258,2,stairs,39,69,16,336,-94,-820,995,891,1,0
134285,2,stairs,21,82,14,369,-97,-821,995,906,1,0
134312,2,stairs,22,88,15,377,-147,-828,996,922,1,0
134339,2,stairs,28,96,16,387,-241,-847,996,962,1,0
134366,2,stairs,33,94,17,372,-339,-881,997,1015,1,0
134393,2,stairs,37,81,17,314,-395,-907,997,1037,1,0
134420,2,stairs,38,67,17,246,-382,-906,997,1014,1,0
134447,2,stairs,22,59,14,192,-289,-893,998,958,1,0
134474,2,stairs,0,47,10,133,-177,-873,997,901,1,0
134501,2,stairs,-14,31,6,55,-113,-840,997,849,1,0
134528,2,stairs,-24,11,3,-39,-112,-801,997,810,1,0
134555,2,stairs,-11,-10,3,-137,-169,-771,997,801,1,0
134582,2,stairs,17,-21,5,-214,-213,-764,996,822,1,0
134609,2,stairs,43,-31,7,-269,-189,-782,995,848,1,0
134636,2,stairs,65,-46,7,-300,-103,-824,995,883,1,0
134663,2,stairs,81,-64,5,-298,-10,-866,995,916,1,0
134690,2,stairs,96,-80,3,-273,60,-900,995,943,1,0
134717,2,stairs,109,-89,3,-234,92,-923,995,956,1,0
134753,2,stairs,109,-90,3,-179,100,-950,996,972,1,0
134780,2,stairs,108,-86,4,-117,90,-988,997,999,1,0
134807,2,stairs,103,-82,5,-52,70,-1027,997,1031,1,0
134834,2,stairs,104,-76,6,9,39,-1055,998,1056,1,0
134861,2,stairs,118,-68,7,50,8,-1059,998,1061,1,0
134888,2,stairs,131,-59,8,54,-24,-1048,997,1050,1,0
134915,2,stairs,146,-46,10,31,-68,-1019,997,1022,1,0
134942,2,stairs,148,-32,12,1,-113,-969,997,975,1,0
134969,2,stairs,145,-20,13,-23,-166,-899,997,914,1,0
134996,2,stairs,145,-9,15,-39,-237,-818,997,852,1,0
135023,2,stairs,142,0,16,-66,-311,-736,998,801,1,0
135050,2,stairs,131,8,17,-109,-366,-673,998,773,1,0
135077,2,stairs,120,14,17,-101,-355,-636,998,736,1,0
135104,2,stairs,104,5,15,-35,-262,-601,998,657,1,0
135131,2,stairs,80,-8,12,83,-134,-546,997,569,1,0
135158,2,stairs,61,-17,10,196,-42,-497,997,536,1,0
135185,2,stairs,29,-11,7,285,-11,-476,996,555,1,0
135212,2,stairs,0,4,5,319,-49,-472,995,572,1,0
135239,2,stairs,-34,24,1,272,-94,-471,994,552,1,0
135266,2,stairs,-60,52,-2,165,-125,-481,993,524,1,0
135293,2,stairs,-81,83,-6,46,-99,-529,992,540,1,0
135320,2,stairs,-87,103,-6,-43,-19,-619,993,621,1,0
135347,2,stairs,-72,99,-2,-66,81,-723,994,731,1,0
135374,2,stairs,-35,76,3,-46,153,-803,993,819,1,0
135401,2,stairs,2,51,6,-7,177,-861,992,879,1,0
135428,2,stairs,18,41,8,28,185,-916,993,935,1,0
135455,2,stairs,16,44,10,44,200,-979,995,1000,1,0
135482,2,stairs,6,47,10,23,229,-1046,996,1071,1,0
135509,2,stairs,-2,43,9,-32,261,-1113,997,1144,1,0
135536,2,stairs,-1,37,10,-88,284,-1185,997,1221,1,0
135563,2,stairs,7,27,10,-133,288,-1265,997,1305,1,0
135590,2,stairs,16,15,10,-157,293,-1359,997,1399,1,0
135617,2,stairs,29,1,9,-161,287,-1445,997,1482,1,0
135644,2,stairs,21,-5,8,-147,289,-1518,997,1552,1,0
135671,2,stairs,7,-7,6,-124,280,-1582,997,1611,1,0
135698,2,stairs,-11,-3,4,-100,248,-1644,997,1666,1,0
135725,2,stairs,-33,2,1,-95,192,-1702,997,1716,1,0
135752,2,stairs,-49,9,-1,-107,95,-1769,997,1775,1,0
135779,2,stairs,-66,16,-4,-129,-14,-1848,997,1852,1,0
135806,2,stairs,-83,16,-7,-159,-86,-1926,997,1934,1,0
135833,2,stairs,-89,12,-9,-172,-101,-1985,997,1995,1,0
135861,2,stairs,-95,1,-11,-165,-8,-2028,997,2035,1,0
135888,2,stairs,-114,-15,-19,-155,138,-2045,997,2056,1,0
135916,2,stairs,-138,-36,-29,-175,240,-2027,995,2049,1,0
135944,2,stairs,-138,-48,-30,-206,240,-2003,996,2027,1,0
135972,2,stairs,-112,-45,-23,-244,175,-1972,996,1995,1,0
136000,2,stairs,-91,-37,-17,-285,160,-1915,996,1943,1,0
136028,2,stairs,-71,-33,-12,-308,197,-1840,996,1876,1,0
136056,2,stairs,-47,-33,-7,-298,231,-1761,996,1800,1,0
136084,2,stairs,-21,-31,-3,-261,240,-1670,996,1708,1,0
136111,2,stairs,5,-27,2,-222,235,-1575,996,1608,1,0
136138,2,stairs,19,-20,5,-194,228,-1471,996,1502,1,0
136165,2,stairs,26,-16,7,-181,228,-1356,997,1387,1,0
136192,2,stairs,32,-16,8,-170,235,-1232,997,1266,1,0
136219,2,stairs,42,-19,9,-157,243,-1108,998,1145,1,0
136246,2,stairs,58,-23,9,-135,243,-995,997,1033,1,0
136273,2,stairs,76,-33,9,-103,241,-899,997,936,1,0
136300,2,stairs,89,-47,7,-71,230,-818,997,852,1,0
136327,2,stairs,100,-54,6,-39,213,-743,997,774,1,0
136354,2,stairs,108,-59,6,-11,196,-677,997,705,1,0
136381,2,stairs,115,-61,5,8,170,-613,997,636,1,0
136408,2,stairs,121,-57,6,33,141,-544,998,563,1,0
136435,2,stairs,120,-49,7,69,117,-475,998,494,1,0
136462,2,stairs,120,-43,8,101,98,-403,998,427,1,0
136498,2,stairs,118,-36,9,125,70,-318,998,349,1,0
136525,2,stairs,98,-31,9,128,52,-223,998,263,1,0
136552,2,stairs,92,-29,9,101,32,-123,998,162,1,0
136579,2,stairs,100,-26,9,53,17,-23,998,60,1,0
136605,2,stairs,117,-23,10,-7,14,63,998,65,1,0
136631,2,stairs,119,-30,9,-70,45,114,998,141,1,0
136658,2,stairs,109,-43,6,-102,84,145,998,196,1,0
136685,2,stairs,89,-59,2,-82,148,181,997,248,1,0
136712,2,stairs,65,-69,-1,-69,245,206,997,327,1,0
136739,2,stairs,34,-64,-3,-2,332,201,996,388,1,0
136766,2,stairs,-15,-67,-11,78,428,184,993,472,1,0
136793,2,stairs,-71,-63,-23,161,470,181,989,529,1,0
136820,2,stairs,-135,-50,-40,237,474,184,984,561,1,0
136847,2,stairs,-182,-32,-51,298,434,192,983,561,1,0
136874,2,stairs,-199,-12,-51,307,359,197,986,512,1,0
136901,2,stairs,-190,9,-43,243,283,196,988,422,1,0
136928,2,stairs,-162,24,-31,136,204,183,990,306,1,0
136955,2,stairs,-141,34,-22,26,156,164,992,228,1,0
136982,2,stairs,-123,33,-16,-38,150,150,993,215,1,0
137009,2,stairs,-116,22,-14,-36,180,152,995,238,1,0
137036,2,stairs,-109,12,-12,34,215,156,996,268,1,0
137063,2,stairs,-102,4,-11,148,251,133,997,320,1,0
137090,2,stairs,-99,-3,-11,253,291,91,998,397,1,0
137117,2,stairs,-100,-8,-12,320,332,53,998,464,1,0
137144,2,stairs,-101,-8,-12,340,346,29,998,486,1,0
137171,2,stairs,-98,0,-10,326,317,11,999,455,1,0
137198,2,stairs,-97,21,-8,287,246,-17,998,379,1,0
137225,2,stairs,-92,46,-6,227,159,-63,997,284,1,0
137252,2,stairs,-94,63,-6,137,74,-134,997,205,1,0
137279,2,stairs,-99,65,-7,46,-2,-210,998,215,1,0
137306,2,stairs,-111,54,-11,-25,0,-263,997,264,1,0
137333,2,stairs,-109,29,-13,-60,80,-277,997,294,1,0
137360,2,stairs,-90,2,-12,-71,167,-311,996,360,1,0
137387,2,stairs,-77,-26,-14,-85,221,-411,995,474,1,0
137414,2,stairs,-85,-53,-21,-90,247,-538,995,599,1,0
137441,2,stairs,-108,-73,-32,-53,236,-624,994,669,1,0
137468,2,stairs,-136,-86,-45,4,202,-632,993,663,1,0
137495,2,stairs,-153,-91,-51,54,143,-583,994,603,1,0
137522,2,stairs,-145,-86,-46,74,70,-519,995,529,1,0
137549,2,stairs,-103,-83,-34,58,-9,-487,994,490,1,0
137576,2,stairs,-53,-84,-23,15,-75,-491,991,497,1,0
137603,2,stairs,-15,-82,-15,-30,-102,-515,991,526,1,0
137630,2,stairs,-7,-75,-10,-53,-87,-541,993,551,1,0
137657,2,stairs,-13,-73,-9,-57,-48,-552,994,557,1,0
137684,2,stairs,-29,-68,-11,-51,-3,-550,995,552,1,0
137711,2,stairs,-31,-56,-8,-42,17,-544,996,546,1,0
137738,2,stairs,-22,-44,-4,-54,23,-548,997,551,1,0
137765,2,stairs,-4,-36,1,-85,16,-559,997,565,1,0
137792,2,stairs,17,-34,5,-117,12,-567,997,579,1,0
137819,2,stairs,46,-31,9,-125,7,-565,996,579,1,0
137846,2,stairs,69,-26,12,-108,16,-551,996,562,1,0
137873,2,stairs,90,-25,14,-78,24,-520,995,526,1,0
137900,2,stairs,107,-20,16,-41,15,-474,996,476,1,0
137927,2,stairs,115,-10,19,-4,-13,-430,996,430,1,0
137954,2,stairs,107,-2,20,18,-47,-391,997,394,1,0
137981,2,stairs,89,0,19,40,-95,-346,997,361,1,0
138008,2,stairs,67,1,16,75,-126,-286,997,321,1,0
138035,2,stairs,47,1,14,105,-121,-217,997,269,1,0
138062,2,stairs,44,2,14,136,-110,-154,997,233,1,0
138089,2,stairs,36,5,13,175,-61,-106,997,214,1,0
138116,2,stairs,26,5,12,200,10,-69,998,212,1,0
138143,2,stairs,9,11,10,205,66,-35,997,218,1,0
138170,2,stairs,-24,24,4,207,106,5,996,233,1,0
138197,2,stairs,-62,44,-4,202,133,50,993,247,1,0
138233,2,stairs,-100,69,-14,173,157,96,991,252,1,0
138260,2,stairs,-99,76,-11,115,154,133,993,234,1,0
138287,2,stairs,-80,68,-6,52,141,150,994,213,1,0
138314,2,stairs,-46,58,1,15,117,145,994,186,1,0
138341,2,stairs,-9,49,7,6,99,125,993,160,1,0
138367,2,stairs,7,40,10,9,107,99,994,146,1,0
138393,2,stairs,11,34,11,29,111,84,995,142,1,0
138419,2,stairs,-2,36,10,57,118,91,996,159,1,0
138446,2,stairs,-13,44,9,75,115,104,997,172,1,0
138473,2,stairs,-16,50,9,76,109,112,997,173,1,0
138499,2,stairs,-7,54,11,75,99,111,998,167,1,0
138525,2,stairs,13,56,14,84,84,97,997,154,1,0
138551,2,stairs,31,60,17,108,64,68,997,143,1,0
138577,2,stairs,35,65,18,149,50,39,997,162,1,0
138603,2,stairs,26,72,17,196,42,23,997,202,1,0
138629,2,stairs,11,80,15,227,21,16,997,229,1,0
138655,2,stairs,1,84,13,215,-29,11,998,217,1,0
138682,2,stairs,-5,84,13,154,-106,-1,998,187,1,0
138709,2,stairs,-7,82,12,61,-179,-20,998,191,1,0
138736,2,stairs,-15,76,10,-11,-172,-35,998,176,1,0
138763,2,stairs,-13,56,9,-41,-72,-34,998,90,1,0
138790,2,stairs,-3,31,8,-36,62,-40,997,82,1,0
138816,2,stairs,11,4,7,-15,180,-74,996,195,1,0
138843,2,stairs,0,-21,1,6,263,-116,996,287,1,0
138870,2,stairs,-25,-39,-7,24,301,-132,995,330,1,0
138897,2,stairs,-54,-48,-15,40,300,-116,994,324,1,0
138924,2,stairs,-74,-48,-20,49,259,-67,995,272,1,0
138951,2,stairs,-83,-43,-21,26,207,-13,996,209,1,0
138978,2,stairs,-60,-44,-15,-28,133,21,996,137,1,0
139005,2,stairs,-29,-47,-9,-79,59,36,995,105,1,0
139032,2,stairs,-5,-52,-5,-112,9,44,996,120,1,0
139059,2,stairs,4,-54,-3,-114,-13,50,997,125,1,0
139086,2,stairs,3,-52,-2,-91,-28,53,997,109,1,0
139113,2,stairs,-2,-46,-1,-71,-39,51,998,96,1,0
139140,2,stairs,-5,-40,0,-67,-59,47,998,101,1,0
139167,2,stairs,5,-33,3,-80,-80,37,998,119,1,0
139194,2,stairs,22,-30,5,-103,-88,22,998,137,1,0
139221,2,stairs,43,-30,8,-126,-83,8,998,151,1,0
139248,2,stairs,67,-28,10,-132,-57,-2,997,144,1,0
139275,2,stairs,82,-27,12,-117,-19,-5,997,119,1,0
139302,2,stairs,88,-29,12,-92,27,5,998,96,1,0
139328,2,stairs,92,-30,12,-61,57,23,998,86,1,0
139354,2,stairs,97,-27,13,-29,60,37,998,76,1,0
139380,2,stairs,93,-24,13,-18,50,39,998,66,1,0
139406,2,stairs,75,-19,12,-19,34,41,998,57,1,0
139432,2,stairs,49,-12,10,-14,24,58,997,64,1,0
139458,2,stairs,29,-3,8,-3,20,93,997,95,1,0
139484,2,stairs,25,4,9,20,8,136,997,138,1,0
139510,2,stairs,26,3,9,34,17,176,997,180,1,0
139536,2,stairs,30,-1,9,58,47,198,998,211,1,0
139563,2,stairs,14,-8,5,95,99,205,997,247,1,0
139589,2,stairs,-19,-11,-2,133,139,197,996,275,1,0
139616,2,stairs,-44,-3,-6,162,137,180,996,278,1,0
139643,2,stairs,-91,16,-19,178,121,165,992,271,1,0
139670,2,stairs,-131,40,-30,163,99,170,990,256,1,0
139697,2,stairs,-155,62,-36,118,82,193,990,241,1,0
139724,2,stairs,-152,76,-32,63,65,220,992,238,1,0
139751,2,stairs,-122,82,-22,18,66,223,993,233,1,0
139778,2,stairs,-88,77,-12,-10,87,207,993,225,1,0
139805,2,stairs,-55,69,-4,-3,117,176,993,212,1,0
139832,2,stairs,-34,59,1,33,148,154,994,216,1,0
139858,2,stairs,-31,53,3,69,178,152,996,244,1,0
139885,2,stairs,-39,58,2,87,197,167,997,272,1,0
139912,2,stairs,-46,65,2,82,201,178,997,281,1,0
139947,2,stairs,-53,68,0,52,186,174,998,260,1,0
139974,2,stairs,-49,64,1,26,154,156,998,221,1,0
140000,2,stairs,-34,59,4,20,111,132,998,174,1,0
140026,2,stairs,-16,53,7,41,60,109,998,131,1,0
140052,2,stairs,-4,52,9,79,7,91,998,121,1,0
140078,2,stairs,1,63,11,121,-36,75,998,147,1,0
140104,2,stairs,2,78,11,139,-62,58,997,163,1,0
140130,2,stairs,8,86,12,116,-96,38,998,155,1,0
140156,2,stairs,23,86,14,55,-145,23,998,157,1,0
140183,2,stairs,21,81,14,-34,-192,-1,998,195,1,0
140210,2,stairs,16,75,13,-111,-221,-29,998,249,1,0
140237,2,stairs,1,61,9,-154,-201,-44,997,257,1,0
140264,2,stairs,-8,45,7,-159,-141,-48,997,218,1,0
140291,2,stairs,-11,27,5,-140,-24,-61,997,154,1,0
140318,2,stairs,-10,3,2,-115,89,-78,997,165,1,0
140345,2,stairs,-17,-21,-2,-93,176,-90,996,218,1,0
140372,2,stairs,-31,-39,-8,-77,222,-84,996,250,1,0
140399,2,stairs,-59,-60,-19,-75,234,-63,994,254,1,0
140426,2,stairs,-84,-77,-30,-67,198,-27,994,210,1,0
140453,2,stairs,-93,-82,-32,-47,109,17,995,119,1,0
140480,2,stairs,-77,-77,-26,-32,0,54,996,63,1,0
140507,2,stairs,-46,-67,-17,-33,-86,86,995,126,1,0
140534,2,stairs,-21,-61,-10,-63,-122,108,995,175,1,0
140561,2,stairs,-7,-65,-7,-104,-124,118,996,200,1,0
140588,2,stairs,3,-71,-6,-132,-124,122,997,218,1,0
140615,2,stairs,13,-71,-3,-137,-134,121,997,227,1,0
140642,2,stairs,27,-64,0,-132,-144,109,998,224,1,0
140669,2,stairs,42,-57,4,-128,-148,93,998,217,1,0
140696,2,stairs,56,-51,7,-127,-134,75,998,199,1,0
140723,2,stairs,59,-48,8,-124,-95,62,998,168,1,0
140750,2,stairs,56,-47,8,-114,-45,66,998,139,1,0
140777,2,stairs,53,-46,8,-86,-4,96,999,129,1,0
140804,2,stairs,59,-43,9,-53,13,142,999,152,1,0
140831,2,stairs,71,-38,11,-23,15,193,999,195,1,0
140858,2,stairs,83,-34,12,-12,16,227,998,227,1,0
140885,2,stairs,84,-34,12,-23,12,236,999,238,1,0
140912,2,stairs,75,-39,10,-57,-15,228,999,235,1,0
140939,2,stairs,59,-43,8,-97,-81,208,998,243,1,0
140966,2,stairs,47,-41,6,-98,-147,191,998,260,1,0
140993,2,stairs,46,-41,6,-63,-150,179,998,242,1,0
141020,2,stairs,38,-36,6,-6,-115,172,998,208,1,0
141047,2,stairs,29,-31,5,59,-59,160,998,180,1,0
141074,2,stairs,6,-26,2,118,13,135,998,180,1,0
141101,2,stairs,-23,-18,-4,157,70,117,997,207,1,0
141128,2,stairs,-67,-3,-15,169,126,122,993,244,1,0
141155,2,stairs,-106,19,-25,162,160,150,991,272,1,0
141182,2,stairs,-126,37,-29,126,159,183,992,273,1,0
141209,2,stairs,-122,45,-25,63,125,203,994,247,1,0
141236,2,stairs,-94,47,-16,-11,64,196,994,206,1,0
141263,2,stairs,-53,41,-7,-75,-6,156,993,173,1,0
141290,2,stairs,-18,28,-1,-116,-58,112,992,171,1,0
141317,2,stairs,-4,15,2,-121,-68,96,994,168,1,0
141344,2,stairs,-10,7,1,-100,-36,108,995,151,1,0
141371,2,stairs,-24,1,-1,-74,15,117,996,139,1,0
141398,2,stairs,-32,-8,-4,-63,64,98,997,133,1,0
141425,2,stairs,-29,-18,-4,-60,109,48,997,133,1,0
141452,2,stairs,-19,-32,-4,-59,161,-29,998,174,1,0
141479,2,stairs,-11,-44,-4,-38,209,-108,998,239,1,0
141506,2,stairs,-6,-45,-3,6,238,-171,998,293,1,0
141533,2,stairs,-4,-30,0,55,236,-224,998,330,1,0
141560,2,stairs,-7,-4,2,96,224,-273,997,367,1,0
141587,2,stairs,-7,23,4,119,202,-319,996,396,1,0
141614,2,stairs,-7,46,6,118,166,-350,996,405,1,0
141641,2,stairs,-5,65,7,104,109,-366,996,396,1,0
141676,2,stairs,-3,75,9,81,45,-358,997,370,1,0
141703,2,stairs,1,76,10,51,-6,-331,997,335,1,0
141730,2,stairs,3,66,10,24,-26,-303,997,306,1,0
141757,2,stairs,1,51,9,14,-27,-299,997,300,1,0
141784,2,stairs,-5,39,7,35,9,-318,997,320,1,0
141811,2,stairs,-9,23,4,72,84,-355,997,372,1,0
141838,2,stairs,-22,6,-1,111,179,-399,997,451,1,0
141865,2,stairs,-37,-18,-8,144,245,-427,996,513,1,0
141892,2,stairs,-53,-44,-17,167,234,-437,995,523,1,0
141919,2,stairs,-62,-66,-24,179,145,-416,995,476,1,0
141946,2,stairs,-68,-77,-26,187,15,-360,996,406,1,0
141973,2,stairs,-63,-80,-25,178,-105,-288,997,354,1,0
142000,2,stairs,-49,-78,-20,136,-184,-216,997,315,1,0
142027,2,stairs,-31,-77,-16,70,-227,-161,997,287,1,0
142054,2,stairs,-18,-79,-13,-3,-232,-128,998,265,1,0
142081,2,stairs,-5,-81,-10,-51,-217,-110,998,249,1,0
142108,2,stairs,1,-81,-9,-61,-177,-107,998,215,1,0
142135,2,stairs,10,-79,-7,-46,-124,-115,999,175,1,0
142162,2,stairs,20,-72,-4,-27,-70,-140,999,159,1,0
142189,2,stairs,29,-62,0,-15,-21,-181,999,183,1,0
142216,2,stairs,34,-54,2,-13,33,-225,999,228,1,0
142243,2,stairs,40,-44,5,-6,76,-265,999,276,1,0
142270,2,stairs,49,-31,8,6,102,-298,999,315,1,0
142297,2,stairs,52,-23,10,18,102,-325,999,341,1,0
142324,2,stairs,54,-14,12,43,78,-337,999,349,1,0
142351,2,stairs,55,-4,13,83,40,-328,999,341,1,0
142378,2,stairs,65,7,15,112,-1,-305,998,325,1,0
142405,2,stairs,84,14,17,114,-40,-274,998,300,1,0
142432,2,stairs,93,19,19,91,-73,-248,998,274,1,0
142459,2,stairs,84,18,18,47,-95,-236,998,259,1,0
142486,2,stairs,58,13,13,7,-120,-228,997,258,1,0
142513,2,stairs,53,18,13,-8,-154,-216,997,265,1,0
142540,2,stairs,53,29,15,-9,-176,-200,997,267,1,0
142567,2,stairs,68,30,17,-33,-195,-184,997,270,1,0
142594,2,stairs,84,20,17,-77,-222,-166,997,288,1,0
142621,2,stairs,88,4,15,-120,-262,-144,997,323,1,0
142648,2,stairs,82,-10,13,-159,-288,-123,997,351,1,0
142675,2,stairs,72,-22,10,-189,-270,-103,997,345,1,0
142702,2,stairs,58,-28,7,-184,-219,-97,997,302,1,0
142729,2,stairs,47,-32,5,-144,-138,-99,997,223,1,0
142756,2,stairs,27,-32,2,-103,-43,-106,997,154,1,0
142783,2,stairs,-5,-30,-4,-94,21,-132,996,164,1,0
142810,2,stairs,-39,-32,-12,-127,28,-192,995,232,1,0
142837,2,stairs,-72,-25,-19,-138,9,-239,994,276,1,0
142864,2,stairs,-89,-9,-21,-114,-28,-247,994,273,1,0
142891,2,stairs,-94,12,-19,-71,-23,-231,995,243,1,0
142918,2,stairs,-91,27,-16,-17,3,-223,996,224,1,0
142945,2,stairs,-72,32,-10,24,39,-243,996,248,1,0
142972,2,stairs,-51,26,-5,41,91,-290,996,307,1,0
142999,2,stairs,-36,16,-3,52,148,-359,996,391,1,0
143026,2,stairs,-33,3,-3,63,191,-436,997,480,1,0
143053,2,stairs,-39,-3,-5,90,217,-501,997,553,1,0
143080,2,stairs,-47,-4,-7,122,222,-540,998,596,1,0
143107,2,stairs,-39,-2,-4,138,207,-555,998,609,1,0
143134,2,stairs,-28,2,-1,130,183,-558,999,601,1,0
143161,2,stairs,-16,11,3,106,155,-567,999,597,1,0
143188,2,stairs,-4,20,6,78,137,-594,999,615,1,0
143215,2,stairs,6,28,9,54,132,-629,999,645,1,0
143242,2,stairs,15,34,11,38,142,-648,999,665,1,0
143269,2,stairs,26,31,12,14,153,-649,999,667,1,0
143296,2,stairs,32,28,13,-10,156,-648,999,666,1,0
143323,2,stairs,28,25,12,-26,149,-656,999,673,1,0
143350,2,stairs,17,20,9,-34,130,-675,998,688,1,0
143377,2,stairs,11,20,8,-33,85,-718,998,724,1,0
143412,2,stairs,2,25,7,-17,49,-789,998,791,1,0
143439,2,stairs,3,25,7,-3,47,-860,998,861,1,0
143466,2,stairs,11,16,7,7,68,-893,998,895,1,0
143492,2,stairs,13,12,7,19,104,-873,998,879,1,0
143519,2,stairs,12,18,7,39,135,-840,998,851,1,0
143546,2,stairs,4,19,6,60,172,-824,998,844,1,0
143573,2,stairs,-8,9,2,80,217,-814,998,846,1,0
143600,2,stairs,-15,-7,-1,108,245,-795,998,838,1,0
143627,2,stairs,-10,-23,-3,139,225,-770,997,814,1,0
143654,2,stairs,4,-38,-3,155,153,-739,997,771,1,0
143681,2,stairs,19,-45,-2,154,67,-703,997,722,1,0
143708,2,stairs,27,-41,0,147,13,-677,997,692,1,0
143735,2,stairs,38,-38,2,141,-6,-666,998,681,1,0
143762,2,stairs,43,-39,3,148,1,-659,998,676,1,0
143789,2,stairs,50,-41,4,171,-3,-650,998,672,1,0
143816,2,stairs,56,-40,5,200,-30,-644,998,675,1,0
143843,2,stairs,63,-35,6,223,-80,-638,998,681,1,0
143870,2,stairs,69,-34,7,224,-135,-624,998,677,1,0
143897,2,stairs,78,-27,9,207,-197,-598,998,663,1,0
143924,2,stairs,98,-18,12,177,-257,-571,998,651,1,0
143951,2,stairs,113,-6,14,150,-294,-540,998,633,1,0
143978,2,stairs,133,3,15,129,-303,-500,997,599,1,0
144005,2,stairs,140,7,16,108,-286,-450,997,544,1,0
144032,2,stairs,135,9,16,99,-265,-391,998,483,1,0
144059,2,stairs,127,9,16,91,-263,-350,998,447,1,0
144086,2,stairs,128,10,16,98,-309,-345,998,474,1,0
144113,2,stairs,119,12,16,127,-361,-359,998,524,1,0
144140,2,stairs,103,18,16,193,-364,-373,998,556,1,0
144167,2,stairs,84,13,14,273,-291,-378,998,550,1,0
144194,2,stairs,68,11,13,340,-188,-385,998,547,1,0
144221,2,stairs,52,9,11,357,-72,-410,998,548,1,0
144248,2,stairs,27,4,7,328,13,-417,997,531,1,0
144275,2,stairs,-7,3,0,294,60,-389,996,491,1,0
144302,2,stairs,-58,16,-11,273,85,-348,992,450,1,0
144329,2,stairs,-90,38,-17,233,89,-337,991,419,1,0
144356,2,stairs,-93,56,-15,174,113,-380,992,434,1,0
144383,2,stairs,-72,57,-9,95,150,-469,993,501,1,0
144410,2,stairs,-48,42,-4,28,195,-562,994,596,1,0
144437,2,stairs,-28,23,-2,11,220,-633,994,670,1,0
144464,2,stairs,-15,18,1,46,212,-699,995,732,1,0
144491,2,stairs,-14,19,2,98,186,-770,996,798,1,0
144518,2,stairs,-20,28,3,124,154,-848,997,871,1,0
144545,2,stairs,-25,41,3,123,122,-940,997,956,1,0
144572,2,stairs,-24,53,4,104,89,-1043,997,1052,1,0
144599,2,stairs,-19,61,6,85,58,-1148,998,1153,1,0
144626,2,stairs,-16,67,7,75,27,-1242,998,1245,1,0
144653,2,stairs,-15,75,8,77,-2,-1322,998,1324,1,0
144680,2,stairs,-17,83,8,79,-26,-1407,998,1410,1,0
144707,2,stairs,-27,89,6,85,-36,-1502,998,1505,1,0
144734,2,stairs,-38,95,4,108,-28,-1588,998,1592,1,0
144761,2,stairs,-35,83,4,109,-27,-1640,998,1644,1,0
144788,2,stairs,-26,68,5,104,-56,-1636,998,1640,1,0
144815,2,stairs,-16,57,6,93,-91,-1623,998,1628,1,0
144842,2,stairs,-16,34,4,52,-59,-1625,997,1627,1,0
144869,2,stairs,-24,0,-3,-1,15,-1618,996,1618,1,0
144896,2,stairs,-25,-36,-9,-35,89,-1590,994,1593,1,0
144923,2,stairs,-19,-61,-12,-50,140,-1580,995,1587,1,0
144950,2,stairs,8,-71,-10,-68,153,-1584,995,1593,1,0
144977,2,stairs,21,-67,-6,-103,192,-1595,995,1609,1,0
145004,2,stairs,30,-52,-2,-144,246,-1609,995,1634,1,0
145031,2,stairs,32,-39,1,-176,294,-1613,996,1649,1,0
145058,2,stairs,22,-23,2,-170,305,-1589,996,1627,1,0
145085,2,stairs,26,-16,4,-130,235,-1548,997,1572,1,0
145112,2,stairs,28,-5,7,-72,177,-1500,997,1512,1,0
145148,2,stairs,55,3,10,-65,118,-1432,996,1438,1,0
145175,2,stairs,82,9,12,-66,68,-1354,996,1357,1,0
145202,2,stairs,98,12,13,-59,30,-1276,996,1278,1,0
145229,2,stairs,98,17,14,-26,-8,-1191,996,1191,1,0
145256,2,stairs,106,25,15,18,-86,-1109,997,1113,1,0
145283,2,stairs,112,28,16,44,-162,-1029,997,1042,1,0
145310,2,stairs,105,33,16,78,-229,-939,997,970,1,0
145337,2,stairs,87,40,16,113,-271,-844,997,893,1,0
145364,2,stairs,75,40,15,117,-289,-771,998,831,1,0
145391,2,stairs,75,33,15,116,-332,-714,998,796,1,0
145418,2,stairs,73,26,14,131,-363,-630,998,739,1,0
145445,2,stairs,79,17,14,120,-323,-505,998,612,1,0
145472,2,stairs,63,11,12,74,-236,-371,998,446,1,0
145499,2,stairs,26,4,5,38,-149,-266,996,307,1,0
145526,2,stairs,-17,9,-2,22,-67,-187,994,200,1,0
145553,2,stairs,-44,18,-5,1,-8,-138,994,138,1,0
145579,2,stairs,-38,34,-2,-38,30,-149,994,157,1,0
145606,2,stairs,2,35,3,-87,89,-206,993,241,1,0
145633,2,stairs,39,19,5,-113,161,-261,992,327,1,0
145660,2,stairs,56,1,5,-97,236,-290,993,386,1,0
145687,2,stairs,41,-2,5,-33,311,-272,995,414,1,0
145714,2,stairs,20,10,5,29,361,-247,995,438,1,0
145741,2,stairs,12,21,6,61,382,-245,996,458,1,0
145768,2,stairs,5,24,6,85,378,-250,996,461,1,0
145795,2,stairs,7,28,6,102,345,-251,997,439,1,0
145822,2,stairs,17,40,9,123,294,-250,997,405,1,0
145849,2,stairs,23,50,10,118,234,-272,997,378,1,0
145876,2,stairs,32,47,11,102,170,-322,997,378,1,0
145903,2,stairs,22,44,10,71,109,-377,998,399,1,0
145930,2,stairs,6,40,8,42,69,-390,998,398,1,0
145957,2,stairs,-6,42,6,47,47,-368,998,374,1,0
145984,2,stairs,-2,44,7,19,62,-385,998,391,1,0
146011,2,stairs,-8,30,5,-66,152,-471,998,500,1,0
146038,2,stairs,-32,10,-1,-121,297,-554,997,640,1,0
146065,2,stairs,-51,-8,-8,-133,422,-614,996,757,1,0
146092,2,stairs,-99,-17,-22,-123,481,-670,993,834,1,0
146119,2,stairs,-106,-77,-39,-177,406,-662,988,797,1,0
146146,2,stairs,-92,-101,-39,-212,279,-619,989,711,1,0
146174,2,stairs,-72,-124,-38,-258,187,-564,990,648,1,0
146201,2,stairs,-56,-133,-36,-282,158,-513,992,607,1,0
146228,2,stairs,-33,-144,-33,-294,167,-471,993,580,1,0
146255,2,stairs,-23,-148,-31,-289,178,-435,994,552,1,0
146282,2,stairs,-16,-147,-29,-263,174,-404,996,513,1,0
146309,2,stairs,-20,-140,-27,-221,174,-371,997,466,1,0
146336,2,stairs,-33,-114,-23,-172,167,-333,996,410,1,0
146363,2,stairs,-39,-92,-19,-147,160,-287,996,360,1,0
146390,2,stairs,-25,-79,-13,-131,125,-232,997,295,1,0
146417,2,stairs,1,-75,-9,-98,98,-171,996,220,1,0
146443,2,stairs,29,-76,-6,-66,56,-116,996,145,1,0
146470,2,stairs,47,-72,-3,-8,37,-58,996,69,1,0
146496,2,stairs,51,-60,0,81,5,17,996,83,1,0
146522,2,stairs,51,-45,3,155,-77,74,997,189,1,0
146549,2,stairs,52,-34,5,192,-177,110,997,283,1,0
146576,2,stairs,43,-28,6,218,-266,146,997,374,1,0
146603,2,stairs,31,-28,4,231,-315,179,997,429,1,0
146630,2,stairs,30,-36,3,206,-339,207,997,448,1,0
146657,2,stairs,33,-45,2,164,-298,226,997,409,1,0
146684,2,stairs,35,-52,0,128,-231,228,998,349,1,0
146711,2,stairs,36,-58,0,111,-161,213,998,290,1,0
146738,2,stairs,19,-59,-3,123,-83,199,998,248,1,0
146765,2,stairs,-15,-50,-8,163,-22,198,996,257,1,0
146792,2,stairs,-46,-33,-11,187,13,201,995,275,1,0
146819,2,stairs,-66,-15,-12,162,33,196,995,256,1,0
146846,2,stairs,-67,-2,-9,106,53,177,996,213,1,0
146882,2,stairs,-59,7,-5,52,98,141,997,179,1,0
146909,2,stairs,-30,9,0,8,120,93,996,151,1,0
146935,2,stairs,-3,8,4,-19,157,35,996,162,1,0
146962,2,stairs,9,9,6,-21,196,-17,997,198,1,0
146989,2,stairs,18,11,8,-5,222,-59,998,229,1,0
147016,2,stairs,17,7,8,20,243,-90,998,260,1,0
147043,2,stairs,14,9,8,38,227,-107,998,254,1,0
147070,2,stairs,14,20,9,38,198,-123,998,236,1,0
147097,2,stairs,19,24,10,45,164,-130,998,214,1,0
147124,2,stairs,23,29,11,71,131,-141,998,205,1,0
147151,2,stairs,20,41,12,81,89,-152,998,194,1,0
147178,2,stairs,7,54,11,67,62,-168,998,191,1,0
147205,2,stairs,-6,53,9,45,47,-189,998,200,1,0
147231,2,stairs,-17,47,7,13,59,-228,997,236,1,0
147258,2,stairs,-33,32,2,-43,128,-278,997,309,1,0
147285,2,stairs,-46,15,-3,-81,235,-318,996,404,1,0
147312,2,stairs,-46,-7,-6,-101,306,-350,997,476,1,0
147339,2,stairs,-47,-33,-11,-108,323,-360,996,496,1,0
147366,2,stairs,-55,-56,-18,-93,264,-338,996,439,1,0
147393,2,stairs,-63,-74,-23,-72,165,-307,996,356,1,0
147420,2,stairs,-62,-87,-26,-61,70,-289,996,304,1,0
147447,2,stairs,-37,-105,-26,-65,-5,-280,996,288,1,0
147474,2,stairs,-5,-106,-21,-64,-46,-264,995,276,1,0
147501,2,stairs,22,-94,-15,-66,-49,-249,995,262,1,0
147528,2,stairs,32,-79,-9,-79,-22,-238,996,252,1,0
147555,2,stairs,33,-72,-6,-96,13,-229,997,248,1,0
147582,2,stairs,28,-65,-5,-104,46,-217,997,246,1,0
147609,2,stairs,19,-56,-4,-106,63,-213,998,246,1,0
147636,2,stairs,16,-51,-3,-103,57,-219,998,248,1,0
147663,2,stairs,32,-46,0,-90,20,-240,998,257,1,0
147690,2,stairs,48,-42,2,-72,-28,-259,998,270,1,0
147717,2,stairs,63,-40,4,-50,-80,-260,998,277,1,0
147744,2,stairs,87,-42,4,-24,-130,-247,997,280,1,0
147771,2,stairs,106,-35,6,11,-176,-218,997,281,1,0
147798,2,stairs,119,-26,8,36,-212,-181,997,281,1,0
147825,2,stairs,122,-22,9,51,-241,-136,998,281,1,0
147852,2,stairs,108,-19,9,51,-255,-88,998,275,1,0
147879,2,stairs,86,-11,9,27,-240,-45,997,246,1,0
147906,2,stairs,74,0,10,10,-233,-6,997,233,1,0
147933,2,stairs,75,7,12,-2,-213,27,997,215,1,0
147960,2,stairs,80,11,12,15,-165,73,997,181,1,0
147987,2,stairs,70,17,13,44,-56,137,997,155,1,0
148014,2,stairs,40,25,11,51,60,206,997,221,1,0
148041,2,stairs,-1,30,5,58,162,277,994,326,1,0
148068,2,stairs,-43,36,-2,77,210,352,993,417,1,0
148095,2,stairs,-89,50,-12,108,220,423,990,489,1,0
148122,2,stairs,-107,64,-13,124,182,462,992,512,1,0
148149,2,stairs,-106,76,-10,124,140,469,994,504,1,0
148176,2,stairs,-88,76,-5,112,108,452,995,478,1,0
148203,2,stairs,-64,70,0,107,95,429,995,452,1,0
148229,2,stairs,-46,61,3,119,99,407,995,436,1,0
148256,2,stairs,-35,54,4,137,125,396,996,437,1,0
148283,2,stairs,-35,49,5,145,155,399,997,452,1,0
148310,2,stairs,-32,45,6,134,170,406,998,460,1,0
148337,2,stairs,-24,43,7,113,176,408,998,458,1,0
148364,2,stairs,-19,40,8,94,169,404,999,448,1,0
148391,2,stairs,-6,40,10,73,134,392,998,420,1,0
148418,2,stairs,9,45,12,49,93,373,998,388,1,0
148444,2,stairs,14,49,13,38,53,355,998,361,1,0
148470,2,stairs,15,57,13,54,5,334,998,338,1,0
148497,2,stairs,20,68,15,69,-46,291,998,303,1,0
148524,2,stairs,26,73,16,81,-94,233,998,264,1,0
148550,2,stairs,24,70,15,81,-143,173,998,239,1,0
148577,2,stairs,15,64,13,49,-158,128,998,209,1,0
148612,2,stairs,-2,56,10,-1,-67,79,998,104,1,0
148639,2,stairs,-21,35,5,-54,78,15,997,96,1,0
148666,2,stairs,-38,13,-1,-96,197,-40,996,223,1,0
148693,2,stairs,-56,-8,-8,-127,258,-75,996,297,1,0
148720,2,stairs,-78,-30,-18,-141,250,-86,995,300,1,0
148747,2,stairs,-89,-49,-24,-135,186,-76,995,243,1,0
148774,2,stairs,-89,-66,-27,-126,125,-60,995,187,1,0
148801,2,stairs,-82,-77,-27,-111,95,-42,996,152,1,0
148828,2,stairs,-67,-84,-25,-94,83,-33,997,130,1,0
148855,2,stairs,-52,-85,-21,-92,76,-30,997,123,1,0
148882,2,stairs,-33,-78,-16,-104,61,-27,997,124,1,0
148909,2,stairs,-14,-70,-11,-107,45,-22,997,119,1,0
148936,2,stairs,1,-62,-7,-90,43,-10,997,100,1,0
148962,2,stairs,5,-56,-5,-61,48,6,998,78,1,0
148988,2,stairs,9,-49,-2,-50,38,21,998,67,1,0
149014,2,stairs,12,-45,-1,-55,39,33,999,75,1,0
149040,2,stairs,12,-39,0,-52,30,49,999,78,1,0
149066,2,stairs,25,-32,3,-58,4,56,999,81,1,0
149092,2,stairs,37,-33,4,-75,-15,61,999,98,1,0
149118,2,stairs,48,-37,4,-86,-38,66,998,115,1,0
149145,2,stairs,55,-42,3,-86,-61,69,998,126,1,0
149172,2,stairs,60,-48,2,-78,-85,73,998,137,1,0
149199,2,stairs,64,-46,3,-65,-105,79,998,147,1,0
149226,2,stairs,67,-42,4,-42,-142,85,999,171,1,0
149253,2,stairs,64,-36,5,-13,-171,91,999,194,1,0
149280,2,stairs,52,-30,5,17,-189,110,999,219,1,0
149307,2,stairs,43,-19,6,74,-199,141,998,255,1,0
149334,2,stairs,34,-5,7,129,-167,165,998,268,1,0
149361,2,stairs,31,6,8,155,-127,160,998,257,1,0
149388,2,stairs,23,6,8,155,-74,153,998,230,1,0
149415,2,stairs,3,8,5,165,-44,179,998,248,1,0
149441,2,stairs,-26,22,1,184,-23,223,996,290,1,0
149468,2,stairs,-62,44,-5,184,-5,270,994,326,1,0
149495,2,stairs,-84,62,-8,161,-8,311,994,351,1,0
149522,2,stairs,-92,73,-8,129,-17,334,995,358,1,0
149549,2,stairs,-86,73,-6,100,-22,332,996,347,1,0
149576,2,stairs,-65,72,-1,105,-38,303,996,323,1,0
149603,2,stairs,-34,68,4,136,-51,254,995,292,1,0
149630,2,stairs,-7,57,7,167,-64,210,995,276,1,0
149657,2,stairs,12,46,9,173,-66,183,996,260,1,0
149684,2,stairs,19,43,11,172,-47,173,997,249,1,0
149711,2,stairs,22,45,12,171,-21,167,997,240,1,0
149738,2,stairs,23,49,13,157,15,162,998,226,1,0
149765,2,stairs,29,54,14,136,44,155,998,210,1,0
149791,2,stairs,35,57,15,121,68,137,999,195,1,0
149817,2,stairs,31,60,15,116,83,114,999,182,1,0
149844,2,stairs,31,70,16,116,72,91,999,164,1,0
149870,2,stairs,29,80,16,108,67,58,999,140,1,0
149896,2,stairs,20,88,15,102,64,19,999,122,1,0
149922,2,stairs,14,93,15,96,25,-23,999,102,1,0
149949,2,stairs,12,90,14,67,-36,-68,999,102,1,0
149976,2,stairs,6,79,12,36,-57,-99,998,120,1,0
150003,2,stairs,1,69,11,28,-50,-125,998,137,1,0
150030,2,stairs,2,57,10,2,-9,-171,998,171,1,0
150057,2,stairs,6,40,9,-38,48,-232,998,240,1,0
150084,2,stairs,0,21,6,-62,87,-265,998,286,1,0
150111,2,stairs,-12,6,2,-64,90,-259,997,282,1,0
150138,2,stairs,-25,-14,-3,-66,95,-233,997,260,1,0
150165,2,stairs,-41,-31,-9,-71,94,-191,996,225,1,0
150192,2,stairs,-57,-45,-15,-95,102,-152,996,207,1,0
150219,2,stairs,-49,-58,-15,-122,108,-124,997,204,1,0
150246,2,stairs,-31,-64,-13,-128,119,-110,997,206,1,0
150273,2,stairs,-8,-64,-10,-118,130,-112,997,208,1,0
150300,2,stairs,14,-60,-6,-107,128,-124,997,208,1,0
150335,2,stairs,21,-50,-3,-96,125,-130,997,204,1,0
150362,2,stairs,16,-38,-1,-85,116,-128,998,192,1,0
150389,2,stairs,14,-26,2,-74,94,-128,998,175,1,0
150416,2,stairs,15,-19,3,-69,82,-130,999,169,1,0
150443,2,stairs,19,-15,5,-62,67,-133,999,162,1,0
150470,2,stairs,26,-15,6,-55,56,-134,999,156,1,0
150497,2,stairs,36,-13,7,-50,36,-131,999,145,1,0
150524,2,stairs,49,-15,7,-52,16,-124,999,135,1,0
150551,2,stairs,57,-26,5,-50,-3,-106,998,117,1,0
150578,2,stairs,66,-34,4,-37,-38,-79,998,95,1,0
150604,2,stairs,71,-30,6,-33,-58,-56,998,87,1,0
150631,2,stairs,71,-27,6,-43,-94,-46,999,113,1,0
150658,2,stairs,66,-26,6,-27,-153,-25,999,157,1,0
150685,2,stairs,51,-22,5,13,-216,19,999,217,1,0
150712,2,stairs,35,-10,5,48,-252,65,998,264,1,0
150739,2,stairs,18,8,5,53,-209,101,997,238,1,0
150765,2,stairs,0,24,5,43,-106,116,997,163,1,0
150791,2,stairs,-18,29,3,41,-4,114,997,121,1,0
150817,2,stairs,-37,28,0,54,53,113,997,136,1,0
150844,2,stairs,-59,30,-5,91,54,136,996,173,1,0
150871,2,stairs,-78,38,-8,136,11,169,996,217,1,0
150898,2,stairs,-86,47,-8,153,-26,192,996,247,1,0
150925,2,stairs,-95,56,-9,145,-26,211,997,258,1,0
150952,2,stairs,-86,62,-6,127,-8,212,997,247,1,0
150979,2,stairs,-77,63,-4,101,44,183,998,214,1,0
151006,2,stairs,-57,56,-1,87,98,133,998,186,1,0
151033,2,stairs,-35,46,2,99,156,78,998,200,1,0
151060,2,stairs,-25,38,4,123,217,33,998,252,1,0
151087,2,stairs,-17,34,5,134,255,-2,998,289,1,0
151114,2,stairs,-18,31,4,135,295,-33,999,326,1,0
151141,2,stairs,-25,27,3,140,323,-62,999,358,1,0
151168,2,stairs,-28,24,2,148,318,-96,999,364,1,0
151195,2,stairs,-26,30,3,142,294,-140,999,355,1,0
151222,2,stairs,-29,39,4,118,260,-190,999,343,1,0
151249,2,stairs,-37,52,3,107,215,-235,999,336,1,0
151276,2,stairs,-39,69,3,108,146,-279,998,333,1,0
151303,2,stairs,-36,82,4,111,75,-315,998,342,1,0
151330,2,stairs,-36,93,4,120,5,-337,998,358,1,0
151357,2,stairs,-28,101,5,119,-74,-361,998,387,1,0
151384,2,stairs,-17,102,7,99,-133,-382,998,417,1,0
151411,2,stairs,-16,97,7,89,-169,-390,998,434,1,0
151438,2,stairs,-5,94,9,81,-231,-400,998,469,1,0
151465,2,stairs,10,88,10,57,-259,-422,998,499,1,0
151492,2,stairs,11,78,10,29,-250,-444,998,510,1,0
151519,2,stairs,14,68,10,-5,-221,-484,998,532,1,0
151546,2,stairs,9,51,8,-29,-141,-545,998,564,1,0
151573,2,stairs,-1,30,5,-27,-54,-618,997,621,1,0
151600,2,stairs,-17,7,-1,-17,25,-685,996,686,1,0
151627,2,stairs,-33,-17,-7,5,77,-722,996,726,1,0
151654,2,stairs,-51,-40,-14,31,112,-727,995,737,1,0
151681,2,stairs,-68,-54,-20,60,151,-707,995,725,1,0
151708,2,stairs,-83,-61,-24,69,183,-665,996,693,1,0
151735,2,stairs,-80,-66,-24,51,192,-624,997,655,1,0
151762,2,stairs,-71,-76,-23,22,196,-585,997,617,1,0
151789,2,stairs,-46,-78,-18,15,161,-544,997,567,1,0
151816,2,stairs,-22,-71,-13,21,129,-511,997,528,1,0
151843,2,stairs,-15,-63,-9,32,103,-482,997,494,1,0
151870,2,stairs,-12,-55,-7,39,45,-465,998,469,1,0
151897,2,stairs,-7,-52,-5,26,-21,-456,999,457,1,0
151924,2,stairs,-2,-50,-4,10,-79,-447,999,454,1,0
151951,2,stairs,7,-45,-2,-5,-123,-441,999,458,1,0
151978,2,stairs,27,-41,1,-27,-139,-447,998,469,1,0
152005,2,stairs,46,-39,4,-49,-121,-463,998,481,1,0
152032,2,stairs,59,-38,5,-62,-93,-481,998,494,1,0
152068,2,stairs,84,-34,7,-53,-83,-492,997,502,1,0
152095,2,stairs,104,-30,8,-26,-88,-496,997,504,1,0
152122,2,stairs,114,-27,9,14,-112,-488,997,501,1,0
152149,2,stairs,116,-23,10,60,-153,-462,997,490,1,0
152176,2,stairs,109,-16,10,113,-209,-420,998,483,1,0
152203,2,stairs,91,-12,10,161,-258,-385,998,490,1,0
152230,2,stairs,64,-8,8,190,-288,-365,997,503,1,0
152257,2,stairs,44,-1,8,211,-310,-371,997,527,1,0
152284,2,stairs,30,14,8,244,-311,-387,997,553,1,0
152311,2,stairs,25,26,9,245,-281,-411,998,555,1,0
152338,2,stairs,18,28,9,185,-226,-425,998,516,1,0
152365,2,stairs,2,25,6,105,-180,-415,998,465,1,0
152392,2,stairs,-34,29,-1,46,-150,-388,996,419,1,0
152419,2,stairs,-62,45,-6,16,-151,-377,995,407,1,0
152446,2,stairs,-74,66,-8,7,-130,-409,995,430,1,0
152473,2,stairs,-71,76,-6,-7,-97,-487,995,496,1,0
152500,2,stairs,-49,69,-1,-29,-66,-584,996,588,1,0
152527,2,stairs,-19,54,3,-34,-53,-662,995,665,1,0
152554,2,stairs,4,44,6,-17,-58,-713,995,715,1,0
152581,2,stairs,18,41,8,6,-74,-753,996,757,1,0
152608,2,stairs,23,40,9,15,-84,-794,997,798,1,0
152635,2,stairs,24,41,10,-3,-90,-852,998,857,1,0
152662,2,stairs,36,39,11,-43,-100,-933,998,939,1,0
152689,2,stairs,47,37,12,-68,-103,-1028,998,1035,1,0
152716,2,stairs,60,35,13,-62,-111,-1117,998,1124,1,0
152743,2,stairs,73,40,14,-28,-117,-1200,998,1206,1,0
152770,2,stairs,70,46,14,-6,-93,-1276,998,1279,1,0
152797,2,stairs,67,45,14,-12,-71,-1351,998,1353,1,0
152824,2,stairs,67,41,14,-27,-73,-1437,998,1439,1,0
152851,2,stairs,56,39,13,-29,-83,-1518,998,1521,1,0
152878,2,stairs,61,32,13,-46,-126,-1604,998,1610,1,0
152905,2,stairs,53,27,12,-91,-144,-1699,998,1707,1,0
152932,2,stairs,39,13,9,-131,-119,-1754,998,1763,1,0
152959,2,stairs,22,6,6,-142,-27,-1750,998,1756,1,0
152986,2,stairs,15,2,5,-131,113,-1738,998,1747,1,0
153013,2,stairs,7,-15,2,-142,245,-1749,998,1771,1,0
153040,2,stairs,-18,-33,-5,-168,313,-1747,996,1783,1,0
153068,2,stairs,-48,-44,-13,-184,293,-1737,996,1771,1,0
153096,2,stairs,-49,-44,-12,-208,182,-1718,997,1740,1,0
153124,2,stairs,-23,-40,-7,-262,72,-1715,996,1736,1,0
153151,2,stairs,16,-43,-4,-341,32,-1716,994,1750,1,0
153178,2,stairs,45,-61,-5,-420,60,-1710,994,1762,1,0
153205,2,stairs,50,-78,-7,-455,109,-1675,995,1739,1,0
153232,2,stairs,52,-84,-7,-432,150,-1621,996,1684,1,0
153259,2,stairs,54,-72,-4,-353,168,-1566,997,1614,1,0
153286,2,stairs,62,-50,0,-274,173,-1524,996,1558,1,0
153313,2,stairs,88,-26,4,-205,158,-1501,995,1523,1,0
153340,2,stairs,107,-14,7,-150,144,-1462,996,1477,1,0
153367,2,stairs,127,-14,7,-109,102,-1396,996,1404,1,0
153394,2,stairs,137,-12,7,-58,65,-1294,996,1297,1,0
153421,2,stairs,132,-6,8,-2,32,-1159,997,1159,1,0
153448,2,stairs,133,-5,8,36,-12,-1025,997,1025,1,0
153475,2,stairs,138,-6,8,77,-75,-917,997,923,1,0
153502,2,stairs,147,-10,7,131,-143,-858,997,880,1,0
153529,2,stairs,139,-7,8,205,-142,-827,998,864,1,0
153556,2,stairs,120,-11,7,278,-57,-807,997,855,1,0
153583,2,stairs,114,-24,6,325,40,-779,998,845,1,0
153610,2,stairs,101,-35,4,340,118,-738,997,821,1,0
153637,2,stairs,65,-35,2,326,166,-683,996,775,1,0
153664,2,stairs,17,-29,-3,295,174,-616,993,705,1,0
153691,2,stairs,-27,-12,-7,261,156,-550,991,629,1,0
153718,2,stairs,-67,15,-11,217,150,-526,989,589,1,0
153745,2,stairs,-65,31,-7,154,159,-546,991,589,1,0
153772,2,stairs,-44,28,-3,98,201,-574,992,616,1,0
153808,2,stairs,-28,18,-1,92,260,-585,993,646,1,0
153835,2,stairs,-15,14,1,112,289,-597,995,673,1,0
153862,2,stairs,-13,18,4,139,292,-619,996,698,1,0
153889,2,stairs,-18,30,5,141,274,-650,997,720,1,0
153916,2,stairs,-22,42,6,111,255,-692,997,746,1,0
153943,2,stairs,-17,51,7,58,224,-741,998,776,1,0
153970,2,stairs,-8,56,9,-2,179,-789,998,809,1,0
153997,2,stairs,-1,55,10,-50,140,-834,998,848,1,0
154024,2,stairs,-2,54,9,-60,117,-874,998,884,1,0
154051,2,stairs,-2,55,10,-33,109,-909,998,916,1,0
154078,2,stairs,1,59,10,-9,108,-946,998,952,1,0
154105,2,stairs,10,65,11,1,93,-994,998,999,1,0
154131,2,stairs,-5,80,9,2,78,-1043,998,1046,1,0
154157,2,stairs,-7,100,9,-29,66,-1084,997,1086,1,0
154184,2,stairs,-16,104,8,-110,73,-1119,997,1127,1,0
154211,2,stairs,-19,89,7,-204,82,-1139,997,1160,1,0
154238,2,stairs,-32,59,3,-244,135,-1132,996,1166,1,0
154265,2,stairs,-49,28,-2,-187,256,-1097,995,1142,1,0
154292,2,stairs,-52,-13,-8,-75,360,-1042,993,1105,1,0
154319,2,stairs,-44,-61,-16,37,397,-969,991,1048,1,0
154346,2,stairs,-28,-95,-21,145,334,-890,991,961,1,0
154373,2,stairs,-12,-100,-18,213,236,-817,992,876,1,0
154400,2,stairs,1,-89,-13,205,167,-764,994,808,1,0
154427,2,stairs,18,-76,-8,142,141,-713,994,740,1,0
154454,2,stairs,28,-62,-4,74,150,-650,995,672,1,0
154481,2,stairs,38,-52,-1,22,166,-588,996,611,1,0
154508,2,stairs,53,-47,1,4,172,-533,996,560,1,0
154535,2,stairs,55,-37,3,8,168,-491,997,519,1,0
154562,2,stairs,54,-23,5,19,153,-464,997,489,1,0
154589,2,stairs,49,-9,7,25,146,-439,997,464,1,0
154616,2,stairs,50,1,8,27,131,-404,998,426,1,0
154642,2,stairs,57,8,9,20,109,-361,998,378,1,0
154668,2,stairs,64,11,10,15,61,-318,998,325,1,0
154694,2,stairs,71,14,10,21,4,-275,998,276,1,0
154720,2,stairs,73,19,11,31,-40,-232,998,238,1,0
154747,2,stairs,78,22,11,42,-75,-188,998,207,1,0
154773,2,stairs,79,25,12,37,-101,-142,999,178,1,0
154800,2,stairs,78,21,11,-3,-127,-100,999,162,1,0
154827,2,stairs,69,11,10,-76,-154,-62,999,182,1,0
154854,2,stairs,51,-1,7,-168,-165,-24,998,237,1,0
154881,2,stairs,38,-19,4,-246,-136,9,997,281,1,0
154908,2,stairs,32,-40,0,-277,-58,29,997,284,1,0
154935,2,stairs,24,-56,-3,-245,52,21,997,251,1,0
154962,2,stairs,-4,-64,-8,-164,162,-6,996,230,1,0
154989,2,stairs,-51,-65,-16,-55,247,-10,993,253,1,0
155016,2,stairs,-110,-56,-29,54,315,2,988,320,1,0
155043,2,stairs,-153,-36,-37,133,337,29,987,363,1,0
155070,2,stairs,-168,-19,-37,148,320,42,989,355,1,0
155097,2,stairs,-155,-18,-31,98,277,28,992,295,1,0
155124,2,stairs,-125,-24,-23,31,213,-8,993,215,1,0
155151,2,stairs,-96,-29,-17,-18,154,-60,993,166,1,0
155178,2,stairs,-84,-29,-14,-20,129,-112,995,172,1,0
155205,2,stairs,-80,-24,-11,14,142,-153,996,209,1,0
155232,2,stairs,-76,-17,-9,58,169,-184,997,256,1,0
155259,2,stairs,-71,-8,-6,85,198,-207,997,299,1,0
155286,2,stairs,-59,2,-3,97,207,-234,998,327,1,0
155313,2,stairs,-49,10,0,101,206,-261,998,347,1,0
155340,2,stairs,-39,17,2,105,184,-278,998,349,1,0
155367,2,stairs,-28,25,4,115,143,-283,998,337,1,0
155394,2,stairs,-21,37,6,122,89,-292,998,329,1,0
155421,2,stairs,-17,45,8,90,46,-319,998,335,1,0
155448,2,stairs,-15,45,8,10,4,-374,998,374,1,0
155475,2,stairs,-22,39,6,-90,-19,-432,998,442,1,0
155502,2,stairs,-44,35,2,-183,25,-462,997,497,1,0
155538,2,stairs,-55,19,-2,-254,164,-427,997,523,1,0
155565,2,stairs,-56,-14,-7,-282,299,-386,996,564,1,0
155592,2,stairs,-57,-52,-15,-263,366,-356,994,574,1,0
155619,2,stairs,-77,-82,-26,-186,360,-331,993,523,1,0
155646,2,stairs,-108,-105,-40,-80,323,-279,991,434,1,0
155673,2,stairs,-121,-93,-39,24,281,-222,993,358,1,0
155700,2,stairs,-109,-92,-34,61,233,-173,994,296,1,0
155727,2,stairs,-78,-94,-28,49,171,-135,994,224,1,0
155754,2,stairs,-50,-96,-23,17,104,-117,994,157,1,0
155781,2,stairs,-34,-96,-19,-13,46,-118,995,127,1,0
155808,2,stairs,-31,-93,-17,-24,15,-123,996,126,1,0
155835,2,stairs,-33,-82,-14,-23,-1,-123,997,125,1,0
155862,2,stairs,-30,-68,-10,-24,-12,-123,998,126,1,0
155889,2,stairs,-17,-53,-5,-32,-22,-122,998,128,1,0
155916,2,stairs,-1,-39,-1,-48,-31,-118,998,131,1,0
155943,2,stairs,19,-31,3,-71,-37,-112,997,137,1,0
155970,2,stairs,43,-27,5,-94,-39,-102,997,144,1,0
155997,2,stairs,64,-25,7,-102,-44,-86,997,141,1,0
156024,2,stairs,75,-23,8,-105,-46,-58,997,128,1,0
156051,2,stairs,74,-27,8,-108,-74,-22,998,133,1,0
156078,2,stairs,57,-28,6,-91,-121,24,998,153,1,0
156105,2,stairs,34,-26,4,-46,-123,89,997,159,1,0
156132,2,stairs,30,-34,2,18,-66,156,997,171,1,0
156159,2,stairs,28,-40,1,89,28,197,997,219,1,0
156186,2,stairs,24,-46,0,157,109,188,998,268,1,0
156213,2,stairs,0,-47,-4,229,170,143,997,319,1,0
156240,2,stairs,-40,-34,-10,300,216,109,995,386,1,0
156267,2,stairs,-82,-11,-16,348,258,110,992,447,1,0
156294,2,stairs,-126,16,-26,350,296,138,989,479,1,0
156321,2,stairs,-144,36,-27,314,295,175,991,465,1,0
156348,2,stairs,-137,48,-22,246,241,189,993,393,1,0
156375,2,stairs,-103,50,-13,160,154,163,993,276,1,0
156402,2,stairs,-71,48,-5,102,80,116,993,174,1,0
156429,2,stairs,-55,44,-1,98,42,70,995,127,1,0
156456,2,stairs,-47,46,2,134,25,39,996,142,1,0
156482,2,stairs,-48,54,3,168,26,23,996,171,1,0
156508,2,stairs,-56,66,2,172,36,23,996,177,1,0
156534,2,stairs,-58,76,2,149,41,35,997,158,1,0
156560,2,stairs,-54,80,4,104,43,45,997,121,1,0
156586,2,stairs,-44,78,6,57,34,38,998,76,1,0
156612,2,stairs,-21,78,10,45,14,20,997,51,1,0
156638,2,stairs,-8,83,12,78,9,6,997,78,1,0
156664,2,stairs,-3,95,13,128,27,9,997,131,1,0
156690,2,stairs,0,111,14,168,63,25,998,181,1,0
156716,2,stairs,4,122,14,167,92,35,998,194,1,0
156742,2,stairs,18,123,16,114,79,28,998,141,1,0
156768,2,stairs,34,116,17,16,29,9,998,34,1,0
156794,2,stairs,34,104,17,-103,-22,-7,998,106,1,0
156821,2,stairs,26,94,16,-215,-27,-6,998,217,1,0
156848,2,stairs,10,75,12,-288,58,-5,997,294,1,0
156875,2,stairs,-7,46,7,-294,203,-7,996,357,1,0
156902,2,stairs,-19,9,0,-236,318,-8,994,396,1,0
156929,2,stairs,-41,-25,-9,-150,363,-15,993,393,1,0
156956,2,stairs,-64,-54,-20,-55,320,-5,992,325,1,0
156983,2,stairs,-85,-68,-26,29,218,33,993,223,1,0
157010,2,stairs,-84,-68,-24,72,102,78,994,147,1,0
157037,2,stairs,-60,-61,-17,66,-1,111,995,129,1,0
157064,2,stairs,-29,-55,-10,19,-60,131,995,146,1,0
157091,2,stairs,-10,-53,-6,-40,-74,145,996,168,1,0
157118,2,stairs,-2,-54,-4,-87,-70,155,996,191,1,0
157145,2,stairs,-4,-52,-3,-108,-68,161,997,205,1,0
157172,2,stairs,-9,-45,-2,-113,-78,163,998,214,1,0
157199,2,stairs,-6,-33,0,-123,-103,161,998,227,1,0
157226,2,stairs,7,-22,4,-143,-136,150,998,248,1,0
157262,2,stairs,30,-19,7,-185,-154,134,998,276,1,0
157289,2,stairs,51,-17,9,-226,-149,134,997,302,1,0
157316,2,stairs,70,-20,10,-263,-136,157,997,335,1,0
157343,2,stairs,94,-29,9,-274,-146,206,996,373,1,0
157370,2,stairs,111,-36,9,-252,-164,264,996,400,1,0
157397,2,stairs,100,-37,8,-203,-161,329,997,418,1,0
157424,2,stairs,83,-45,6,-125,-144,382,997,427,1,0
157451,2,stairs,60,-52,2,-6,-78,423,996,430,1,0
157478,2,stairs,32,-48,0,128,24,437,996,456,1,0
157505,2,stairs,11,-42,-2,231,129,420,996,496,1,0
157532,2,stairs,-18,-34,-5,313,205,367,995,524,1,0
157559,2,stairs,-55,-21,-11,379,242,328,994,556,1,0
157586,2,stairs,-90,1,-17,423,254,320,992,588,1,0
157613,2,stairs,-106,24,-18,415,260,337,993,595,1,0
157640,2,stairs,-120,45,-19,356,284,352,993,576,1,0
157667,2,stairs,-116,53,-16,270,303,344,995,533,1,0
157694,2,stairs,-109,53,-13,182,323,303,996,479,1,0
157721,2,stairs,-95,49,-9,118,332,241,997,427,1,0
157748,2,stairs,-80,42,-6,89,326,173,997,380,1,0
157775,2,stairs,-72,41,-4,84,302,113,998,333,1,0
157802,2,stairs,-69,49,-2,85,257,57,998,276,1,0
157829,2,stairs,-68,58,-1,84,195,8,998,212,1,0
157855,2,stairs,-66,65,0,76,123,-26,998,147,1,0
157882,2,stairs,-65,72,0,60,70,-42,998,101,1,0
157908,2,stairs,-62,81,1,42,28,-45,998,67,1,0
157934,2,stairs,-58,90,1,24,2,-49,998,55,1,0
157960,2,stairs,-52,93,3,-3,-30,-64,998,71,1,0
157987,2,stairs,-40,90,5,-44,-64,-88,998,118,1,0
158014,2,stairs,-29,81,7,-103,-101,-122,998,189,1,0
158041,2,stairs,-23,74,7,-164,-126,-160,998,262,1,0
158068,2,stairs,-31,63,5,-202,-117,-192,998,303,1,0
158095,2,stairs,-42,48,1,-190,-51,-207,998,286,1,0
158122,2,stairs,-50,29,-2,-148,56,-214,997,266,1,0
158149,2,stairs,-52,4,-5,-117,156,-231,997,302,1,0
158176,2,stairs,-62,-24,-12,-95,218,-238,996,336,1,0
158203,2,stairs,-110,-39,-32,-65,258,-195,991,331,1,0
158230,2,stairs,-128,-52,-39,-47,228,-119,992,261,1,0
158257,2,stairs,-125,-57,-37,-45,156,-17,994,163,1,0
158284,2,stairs,-99,-59,-30,-81,55,73,994,122,1,0
158311,2,stairs,-53,-65,-21,-149,-47,121,993,197,1,0
158338,2,stairs,-19,-74,-15,-215,-123,132,992,281,1,0
158365,2,stairs,-1,-81,-12,-247,-167,133,993,326,1,0
158392,2,stairs,0,-83,-10,-236,-187,139,995,331,1,0
158419,2,stairs,-2,-76,-9,-202,-201,145,996,320,1,0
158446,2,stairs,-8,-63,-7,-167,-205,150,996,304,1,0
158473,2,stairs,-10,-52,-5,-154,-207,151,997,298,1,0
158500,2,stairs,-6,-49,-3,-163,-204,143,997,298,1,0
158527,2,stairs,10,-56,-1,-184,-201,125,997,300,1,0
158554,2,stairs,30,-64,0,-198,-189,103,997,293,1,0
158581,2,stairs,58,-77,0,-207,-181,88,996,289,1,0
158608,2,stairs,85,-84,0,-201,-161,84,995,270,1,0
158635,2,stairs,100,-86,2,-193,-131,92,996,250,1,0
158662,2,stairs,117,-89,2,-182,-120,109,996,243,1,0
158689,2,stairs,112,-96,0,-160,-107,130,997,233,1,0
158716,2,stairs,94,-91,0,-81,-69,155,997,188,1,0
158743,2,stairs,73,-81,0,26,37,185,997,190,1,0
158770,2,stairs,55,-74,-1,112,168,195,996,281,1,0
158797,2,stairs,35,-73,-3,163,263,173,997,354,1,0
158824,2,stairs,12,-72,-7,194,291,105,996,365,1,0
158851,2,stairs,-26,-61,-13,221,268,51,994,351,1,0
158878,2,stairs,-61,-34,-17,244,221,36,992,332,1,0
158905,2,stairs,-93,3,-22,240,192,57,990,313,1,0
158932,2,stairs,-108,40,-22,196,173,80,990,274,1,0
158959,2,stairs,-100,64,-16,128,155,84,991,218,1,0
158995,2,stairs,-70,65,-7,60,143,50,992,163,1,0
159022,2,stairs,-46,58,-1,26,151,21,993,155,1,0
159049,2,stairs,-36,51,2,36,187,3,995,191,1,0
159075,2,stairs,-38,47,3,78,230,-2,996,243,1,0
159102,2,stairs,-44,43,2,116,264,4,997,288,1,0
159129,2,stairs,-51,40,0,117,279,18,997,303,1,0
159156,2,stairs,-52,43,1,95,262,31,998,280,1,0
159182,2,stairs,-50,49,2,61,226,30,999,236,1,0
159208,2,stairs,-47,58,3,40,172,27,999,178,1,0
159234,2,stairs,-48,66,4,52,114,43,999,133,1,0
159260,2,stairs,-49,82,3,106,60,80,998,146,1,0
159286,2,stairs,-44,97,5,156,14,108,998,190,1,0
159313,2,stairs,-39,93,6,139,-30,95,998,171,1,0
159340,2,stairs,-36,75,6,67,-88,42,998,119,1,0
159367,2,stairs,-39,55,3,-27,-132,-34,997,138,1,0
159394,2,stairs,-46,40,0,-91,-103,-93,998,166,1,0
159421,2,stairs,-46,18,-2,-101,-1,-123,997,160,1,0
159448,2,stairs,-40,-13,-6,-59,109,-141,996,188,1,0
159475,2,stairs,-42,-44,-13,16,172,-166,995,240,1,0
159502,2,stairs,-58,-66,-21,114,157,-197,995,277,1,0
159529,2,stairs,-85,-70,-30,217,92,-206,994,313,1,0
159556,2,stairs,-104,-64,-35,289,9,-185,995,343,1,0
159583,2,stairs,-95,-56,-29,308,-85,-143,996,350,1,0
159610,2,stairs,-51,-47,-18,263,-176,-108,994,334,1,0
159637,2,stairs,-13,-39,-8,183,-232,-93,993,310,1,0
159664,2,stairs,11,-37,-2,97,-243,-98,993,279,1,0
159691,2,stairs,8,-34,0,36,-209,-112,995,239,1,0
159718,2,stairs,-2,-29,0,4,-176,-132,996,220,1,0
159745,2,stairs,-11,-21,-1,-15,-160,-164,997,230,1,0
159772,2,stairs,-6,-15,2,-41,-167,-217,997,277,1,0
159799,2,stairs,13,-15,5,-68,-192,-287,997,352,1,0
159826,2,stairs,44,-21,9,-95,-216,-359,996,429,1,0
159853,2,stairs,69,-25,11,-122,-218,-425,996,493,1,0
159880,2,stairs,83,-28,13,-151,-195,-485,997,544,1,0
159907,2,stairs,102,-32,14,-189,-177,-536,997,595,1,0
159934,2,stairs,119,-35,15,-224,-166,-559,997,625,1,0
159961,2,stairs,131,-30,17,-242,-144,-556,997,623,1,0
159988,2,stairs,143,-20,18,-241,-121,-544,997,608,1,0
160015,2,stairs,141,-13,20,-229,-84,-537,997,590,1,0
160042,2,stairs,115,-14,18,-215,-46,-531,997,575,1,0
160069,2,stairs,93,-18,15,-172,-31,-521,997,549,1,0
160096,2,stairs,62,-17,11,-81,43,-521,996,529,1,0
160123,2,stairs,51,-25,9,5,174,-520,997,549,1,0
160150,2,stairs,46,-37,6,44,309,-536,997,620,1,0
160177,2,stairs,33,-55,0,33,392,-585,997,705,1,0
160204,2,stairs,-8,-72,-13,13,420,-649,994,773,1,0
160231,2,stairs,-62,-90,-34,-1,407,-682,989,794,1,0
160258,2,stairs,-105,-85,-46,21,370,-669,989,765,1,0
160285,2,stairs,-129,-77,-50,57,316,-662,990,736,1,0
160312,2,stairs,-122,-72,-45,99,234,-692,992,737,1,0
160339,2,stairs,-91,-66,-33,140,141,-779,992,804,1,0
160366,2,stairs,-65,-58,-24,179,70,-899,993,919,1,0
160393,2,stairs,-54,-53,-19,214,34,-1007,994,1030,1,0
160420,2,stairs,-59,-44,-17,255,12,-1075,995,1105,1,0
160447,2,stairs,-69,-30,-16,282,-3,-1111,996,1146,1,0
160474,2,stairs,-79,-12,-16,277,-18,-1122,996,1156,1,0
160501,2,stairs,-73,5,-11,241,-46,-1122,996,1148,1,0
160528,2,stairs,-62,24,-5,193,-65,-1123,997,1141,1,0
160555,2,stairs,-48,36,0,140,-75,-1135,997,1146,1,0
160582,2,stairs,-25,39,6,102,-74,-1160,997,1167,1,0
160609,2,stairs,-1,38,10,90,-70,-1189,997,1194,1,0
160636,2,stairs,24,41,15,94,-71,-1221,996,1227,1,0
160663,2,stairs,38,48,18,111,-71,-1253,997,1260,1,0
160690,2,stairs,42,59,20,135,-70,-1267,997,1276,1,0
160726,2,stairs,33,74,20,159,-61,-1242,997,1253,1,0
160753,2,stairs,31,81,20,165,-68,-1204,997,1218,1,0
160780,2,stairs,37,79,21,151,-103,-1182,997,1196,1,0
160807,2,stairs,53,71,22,125,-176,-1192,997,1212,1,0
160834,2,stairs,54,68,23,105,-251,-1231,998,1261,1,0
160861,2,stairs,56,66,23,86,-277,-1271,998,1304,1,0
160888,2,stairs,48,57,21,69,-233,-1278,998,1301,1,0
160915,2,stairs,44,33,17,58,-130,-1234,998,1242,1,0
160942,2,stairs,51,6,14,57,-27,-1182,997,1183,1,0
160969,2,stairs,60,-22,10,58,22,-1158,996,1160,1,0
160996,2,stairs,50,-45,5,69,10,-1154,996,1156,1,0
161023,2,stairs,25,-55,-2,97,-41,-1135,996,1140,1,0
161050,2,stairs,15,-50,-2,126,-101,-1084,996,1096,1,0
161077,2,stairs,23,-34,3,111,-122,-1023,997,1036,1,0
161104,2,stairs,68,-32,7,51,-135,-970,994,981,1,0
161131,2,stairs,107,-37,8,-15,-118,-935,993,942,1,0
161158,2,stairs,134,-46,8,-56,-86,-917,993,923,1,0
161185,2,stairs,145,-56,7,-63,-63,-915,994,919,1,0
161212,2,stairs,148,-60,7,-43,-64,-922,995,925,1,0
161239,2,stairs,155,-54,9,-14,-77,-932,996,935,1,0
161266,2,stairs,163,-42,12,-9,-97,-938,997,943,1,0
161293,2,stairs,178,-32,13,-33,-127,-938,997,947,1,0
161320,2,stairs,187,-25,14,-57,-156,-918,997,933,1,0
161347,2,stairs,189,-24,14,-62,-181,-879,997,900,1,0
161374,2,stairs,185,-21,14,-59,-205,-836,998,863,1,0
161401,2,stairs,183,-23,14,-87,-236,-800,998,839,1,0
161428,2,stairs,176,-27,13,-96,-258,-773,998,820,1,0
161455,2,stairs,163,-23,14,-62,-255,-748,998,792,1,0
161482,2,stairs,149,-13,15,-25,-187,-737,998,761,1,0
161509,2,stairs,124,-12,15,-6,-78,-752,998,756,1,0
161536,2,stairs,98,-27,11,11,34,-758,997,759,1,0
161563,2,stairs,62,-39,4,41,111,-727,995,737,1,0
161590,2,stairs,15,-36,-2,80,135,-676,993,694,1,0
161617,2,stairs,-20,-14,-4,122,134,-660,991,684,1,0
161644,2,stairs,-44,10,-4,134,161,-682,991,714,1,0
161671,2,stairs,-38,22,1,106,196,-719,993,752,1,0
161698,2,stairs,-8,19,5,52,242,-750,993,790,1,0
161725,2,stairs,15,14,8,18,284,-782,993,832,1,0
161752,2,stairs,16,24,10,20,309,-801,995,858,1,0
161779,2,stairs,11,40,12,42,301,-803,995,858,1,0
161806,2,stairs,3,56,13,57,276,-810,996,858,1,0
161833,2,stairs,2,64,14,37,236,-833,997,866,1,0
161860,2,stairs,13,65,16,3,189,-868,997,889,1,0
161886,2,stairs,27,59,17,-29,144,-912,997,924,1,0
161913,2,stairs,32,52,17,-48,114,-953,998,961,1,0
161940,2,stairs,23,47,16,-46,102,-988,998,994,1,0
161967,2,stairs,19,45,15,-43,92,-1028,998,1033,1,0
161994,2,stairs,12,42,14,-60,107,-1079,998,1086,1,0
162021,2,stairs,10,34,13,-80,127,-1143,998,1152,1,0
162048,2,stairs,1,31,11,-40,155,-1209,998,1219,1,0
162075,2,stairs,-5,36,11,17,190,-1291,999,1305,1,0
162102,2,stairs,-19,28,8,17,263,-1362,998,1387,1,0
162129,2,stairs,-20,11,5,-37,331,-1399,998,1438,1,0
162156,2,stairs,-24,-13,0,-113,414,-1401,997,1465,1,0
162183,2,stairs,-27,-42,-6,-158,445,-1373,996,1452,1,0
162211,2,stairs,-13,-68,-10,-160,402,-1344,996,1412,1,0
162239,2,stairs,-5,-82,-12,-144,355,-1309,996,1363,1,0
162266,2,stairs,12,-86,-11,-144,325,-1278,996,1326,1,0
162293,2,stairs,16,-85,-10,-142,342,-1238,997,1292,1,0
162320,2,stairs,19,-83,-9,-118,359,-1193,997,1251,1,0
162347,2,stairs,25,-74,-6,-85,364,-1149,997,1208,1,0
162374,2,stairs,32,-62,-3,-54,344,-1108,997,1161,1,0
162401,2,stairs,41,-50,1,-40,287,-1068,997,1106,1,0
162428,2,stairs,49,-39,4,-30,224,-1020,998,1045,1,0
162464,2,stairs,57,-26,7,-12,154,-970,998,982,1,0
162491,2,stairs,68,-19,9,-6,88,-931,998,935,1,0
162518,2,stairs,84,-13,10,10,33,-887,998,888,1,0
162545,2,stairs,102,-8,11,45,-11,-822,998,824,1,0
162572,2,stairs,127,-4,11,85,-33,-756,997,761,1,0
162599,2,stairs,136,-2,11,131,-50,-683,997,697,1,0
162626,2,stairs,135,5,12,165,-67,-591,997,618,1,0
162653,2,stairs,121,12,13,186,-65,-494,997,531,1,0
162680,2,stairs,95,16,13,168,-72,-389,997,430,1,0
162707,2,stairs,72,24,13,91,-124,-303,997,340,1,0
162734,2,stairs,63,22,13,39,-213,-244,997,326,1,0
162761,2,stairs,56,22,13,33,-276,-201,997,343,1,0
162788,2,stairs,77,11,11,16,-272,-169,997,321,1,0
162815,2,stairs,67,-3,9,-45,-166,-111,997,205,1,0
162842,2,stairs,41,-22,3,-57,-64,-23,996,89,1,0
162869,2,stairs,-5,-33,-6,2,5,105,993,105,1,0
162896,2,stairs,-98,-6,-29,99,53,196,979,226,1,0
162923,2,stairs,-118,9,-27,136,27,238,983,276,1,0
162950,2,stairs,-121,23,-22,110,37,230,986,258,1,0
162977,2,stairs,-115,19,-18,68,59,201,990,221,1,0
163004,2,stairs,-104,6,-16,40,94,175,992,203,1,0
163031,2,stairs,-93,2,-12,40,132,143,994,199,1,0
163058,2,stairs,-78,-3,-9,61,181,108,995,219,1,0
163085,2,stairs,-72,1,-6,102,239,83,996,273,1,0
163112,2,stairs,-67,-1,-5,134,289,63,997,325,1,0
163139,2,stairs,-53,-9,-3,147,304,33,997,339,1,0
163166,2,stairs,-19,-14,0,161,274,-14,996,318,1,0
163193,2,stairs,4,-8,4,186,237,-49,996,305,1,0
163220,2,stairs,11,-1,6,212,204,-74,996,303,1,0
163247,2,stairs,-3,19,7,244,181,-85,996,316,1,0
163274,2,stairs,-17,42,8,259,153,-100,996,317,1,0
163301,2,stairs,-18,66,10,250,111,-136,996,306,1,0
163328,2,stairs,-11,81,12,207,66,-205,996,298,1,0
163355,2,stairs,-13,85,13,138,47,-268,997,305,1,0
163382,2,stairs,-12,82,13,56,55,-305,997,315,1,0
163409,2,stairs,-8,59,11,-68,93,-351,997,370,1,0
163436,2,stairs,-12,25,5,-185,155,-388,995,457,1,0
163463,2,stairs,-35,1,-2,-215,213,-397,994,499,1,0
163490,2,stairs,-59,-25,-12,-187,223,-426,993,516,1,0
163517,2,stairs,-79,-56,-23,-163,211,-478,992,548,1,0
163544,2,stairs,-84,-85,-31,-166,213,-484,992,554,1,0
163571,2,stairs,-59,-106,-31,-170,233,-476,992,557,1,0
163598,2,stairs,-38,-121,-31,-155,286,-448,993,554,1,0
163625,2,stairs,-17,-135,-31,-135,345,-407,994,551,1,0
163652,2,stairs,-9,-114,-24,-94,396,-380,994,557,1,0
163679,2,stairs,-17,-93,-19,-68,433,-354,995,564,1,0
163706,2,stairs,-42,-70,-18,-51,464,-329,994,571,1,0
163733,2,stairs,-52,-50,-15,-37,452,-309,994,549,1,0
163760,2,stairs,-57,-34,-12,-32,412,-288,995,503,1,0
163787,2,stairs,-54,-26,-9,-44,337,-261,996,429,1,0
163814,2,stairs,-41,-18,-4,-71,253,-222,997,344,1,0
163841,2,stairs,-32,-6,0,-108,170,-173,997,265,1,0
163868,2,stairs,-13,2,4,-153,86,-124,997,215,1,0
163895,2,stairs,9,6,7,-192,7,-73,997,206,1,0
163921,2,stairs,32,11,11,-211,-49,-22,997,217,1,0
163948,2,stairs,45,11,12,-203,-64,23,997,214,1,0
163975,2,stairs,51,-5,10,-146,-73,65,997,175,1,0
164002,2,stairs,42,-25,5,-55,-103,113,996,162,1,0
164029,2,stairs,30,-37,1,52,-151,151,997,220,1,0
164056,2,stairs,21,-38,1,157,-171,162,997,283,1,0
164083,2,stairs,19,-35,1,244,-172,138,997,329,1,0
164110,2,stairs,14,-37,0,301,-141,93,998,345,1,0
164137,2,stairs,6,-40,-1,322,-113,43,998,344,1,0
164164,2,stairs,-16,-38,-5,321,-96,10,997,335,1,0
164200,2,stairs,-62,-21,-13,311,-68,20,994,318,1,0
164227,2,stairs,-102,3,-19,298,-30,61,992,306,1,0
164254,2,stairs,-126,28,-22,263,17,106,992,284,1,0
164281,2,stairs,-123,46,-17,195,46,125,993,237,1,0
164308,2,stairs,-91,50,-9,112,66,106,993,168,1,0
164335,2,stairs,-55,44,-2,38,90,60,992,114,1,0
164362,2,stairs,-30,37,2,0,128,5,993,128,1,0
164389,2,stairs,-13,31,5,16,165,-44,994,171,1,0
164416,2,stairs,-11,30,7,72,197,-72,996,221,1,0
164443,2,stairs,-16,38,8,129,214,-85,997,264,1,0
164470,2,stairs,-21,54,9,164,223,-87,997,290,1,0
164497,2,stairs,-21,68,11,173,214,-85,997,288,1,0
164524,2,stairs,-9,79,14,163,180,-76,998,255,1,0
164551,2,stairs,7,88,16,138,144,-71,997,212,1,0
164577,2,stairs,18,98,18,114,106,-75,997,173,1,0
164603,2,stairs,24,104,19,91,79,-83,997,147,1,0
164629,2,stairs,25,108,20,56,63,-102,998,132,1,0
164656,2,stairs,18,108,19,-29,55,-145,998,158,1,0
164683,2,stairs,0,93,15,-153,65,-192,997,254,1,0
164710,2,stairs,-24,68,8,-269,119,-206,996,359,1,0
164737,2,stairs,-36,36,1,-316,188,-199,995,419,1,0
164764,2,stairs,-42,8,-4,-267,293,-198,994,443,1,0
164791,2,stairs,-56,-19,-11,-137,404,-203,994,473,1,0
164818,2,stairs,-88,-43,-25,19,480,-208,992,523,1,0
164845,2,stairs,-112,-67,-37,167,485,-185,992,545,1,0
164872,2,stairs,-126,-76,-42,282,406,-132,993,512,1,0
164899,2,stairs,-117,-68,-36,342,295,-59,994,456,1,0
164926,2,stairs,-100,-50,-27,347,203,8,995,402,1,0
164953,2,stairs,-76,-34,-18,303,145,50,995,340,1,0
164980,2,stairs,-61,-27,-12,231,116,71,995,268,1,0
165007,2,stairs,-42,-28,-8,159,87,74,996,196,1,0
165034,2,stairs,-28,-25,-4,113,55,72,997,145,1,0
165061,2,stairs,-27,-17,-2,80,13,64,997,103,1,0
165088,2,stairs,-20,-7,2,52,-44,43,998,81,1,0
165115,2,stairs,-19,1,3,21,-99,23,998,104,1,0
165142,2,stairs,-12,3,5,-15,-161,4,998,161,1,0
165169,2,stairs,5,2,8,-53,-215,-13,998,222,1,0
165196,2,stairs,28,0,10,-96,-264,-33,998,282,1,0
165223,2,stairs,54,-2,12,-137,-289,-56,997,325,1,0
165250,2,stairs,76,-9,12,-169,-291,-69,997,344,1,0
165277,2,stairs,93,-16,12,-191,-267,-49,997,332,1,0
165304,2,stairs,82,-25,10,-219,-230,10,997,318,1,0
165331,2,stairs,72,-28,8,-226,-196,93,997,313,1,0
165358,2,stairs,50,-20,8,-218,-125,181,997,310,1,0
165385,2,stairs,41,-5,9,-196,-63,241,997,317,1,0
165412,2,stairs,33,3,10,-140,37,273,997,309,1,0
165439,2,stairs,16,5,8,-53,123,296,997,325,1,0
165466,2,stairs,-12,13,4,42,177,317,996,366,1,0
165493,2,stairs,-53,33,-4,120,210,335,993,413,1,0
165520,2,stairs,-81,57,-9,175,199,356,993,444,1,0
165547,2,stairs,-152,97,-37,214,223,366,982,479,1,0
165574,2,stairs,-162,115,-36,207,183,373,985,464,1,0
165601,2,stairs,-153,119,-30,179,132,359,989,422,1,0
165628,2,stairs,-129,120,-21,157,73,339,990,381,1,0
165655,2,stairs,-99,119,-11,143,42,314,991,348,1,0
165682,2,stairs,-73,111,-4,136,40,283,992,317,1,0
165709,2,stairs,-53,100,2,148,63,256,994,303,1,0
165736,2,stairs,-41,89,5,174,102,240,995,313,1,0
165763,2,stairs,-30,83,8,198,140,227,996,332,1,0
165790,2,stairs,-22,81,10,225,160,216,997,350,1,0
165817,2,stairs,-16,80,12,240,166,199,997,353,1,0
165844,2,stairs,-9,82,13,243,151,173,998,334,1,0
165871,2,stairs,-1,88,15,245,115,137,998,303,1,0
165897,2,stairs,2,93,15,238,64,97,998,265,1,0
165932,2,stairs,3,107,15,215,-20,70,998,227,1,0
165959,2,stairs,2,121,15,171,-97,56,997,204,1,0
165985,2,stairs,0,126,15,86,-163,37,998,188,1,0
166012,2,stairs,3,121,15,-15,-224,6,998,225,1,0
166039,2,stairs,0,111,14,-101,-264,-27,998,284,1,0
166066,2,stairs,-4,96,13,-166,-269,-38,998,319,1,0
166093,2,stairs,-7,76,11,-189,-189,-37,998,270,1,0
166120,2,stairs,-1,47,10,-169,-57,-58,997,187,1,0
166147,2,stairs,5,14,7,-137,76,-103,996,188,1,0
166174,2,stairs,-3,-19,1,-108,172,-148,995,252,1,0
166201,2,stairs,-38,-42,-12,-69,217,-157,993,276,1,0
166228,2,stairs,-80,-49,-25,-24,200,-118,991,234,1,0
166255,2,stairs,-113,-39,-32,3,147,-46,991,154,1,0
166282,2,stairs,-118,-26,-30,-14,65,18,993,69,1,0
166309,2,stairs,-92,-26,-22,-72,-24,55,994,94,1,0
166336,2,stairs,-47,-40,-14,-135,-105,79,992,188,1,0
166363,2,stairs,-10,-54,-9,-169,-138,104,991,242,1,0
166390,2,stairs,4,-61,-6,-170,-119,123,993,241,1,0
166417,2,stairs,5,-64,-5,-150,-90,133,995,220,1,0
166444,2,stairs,5,-63,-4,-136,-73,133,996,203,1,0
166471,2,stairs,11,-57,-1,-134,-88,117,996,199,1,0
166498,2,stairs,20,-49,2,-157,-110,85,997,210,1,0
166525,2,stairs,37,-47,5,-194,-127,50,997,237,1,0
166552,2,stairs,60,-49,7,-221,-136,25,997,260,1,0
166579,2,stairs,79,-51,9,-240,-125,17,997,271,1,0
166606,2,stairs,106,-56,10,-254,-125,18,996,283,1,0
166633,2,stairs,123,-58,10,-253,-127,26,996,284,1,0
166660,2,stairs,123,-55,11,-244,-127,38,997,278,1,0
166687,2,stairs,108,-50,11,-251,-110,60,997,281,1,0
166714,2,stairs,87,-43,10,-282,-80,98,997,309,1,0
166741,2,stairs,70,-40,9,-331,-49,141,997,363,1,0
166768,2,stairs,68,-47,8,-356,-14,178,997,398,1,0
166795,2,stairs,74,-60,6,-320,40,210,997,385,1,0
166822,2,stairs,79,-72,3,-207,98,225,997,321,1,0
166849,2,stairs,71,-79,1,-54,146,231,997,279,1,0
166876,2,stairs,32,-73,-4,104,187,239,996,321,1,0
166903,2,stairs,-8,-56,-8,225,202,280,994,412,1,0
166930,2,stairs,-68,-29,-21,300,210,355,988,510,1,0
166957,2,stairs,-113,2,-30,329,188,429,986,573,1,0
166984,2,stairs,-121,31,-27,301,118,453,988,557,1,0
167011,2,stairs,-89,42,-16,214,22,409,989,462,1,0
167038,2,stairs,-44,31,-7,107,-51,323,988,345,1,0
167065,2,stairs,-22,7,-4,34,-53,247,989,255,1,0
167092,2,stairs,-13,-6,-2,43,-20,211,992,216,1,0
167119,2,stairs,-5,-13,0,103,34,194,994,222,1,0
167146,2,stairs,5,-16,3,157,85,173,995,248,1,0
167173,2,stairs,8,-8,6,180,129,143,996,264,1,0
167200,2,stairs,7,3,8,179,163,102,997,262,1,0
167226,2,stairs,2,14,9,162,179,56,997,248,1,0
167252,2,stairs,-10,28,8,150,167,16,997,225,1,0
167279,2,stairs,-18,44,8,145,117,-12,997,187,1,0
167306,2,stairs,-20,54,9,130,31,-50,997,143,1,0
167333,2,stairs,-27,58,8,92,-70,-110,998,160,1,0
167360,2,stairs,-38,56,5,32,-147,-170,998,227,1,0
167387,2,stairs,-41,52,4,-31,-145,-213,998,259,1,0
167414,2,stairs,-39,31,2,-92,-67,-260,998,284,1,0
167441,2,stairs,-31,-6,-2,-141,42,-324,996,356,1,0
167468,2,stairs,-25,-44,-9,-153,127,-408,994,454,1,0
167495,2,stairs,-27,-69,-14,-110,161,-496,994,533,1,0
167522,2,stairs,-37,-87,-20,-32,161,-562,995,585,1,0
167549,2,stairs,-57,-93,-26,70,141,-568,995,589,1,0
167576,2,stairs,-73,-92,-30,160,106,-525,995,559,1,0
167603,2,stairs,-71,-87,-27,215,51,-459,996,509,1,0
167630,2,stairs,-45,-70,-18,246,-10,-400,996,470,1,0
167666,2,stairs,1,-48,-7,249,-37,-381,993,456,1,0
167693,2,stairs,23,-40,0,219,-23,-386,994,444,1,0
167720,2,stairs,33,-42,2,175,-13,-402,995,438,1,0
167747,2,stairs,32,-40,3,146,-14,-416,996,441,1,0
167774,2,stairs,14,-27,2,129,-26,-426,996,446,1,0
167801,2,stairs,6,-12,4,99,-59,-440,996,455,1,0
167828,2,stairs,16,0,8,56,-98,-447,997,461,1,0
167855,2,stairs,30,5,11,-6,-131,-445,997,464,1,0
167882,2,stairs,55,11,14,-78,-160,-440,996,474,1,0
167909,2,stairs,87,16,17,-142,-164,-440,995,490,1,0
167936,2,stairs,114,15,18,-184,-121,-438,995,490,1,0
167963,2,stairs,121,11,19,-191,-44,-415,996,459,1,0
167990,2,stairs,119,9,19,-170,31,-381,996,419,1,0
168017,2,stairs,104,5,17,-138,56,-359,997,389,1,0
168044,2,stairs,85,-1,15,-112,31,-343,997,362,1,0
168071,2,stairs,60,-3,12,-108,18,-324,996,342,1,0
168098,2,stairs,51,-7,11,-118,16,-311,997,333,1,0
168125,2,stairs,54,-20,9,-130,53,-309,997,339,1,0
168152,2,stairs,50,-36,6,-114,81,-336,997,364,1,0
168179,2,stairs,24,-49,-1,-59,98,-374,996,391,1,0
168206,2,stairs,-24,-51,-12,32,112,-413,993,429,1,0
168233,2,stairs,-81,-42,-27,134,124,-432,989,469,1,0
168260,2,stairs,-118,-33,-36,216,122,-425,989,492,1,0
168287,2,stairs,-121,-21,-32,260,91,-409,991,493,1,0
168314,2,stairs,-95,-8,-22,258,37,-422,992,496,1,0
168341,2,stairs,-56,-3,-11,225,-19,-465,992,517,1,0
168368,2,stairs,-25,6,-3,203,-46,-523,992,562,1,0
168395,2,stairs,-13,19,3,208,-33,-574,994,611,1,0
168422,2,stairs,-19,30,4,238,8,-601,995,646,1,0
168449,2,stairs,-36,41,3,276,50,-591,995,654,1,0
168476,2,stairs,-53,55,0,299,84,-552,996,634,1,0
168503,2,stairs,-60,69,1,292,96,-513,996,598,1,0
168530,2,stairs,-46,79,5,255,86,-497,997,565,1,0
168557,2,stairs,-20,76,10,194,71,-521,997,561,1,0
168584,2,stairs,3,63,12,134,53,-572,996,590,1,0
168611,2,stairs,15,50,14,100,31,-631,997,639,1,0
168638,2,stairs,11,50,13,108,2,-682,997,691,1,0
168665,2,stairs,-4,59,11,142,-35,-726,997,741,1,0
168692,2,stairs,-15,70,10,181,-79,-765,997,791,1,0
168719,2,stairs,-15,77,10,202,-135,-813,997,849,1,0
168746,2,stairs,-12,85,12,205,-188,-888,998,930,1,0
168773,2,stairs,-7,84,13,204,-202,-985,998,1026,1,0
168800,2,stairs,-5,61,11,194,-171,-1039,998,1071,1,0
168827,2,stairs,-6,32,7,194,-107,-1016,997,1039,1,0
168854,2,stairs,1,7,5,209,-38,-969,996,992,1,0
168881,2,stairs,7,-17,3,210,5,-949,996,972,1,0
168908,2,stairs,8,-39,-1,186,7,-948,996,966,1,0
168935,2,stairs,2,-48,-3,147,-15,-943,997,955,1,0
168962,2,stairs,0,-45,-2,88,-18,-927,998,931,1,0
168989,2,stairs,5,-38,0,10,8,-906,998,906,1,0
169016,2,stairs,20,-31,3,-54,55,-886,998,890,1,0
169043,2,stairs,28,-27,6,-80,114,-873,998,884,1,0
169070,2,stairs,32,-25,7,-70,160,-868,998,885,1,0
169097,2,stairs,39,-27,7,-29,178,-867,998,886,1,0
169124,2,stairs,44,-27,8,22,171,-864,998,881,1,0
169151,2,stairs,47,-22,9,66,153,-857,998,873,1,0
169178,2,stairs,53,-17,10,85,126,-852,998,865,1,0
169205,2,stairs,67,-13,12,83,84,-846,998,854,1,0
169232,2,stairs,78,-9,13,68,34,-837,998,840,1,0
169259,2,stairs,93,-7,14,46,-38,-823,998,825,1,0
169286,2,stairs,109,-5,15,29,-119,-796,997,805,1,0
169313,2,stairs,113,2,16,24,-200,-757,997,784,1,0
169340,2,stairs,115,13,17,26,-276,-710,997,762,1,0
169367,2,stairs,112,24,19,26,-332,-657,998,736,1,0
169403,2,stairs,122,28,19,18,-398,-617,998,735,1,0
169430,2,stairs,126,30,19,33,-482,-599,998,770,1,0
169457,2,stairs,118,31,19,71,-527,-586,998,792,1,0
169484,2,stairs,98,32,18,144,-465,-574,998,753,1,0
169511,2,stairs,88,24,17,251,-337,-551,998,693,1,0
169538,2,stairs,64,18,14,348,-186,-533,997,663,1,0
169565,2,stairs,35,12,10,389,-65,-529,997,660,1,0
169592,2,stairs,-10,12,1,373,-8,-522,994,642,1,0
169619,2,stairs,-82,36,-18,311,2,-501,986,590,1,0
169646,2,stairs,-97,62,-18,180,-56,-515,988,548,1,0
169673,2,stairs,-97,83,-15,6,-84,-578,990,584,1,0
169700,2,stairs,-77,85,-8,-163,-62,-639,991,663,1,0
169727,2,stairs,-35,66,-2,-274,-20,-675,990,729,1,0
169754,2,stairs,7,46,3,-293,31,-700,989,759,1,0
169781,2,stairs,32,32,6,-247,72,-739,990,783,1,0
169808,2,stairs,38,24,8,-186,100,-803,992,830,1,0
169835,2,stairs,35,19,9,-133,114,-882,994,899,1,0
169862,2,stairs,38,17,10,-100,111,-965,995,977,1,0
169889,2,stairs,53,14,12,-89,89,-1056,996,1063,1,0
169916,2,stairs,72,6,13,-96,50,-1155,996,1160,1,0
169943,2,stairs,76,1,13,-106,10,-1257,997,1261,1,0
169970,2,stairs,63,0,12,-98,-26,-1350,997,1354,1,0
169997,2,stairs,39,5,10,-71,-42,-1429,996,1432,1,0
170024,2,stairs,15,10,7,-54,-65,-1504,996,1507,1,0
170051,2,stairs,-8,10,4,-60,-111,-1588,996,1593,1,0
170078,2,stairs,-20,20,4,-48,-156,-1693,997,1701,1,0
170105,2,stairs,-27,31,4,-6,-86,-1797,997,1799,1,0
170132,2,stairs,-50,25,-2,23,80,-1830,996,1832,1,0
170159,2,stairs,-74,8,-10,8,285,-1802,995,1824,1,0
170186,2,stairs,-81,-23,-16,-37,413,-1763,995,1811,1,0
170214,2,stairs,-77,-47,-19,-92,413,-1723,995,1775,1,0
170242,2,stairs,-71,-46,-17,-161,382,-1689,996,1739,1,0
170270,2,stairs,-67,-39,-14,-237,383,-1669,996,1728,1,0
170298,2,stairs,-50,-42,-11,-282,371,-1639,997,1704,1,0
170326,2,stairs,-27,-44,-7,-268,325,-1583,996,1638,1,0
170354,2,stairs,-3,-31,-1,-210,263,-1512,996,1549,1,0
170381,2,stairs,11,-9,3,-146,221,-1443,996,1467,1,0
170408,2,stairs,14,10,7,-105,212,-1370,996,1390,1,0
170435,2,stairs,16,19,8,-86,224,-1280,997,1303,1,0
170462,2,stairs,30,21,11,-69,242,-1174,997,1201,1,0
170489,2,stairs,53,20,12,-53,258,-1063,997,1095,1,0
170516,2,stairs,76,15,14,-36,275,-964,996,1003,1,0
170543,2,stairs,92,4,13,-17,276,-875,996,918,1,0
170570,2,stairs,104,-4,13,13,248,-790,997,828,1,0
170597,2,stairs,107,-7,13,50,202,-706,997,736,1,0
170624,2,stairs,113,-5,13,82,146,-625,998,647,1,0
170651,2,stairs,120,-2,14,101,94,-549,998,566,1,0
170678,2,stairs,137,-4,13,104,31,-482,998,494,1,0
170705,2,stairs,160,-8,11,96,-38,-431,997,443,1,0
170732,2,stairs,167,-7,11,90,-87,-393,997,413,1,0
170759,2,stairs,158,-1,12,72,-105,-365,997,386,1,0
170786,2,stairs,116,2,11,15,-90,-322,995,335,1,0
170813,2,stairs,92,-7,9,-56,-90,-261,995,282,1,0
170840,2,stairs,87,-15,8,-110,-100,-179,996,232,1,0
170867,2,stairs,76,-11,9,-172,-100,-98,996,222,1,0
170894,2,stairs,83,-11,9,-244,-72,-37,997,257,1,0
170921,2,stairs,82,-21,8,-245,-8,34,997,248,1,0
170948,2,stairs,70,-36,5,-150,89,130,998,217,1,0
170975,2,stairs,35,-42,1,-5,206,218,996,300,1,0
171002,2,stairs,-17,-44,-9,144,276,284,992,421,1,0
171029,2,stairs,-78,-39,-22,278,303,303,988,511,1,0
171056,2,stairs,-131,-25,-35,370,271,302,985,549,1,0
171083,2,stairs,-162,-8,-39,391,215,277,986,526,1,0
171110,2,stairs,-169,6,-37,328,173,228,989,435,1,0
171146,2,stairs,-157,5,-31,182,144,157,992,281,1,0
171173,2,stairs,-127,-6,-24,35,117,81,993,147,1,0
171200,2,stairs,-99,-18,-18,-71,99,7,993,122,1,0
171227,2,stairs,-75,-30,-14,-115,93,-64,994,162,1,0
171254,2,stairs,-57,-40,-11,-103,106,-141,995,204,1,0
171281,2,stairs,-47,-41,-9,-51,126,-225,996,262,1,0
171308,2,stairs,-39,-37,-6,16,150,-317,997,351,1,0
171335,2,stairs,-43,-29,-5,68,198,-410,997,460,1,0
171362,2,stairs,-43,-11,-2,117,248,-492,998,563,1,0
171389,2,stairs,-49,13,0,165,313,-561,997,663,1,0
171416,2,stairs,-54,38,1,215,351,-604,997,730,1,0
171443,2,stairs,-54,67,2,263,372,-614,996,765,1,0
171470,2,stairs,-59,92,2,281,381,-608,995,771,1,0
171497,2,stairs,-62,101,2,247,358,-597,996,739,1,0
171524,2,stairs,-62,99,3,172,303,-591,997,686,1,0
171551,2,stairs,-66,94,2,78,234,-604,997,652,1,0
171578,2,stairs,-77,82,-1,-6,199,-622,997,653,1,0
171605,2,stairs,-95,57,-8,-58,236,-625,996,671,1,0
171632,2,stairs,-106,26,-15,-61,308,-613,995,689,1,0
171659,2,stairs,-116,-4,-22,-40,365,-591,995,695,1,0
171686,2,stairs,-125,-30,-29,-25,382,-557,994,676,1,0
171713,2,stairs,-141,-52,-38,-29,377,-495,994,623,1,0
171740,2,stairs,-155,-68,-46,-52,350,-391,994,527,1,0
171767,2,stairs,-153,-75,-46,-90,305,-282,995,425,1,0
171794,2,stairs,-133,-77,-40,-128,240,-204,995,340,1,0
171821,2,stairs,-105,-82,-33,-157,155,-172,995,280,1,0
171848,2,stairs,-75,-91,-28,-164,68,-164,995,241,1,0
171875,2,stairs,-50,-94,-22,-137,-9,-173,995,221,1,0
171902,2,stairs,-37,-83,-16,-91,-64,-183,996,214,1,0
171929,2,stairs,-31,-71,-12,-66,-110,-197,997,235,1,0
171956,2,stairs,-26,-67,-9,-72,-173,-222,997,290,1,0
171983,2,stairs,-12,-65,-6,-99,-263,-248,997,375,1,0
172010,2,stairs,15,-55,0,-132,-371,-268,997,477,1,0
172037,2,stairs,40,-48,5,-179,-450,-284,997,562,1,0
172064,2,stairs,65,-48,7,-221,-501,-287,996,619,1,0
172091,2,stairs,82,-49,9,-232,-526,-270,997,635,1,0
172118,2,stairs,102,-52,9,-215,-532,-236,997,621,1,0
172145,2,stairs,127,-50,10,-174,-514,-190,996,575,1,0
172172,2,stairs,154,-51,9,-133,-476,-146,995,515,1,0
172199,2,stairs,184,-62,5,-44,-435,-111,994,451,1,0
172226,2,stairs,200,-65,4,5,-420,-90,995,430,1,0
172253,2,stairs,189,-65,5,-5,-378,-59,995,383,1,0
172280,2,stairs,159,-53,7,-12,-323,18,995,323,1,0
172307,2,stairs,138,-36,10,6,-218,120,995,249,1,0
172334,2,stairs,151,-28,12,57,-176,187,996,263,1,0
172361,2,stairs,169,-26,12,93,-144,207,996,269,1,0
172388,2,stairs,173,-20,13,111,-106,216,997,264,1,0
172415,2,stairs,150,-18,13,135,-17,246,997,281,1,0
172442,2,stairs,109,-19,12,173,90,293,995,351,1,0
172469,2,stairs,66,-20,8,217,164,337,993,433,1,0
172496,2,stairs,23,-8,4,272,200,388,991,514,1,0
172523,2,stairs,-13,11,2,316,203,438,991,577,1,0
172550,2,stairs,-30,31,3,320,182,459,992,588,1,0
172577,2,stairs,-28,44,7,286,154,457,993,560,1,0
172604,2,stairs,-22,49,9,235,133,439,995,516,1,0
172630,2,stairs,-9,42,11,202,104,414,996,472,1,0
172657,2,stairs,10,36,13,179,89,382,996,431,1,0
172684,2,stairs,33,32,15,159,98,347,996,394,1,0
172711,2,stairs,43,30,16,155,132,319,997,378,1,0
172738,2,stairs,46,31,17,156,163,290,997,367,1,0
172765,2,stairs,46,38,18,165,196,262,998,367,1,0
172792,2,stairs,44,49,19,175,212,225,998,356,1,0
172819,2,stairs,45,56,20,174,201,176,998,319,1,0
172846,2,stairs,46,57,20,175,159,136,998,273,1,0
172881,2,stairs,61,65,21,185,66,104,998,222,1,0
172907,2,stairs,73,81,22,179,-34,76,998,197,1,0
172933,2,stairs,84,95,22,148,-121,53,997,198,1,0
172959,2,stairs,92,103,23,109,-187,35,997,219,1,0
172985,2,stairs,100,106,23,78,-239,19,997,252,1,0
173012,2,stairs,103,104,22,55,-279,4,998,285,1,0
173039,2,stairs,94,99,22,43,-297,-9,998,300,1,0
173065,2,stairs,82,91,21,38,-282,-17,998,285,1,0
173092,2,stairs,68,79,20,30,-260,-23,998,263,1,0
173119,2,stairs,61,61,19,22,-243,-30,998,246,1,0
173146,2,stairs,56,45,17,12,-212,-48,998,217,1,0
173173,2,stairs,45,31,15,7,-154,-81,997,175,1,0
173199,2,stairs,29,14,11,-5,-73,-124,997,144,1,0
173226,2,stairs,13,-7,7,-12,1,-152,997,152,1,0
173253,2,stairs,0,-29,2,-17,45,-158,996,165,1,0
173280,2,stairs,-11,-47,-3,-34,61,-144,996,160,1,0
173307,2,stairs,-16,-65,-7,-50,62,-115,996,140,1,0
173334,2,stairs,-8,-82,-9,-56,43,-79,996,106,1,0
173361,2,stairs,13,-84,-8,-50,20,-48,996,73,1,0
173387,2,stairs,31,-74,-4,-43,15,-32,996,56,1,0
173413,2,stairs,48,-61,-1,-37,4,-21,996,43,1,0
173439,2,stairs,56,-49,2,-47,14,-9,997,50,1,0
173465,2,stairs,49,-42,3,-66,33,7,997,74,1,0
173491,2,stairs,43,-42,4,-85,35,21,998,94,1,0
173517,2,stairs,46,-42,4,-96,26,26,998,103,1,0
173543,2,stairs,50,-43,4,-104,17,18,999,107,1,0
173570,2,stairs,63,-45,4,-118,0,-1,999,118,1,0
173597,2,stairs,84,-45,4,-130,-17,-20,998,133,1,0
173624,2,stairs,98,-44,4,-132,-27,-33,998,139,1,0
173651,2,stairs,107,-46,3,-128,-42,-37,998,140,1,0
173678,2,stairs,116,-49,2,-124,-67,-38,998,146,1,0
173705,2,stairs,125,-51,1,-121,-89,-40,998,156,1,0
173732,2,stairs,131,-53,0,-122,-96,-47,998,162,1,0
173759,2,stairs,140,-51,-1,-115,-101,-59,998,164,1,0
173786,2,stairs,143,-47,0,-101,-92,-70,998,154,1,0
173813,2,stairs,133,-38,2,-105,-51,-68,998,135,1,0
173840,2,stairs,106,-25,4,-127,-23,-60,998,142,1,0
173867,2,stairs,90,-11,7,-118,-20,-50,997,130,1,0
173894,2,stairs,71,3,8,-85,27,-36,997,96,1,0
173920,2,stairs,54,14,10,-58,83,-17,997,103,1,0
173946,2,stairs,47,22,11,-60,130,5,997,143,1,0
173972,2,stairs,29,25,11,-54,164,50,997,180,1,0
173999,2,stairs,-2,34,9,-11,152,119,996,193,1,0
174026,2,stairs,-33,51,7,38,110,191,995,223,1,0
174053,2,stairs,-59,72,5,51,59,246,994,258,1,0
174079,2,stairs,-70,87,5,46,2,277,995,281,1,0
174105,2,stairs,-69,89,6,37,-40,280,996,286,1,0
174131,2,stairs,-57,80,8,31,-75,255,997,268,1,0
174158,2,stairs,-35,67,9,36,-90,214,997,235,1,0
174185,2,stairs,-16,56,10,52,-76,168,997,192,1,0
174212,2,stairs,0,46,11,67,-46,118,997,143,1,0
174238,2,stairs,15,33,10,69,-3,70,997,98,1,0
174264,2,stairs,20,20,9,63,42,28,998,81,1,0
174290,2,stairs,46,10,9,53,47,-14,997,72,1,0
174316,2,stairs,50,-1,7,40,77,-61,997,106,1,0
174342,2,stairs,46,-9,6,41,105,-100,998,151,1,0
174369,2,stairs,39,-15,6,42,135,-134,998,195,1,0
174396,2,stairs,31,-12,6,44,158,-170,998,237,1,0
174423,2,stairs,21,-2,6,57,185,-227,998,298,1,0
174450,2,stairs,19,2,7,79,215,-289,998,369,1,0
174477,2,stairs,14,12,8,137,231,-320,998,417,1,0
174504,2,stairs,-4,31,8,199,238,-321,997,446,1,0
174531,2,stairs,-34,58,6,261,234,-289,995,454,1,0
174558,2,stairs,-62,86,3,298,216,-231,994,435,1,0
174593,2,stairs,-63,106,4,259,174,-198,994,369,1,0
174620,2,stairs,-48,106,6,138,136,-207,995,284,1,0
174647,2,stairs,-20,90,8,-4,98,-242,995,261,1,0
174674,2,stairs,-3,72,8,-101,87,-284,995,314,1,0
174701,2,stairs,-1,56,9,-106,139,-312,996,357,1,0
174728,2,stairs,-11,39,7,-48,246,-326,996,411,1,0
174755,2,stairs,-31,22,3,19,347,-337,996,484,1,0
174782,2,stairs,-58,2,-3,63,387,-352,995,527,1,0
174809,2,stairs,-90,-16,-12,84,360,-359,993,515,1,0
174836,2,stairs,-108,-30,-17,86,259,-348,994,442,1,0
174863,2,stairs,-111,-40,-18,68,131,-314,995,347,1,0
174890,2,stairs,-99,-45,-16,28,29,-269,996,272,1,0
174917,2,stairs,-74,-52,-13,-27,-40,-231,996,236,1,0
174944,2,stairs,-39,-63,-11,-89,-69,-207,995,236,1,0
174971,2,stairs,-9,-75,-11,-142,-70,-196,994,252,1,0
174998,2,stairs,13,-81,-10,-173,-54,-197,995,267,1,0
175025,2,stairs,17,-80,-9,-168,-15,-207,996,267,1,0
175052,2,stairs,10,-75,-8,-140,28,-217,997,259,1,0
175079,2,stairs,2,-65,-6,-107,63,-217,997,250,1,0
175106,2,stairs,0,-50,-3,-79,80,-214,997,242,1,0
175133,2,stairs,10,-30,1,-58,70,-214,997,233,1,0
175160,2,stairs,15,-10,4,-51,63,-213,997,228,1,0
175187,2,stairs,16,7,6,-53,55,-205,997,218,1,0
175213,2,stairs,12,21,8,-52,56,-182,997,197,1,0
175240,2,stairs,13,27,9,-52,52,-143,998,161,1,0
175266,2,stairs,21,25,10,-56,41,-93,998,116,1,0
175292,2,stairs,39,21,10,-59,20,-41,998,74,1,0
175318,2,stairs,47,10,8,-75,9,-3,998,76,1,0
175344,2,stairs,37,-4,6,-97,-19,17,998,100,1,0
175371,2,stairs,21,-19,3,-100,-90,29,997,138,1,0
175398,2,stairs,3,-28,0,-60,-144,48,997,164,1,0
175425,2,stairs,-15,-22,-1,1,-154,72,997,170,1,0
175452,2,stairs,-20,-19,-1,44,-100,89,997,141,1,0
175479,2,stairs,-28,-24,-2,70,-21,98,998,122,1,0
175506,2,stairs,-53,-30,-7,83,66,109,997,152,1,0
175533,2,stairs,-92,-23,-14,98,143,155,995,233,1,0
175560,2,stairs,-125,-5,-19,104,188,223,993,310,1,0
175587,2,stairs,-119,10,-15,95,169,272,995,334,1,0
175614,2,stairs,-102,23,-9,73,117,285,995,317,1,0
175641,2,stairs,-79,26,-4,42,52,272,996,280,1,0
175668,2,stairs,-56,21,-1,15,-6,253,996,254,1,0
175695,2,stairs,-48,19,1,19,-42,249,997,253,1,0
175722,2,stairs,-41,22,3,49,-58,261,998,272,1,0
175749,2,stairs,-38,23,3,78,-51,279,998,294,1,0
175776,2,stairs,-31,22,4,86,-39,288,998,303,1,0
175803,2,stairs,-24,21,5,83,-14,286,998,298,1,0
175829,2,stairs,-18,23,6,81,26,271,999,284,1,0
175855,2,stairs,-11,24,7,85,68,243,999,266,1,0
175881,2,stairs,-7,25,8,100,101,211,999,254,1,0
175908,2,stairs,-12,32,7,141,117,181,999,258,1,0
175935,2,stairs,-22,40,7,190,119,152,999,271,1,0
175962,2,stairs,-24,46,7,210,87,111,999,253,1,0
175989,2,stairs,-17,47,8,183,13,50,999,190,1,0
176016,2,stairs,-16,46,8,110,-45,-24,999,122,1,0
176043,2,stairs,-25,38,6,32,-26,-85,999,95,1,0
176070,2,stairs,-40,21,1,-12,72,-145,998,162,1,0
176097,2,stairs,-45,-3,-3,-29,179,-227,997,291,1,0
176124,2,stairs,-45,-25,-6,-26,252,-334,997,419,1,0
176151,2,stairs,-58,-45,-12,1,292,-441,996,529,1,0
176178,2,stairs,-73,-64,-19,47,299,-499,996,583,1,0
176205,2,stairs,-98,-76,-28,108,279,-504,995,586,1,0
176232,2,stairs,-121,-80,-34,158,228,-475,995,550,1,0
176259,2,stairs,-126,-76,-33,165,160,-439,996,495,1,0
176286,2,stairs,-107,-70,-28,129,71,-422,996,447,1,0
176322,2,stairs,-61,-70,-21,61,-24,-439,994,444,1,0
176349,2,stairs,-28,-64,-15,8,-78,-459,993,466,1,0
176376,2,stairs,-7,-53,-9,-14,-92,-472,994,481,1,0
176403,2,stairs,-8,-37,-6,-8,-68,-471,995,476,1,0
176430,2,stairs,-12,-15,-2,1,-29,-458,995,459,1,0
176457,2,stairs,-20,7,0,-8,14,-443,995,443,1,0
176484,2,stairs,-27,21,1,-37,41,-432,995,435,1,0
176511,2,stairs,-17,24,4,-78,45,-415,996,425,1,0
176538,2,stairs,1,23,6,-123,25,-393,996,413,1,0
176565,2,stairs,33,19,8,-163,-10,-368,996,403,1,0
176592,2,stairs,63,15,9,-190,-38,-342,995,393,1,0
176619,2,stairs,86,10,9,-191,-52,-313,995,371,1,0
176646,2,stairs,99,3,9,-176,-56,-273,996,330,1,0
176673,2,stairs,101,-2,8,-143,-57,-234,996,280,1,0
176700,2,stairs,82,-6,8,-117,-46,-196,997,232,1,0
176727,2,stairs,61,-7,7,-93,-28,-157,997,184,1,0
176754,2,stairs,41,-6,6,-95,-2,-119,996,152,1,0
176781,2,stairs,31,-9,5,-119,33,-80,997,148,1,0
176808,2,stairs,30,-18,4,-140,67,-49,997,163,1,0
176835,2,stairs,32,-37,1,-132,90,-51,997,167,1,0
176862,2,stairs,22,-54,-4,-88,115,-85,997,168,1,0
176889,2,stairs,-9,-61,-9,-21,148,-132,996,199,1,0
176916,2,stairs,-55,-60,-18,43,169,-169,993,243,1,0
176943,2,stairs,-109,-48,-31,109,183,-198,989,291,1,0
176970,2,stairs,-154,-30,-40,171,184,-211,987,328,1,0
176997,2,stairs,-169,-6,-39,215,176,-218,989,353,1,0
177024,2,stairs,-153,9,-31,239,166,-242,991,378,1,0
177051,2,stairs,-120,13,-21,269,154,-285,991,421,1,0
177078,2,stairs,-92,11,-14,314,166,-335,992,488,1,0
177105,2,stairs,-73,14,-8,375,185,-384,994,568,1,0
177132,2,stairs,-76,33,-6,457,224,-420,994,660,1,0
177159,2,stairs,-95,57,-8,529,286,-446,994,749,1,0
177186,2,stairs,-127,72,-15,549,345,-470,993,800,1,0
177213,2,stairs,-145,78,-19,519,374,-493,994,808,1,0
177240,2,stairs,-151,73,-21,447,331,-506,995,752,1,0
177267,2,stairs,-123,65,-14,363,195,-511,995,657,1,0
177294,2,stairs,-81,60,-5,273,20,-528,994,595,1,0
177321,2,stairs,-34,60,2,178,-155,-559,992,607,1,0
177348,2,stairs,-2,60,7,84,-289,-614,993,684,1,0
177375,2,stairs,5,60,10,9,-380,-683,994,781,1,0
177402,2,stairs,7,64,11,-29,-441,-746,995,867,1,0
177429,2,stairs,-1,69,11,-38,-450,-795,996,915,1,0
177456,2,stairs,-5,69,11,-34,-404,-841,997,933,1,0
177483,2,stairs,14,62,13,-20,-369,-895,997,968,1,0
177510,2,stairs,41,54,15,-5,-353,-981,996,1043,1,0
177537,2,stairs,59,52,16,20,-309,-1119,996,1161,1,0
177564,2,stairs,60,36,15,33,-211,-1273,996,1291,1,0
177591,2,stairs,40,6,9,32,-88,-1363,995,1366,1,0
177618,2,stairs,0,-21,-2,45,9,-1362,992,1362,1,0
177645,2,stairs,-37,-40,-12,64,37,-1351,991,1353,1,0
177672,2,stairs,-79,-53,-24,66,-10,-1352,990,1353,1,0
177699,2,stairs,-110,-56,-31,36,-102,-1351,991,1356,1,0
177727,2,stairs,-119,-48,-31,-45,-158,-1352,993,1362,1,0
177755,2,stairs,-87,-47,-22,-184,-169,-1359,993,1382,1,0
177783,2,stairs,-35,-51,-14,-314,-139,-1361,990,1404,1,0
177811,2,stairs,6,-56,-9,-383,-72,-1364,990,1418,1,0
177838,2,stairs,30,-63,-6,-385,-13,-1374,991,1427,1,0
177865,2,stairs,36,-69,-5,-330,20,-1385,993,1424,1,0
177892,2,stairs,32,-65,-3,-244,22,-1397,995,1419,1,0
177919,2,stairs,38,-56,0,-166,-9,-1403,996,1413,1,0
177946,2,stairs,59,-49,4,-139,-63,-1403,996,1411,1,0
177973,2,stairs,84,-46,6,-170,-135,-1403,996,1420,1,0
178000,2,stairs,115,-45,6,-216,-211,-1405,995,1437,1,0
178027,2,stairs,135,-45,6,-245,-269,-1398,995,1445,1,0
178064,2,stairs,150,-42,6,-206,-298,-1368,995,1415,1,0
178091,2,stairs,159,-37,7,-133,-298,-1335,996,1375,1,0
178118,2,stairs,173,-31,7,-50,-295,-1320,996,1354,1,0
178145,2,stairs,175,-20,9,54,-262,-1307,997,1334,1,0
178172,2,stairs,162,-7,12,174,-185,-1279,997,1304,1,0
178199,2,stairs,140,7,14,287,-84,-1239,997,1274,1,0
178226,2,stairs,113,18,15,373,13,-1189,996,1247,1,0
178253,2,stairs,67,28,12,413,79,-1132,993,1208,1,0
178280,2,stairs,16,40,7,412,96,-1058,991,1140,1,0
178307,2,stairs,-24,60,3,370,83,-973,989,1044,1,0
178334,2,stairs,-40,74,3,279,62,-910,991,953,1,0
178361,2,stairs,-30,74,7,151,65,-873,993,889,1,0
178388,2,stairs,-15,58,8,20,110,-857,993,864,1,0
178415,2,stairs,6,34,8,-75,154,-852,993,869,1,0
178442,2,stairs,14,13,8,-112,188,-856,994,883,1,0
178469,2,stairs,11,5,7,-105,198,-874,995,902,1,0
178496,2,stairs,8,7,8,-92,192,-907,996,931,1,0
178523,2,stairs,14,16,10,-98,173,-960,997,980,1,0
178550,2,stairs,20,26,12,-125,154,-1034,997,1053,1,0
178577,2,stairs,31,31,14,-154,129,-1109,998,1127,1,0
178604,2,stairs,43,35,15,-169,99,-1168,997,1184,1,0
178631,2,stairs,52,47,16,-162,69,-1208,997,1221,1,0
178658,2,stairs,61,61,17,-148,51,-1232,997,1242,1,0
178685,2,stairs,63,69,18,-145,57,-1246,997,1256,1,0
178712,2,stairs,59,70,18,-157,54,-1261,998,1272,1,0
178739,2,stairs,55,69,17,-156,17,-1285,998,1295,1,0
178766,2,stairs,35,79,16,-125,-27,-1317,997,1323,1,0
178793,2,stairs,25,85,16,-109,-32,-1355,998,1359,1,0
178820,2,stairs,17,75,15,-125,21,-1373,998,1379,1,0
178847,2,stairs,14,45,12,-152,114,-1359,997,1372,1,0
178874,2,stairs,6,5,5,-154,211,-1327,995,1352,1,0
178901,2,stairs,-9,-38,-5,-131,253,-1274,992,1306,1,0
178928,2,stairs,-20,-59,-9,-82,223,-1224,993,1247,1,0
178955,2,stairs,-11,-58,-7,-65,178,-1194,994,1208,1,0
178982,2,stairs,21,-57,-4,-127,162,-1166,994,1184,1,0
179009,2,stairs,49,-61,-4,-228,189,-1116,994,1155,1,0
179036,2,stairs,64,-65,-3,-302,225,-1053,994,1119,1,0
179063,2,stairs,69,-60,-1,-314,243,-989,995,1066,1,0
179090,2,stairs,72,-51,1,-277,231,-933,996,1000,1,0
179117,2,stairs,80,-35,4,-217,191,-886,996,932,1,0
179144,2,stairs,88,-15,7,-157,145,-844,996,871,1,0
179170,2,stairs,91,4,10,-114,111,-797,997,813,1,0
179197,2,stairs,91,15,12,-85,106,-729,997,741,1,0
179223,2,stairs,89,21,13,-59,125,-651,998,666,1,0
179249,2,stairs,98,18,12,-21,147,-566,998,585,1,0
179276,2,stairs,113,11,11,30,154,-482,998,507,1,0
179303,2,stairs,124,3,9,74,158,-408,998,444,1,0
179330,2,stairs,120,-4,8,62,175,-349,998,396,1,0
179357,2,stairs,107,-13,7,19,127,-306,998,332,1,0
179384,2,stairs,93,-21,6,-3,54,-260,998,265,1,0
179411,2,stairs,72,-23,5,-2,44,-209,997,213,1,0
179437,2,stairs,69,-31,4,16,115,-164,998,201,1,0
179464,2,stairs,56,-40,2,57,279,-132,998,314,1,0
179491,2,stairs,17,-52,-3,115,449,-103,996,474,1,0
179518,2,stairs,-78,-66,-30,174,595,-69,981,624,1,0
179545,2,stairs,-146,-58,-45,248,632,-34,977,680,1,0
179572,2,stairs,-193,-38,-53,281,618,22,978,679,1,0
179599,2,stairs,-202,-16,-48,250,572,71,982,628,1,0
179626,2,stairs,-183,0,-37,163,510,84,986,542,1,0
179653,2,stairs,-147,1,-26,57,432,66,988,440,1,0
179680,2,stairs,-120,-2,-18,-17,366,41,990,369,1,0
179707,2,stairs,-108,-2,-13,-31,324,25,992,327,1,0
179734,2,stairs,-107,1,-11,10,308,20,994,308,1,0
179761,2,stairs,-108,5,-9,81,292,20,995,304,1,0
179796,2,stairs,-103,8,-7,144,266,12,996,303,1,0
179823,2,stairs,-93,13,-4,185,221,-8,997,288,1,0
179850,2,stairs,-86,19,-1,206,180,-33,997,275,1,0
179877,2,stairs,-82,28,0,213,142,-55,998,262,1,0
179904,2,stairs,-80,42,1,206,106,-77,997,244,1,0
179931,2,stairs,-75,53,3,180,65,-105,998,219,1,0
179958,2,stairs,-67,60,5,131,15,-151,998,200,1,0
179985,2,stairs,-59,61,6,42,-40,-215,998,223,1,0
180012,2,stairs,-58,59,6,-74,-91,-284,998,307,1,0
180039,2,stairs,-68,54,4,-176,-98,-332,998,388,1,0
180066,2,stairs,-79,41,0,-229,-41,-358,998,427,1,0
180093,2,stairs,-72,11,-3,-246,56,-378,996,454,1,0
180120,2,stairs,-61,-22,-6,-222,146,-405,995,484,1,0
180147,2,stairs,-58,-57,-13,-171,204,-424,994,501,1,0
180174,2,stairs,-83,-78,-24,-102,253,-419,993,500,1,0
180201,2,stairs,-111,-86,-32,-36,281,-374,993,469,1,0
180228,2,stairs,-119,-88,-34,11,288,-322,994,432,1,0
180255,2,stairs,-100,-83,-27,38,260,-277,995,382,1,0
180282,2,stairs,-66,-75,-19,40,220,-257,995,341,1,0
180309,2,stairs,-30,-69,-12,26,179,-255,994,312,1,0
180336,2,stairs,-11,-62,-7,21,152,-256,995,299,1,0
180363,2,stairs,-13,-52,-4,24,141,-254,996,291,1,0
180390,2,stairs,-20,-40,-2,30,134,-246,997,281,1,0
180417,2,stairs,-25,-26,0,32,122,-237,997,269,1,0
180444,2,stairs,-22,-14,2,12,97,-234,998,254,1,0
180471,2,stairs,-8,-7,5,-22,65,-237,997,247,1,0
180498,2,stairs,14,-8,7,-75,30,-247,997,260,1,0
180525,2,stairs,42,-11,9,-122,-21,-255,996,283,1,0
180552,2,stairs,64,-11,10,-151,-80,-239,996,294,1,0
180579,2,stairs,70,-10,11,-165,-130,-197,997,287,1,0
180606,2,stairs,56,-11,10,-191,-153,-124,997,274,1,0
180633,2,stairs,33,-14,8,-181,-211,-33,997,280,1,0
180660,2,stairs,21,-19,6,-116,-256,76,997,291,1,0
180687,2,stairs,23,-25,5,-26,-230,173,997,289,1,0
180714,2,stairs,16,-15,6,83,-149,238,997,293,1,0
180741,2,stairs,0,-7,5,189,-43,253,997,318,1,0
180768,2,stairs,-39,-2,-2,280,71,256,995,387,1,0
180795,2,stairs,-84,11,-12,355,155,253,992,463,1,0
180822,2,stairs,-122,33,-20,385,226,264,991,519,1,0
180849,2,stairs,-141,55,-22,367,246,267,991,517,1,0
180876,2,stairs,-128,66,-16,311,225,251,993,459,1,0
180903,2,stairs,-103,67,-9,225,193,226,994,373,1,0
180930,2,stairs,-68,66,-1,154,163,200,994,300,1,0
180957,2,stairs,-41,64,4,123,164,174,994,269,1,0
180984,2,stairs,-26,61,7,117,181,158,995,267,1,0
181011,2,stairs,-22,62,9,116,210,154,997,285,1,0
181038,2,stairs,-31,66,8,116,248,161,997,318,1,0
181065,2,stairs,-44,71,6,110,277,179,997,348,1,0
181092,2,stairs,-54,73,5,92,291,199,998,364,1,0
181119,2,stairs,-57,73,5,70,290,203,998,360,1,0
181145,2,stairs,-51,74,6,59,262,192,999,330,1,0
181172,2,stairs,-46,74,6,53,235,175,998,297,1,0
181199,2,stairs,-36,77,8,56,210,152,998,265,1,0
181225,2,stairs,-24,80,10,59,190,123,998,233,1,0
181252,2,stairs,-12,77,12,25,159,85,998,182,1,0
181279,2,stairs,-7,74,12,-49,115,34,998,130,1,0
181306,2,stairs,-24,70,9,-155,61,-16,998,167,1,0
181333,2,stairs,-47,59,2,-244,15,-48,997,249,1,0
181360,2,stairs,-72,53,-4,-268,34,-78,996,281,1,0
181387,2,stairs,-71,29,-6,-220,116,-97,996,267,1,0
181414,2,stairs,-67,-4,-10,-124,213,-124,995,276,1,0
181441,2,stairs,-70,-39,-16,-5,301,-158,994,340,1,0
181468,2,stairs,-91,-65,-27,101,364,-180,993,418,1,0
181495,2,stairs,-115,-78,-37,174,372,-162,993,441,1,0
181531,2,stairs,-123,-84,-39,189,326,-113,995,393,1,0
181558,2,stairs,-77,-85,-29,153,210,-72,993,269,1,0
181585,2,stairs,-48,-81,-21,86,128,-46,993,161,1,0
181612,2,stairs,-27,-74,-14,8,76,-46,994,89,1,0
181639,2,stairs,-18,-66,-10,-46,41,-60,995,86,1,0
181666,2,stairs,-33,-58,-10,-71,24,-61,996,96,1,0
181693,2,stairs,-48,-48,-11,-80,-16,-52,997,97,1,0
181720,2,stairs,-51,-28,-8,-78,-68,-47,997,113,1,0
181747,2,stairs,-42,-14,-4,-91,-132,-61,997,171,1,0
181774,2,stairs,-18,-14,1,-128,-196,-89,997,250,1,0
181801,2,stairs,19,-21,4,-173,-251,-112,996,325,1,0
181828,2,stairs,47,-23,7,-206,-271,-116,995,359,1,0
181855,2,stairs,63,-23,10,-226,-254,-92,996,352,1,0
181882,2,stairs,80,-20,12,-225,-227,-49,996,323,1,0
181909,2,stairs,92,-21,13,-210,-211,3,996,298,1,0
181936,2,stairs,88,-23,13,-191,-194,59,997,279,1,0
181963,2,stairs,64,-21,10,-170,-151,124,997,259,1,0
181990,2,stairs,34,-29,4,-146,-109,199,995,270,1,0
182017,2,stairs,14,-38,0,-94,-49,268,995,289,1,0
182044,2,stairs,5,-37,-1,-12,27,285,996,287,1,0
182071,2,stairs,4,-45,-2,76,84,250,997,275,1,0
182098,2,stairs,-29,-46,-9,158,138,208,996,296,1,0
182125,2,stairs,-84,-32,-23,234,179,181,991,346,1,0
182152,2,stairs,-136,-10,-39,285,212,186,987,401,1,0
182179,2,stairs,-160,18,-42,278,242,209,988,423,1,0
182206,2,stairs,-151,41,-35,217,254,207,990,393,1,0
182233,2,stairs,-119,41,-24,123,263,171,991,337,1,0
182260,2,stairs,-85,30,-15,50,266,125,991,297,1,0
182287,2,stairs,-65,21,-9,31,267,93,992,284,1,0
182314,2,stairs,-67,20,-8,53,278,84,994,295,1,0
182341,2,stairs,-79,27,-10,89,276,94,995,305,1,0
182368,2,stairs,-88,39,-10,105,259,116,996,302,1,0
182395,2,stairs,-88,47,-9,80,221,138,997,272,1,0
182422,2,stairs,-76,50,-5,41,167,147,998,226,1,0
182449,2,stairs,-65,49,-2,20,115,143,998,185,1,0
182476,2,stairs,-52,41,0,23,64,131,998,147,1,0
182502,2,stairs,-41,34,2,45,10,121,998,130,1,0
182529,2,stairs,-31,43,5,81,-51,111,998,147,1,0
182556,2,stairs,-23,58,8,101,-102,88,998,169,1,0
182583,2,stairs,-17,67,9,80,-133,56,998,165,1,0
182610,2,stairs,-16,67,10,3,-144,18,998,145,1,0
182637,2,stairs,-19,59,9,-115,-148,-21,998,189,1,0
182664,2,stairs,-23,49,7,-222,-154,-55,998,276,1,0
182691,2,stairs,-24,31,5,-273,-91,-96,998,304,1,0
182718,2,stairs,-23,2,1,-250,27,-134,997,285,1,0
182745,2,stairs,-19,-31,-4,-161,156,-174,996,284,1,0
182772,2,stairs,-28,-60,-12,-44,257,-210,995,334,1,0
182799,2,stairs,-52,-79,-23,65,296,-224,994,377,1,0
182826,2,stairs,-78,-85,-32,149,262,-201,994,363,1,0
182853,2,stairs,-100,-78,-36,191,185,-153,994,306,1,0
182880,2,stairs,-104,-64,-34,180,86,-101,995,223,1,0
182907,2,stairs,-86,-50,-25,121,-3,-60,996,135,1,0
182934,2,stairs,-51,-46,-16,31,-68,-33,995,82,1,0
182961,2,stairs,-23,-51,-10,-64,-85,-11,995,107,1,0
182988,2,stairs,-5,-60,-7,-137,-73,6,996,155,1,0
183015,2,stairs,6,-69,-6,-170,-68,16,996,184,1,0
183042,2,stairs,6,-66,-4,-172,-72,16,997,187,1,0
183069,2,stairs,4,-56,-2,-164,-87,5,998,186,1,0
183096,2,stairs,10,-46,1,-155,-110,-15,998,191,1,0
183123,2,stairs,22,-40,4,-151,-136,-33,998,206,1,0
183150,2,stairs,39,-37,7,-155,-152,-41,998,221,1,0
183177,2,stairs,63,-36,10,-160,-168,-39,997,235,1,0
183204,2,stairs,81,-35,12,-151,-177,-26,997,234,1,0
183231,2,stairs,91,-32,14,-134,-184,4,997,228,1,0
183267,2,stairs,89,-28,15,-113,-186,51,998,224,1,0
183294,2,stairs,66,-28,11,-133,-192,100,997,254,1,0
183321,2,stairs,63,-33,10,-117,-276,129,998,326,1,0
183348,2,stairs,62,-35,10,-34,-308,155,998,346,1,0
183375,2,stairs,74,-42,10,67,-282,183,998,343,1,0
183402,2,stairs,78,-35,11,188,-187,190,998,326,1,0
183429,2,stairs,64,-35,10,308,-68,159,998,354,1,0
183456,2,stairs,34,-35,4,404,22,118,997,422,1,0
183483,2,stairs,-8,-24,-4,457,62,102,994,472,1,0
183510,2,stairs,-36,3,-7,473,71,115,993,492,1,0
183537,2,stairs,-74,47,-14,456,104,141,989,489,1,0
183564,2,stairs,-82,73,-13,375,119,152,991,421,1,0
183591,2,stairs,-67,79,-7,249,115,143,992,309,1,0
183618,2,stairs,-37,71,0,118,101,126,993,200,1,0
183645,2,stairs,-5,59,6,26,93,101,993,140,1,0
183671,2,stairs,14,49,10,-10,108,72,994,130,1,0
183698,2,stairs,14,42,11,2,145,45,995,152,1,0
183724,2,stairs,10,41,11,35,184,22,996,188,1,0
183751,2,stairs,3,47,11,71,216,6,997,227,1,0
183777,2,stairs,-3,56,11,89,236,-8,998,252,1,0
183804,2,stairs,0,65,12,89,231,-15,998,248,1,0
183830,2,stairs,12,72,15,82,205,-16,998,222,1,0
183857,2,stairs,27,78,18,77,159,-12,998,177,1,0
183883,2,stairs,36,86,19,83,108,-1,998,136,1,0
183909,2,stairs,33,98,19,102,65,27,998,124,1,0
183935,2,stairs,24,111,17,115,32,55,998,132,1,0
183962,2,stairs,15,117,16,97,-5,69,998,119,1,0
183988,2,stairs,8,110,15,43,-57,58,998,92,1,0
184015,2,stairs,-1,93,12,-52,-118,25,998,131,1,0
184042,2,stairs,-8,78,10,-134,-176,-29,998,223,1,0
184069,2,stairs,-7,58,9,-161,-138,-107,998,237,1,0
184096,2,stairs,-8,26,5,-132,-31,-197,997,239,1,0
184123,2,stairs,-6,-11,0,-66,82,-297,995,315,1,0
184150,2,stairs,-30,-46,-13,24,180,-420,993,458,1,0
184177,2,stairs,-65,-65,-26,132,221,-511,991,572,1,0
184204,2,stairs,-96,-68,-36,218,218,-536,991,618,1,0
184231,2,stairs,-112,-57,-38,244,196,-502,993,591,1,0
184258,2,stairs,-96,-41,-29,219,135,-453,994,521,1,0
184285,2,stairs,-63,-31,-18,149,53,-418,993,447,1,0
184312,2,stairs,-28,-22,-8,67,-26,-398,993,404,1,0
184339,2,stairs,-6,-12,-1,18,-73,-384,993,391,1,0
184366,2,stairs,-1,-5,2,8,-80,-361,995,370,1,0
184393,2,stairs,-10,-2,1,20,-64,-335,996,342,1,0
184420,2,stairs,-10,-1,2,40,-63,-311,996,320,1,0
184447,2,stairs,1,4,5,62,-78,-301,997,317,1,0
184474,2,stairs,17,12,9,72,-98,-305,997,328,1,0
184501,2,stairs,31,19,12,62,-91,-315,997,333,1,0
184528,2,stairs,41,22,15,40,-58,-317,997,325,1,0
184555,2,stairs,53,23,17,13,-31,-308,998,310,1,0
184582,2,stairs,66,26,19,-11,-19,-294,998,295,1,0
184609,2,stairs,73,25,20,-35,-23,-274,998,278,1,0
184636,2,stairs,78,20,20,-54,-50,-253,998,263,1,0
184663,2,stairs,88,16,20,-55,-87,-238,998,259,1,0
184690,2,stairs,95,17,21,-52,-121,-234,998,269,1,0
184717,2,stairs,96,13,20,-74,-154,-245,998,299,1,0
184744,2,stairs,83,4,18,-114,-176,-256,998,331,1,0
184771,2,stairs,70,2,16,-145,-174,-259,998,344,1,0
184798,2,stairs,62,3,15,-172,-100,-270,998,335,1,0
184825,2,stairs,57,-2,14,-181,18,-294,999,345,1,0
184852,2,stairs,56,-18,11,-150,136,-333,998,389,1,0
184879,2,stairs,38,-33,6,-74,236,-374,998,448,1,0
184906,2,stairs,-2,-39,-4,25,320,-389,995,505,1,0
184933,2,stairs,-53,-36,-18,139,377,-366,992,544,1,0
184960,2,stairs,-102,-30,-33,237,407,-311,989,565,1,0
184996,2,stairs,-111,-22,-32,294,323,-249,991,503,1,0
185023,2,stairs,-84,-13,-22,305,188,-242,992,432,1,0
185050,2,stairs,-45,-11,-12,285,43,-298,992,415,1,0
185077,2,stairs,-20,-12,-6,271,-70,-395,993,484,1,0
185104,2,stairs,-14,-14,-3,285,-129,-481,994,574,1,0
185131,2,stairs,-30,-6,-4,315,-137,-532,995,633,1,0
185158,2,stairs,-52,8,-8,328,-108,-559,995,657,1,0
185185,2,stairs,-67,26,-10,309,-70,-574,995,655,1,0
185212,2,stairs,-70,41,-9,254,-44,-588,996,642,1,0
185239,2,stairs,-55,52,-4,163,-29,-615,996,637,1,0
185266,2,stairs,-26,52,3,64,-19,-663,996,666,1,0
185293,2,stairs,2,43,7,-12,-16,-726,995,726,1,0
185320,2,stairs,26,29,10,-44,-31,-799,995,801,1,0
185347,2,stairs,38,24,12,-29,-73,-871,995,875,1,0
185374,2,stairs,34,31,12,18,-119,-934,996,942,1,0
185401,2,stairs,21,46,12,64,-156,-986,996,1001,1,0
185428,2,stairs,14,59,11,85,-208,-1032,996,1056,1,0
185455,2,stairs,13,64,12,70,-288,-1078,997,1118,1,0
185482,2,stairs,15,71,13,49,-370,-1133,997,1193,1,0
185509,2,stairs,9,69,12,24,-376,-1197,998,1255,1,0
185536,2,stairs,3,54,10,1,-310,-1205,998,1244,1,0
185563,2,stairs,4,32,8,-9,-166,-1155,998,1167,1,0
185590,2,stairs,22,7,8,-9,-20,-1106,996,1106,1,0
185617,2,stairs,41,-24,6,-9,88,-1100,995,1103,1,0
185644,2,stairs,37,-52,1,-4,147,-1114,995,1124,1,0
185671,2,stairs,16,-75,-7,17,160,-1125,995,1136,1,0
185698,2,stairs,-1,-83,-12,49,138,-1108,995,1118,1,0
185725,2,stairs,-1,-78,-10,56,104,-1065,996,1072,1,0
185752,2,stairs,13,-63,-4,26,90,-1024,996,1028,1,0
185779,2,stairs,33,-52,1,-36,95,-998,996,1003,1,0
185806,2,stairs,48,-53,3,-102,110,-982,996,993,1,0
185833,2,stairs,52,-57,3,-137,114,-960,997,976,1,0
185860,2,stairs,54,-58,4,-125,94,-930,997,944,1,0
185887,2,stairs,62,-54,5,-78,60,-904,997,909,1,0
185914,2,stairs,78,-48,8,-32,27,-887,997,888,1,0
185941,2,stairs,106,-47,9,-12,-1,-878,996,878,1,0
185968,2,stairs,129,-44,10,-20,-26,-868,996,869,1,0
185995,2,stairs,147,-38,12,-36,-62,-851,996,854,1,0
186022,2,stairs,161,-27,13,-54,-118,-826,996,836,1,0
186049,2,stairs,165,-12,16,-63,-184,-794,996,817,1,0
186076,2,stairs,154,1,17,-69,-243,-742,996,784,1,0
186103,2,stairs,142,8,18,-80,-293,-682,997,747,1,0
186130,2,stairs,138,3,18,-89,-356,-626,997,726,1,0
186157,2,stairs,136,-3,17,-101,-387,-576,998,701,1,0
186184,2,stairs,127,-10,16,-87,-347,-547,998,654,1,0
186211,2,stairs,110,-25,12,7,-228,-543,997,589,1,0
186238,2,stairs,80,-46,5,159,-78,-532,996,561,1,0
186265,2,stairs,51,-67,-2,298,6,-518,994,598,1,0
186292,2,stairs,4,-71,-11,394,32,-497,992,635,1,0
186319,2,stairs,-40,-56,-17,432,-1,-455,991,627,1,0
186346,2,stairs,-66,-28,-18,374,-27,-417,991,561,1,0
186373,2,stairs,-70,-2,-13,240,-6,-422,992,485,1,0
186400,2,stairs,-63,3,-9,79,38,-450,994,458,1,0
186427,2,stairs,-39,-6,-5,-45,81,-485,994,494,1,0
186454,2,stairs,-25,-13,-3,-97,119,-515,995,537,1,0
186481,2,stairs,-19,-14,-1,-83,137,-542,996,565,1,0
186508,2,stairs,-15,-10,1,-30,139,-570,997,588,1,0
186535,2,stairs,-3,-3,4,19,124,-605,997,617,1,0
186562,2,stairs,18,7,8,44,105,-655,997,665,1,0
186588,2,stairs,43,15,12,44,91,-711,996,718,1,0
186614,2,stairs,60,20,14,33,77,-772,997,777,1,0
186640,2,stairs,66,30,16,30,59,-833,997,836,1,0
186666,2,stairs,60,39,17,29,43,-886,997,887,1,0
186692,2,stairs,53,47,17,24,19,-927,997,927,1,0
186728,2,stairs,45,50,16,7,-5,-960,998,960,1,0
186755,2,stairs,45,46,16,-24,-32,-997,998,998,1,0
186782,2,stairs,61,37,16,-62,-83,-1060,998,1065,1,0
186809,2,stairs,65,35,17,-71,-93,-1161,998,1167,1,0
186836,2,stairs,57,27,15,-52,-27,-1275,998,1277,1,0
186863,2,stairs,30,3,8,-46,68,-1333,996,1335,1,0
186890,2,stairs,-5,-26,-3,-56,157,-1316,994,1326,1,0
186917,2,stairs,-29,-48,-12,-74,199,-1265,993,1283,1,0
186945,2,stairs,-39,-69,-17,-117,180,-1215,993,1234,1,0
186973,2,stairs,-42,-84,-20,-179,139,-1165,994,1187,1,0
187001,2,stairs,-40,-90,-20,-229,117,-1115,995,1144,1,0
187028,2,stairs,-27,-95,-19,-263,124,-1076,996,1115,1,0
187056,2,stairs,-8,-99,-16,-258,153,-1042,996,1084,1,0
187083,2,stairs,11,-102,-14,-218,185,-1011,996,1051,1,0
187110,2,stairs,23,-97,-11,-161,201,-982,997,1015,1,0
187137,2,stairs,26,-89,-8,-115,213,-953,998,984,1,0
187164,2,stairs,29,-76,-5,-83,213,-921,998,948,1,0
187191,2,stairs,32,-61,-1,-64,209,-882,998,908,1,0
187218,2,stairs,38,-50,2,-57,210,-838,998,865,1,0
187245,2,stairs,49,-46,3,-54,217,-786,998,817,1,0
187272,2,stairs,65,-47,4,-47,228,-730,998,766,1,0
187299,2,stairs,80,-46,5,-26,240,-670,998,712,1,0
187326,2,stairs,88,-44,6,7,254,-607,998,658,1,0
187353,2,stairs,88,-40,6,53,265,-544,998,607,1,0
187380,2,stairs,88,-36,7,108,267,-484,998,563,1,0
187407,2,stairs,91,-32,8,168,257,-428,998,527,1,0
187434,2,stairs,95,-31,8,210,243,-382,998,499,1,0
187461,2,stairs,89,-31,7,244,226,-338,998,475,1,0
187488,2,stairs,75,-30,7,260,207,-293,998,443,1,0
187515,2,stairs,62,-28,6,262,193,-254,998,413,1,0
187542,2,stairs,62,-25,7,240,173,-225,998,371,1,0
187569,2,stairs,76,-23,7,179,156,-210,998,317,1,0
187596,2,stairs,96,-24,7,93,140,-210,997,269,1,0
187623,2,stairs,115,-28,6,4,117,-221,997,250,1,0
187650,2,stairs,116,-30,6,-89,98,-225,997,260,1,0
187677,2,stairs,92,-29,5,-194,86,-203,997,294,1,0
187704,2,stairs,71,-24,5,-304,60,-147,997,343,1,0
187731,2,stairs,35,-11,4,-418,54,-88,995,430,1,0
187758,2,stairs,19,-7,4,-483,62,-60,996,491,1,0
187785,2,stairs,2,-15,1,-462,101,-53,996,476,1,0
187812,2,stairs,-22,-17,-3,-306,155,-55,996,347,1,0
187839,2,stairs,-74,-7,-13,-99,245,-74,992,275,1,0
187866,2,stairs,-136,4,-31,101,311,-130,986,352,1,0
187893,2,stairs,-194,15,-50,249,354,-170,983,465,1,0
187920,2,stairs,-231,27,-61,297,356,-170,984,494,1,0
187947,2,stairs,-238,43,-59,256,307,-147,987,426,1,0
187974,2,stairs,-227,56,-51,147,230,-131,989,303,1,0
188001,2,stairs,-206,62,-42,23,145,-125,991,193,1,0
188028,2,stairs,-185,62,-33,-75,93,-128,992,175,1,0
188055,2,stairs,-167,53,-28,-116,86,-135,994,198,1,0
188082,2,stairs,-145,38,-22,-99,107,-137,994,200,1,0
188109,2,stairs,-119,25,-16,-43,139,-139,994,201,1,0
188136,2,stairs,-86,13,-10,25,170,-159,994,234,1,0
188163,2,stairs,-62,-3,-7,78,208,-201,994,299,1,0
188190,2,stairs,-52,-18,-6,118,237,-248,995,363,1,0
188217,2,stairs,-46,-25,-5,158,239,-292,996,409,1,0
188244,2,stairs,-48,-22,-4,197,214,-330,997,440,1,0
188271,2,stairs,-53,-10,-3,215,158,-360,998,448,1,0
188298,2,stairs,-54,5,-1,211,90,-387,998,450,1,0
188325,2,stairs,-48,18,2,175,16,-423,998,458,1,0
188352,2,stairs,-35,30,6,112,-63,-477,998,494,1,0
188379,2,stairs,-28,37,8,19,-113,-540,998,552,1,0
188406,2,stairs,-36,31,6,-104,-92,-586,998,602,1,0
188433,2,stairs,-62,14,-4,-215,47,-587,996,627,1,0
188469,2,stairs,-72,-20,-13,-252,248,-560,995,662,1,0
188496,2,stairs,-69,-54,-20,-214,379,-560,994,709,1,0
188523,2,stairs,-71,-82,-28,-123,412,-593,994,733,1,0
188550,2,stairs,-86,-101,-37,-10,378,-634,994,738,1,0
188577,2,stairs,-104,-124,-49,72,334,-570,993,665,1,0
188604,2,stairs,-122,-128,-56,109,311,-480,994,582,1,0
188631,2,stairs,-101,-142,-54,103,248,-399,994,481,1,0
188658,2,stairs,-56,-140,-44,98,165,-349,992,398,1,0
188685,2,stairs,-15,-136,-35,76,89,-346,991,366,1,0
188712,2,stairs,10,-127,-26,60,36,-364,992,371,1,0
188739,2,stairs,24,-115,-19,59,12,-404,993,408,1,0
188766,2,stairs,32,-94,-11,58,-2,-432,994,436,1,0
188793,2,stairs,38,-74,-5,24,-7,-443,994,444,1,0
188820,2,stairs,47,-59,1,-25,-8,-429,995,429,1,0
188847,2,stairs,50,-52,4,-65,1,-383,996,388,1,0
188874,2,stairs,57,-52,5,-91,-18,-315,996,328,1,0
188901,2,stairs,73,-50,7,-90,-83,-242,997,271,1,0
188928,2,stairs,75,-40,10,-65,-150,-166,997,233,1,0
188955,2,stairs,59,-30,10,-39,-192,-73,997,209,1,0
188982,2,stairs,38,-15,10,-4,-164,34,997,167,1,0
189009,2,stairs,22,1,11,55,-88,139,996,174,1,0
189036,2,stairs,14,15,12,123,-11,211,996,244,1,0
189063,2,stairs,6,22,12,175,33,231,997,292,1,0
189090,2,stairs,-16,34,9,228,56,227,996,326,1,0
189117,2,stairs,-48,51,4,281,61,219,995,362,1,0
189144,2,stairs,-106,82,-14,332,84,233,988,414,1,0
189171,2,stairs,-127,102,-17,349,78,255,989,439,1,0
189198,2,stairs,-128,115,-15,334,56,274,992,436,1,0
189225,2,stairs,-109,116,-8,286,26,275,993,397,1,0
189252,2,stairs,-66,111,2,233,-9,253,992,344,1,0
189279,2,stairs,-15,100,11,192,-34,210,990,287,1,0
189306,2,stairs,18,88,16,175,-24,154,990,235,1,0
189332,2,stairs,27,76,18,179,20,107,993,210,1,0
189359,2,stairs,23,66,18,187,66,74,994,211,1,0
189386,2,stairs,18,63,19,195,98,48,996,224,1,0
189413,2,stairs,10,69,19,194,122,23,997,231,1,0
189440,2,stairs,1,78,18,180,140,0,997,229,1,0
189466,2,stairs,-6,86,18,157,148,-16,998,217,1,0
189493,2,stairs,-14,94,17,135,135,-25,998,193,1,0
189520,2,stairs,-22,100,15,106,107,-28,998,153,1,0
189547,2,stairs,-25,100,15,44,62,-40,998,85,1,0
189574,2,stairs,-13,100,17,-23,-8,-78,998,82,1,0
189601,2,stairs,-11,100,17,-81,-42,-128,998,157,1,0
189628,2,stairs,-14,87,15,-119,-10,-164,998,203,1,0
189655,2,stairs,-21,64,11,-126,80,-173,997,228,1,0
189682,2,stairs,-19,30,7,-123,171,-187,996,281,1,0
189709,2,stairs,-15,-6,1,-127,211,-212,995,325,1,0
189736,2,stairs,-20,-35,-5,-133,202,-227,994,331,1,0
189763,2,stairs,-35,-51,-12,-126,161,-207,994,291,1,0
189790,2,stairs,-48,-55,-15,-87,108,-149,995,204,1,0
189817,2,stairs,-51,-47,-13,-30,70,-68,996,102,1,0
189844,2,stairs,-45,-37,-9,-6,56,2,997,57,1,0
189870,2,stairs,-28,-39,-6,-15,49,45,997,68,1,0
189897,2,stairs,-8,-51,-4,-42,37,71,997,91,1,0
189924,2,stairs,9,-61,-3,-59,18,94,997,112,1,0
189951,2,stairs,17,-64,-2,-57,13,111,998,126,1,0
189978,2,stairs,19,-63,-1,-39,17,114,998,121,1,0
190005,2,stairs,22,-55,1,-11,28,101,998,105,1,0
190031,2,stairs,25,-48,3,-6,38,76,999,85,1,0
190057,2,stairs,29,-45,4,-20,46,46,999,68,1,0
190083,2,stairs,34,-49,4,-46,39,15,999,62,1,0
190110,2,stairs,36,-55,3,-70,25,11,999,75,1,0
190136,2,stairs,40,-51,4,-80,5,44,999,92,1,0
190163,2,stairs,55,-39,8,-68,-19,87,998,112,1,0
190199,2,stairs,77,-30,11,-45,-50,117,997,135,1,0
190226,2,stairs,83,-24,13,-38,-47,150,998,162,1,0
190253,2,stairs,59,-21,10,-50,-49,194,997,206,1,0
190280,2,stairs,46,-19,9,-42,-117,234,997,265,1,0
190307,2,stairs,27,-9,8,-10,-141,287,997,320,1,0
190334,2,stairs,8,3,7,17,-122,340,997,361,1,0
190361,2,stairs,-3,15,7,40,-69,372,997,380,1,0
190388,2,stairs,-13,20,6,60,1,385,997,390,1,0
190415,2,stairs,-33,23,2,89,51,402,997,415,1,0
190442,2,stairs,-55,33,-2,120,59,421,996,442,1,0
190469,2,stairs,-67,42,-4,120,42,424,997,442,1,0
190496,2,stairs,-76,46,-5,104,30,413,997,427,1,0
190523,2,stairs,-77,42,-6,85,-1,387,998,396,1,0
190550,2,stairs,-57,36,-1,56,-49,337,998,345,1,0
190577,2,stairs,-34,35,3,43,-93,289,997,307,1,0
190604,2,stairs,-4,34,8,45,-119,239,996,271,1,0
190631,2,stairs,13,34,12,70,-102,188,997,225,1,0
190658,2,stairs,18,35,13,101,-74,148,998,194,1,0
190685,2,stairs,25,39,15,127,-38,121,998,179,1,0
190712,2,stairs,29,45,16,139,7,95,998,168,1,0
190738,2,stairs,30,46,17,152,55,66,999,175,1,0
190765,2,stairs,33,46,17,167,88,34,999,192,1,0
190792,2,stairs,42,48,19,172,98,3,999,198,1,0
190818,2,stairs,47,57,20,179,91,-22,999,202,1,0
190845,2,stairs,50,68,21,191,74,-45,999,210,1,0
190872,2,stairs,50,82,21,201,68,-68,998,223,1,0
190899,2,stairs,48,92,21,193,70,-88,998,223,1,0
190926,2,stairs,44,96,21,171,77,-105,998,215,1,0
190953,2,stairs,41,97,21,149,64,-126,999,205,1,0
190980,2,stairs,36,96,20,127,56,-147,998,202,1,0
191007,2,stairs,26,95,18,119,43,-156,998,201,1,0
191034,2,stairs,15,87,16,102,50,-147,998,186,1,0
191061,2,stairs,-1,74,11,55,88,-144,998,178,1,0
191088,2,stairs,-19,58,6,4,141,-159,997,213,1,0
191115,2,stairs,-44,38,-2,-20,215,-168,996,274,1,0
191142,2,stairs,-78,17,-14,-14,270,-158,994,314,1,0
191169,2,stairs,-99,0,-22,-3,278,-139,994,311,1,0
191196,2,stairs,-109,-13,-26,0,245,-116,995,271,1,0
191223,2,stairs,-109,-26,-27,2,191,-89,996,211,1,0
191250,2,stairs,-100,-37,-26,-24,144,-72,996,162,1,0
191277,2,stairs,-83,-47,-23,-73,123,-61,996,156,1,0
191304,2,stairs,-62,-57,-20,-121,129,-63,997,187,1,0
191331,2,stairs,-46,-62,-16,-157,157,-66,997,232,1,0
191358,2,stairs,-41,-67,-16,-180,194,-82,998,277,1,0
191385,2,stairs,-46,-71,-17,-204,234,-90,998,323,1,0
191412,2,stairs,-47,-51,-13,-178,218,-58,998,287,1,0
191439,2,stairs,-60,-38,-15,-152,220,-43,998,271,1,0
191466,2,stairs,-47,-22,-9,-116,196,-52,998,234,1,0
191493,2,stairs,-27,-11,-3,-68,159,-44,998,178,1,0
191520,2,stairs,-19,-7,0,-18,139,-16,998,141,1,0
191547,2,stairs,-18,-17,-2,-6,114,-1,998,114,1,0
191574,2,stairs,-11,-24,-2,-29,85,-11,998,91,1,0
191601,2,stairs,6,-25,1,-69,28,-11,998,76,1,0
191628,2,stairs,29,-24,5,-75,-77,15,997,109,1,0
191655,2,stairs,40,-20,8,-66,-175,39,997,191,1,0
191682,2,stairs,40,-18,8,-30,-231,65,998,242,1,0
191709,2,stairs,13,-14,3,-28,-229,81,997,244,1,0
191736,2,stairs,-14,-6,-1,-61,-179,59,996,198,1,0
191763,2,stairs,-36,2,-5,-84,-90,33,996,127,1,0
191790,2,stairs,-39,9,-4,-87,-43,39,997,105,1,0
191817,2,stairs,-24,21,1,-60,-36,77,997,104,1,0
191843,2,stairs,-24,36,2,-7,-61,156,997,167,1,0
191870,2,stairs,-38,48,1,53,-103,257,997,281,1,0
191897,2,stairs,-59,65,-4,127,-141,341,996,390,1,0
191933,2,stairs,-79,87,-9,170,-185,382,995,458,1,0
191960,2,stairs,-112,101,-21,139,-143,364,993,415,1,0
191987,2,stairs,-98,110,-15,171,-175,357,994,433,1,0
192014,2,stairs,-97,99,-14,203,-212,330,995,442,1,0
192041,2,stairs,-76,96,-8,232,-254,296,996,454,1,0
192068,2,stairs,-50,90,-1,245,-336,273,996,497,1,0
192095,2,stairs,-16,89,6,236,-385,242,995,512,1,0
192122,2,stairs,22,78,12,244,-338,190,994,458,1,0
192149,2,stairs,47,73,16,290,-283,201,994,453,1,0
192176,2,stairs,95,64,20,374,-222,188,992,474,1,0
192203,2,stairs,113,84,23,469,-113,146,992,504,1,0
192230,2,stairs,124,82,25,472,-52,72,994,480,1,0
192257,2,stairs,110,102,25,499,51,35,995,503,1,0
192284,2,stairs,79,104,21,489,133,33,995,507,1,0
192310,2,stairs,60,102,20,481,162,64,995,511,1,0
192337,2,stairs,53,112,19,470,173,113,996,513,1,0
192364,2,stairs,40,120,18,389,190,144,997,456,1,0
192391,2,stairs,23,108,15,239,212,158,997,356,1,0
192418,2,stairs,6,87,11,73,226,183,996,299,1,0
192445,2,stairs,-8,75,8,-45,220,232,996,322,1,0
192472,2,stairs,-5,76,9,-89,227,279,997,370,1,0
192499,2,stairs,4,71,11,-125,240,289,997,396,1,0
192526,2,stairs,52,58,15,-176,239,233,994,377,1,0
192553,2,stairs,88,22,14,-162,269,73,991,322,1,0
192580,2,stairs,73,-13,9,-153,212,-126,991,290,1,0
192607,2,stairs,-4,-20,-12,-140,235,-283,983,393,1,0
192634,2,stairs,-67,-12,-28,-92,220,-408,980,473,1,0
192661,2,stairs,-117,-16,-43,-28,180,-488,980,521,1,0
192688,2,stairs,-148,-20,-51,6,130,-523,983,539,1,0
192715,2,stairs,-146,-32,-48,34,78,-503,987,510,1,0
192742,2,stairs,-100,-54,-37,40,-31,-450,986,453,1,0
192769,2,stairs,-71,-67,-29,39,-72,-392,988,401,1,0
192796,2,stairs,-60,-46,-20,55,-129,-309,990,340,1,0
192823,2,stairs,-52,-27,-13,70,-164,-246,992,304,1,0
192850,2,stairs,-48,-13,-9,100,-163,-195,993,273,1,0
192877,2,stairs,-34,-9,-3,109,-183,-138,995,254,1,0
192904,2,stairs,-5,-2,4,102,-228,-80,995,263,1,0
192931,2,stairs,22,9,10,79,-243,-58,994,262,1,0
192957,2,stairs,45,16,15,59,-246,-71,995,263,1,0
192984,2,stairs,67,16,18,20,-247,-99,995,267,1,0
193011,2,stairs,96,11,20,-49,-249,-136,995,288,1,0
193038,2,stairs,114,2,21,-106,-234,-174,995,310,1,0
193065,2,stairs,123,-6,21,-114,-198,-191,996,297,1,0
193092,2,stairs,128,-11,21,-88,-148,-190,996,257,1,0
193119,2,stairs,114,-6,21,-38,-86,-184,997,207,1,0
193146,2,stairs,93,5,20,19,-47,-172,997,179,1,0
193173,2,stairs,78,11,19,65,-60,-159,997,182,1,0
193200,2,stairs,66,14,18,110,-93,-136,997,198,1,0
193227,2,stairs,59,27,18,155,-116,-100,997,218,1,0
193254,2,stairs,54,40,19,177,-86,-73,997,210,1,0
193280,2,stairs,54,53,19,181,-32,-49,997,190,1,0
193307,2,stairs,55,60,20,155,5,-65,998,168,1,0
193334,2,stairs,23,82,14,160,23,-108,995,194,1,0
193361,2,stairs,-7,98,8,161,-8,-146,995,217,1,0
193388,2,stairs,-60,128,-10,171,-43,-198,989,265,1,0
193415,2,stairs,-89,139,-18,168,-100,-244,990,313,1,0
193442,2,stairs,-95,142,-18,153,-149,-286,992,357,1,0
193469,2,stairs,-84,135,-13,118,-184,-329,994,395,1,0
193496,2,stairs,-39,112,-3,61,-231,-364,992,435,1,0
193523,2,stairs,25,83,4,8,-280,-395,986,484,1,0
193550,2,stairs,71,56,9,-20,-289,-412,985,504,1,0
193577,2,stairs,93,46,13,-9,-264,-423,987,499,1,0
193604,2,stairs,81,45,15,23,-182,-426,990,464,1,0
193631,2,stairs,46,57,12,84,-92,-419,990,437,1,0
193666,2,stairs,36,57,12,127,-88,-460,992,485,1,0
193693,2,stairs,40,52,14,157,-151,-519,994,563,1,0
193720,2,stairs,62,50,17,179,-239,-599,995,670,1,0
193747,2,stairs,77,39,18,197,-331,-710,995,808,1,0
193774,2,stairs,88,29,19,212,-440,-827,995,960,1,0
193801,2,stairs,96,43,21,232,-572,-922,996,1110,1,0
193828,2,stairs,106,76,20,257,-704,-1011,994,1258,1,0
193855,2,stairs,99,103,19,246,-785,-1120,994,1390,1,0
193882,2,stairs,86,99,19,194,-789,-1211,995,1458,1,0
193909,2,stairs,73,73,18,117,-727,-1260,995,1460,1,0
193936,2,stairs,67,46,16,38,-637,-1277,995,1428,1,0
193963,2,stairs,63,22,15,-27,-545,-1283,995,1394,1,0
193990,2,stairs,58,7,15,-55,-448,-1296,996,1372,1,0
194017,2,stairs,55,-12,14,-54,-341,-1306,996,1350,1,0
194044,2,stairs,61,-29,13,-40,-232,-1294,997,1316,1,0
194071,2,stairs,74,-29,14,-35,-131,-1275,997,1282,1,0
194098,2,stairs,76,-27,15,-44,-14,-1227,998,1228,1,0
194125,2,stairs,90,-8,17,-19,76,-1141,997,1144,1,0
194152,2,stairs,93,24,18,18,148,-1070,997,1081,1,0
194179,2,stairs,86,38,18,10,180,-1030,997,1046,1,0
194206,2,stairs,74,43,17,-75,180,-1011,997,1030,1,0
194233,2,stairs,67,43,17,-212,167,-1003,998,1038,1,0
194260,2,stairs,65,38,17,-378,131,-989,998,1067,1,0
194287,2,stairs,83,27,17,-532,97,-963,997,1105,1,0
194314,2,stairs,99,4,16,-637,76,-928,997,1128,1,0
194341,2,stairs,109,-26,12,-656,77,-858,995,1083,1,0
194368,2,stairs,113,-47,10,-581,74,-777,995,973,1,0
194395,2,stairs,104,-52,10,-439,69,-706,996,834,1,0
194422,2,stairs,91,-52,10,-274,58,-655,997,712,1,0
194449,2,stairs,77,-43,10,-106,39,-623,997,634,1,0
194476,2,stairs,63,-27,11,37,12,-593,997,594,1,0
194503,2,stairs,67,-7,13,143,-63,-550,997,572,1,0
194530,2,stairs,83,16,14,228,-181,-494,996,573,1,0
194557,2,stairs,102,31,14,322,-292,-435,996,615,1,0
194584,2,stairs,104,36,15,432,-332,-320,996,632,1,0
194611,2,stairs,84,38,14,493,-275,-193,997,596,1,0
194638,2,stairs,48,50,11,489,-185,-105,995,534,1,0
194665,2,stairs,4,61,5,414,-107,-72,993,433,1,0
194691,2,stairs,-47,60,-5,274,-73,-69,990,292,1,0
194718,2,stairs,-77,53,-10,115,-116,-88,991,186,1,0
194745,2,stairs,-87,44,-11,-15,-142,-146,992,204,1,0
194772,2,stairs,-65,29,-6,-108,-123,-223,993,276,1,0
194799,2,stairs,-22,38,0,-120,-82,-304,992,336,1,0
194826,2,stairs,30,48,4,-111,-18,-405,989,420,1,0
194853,2,stairs,61,57,7,-110,78,-515,990,533,1,0
194880,2,stairs,65,60,9,-125,172,-608,992,644,1,0
194907,2,stairs,58,53,11,-146,239,-674,994,730,1,0
194934,2,stairs,46,45,11,-155,273,-722,995,787,1,0
194961,2,stairs,51,37,12,-146,257,-766,996,821,1,0
194988,2,stairs,63,28,13,-121,222,-800,997,839,1,0
195015,2,stairs,77,23,13,-85,184,-815,997,839,1,0
195042,2,stairs,94,23,13,-61,149,-810,997,826,1,0
195068,2,stairs,101,26,13,-65,111,-794,997,805,1,0
195095,2,stairs,107,24,13,-111,54,-776,997,786,1,0
195122,2,stairs,103,14,13,-189,-16,-770,997,793,1,0
195149,2,stairs,95,1,12,-260,-80,-790,998,836,1,0
195176,2,stairs,104,-14,11,-302,-161,-843,997,910,1,0
195203,2,stairs,114,-26,10,-309,-227,-919,997,996,1,0
195230,2,stairs,99,-23,10,-250,-212,-977,997,1030,1,0
195257,2,stairs,54,-17,7,-165,-148,-976,995,1001,1,0
195284,2,stairs,7,-18,1,-128,-102,-967,992,981,1,0
195311,2,stairs,-33,-21,-4,-117,-82,-967,991,977,1,0
195338,2,stairs,-69,-32,-11,-112,-88,-993,991,1003,1,0
195366,2,stairs,-74,-41,-11,-88,-64,-1025,992,1031,1,0
195402,2,stairs,-75,-46,-11,-80,65,-1038,994,1043,1,0
195429,2,stairs,-70,-33,-8,-80,207,-1056,995,1079,1,0
195456,2,stairs,-62,-16,-4,-93,321,-1080,996,1131,1,0
195483,2,stairs,-58,-18,-3,-138,395,-1086,997,1164,1,0
195510,2,stairs,-60,-21,-3,-188,431,-1065,997,1164,1,0
195537,2,stairs,-67,-10,-3,-204,436,-1036,997,1142,1,0
195564,2,stairs,-74,3,-4,-200,420,-1021,998,1122,1,0
195591,2,stairs,-82,8,-5,-203,415,-1022,998,1122,1,0
195618,2,stairs,-85,6,-6,-194,423,-1027,998,1127,1,0
195645,2,stairs,-83,-5,-7,-169,435,-1018,998,1120,1,0
195672,2,stairs,-76,-15,-6,-136,432,-986,998,1085,1,0
195699,2,stairs,-67,-14,-4,-87,405,-936,998,1024,1,0
195726,2,stairs,-59,-7,-3,-13,351,-879,998,947,1,0
195753,2,stairs,-44,-1,0,64,277,-818,998,866,1,0
195780,2,stairs,-29,-1,2,132,209,-746,998,786,1,0
195807,2,stairs,-17,-3,4,201,146,-655,998,700,1,0
195834,2,stairs,-2,-8,5,257,91,-551,998,615,1,0
195861,2,stairs,3,-12,6,300,45,-456,998,548,1,0
195888,2,stairs,3,-18,5,332,22,-394,998,515,1,0
195915,2,stairs,5,-31,4,346,33,-368,998,506,1,0
195942,2,stairs,8,-42,3,345,74,-377,998,516,1,0
195969,2,stairs,18,-45,4,341,118,-412,998,547,1,0
195996,2,stairs,21,-41,5,341,163,-452,998,589,1,0
196023,2,stairs,13,-29,5,349,209,-466,998,619,1,0
196050,2,stairs,9,-10,5,357,245,-454,997,628,1,0
196077,2,stairs,11,15,6,341,252,-431,997,604,1,0
196104,2,stairs,9,40,6,301,267,-403,996,569,1,0
196131,2,stairs,-4,58,4,244,309,-333,996,515,1,0
196158,2,stairs,-29,62,0,155,369,-238,996,466,1,0
196185,2,stairs,-67,61,-8,46,419,-138,994,444,1,0
196212,2,stairs,-115,62,-21,-52,455,-78,991,465,1,0
196239,2,stairs,-156,55,-33,-133,467,-62,990,490,1,0
196266,2,stairs,-168,46,-35,-175,435,-81,992,476,1,0
196293,2,stairs,-155,31,-30,-180,381,-120,994,438,1,0
196320,2,stairs,-128,21,-22,-144,330,-163,994,395,1,0
196347,2,stairs,-101,18,-15,-77,299,-193,995,364,1,0
196374,2,stairs,-83,22,-10,-5,284,-219,995,359,1,0
196401,2,stairs,-71,27,-7,47,271,-242,996,367,1,0
196428,2,stairs,-57,23,-4,68,247,-258,997,363,1,0
196455,2,stairs,-46,16,-2,69,220,-263,997,350,1,0
196482,2,stairs,-47,15,-1,73,208,-264,997,344,1,0
196509,2,stairs,-48,15,-1,76,173,-271,998,330,1,0
196536,2,stairs,-49,10,-2,61,111,-284,998,311,1,0
196563,2,stairs,-55,3,-3,40,31,-293,998,297,1,0
196590,2,stairs,-46,-1,-2,35,-67,-304,998,313,1,0
196617,2,stairs,-24,-1,1,50,-171,-327,997,372,1,0
196644,2,stairs,-13,5,4,104,-231,-361,998,441,1,0
196671,2,stairs,-24,22,2,211,-262,-395,997,519,1,0
196698,2,stairs,-32,40,0,309,-300,-430,997,609,1,0
196725,2,stairs,-37,50,-1,322,-276,-477,997,638,1,0
196752,2,stairs,-46,55,-2,295,-208,-536,997,646,1,0
196779,2,stairs,-49,56,-3,258,-136,-587,998,655,1,0
196806,2,stairs,-55,50,-4,192,-69,-608,998,641,1,0
196833,2,stairs,-81,39,-11,113,-10,-595,996,606,1,0
196860,2,stairs,-114,28,-22,65,24,-545,995,549,1,0
196887,2,stairs,-137,4,-31,41,62,-492,994,497,1,0
196914,2,stairs,-149,-28,-37,34,115,-438,993,454,1,0
196941,2,stairs,-147,-54,-38,44,160,-384,994,418,1,0
196968,2,stairs,-121,-58,-30,72,198,-340,994,400,1,0
196995,2,stairs,-74,-55,-19,90,221,-326,992,404,1,0
197022,2,stairs,-43,-56,-12,77,240,-327,992,413,1,0
197049,2,stairs,-37,-52,-9,54,276,-327,994,432,1,0
197076,2,stairs,-38,-45,-7,35,300,-327,995,445,1,0
197103,2,stairs,-44,-40,-7,26,294,-321,996,436,1,0
197139,2,stairs,-39,-31,-4,31,237,-325,997,404,1,0
197166,2,stairs,-23,-23,-1,38,172,-333,997,377,1,0
197193,2,stairs,-3,-15,3,50,112,-329,997,351,1,0
197220,2,stairs,9,-7,6,57,79,-310,997,325,1,0
197246,2,stairs,12,-3,7,60,64,-269,997,282,1,0
197272,2,stairs,-1,2,5,61,50,-195,997,210,1,0
197298,2,stairs,-13,10,3,65,20,-96,998,117,1,0
197324,2,stairs,-27,21,1,83,-18,25,997,89,1,0
197350,2,stairs,-38,36,-2,121,-60,146,997,199,1,0
197377,2,stairs,-40,46,-2,158,-74,245,997,301,1,0
197404,2,stairs,-35,58,-1,186,-17,296,997,350,1,0
197431,2,stairs,-27,73,0,188,101,330,997,393,1,0
197458,2,stairs,-22,91,0,164,242,357,997,462,1,0
197485,2,stairs,-25,107,-2,119,357,386,997,540,1,0
197512,2,stairs,-46,125,-9,63,422,416,996,596,1,0
197539,2,stairs,-61,131,-13,5,424,430,996,604,1,0
197566,2,stairs,-76,129,-17,-26,400,420,996,581,1,0
197593,2,stairs,-77,120,-16,-21,345,388,997,519,1,0
197620,2,stairs,-72,102,-13,19,292,350,997,456,1,0
197647,2,stairs,-48,86,-7,73,230,324,997,403,1,0
197673,2,stairs,-28,73,-2,118,177,301,997,369,1,0
197700,2,stairs,-28,64,-1,134,153,280,997,346,1,0
197727,2,stairs,-31,56,-1,116,133,265,998,319,1,0
197753,2,stairs,-35,53,-2,77,109,255,998,288,1,0
197780,2,stairs,-33,53,-1,39,70,244,999,256,1,0
197807,2,stairs,-22,50,1,13,29,229,999,232,1,0
197833,2,stairs,-3,40,5,1,-20,223,998,224,1,0
197859,2,stairs,16,37,8,5,-69,232,998,242,1,0
197885,2,stairs,32,39,11,11,-125,245,998,275,1,0
197912,2,stairs,37,42,12,8,-181,245,998,305,1,0
197938,2,stairs,38,44,12,4,-234,225,999,325,1,0
197965,2,stairs,43,41,12,3,-276,188,999,334,1,0
197991,2,stairs,55,36,14,13,-307,145,998,340,1,0
198017,2,stairs,56,35,14,49,-318,105,999,339,1,0
198044,2,stairs,44,41,12,114,-328,84,998,357,1,0
198071,2,stairs,38,45,11,164,-337,69,998,381,1,0
198098,2,stairs,31,52,9,190,-302,38,998,359,1,0
198125,2,stairs,46,55,11,169,-272,-21,998,321,1,0
198152,2,stairs,65,54,13,91,-222,-83,998,254,1,0
198179,2,stairs,65,48,13,-13,-155,-131,998,203,1,0
198206,2,stairs,42,35,10,-114,-83,-156,997,211,1,0
198233,2,stairs,6,19,3,-184,-7,-165,995,248,1,0
198260,2,stairs,-43,-10,-11,-232,65,-169,991,295,1,0
198287,2,stairs,-66,-42,-19,-249,100,-174,990,320,1,0
198314,2,stairs,-73,-77,-23,-244,112,-159,991,312,1,0
198341,2,stairs,-63,-100,-21,-212,119,-127,992,275,1,0
198368,2,stairs,-40,-102,-15,-155,135,-93,993,225,1,0
198395,2,stairs,-10,-97,-8,-106,146,-65,993,192,1,0
198422,2,stairs,4,-92,-4,-82,168,-49,994,193,1,0
198448,2,stairs,5,-81,-2,-66,189,-37,995,204,1,0
198475,2,stairs,5,-74,0,-60,191,-30,996,202,1,0
198502,2,stairs,1,-70,0,-56,188,-27,997,198,1,0
198529,2,stairs,-1,-65,1,-37,180,-33,998,187,1,0
198556,2,stairs,-2,-59,2,-5,172,-44,998,178,1,0
198583,2,stairs,0,-53,2,25,166,-56,998,177,1,0
198610,2,stairs,7,-45,4,38,164,-67,998,181,1,0
198636,2,stairs,16,-36,7,35,167,-70,998,184,1,0
198663,2,stairs,27,-31,9,8,172,-56,998,181,1,0
198690,2,stairs,30,-22,9,-15,172,-18,998,173,1,0
198717,2,stairs,25,-14,9,2,150,58,998,161,1,0
198743,2,stairs,7,-9,5,22,65,170,998,183,1,0
198769,2,stairs,-15,-2,1,46,-17,292,997,296,1,0
198796,2,stairs,-40,14,-5,103,-52,375,996,392,1,0
198823,2,stairs,-44,43,-7,178,-66,408,995,450,1,0
198858,2,stairs,-27,69,-5,186,-91,408,995,457,1,0
198885,2,stairs,-29,82,-5,145,-119,430,995,470,1,0
198912,2,stairs,-38,88,-7,103,-137,469,996,499,1,0
198939,2,stairs,-54,93,-11,69,-143,496,997,520,1,0
198966,2,stairs,-57,92,-11,40,-152,486,997,511,1,0
198993,2,stairs,-50,86,-8,26,-146,437,998,462,1,0
199020,2,stairs,-27,78,-3,34,-140,369,998,396,1,0
199047,2,stairs,8,69,3,46,-132,292,996,323,1,0
199073,2,stairs,36,57,8,58,-106,228,996,258,1,0
199099,2,stairs,53,46,11,65,-73,194,996,217,1,0
199125,2,stairs,62,34,13,55,-34,180,997,191,1,0
199151,2,stairs,71,24,14,29,6,171,997,174,1,0
199177,2,stairs,70,17,15,4,46,167,998,174,1,0
199203,2,stairs,75,12,16,-17,77,164,998,182,1,0
199230,2,stairs,81,9,16,-49,101,149,998,187,1,0
199257,2,stairs,80,10,16,-77,124,127,999,193,1,0
199283,2,stairs,82,9,17,-103,128,103,999,194,1,0
199310,2,stairs,81,10,17,-130,117,79,999,192,1,0
199336,2,stairs,74,7,16,-146,95,57,999,183,1,0
199362,2,stairs,71,5,15,-139,53,40,999,154,1,0
199389,2,stairs,80,7,16,-106,1,25,999,109,1,0
199415,2,stairs,78,14,15,-40,-34,11,999,54,1,0
199441,2,stairs,72,26,14,45,-68,-1,998,82,1,0
199467,2,stairs,61,36,12,99,-84,-17,998,131,1,0
199494,2,stairs,49,45,10,98,-71,-45,998,129,1,0
199521,2,stairs,39,46,9,63,-49,-81,998,114,1,0
199547,2,stairs,30,40,8,20,-44,-98,998,110,1,0
199574,2,stairs,6,31,4,-7,-44,-90,997,101,1,0
199600,2,stairs,-33,16,-5,-21,-61,-49,995,81,1,0
199627,2,stairs,-76,-4,-18,-31,-82,-28,992,92,1,0
199654,2,stairs,-113,-21,-29,-36,-86,-23,991,96,1,0
199681,2,stairs,-127,-37,-33,-40,-75,-43,992,96,1,0
199708,2,stairs,-114,-49,-28,-40,-47,-74,994,96,1,0
199735,2,stairs,-82,-56,-20,-43,-11,-90,994,100,1,0
199762,2,stairs,-45,-54,-11,-61,32,-77,993,104,1,0
199789,2,stairs,-20,-43,-5,-85,77,-45,994,124,1,0
199816,2,stairs,-10,-35,-1,-113,111,-8,995,159,1,0
199843,2,stairs,-5,-35,1,-141,122,23,996,188,1,0
199870,2,stairs,-5,-40,1,-149,123,44,996,198,1,0
199897,2,stairs,-1,-51,2,-129,105,58,997,176,1,0
199924,2,stairs,4,-67,2,-91,88,68,997,143,1,0
199950,2,stairs,1,-73,1,-37,87,79,998,123,1,0
199976,2,stairs,8,-76,2,15,86,82,998,120,1,0
200002,2,stairs,19,-79,4,43,84,73,998,120,1,0
200028,2,stairs,34,-80,5,41,87,53,998,110,1,0
200054,2,stairs,42,-75,7,28,101,31,998,109,1,0
200081,2,stairs,51,-69,8,12,98,9,998,100,1,0
200107,2,stairs,61,-64,10,-6,74,-9,998,75,1,0
200133,2,stairs,59,-55,10,3,40,-26,998,48,1,0
200159,2,stairs,59,-45,11,41,-20,-36,998,59,1,0
200186,2,stairs,48,-39,10,104,-72,-52,998,137,1,0
200213,2,stairs,31,-27,8,208,-88,-82,998,240,1,0
200240,2,stairs,23,-5,7,323,-53,-118,997,348,1,0
200267,2,stairs,24,22,7,385,23,-130,996,407,1,0
200294,2,stairs,12,45,4,347,125,-96,996,381,1,0
200320,2,stairs,-4,59,1,247,190,-30,996,313,1,0
200347,2,stairs,-40,83,-10,129,226,35,993,263,1,0
200374,2,stairs,-73,90,-18,-14,210,86,993,228,1,0
200401,2,stairs,-97,84,-24,-140,150,103,993,229,1,0
200428,2,stairs,-103,70,-24,-217,76,92,995,248,1,0
200455,2,stairs,-103,46,-23,-262,11,50,995,267,1,0
200482,2,stairs,-80,24,-17,-264,-60,-4,994,271,1,0
200509,2,stairs,-63,3,-12,-244,-100,-62,994,271,1,0
200536,2,stairs,-50,-8,-8,-203,-107,-118,995,259,1,0
200571,2,stairs,-35,-13,-4,-145,-76,-173,996,239,1,0
200598,2,stairs,-20,-12,-1,-89,-49,-218,997,240,1,0
200625,2,stairs,-4,-13,3,-47,-35,-251,997,258,1,0
200652,2,stairs,12,-8,6,-13,-35,-269,997,272,1,0
200679,2,stairs,33,-3,9,3,-52,-278,997,283,1,0
200705,2,stairs,48,3,12,3,-75,-273,998,283,1,0
200731,2,stairs,54,7,13,-17,-97,-251,998,269,1,0
200758,2,stairs,54,8,13,-53,-121,-220,999,256,1,0
200785,2,stairs,53,4,13,-86,-148,-185,999,252,1,0
200812,2,stairs,58,-3,13,-90,-162,-164,999,247,1,0
200839,2,stairs,75,26,13,-25,-138,-163,997,215,1,0
200866,2,stairs,96,28,15,18,-89,-213,997,232,1,0
200892,2,stairs,103,25,16,52,-30,-278,997,285,1,0
200919,2,stairs,100,22,16,71,-30,-313,998,322,1,0
200946,2,stairs,73,20,13,90,-68,-291,997,312,1,0
200973,2,stairs,49,17,10,135,-122,-243,996,304,1,0
201000,2,stairs,41,19,9,178,-152,-226,997,325,1,0
201027,2,stairs,43,20,10,184,-147,-254,997,347,1,0
201054,2,stairs,40,15,10,140,-81,-294,998,335,1,0
201081,2,stairs,13,4,5,74,33,-300,997,311,1,0
201108,2,stairs,-30,-11,-6,15,133,-272,994,303,1,0
201135,2,stairs,-84,-32,-23,-46,195,-240,989,313,1,0
201162,2,stairs,-129,-61,-40,-102,208,-216,987,317,1,0
201189,2,stairs,-154,-85,-50,-124,165,-201,988,288,1,0
201216,2,stairs,-143,-110,-48,-110,97,-190,989,240,1,0
201243,2,stairs,-114,-128,-41,-77,34,-183,990,201,1,0
201270,2,stairs,-80,-129,-31,-37,9,-173,990,177,1,0
201297,2,stairs,-52,-118,-22,-2,19,-158,991,159,1,0
201324,2,stairs,-38,-97,-15,15,52,-149,992,158,1,0
201351,2,stairs,-38,-75,-11,19,90,-149,993,175,1,0
201378,2,stairs,-31,-60,-6,13,107,-169,995,201,1,0
201405,2,stairs,-25,-51,-4,11,113,-203,996,232,1,0
201432,2,stairs,-15,-47,-1,22,129,-235,996,269,1,0
201459,2,stairs,0,-48,3,33,143,-259,997,297,1,0
201486,2,stairs,11,-51,4,39,151,-264,997,307,1,0
201513,2,stairs,21,-56,6,37,149,-256,997,299,1,0
201540,2,stairs,28,-57,7,35,134,-246,998,282,1,0
201567,2,stairs,33,-57,8,33,104,-245,998,269,1,0
201594,2,stairs,29,-59,7,32,81,-252,998,267,1,0
201621,2,stairs,33,-59,7,39,51,-269,998,277,1,0
201648,2,stairs,42,-58,8,60,12,-291,998,297,1,0
201675,2,stairs,48,-60,9,83,-38,-298,998,312,1,0
201702,2,stairs,38,-54,8,128,-88,-278,998,318,1,0
201729,2,stairs,23,-37,7,200,-145,-253,998,353,1,0
201756,2,stairs,18,-13,7,286,-211,-265,997,443,1,0
201783,2,stairs,19,13,8,376,-270,-312,996,558,1,0
201810,2,stairs,28,34,9,426,-301,-361,996,634,1,0
201837,2,stairs,28,55,8,438,-265,-370,996,632,1,0
201864,2,stairs,18,77,6,415,-185,-338,995,566,1,0
201891,2,stairs,11,96,4,336,-116,-293,996,461,1,0
201918,2,stairs,-10,117,-2,217,-70,-262,995,348,1,0
201945,2,stairs,-38,125,-9,68,-45,-255,994,268,1,0
201972,2,stairs,-57,121,-13,-66,-18,-277,995,285,1,0
201999,2,stairs,-66,114,-13,-147,23,-305,996,339,1,0
202026,2,stairs,-56,107,-10,-196,40,-332,996,387,1,0
202053,2,stairs,-33,96,-4,-223,39,-353,996,419,1,0
202080,2,stairs,-8,84,1,-228,35,-355,996,423,1,0
202107,2,stairs,11,66,5,-227,37,-340,996,411,1,0
202134,2,stairs,14,50,6,-214,44,-314,996,382,1,0
202161,2,stairs,10,38,7,-195,55,-293,997,356,1,0
202188,2,stairs,0,24,5,-166,79,-291,997,344,1,0
202215,2,stairs,1,10,6,-133,80,-310,998,346,1,0
202242,2,stairs,22,-2,8,-87,47,-345,997,359,1,0
202269,2,stairs,48,-16,11,-33,-8,-393,997,395,1,0
202305,2,stairs,74,-27,13,34,-95,-449,996,460,1,0
202332,2,stairs,87,-31,14,90,-174,-504,996,540,1,0
202359,2,stairs,88,-29,14,125,-259,-565,997,634,1,0
202386,2,stairs,79,-20,14,139,-331,-643,997,737,1,0
202413,2,stairs,71,-8,14,137,-379,-738,997,840,1,0
202440,2,stairs,62,1,13,90,-397,-853,997,945,1,0
202467,2,stairs,43,4,11,23,-378,-970,997,1041,1,0
202494,2,stairs,28,-8,8,-58,-329,-1052,997,1103,1,0
202521,2,stairs,16,-34,4,-153,-264,-1081,996,1124,1,0
202548,2,stairs,-1,-56,0,-216,-161,-1071,996,1104,1,0
202575,2,stairs,-15,-69,-4,-225,-31,-1042,996,1066,1,0
202602,2,stairs,-26,-79,-7,-210,69,-1012,996,1036,1,0
202629,2,stairs,-39,-94,-11,-202,117,-998,996,1025,1,0
202656,2,stairs,-53,-121,-19,-193,85,-967,996,990,1,0
202683,2,stairs,-65,-147,-27,-139,30,-951,995,961,1,0
202710,2,stairs,-65,-170,-33,-54,-15,-933,995,935,1,0
202737,2,stairs,-62,-168,-31,46,-32,-913,996,915,1,0
202764,2,stairs,-45,-151,-24,113,-21,-917,996,924,1,0
202791,2,stairs,-23,-134,-16,121,-10,-944,996,952,1,0
202818,2,stairs,-1,-123,-10,85,0,-980,996,983,1,0
202845,2,stairs,11,-119,-7,37,25,-1001,996,1002,1,0
202872,2,stairs,15,-115,-5,3,63,-1000,997,1002,1,0
202899,2,stairs,12,-105,-4,-9,105,-979,997,984,1,0
202926,2,stairs,15,-91,-1,-7,121,-941,997,949,1,0
202953,2,stairs,21,-79,1,-10,100,-894,997,900,1,0
202980,2,stairs,30,-73,3,-13,46,-832,997,833,1,0
203007,2,stairs,32,-69,4,8,-18,-754,998,754,1,0
203034,2,stairs,39,-61,6,62,-92,-665,998,674,1,0
203061,2,stairs,48,-53,8,119,-164,-573,998,608,1,0
203088,2,stairs,53,-31,11,166,-183,-471,998,532,1,0
203115,2,stairs,47,-2,12,193,-130,-384,997,449,1,0
203142,2,stairs,27,20,9,176,-28,-325,996,371,1,0
203169,2,stairs,1,28,5,101,86,-289,996,318,1,0
203196,2,stairs,-20,29,2,-8,163,-268,996,314,1,0
203223,2,stairs,-27,30,1,-94,178,-269,997,336,1,0
203250,2,stairs,-15,31,4,-125,174,-304,997,372,1,0
203277,2,stairs,-6,32,6,-96,187,-373,997,428,1,0
203304,2,stairs,-1,34,7,-30,226,-462,998,515,1,0
203331,2,stairs,-1,35,7,42,270,-543,998,608,1,0
203358,2,stairs,-2,33,6,90,301,-602,998,679,1,0
203385,2,stairs,6,34,8,106,293,-641,998,713,1,0
203412,2,stairs,23,35,10,92,244,-673,998,722,1,0
203439,2,stairs,36,29,11,53,173,-700,998,723,1,0
203466,2,stairs,39,18,11,16,95,-712,998,718,1,0
203493,2,stairs,39,5,11,-1,0,-718,998,718,1,0
203520,2,stairs,45,-6,11,6,-123,-734,998,745,1,0
203547,2,stairs,48,-18,10,40,-273,-775,998,823,1,0
203574,2,stairs,49,-31,9,102,-429,-840,998,949,1,0
203601,2,stairs,42,-36,8,196,-557,-927,998,1099,1,0
203628,2,stairs,34,-29,8,295,-644,-1026,998,1247,1,0
203655,2,stairs,27,-12,7,344,-625,-1147,998,1351,1,0
203682,2,stairs,23,5,8,313,-487,-1270,998,1396,1,0
203709,2,stairs,10,8,6,180,-307,-1366,998,1412,1,0
203736,2,stairs,-20,5,0,1,-139,-1424,996,1431,1,0
203763,2,stairs,-49,-12,-8,-171,-22,-1454,995,1464,1,0
203791,2,stairs,-70,-45,-18,-297,19,-1462,994,1492,1,0
203819,2,stairs,-81,-84,-27,-343,23,-1441,992,1482,1,0
203846,2,stairs,-97,-109,-36,-295,47,-1401,992,1433,1,0
203874,2,stairs,-103,-116,-38,-177,78,-1360,994,1374,1,0
203902,2,stairs,-96,-109,-33,-51,122,-1328,995,1334,1,0
203930,2,stairs,-77,-90,-25,27,177,-1317,995,1329,1,0
203957,2,stairs,-51,-79,-17,21,227,-1322,995,1341,1,0
203984,2,stairs,-33,-77,-12,-50,280,-1323,995,1353,1,0
204012,2,stairs,-26,-75,-10,-127,333,-1309,996,1357,1,0
204049,2,stairs,-33,-77,-11,-164,377,-1268,997,1333,1,0
204077,2,stairs,-27,-81,-11,-164,390,-1208,997,1280,1,0
204105,2,stairs,-24,-82,-10,-133,377,-1121,997,1190,1,0
204132,2,stairs,-16,-78,-8,-75,330,-1015,998,1070,1,0
204159,2,stairs,-14,-68,-6,6,263,-901,998,939,1,0
204186,2,stairs,-10,-53,-3,101,171,-788,998,812,1,0
204213,2,stairs,-8,-38,-1,190,78,-681,998,711,1,0
204240,2,stairs,-9,-21,1,261,-4,-556,998,615,1,0
204267,2,stairs,-7,5,3,301,-18,-435,997,529,1,0
204294,2,stairs,-22,37,1,296,54,-323,995,442,1,0
204321,2,stairs,-35,59,-1,238,140,-258,995,378,1,0
204348,2,stairs,-68,69,-10,146,243,-228,994,363,1,0
204375,2,stairs,-87,67,-15,35,270,-217,995,348,1,0
204402,2,stairs,-82,58,-12,-55,211,-220,996,310,1,0
204429,2,stairs,-58,49,-7,-63,134,-235,996,278,1,0
204456,2,stairs,-41,48,-2,30,103,-263,996,284,1,0
204483,2,stairs,-28,56,1,171,104,-322,996,379,1,0
204510,2,stairs,-15,64,4,287,107,-405,997,508,1,0
204537,2,stairs,2,61,7,342,94,-488,997,604,1,0
204563,2,stairs,21,50,10,339,81,-545,997,647,1,0
204590,2,stairs,30,39,12,298,85,-566,997,645,1,0
204617,2,stairs,28,39,12,236,104,-565,998,621,1,0
204644,2,stairs,22,46,11,169,111,-563,998,598,1,0
204671,2,stairs,16,53,10,92,107,-572,998,589,1,0
204698,2,stairs,23,55,11,33,94,-589,998,597,1,0
204725,2,stairs,35,51,13,-4,78,-606,998,611,1,0
204752,2,stairs,54,44,14,-16,55,-617,998,620,1,0
204779,2,stairs,57,38,15,37,60,-605,998,610,1,0
204806,2,stairs,56,35,15,133,18,-567,998,583,1,0
204833,2,stairs,52,44,14,183,-119,-535,998,578,1,0
204860,2,stairs,44,59,13,199,-202,-542,998,611,1,0
204887,2,stairs,42,69,13,236,-202,-593,998,669,1,0
204914,2,stairs,20,71,9,254,-67,-660,997,710,1,0
204941,2,stairs,-24,80,-2,231,94,-700,994,743,1,0
204968,2,stairs,-68,93,-16,147,208,-705,991,750,1,0
204995,2,stairs,-104,89,-25,15,256,-700,991,745,1,0
205022,2,stairs,-126,72,-31,-86,289,-695,992,757,1,0
205049,2,stairs,-129,52,-31,-155,305,-698,993,778,1,0
205076,2,stairs,-126,34,-29,-197,305,-708,994,795,1,0
205103,2,stairs,-108,7,-25,-215,277,-710,994,792,1,0
205130,2,stairs,-97,-25,-24,-207,255,-690,994,764,1,0
205157,2,stairs,-97,-46,-25,-154,253,-643,995,708,1,0
205184,2,stairs,-101,-54,-27,-79,260,-586,995,646,1,0
205211,2,stairs,-101,-51,-26,-7,262,-540,996,601,1,0
205238,2,stairs,-98,-45,-23,55,279,-515,997,588,1,0
205265,2,stairs,-94,-39,-21,93,308,-504,998,598,1,0
205292,2,stairs,-76,-30,-15,107,332,-510,998,618,1,0
205319,2,stairs,-59,-24,-10,109,360,-520,997,642,1,0
205346,2,stairs,-48,-16,-7,110,377,-521,997,652,1,0
205373,2,stairs,-44,-9,-6,100,359,-504,997,626,1,0
205400,2,stairs,-42,-5,-4,98,304,-467,998,566,1,0
205427,2,stairs,-43,-5,-5,118,234,-388,998,468,1,0
205454,2,stairs,-49,-4,-6,165,151,-257,998,341,1,0
205481,2,stairs,-52,5,-7,249,60,-106,998,277,1,0
205508,2,stairs,-51,23,-6,337,-5,23,998,338,1,0
205535,2,stairs,-49,43,-6,383,-29,104,997,398,1,0
205562,2,stairs,-58,58,-8,360,18,162,997,395,1,0
205589,2,stairs,-74,76,-13,279,108,197,997,359,1,0
205616,2,stairs,-85,98,-19,155,197,192,996,316,1,0
205643,2,stairs,-95,115,-23,22,257,148,996,298,1,0
205670,2,stairs,-109,117,-28,-85,282,88,996,308,1,0
205697,2,stairs,-114,109,-29,-145,273,34,997,311,1,0
205724,2,stairs,-107,95,-25,-139,233,-4,997,271,1,0
205751,2,stairs,-82,84,-17,-64,175,-24,997,188,1,0
205787,2,stairs,-48,72,-8,47,104,-24,995,117,1,0
205814,2,stairs,-39,66,-5,137,67,-10,996,152,1,0
205841,2,stairs,-29,64,-2,197,47,15,997,203,1,0
205867,2,stairs,-16,59,2,214,25,42,997,220,1,0
205893,2,stairs,-2,49,5,197,8,72,997,210,1,0
205919,2,stairs,1,39,6,167,15,112,998,202,1,0
205945,2,stairs,9,36,8,132,24,156,998,205,1,0
205971,2,stairs,17,36,10,103,3,188,998,215,1,0
205997,2,stairs,25,36,12,76,-29,207,998,222,1,0
206023,2,stairs,33,35,13,60,-60,215,998,231,1,0
206049,2,stairs,50,36,16,61,-93,211,998,239,1,0
206076,2,stairs,72,38,19,72,-115,189,997,233,1,0
206103,2,stairs,88,37,21,105,-109,157,997,218,1,0
206129,2,stairs,93,41,21,154,-110,127,997,227,1,0
206156,2,stairs,94,49,21,198,-129,90,998,253,1,0
206183,2,stairs,87,52,20,226,-139,44,998,269,1,0
206210,2,stairs,80,51,20,222,-109,-11,998,247,1,0
206237,2,stairs,80,47,19,184,-52,-73,998,205,1,0
206264,2,stairs,63,47,17,123,29,-125,998,178,1,0
206291,2,stairs,28,46,9,57,91,-154,996,188,1,0
206318,2,stairs,-12,30,-2,-31,105,-172,994,203,1,0
206345,2,stairs,-59,8,-17,-114,90,-190,990,238,1,0
206372,2,stairs,-104,-15,-34,-150,59,-207,988,262,1,0
206399,2,stairs,-130,-39,-44,-142,7,-227,988,267,1,0
206426,2,stairs,-136,-59,-46,-97,-53,-246,990,269,1,0
206453,2,stairs,-110,-71,-37,-18,-119,-248,991,276,1,0
206480,2,stairs,-61,-73,-23,70,-161,-228,989,288,1,0
206507,2,stairs,-15,-65,-11,131,-153,-186,988,274,1,0
206534,2,stairs,3,-50,-4,147,-91,-143,990,224,1,0
206561,2,stairs,2,-28,-1,124,9,-108,991,165,1,0
206587,2,stairs,-7,-8,-1,64,115,-102,992,167,1,0
206614,2,stairs,-15,0,-1,-22,200,-124,994,236,1,0
206641,2,stairs,-16,-6,0,-111,264,-158,995,327,1,0
206668,2,stairs,-14,-17,0,-160,330,-187,996,412,1,0
206695,2,stairs,-4,-26,3,-165,377,-198,996,457,1,0
206722,2,stairs,6,-27,5,-140,395,-188,997,459,1,0
206749,2,stairs,20,-22,9,-104,377,-159,997,422,1,0
206776,2,stairs,23,-13,10,-55,335,-107,997,356,1,0
206803,2,stairs,16,-6,9,-8,255,-24,997,256,1,0
206829,2,stairs,7,-4,7,38,156,87,997,182,1,0
206855,2,stairs,-8,-2,3,107,51,193,997,226,1,0
206882,2,stairs,-18,5,1,212,-31,262,997,338,1,0
206909,2,stairs,-22,17,0,317,-66,291,997,435,1,0
206936,2,stairs,-27,32,-1,370,-50,313,997,487,1,0
206963,2,stairs,-37,51,-5,350,-4,341,997,489,1,0
206990,2,stairs,-54,72,-11,270,48,364,996,455,1,0
207017,2,stairs,-74,87,-19,152,77,364,995,402,1,0
207044,2,stairs,-92,86,-24,22,80,337,996,347,1,0
207071,2,stairs,-92,75,-23,-76,71,287,997,305,1,0
207098,2,stairs,-74,62,-17,-106,69,218,997,252,1,0
207125,2,stairs,-48,55,-9,-82,77,146,996,184,1,0
207152,2,stairs,-16,52,-1,-40,81,75,996,117,1,0
207178,2,stairs,1,50,4,-3,92,16,996,94,1,0
207204,2,stairs,4,43,5,18,111,-19,997,114,1,0
207230,2,stairs,-6,37,4,22,123,-33,998,130,1,0
207256,2,stairs,-10,31,3,11,121,-43,998,129,1,0
207283,2,stairs,-8,25,4,7,91,-54,999,106,1,0
207309,2,stairs,-5,19,5,19,49,-55,999,76,1,0
207335,2,stairs,2,14,7,40,-5,-46,999,61,1,0
207361,2,stairs,13,14,9,69,-72,-33,999,105,1,0
207387,2,stairs,28,20,12,107,-145,-27,999,182,1,0
207414,2,stairs,52,28,16,136,-212,-29,998,253,1,0
207441,2,stairs,72,37,19,158,-256,-35,998,302,1,0
207468,2,stairs,91,49,20,188,-265,-33,997,327,1,0
207503,2,stairs,94,64,20,242,-245,-21,997,345,1,0
207530,2,stairs,86,79,17,285,-268,-13,997,391,1,0
207557,2,stairs,73,88,15,299,-280,-24,997,410,1,0
207584,2,stairs,60,89,13,289,-262,-63,998,395,1,0
207611,2,stairs,59,87,13,262,-202,-125,998,354,1,0
207638,2,stairs,60,87,13,190,-151,-181,998,302,1,0
207665,2,stairs,53,81,12,68,-130,-203,998,250,1,0
207692,2,stairs,27,64,7,-73,-117,-197,997,240,1,0
207719,2,stairs,-8,38,-1,-206,-92,-173,994,284,1,0
207746,2,stairs,-44,10,-12,-297,-50,-162,992,342,1,0
207773,2,stairs,-72,-16,-21,-333,-12,-151,991,366,1,0
207800,2,stairs,-73,-40,-21,-336,-12,-129,992,360,1,0
207827,2,stairs,-47,-54,-14,-320,-39,-101,993,338,1,0
207854,2,stairs,-4,-57,-4,-289,-65,-66,992,303,1,0
207881,2,stairs,27,-53,3,-253,-51,-32,992,260,1,0
207908,2,stairs,43,-53,8,-231,-17,-6,993,232,1,0
207935,2,stairs,40,-57,8,-224,34,13,994,227,1,0
207962,2,stairs,28,-65,6,-206,96,17,995,228,1,0
207989,2,stairs,23,-77,5,-179,138,11,996,226,1,0
208016,2,stairs,22,-87,4,-144,172,-9,997,225,1,0
208043,2,stairs,20,-94,3,-109,203,-45,997,235,1,0
208070,2,stairs,21,-96,3,-78,234,-95,998,265,1,0
208097,2,stairs,28,-96,5,-66,250,-148,998,298,1,0
208124,2,stairs,33,-93,6,-79,253,-182,998,321,1,0
208151,2,stairs,42,-82,9,-103,229,-191,998,316,1,0
208178,2,stairs,47,-72,10,-128,187,-169,998,282,1,0
208205,2,stairs,44,-64,11,-138,129,-104,998,216,1,0
208232,2,stairs,32,-53,9,-108,73,-19,998,132,1,0
208259,2,stairs,13,-38,5,-39,27,64,997,80,1,0
208286,2,stairs,-9,-15,0,49,22,128,996,139,1,0
208312,2,stairs,-22,4,-2,98,71,187,996,223,1,0
208338,2,stairs,-29,25,-4,84,178,257,996,324,1,0
208365,2,stairs,-39,52,-7,15,311,316,995,444,1,0
208392,2,stairs,-53,79,-13,-71,380,344,995,517,1,0
208419,2,stairs,-68,82,-17,-180,371,327,995,527,1,0
208446,2,stairs,-84,64,-21,-257,320,288,995,501,1,0
208473,2,stairs,-89,39,-22,-266,264,238,995,443,1,0
208500,2,stairs,-80,12,-19,-212,205,184,996,348,1,0
208527,2,stairs,-59,-6,-13,-116,141,142,996,232,1,0
208554,2,stairs,-36,-18,-7,-13,78,115,996,139,1,0
208581,2,stairs,-24,-21,-3,67,33,107,996,130,1,0
208608,2,stairs,-24,-20,-2,106,5,114,997,156,1,0
208635,2,stairs,-25,-18,-2,108,-20,124,998,165,1,0
208662,2,stairs,-17,-16,1,82,-44,125,998,156,1,0
208689,2,stairs,-2,-20,4,45,-77,122,998,151,1,0
208716,2,stairs,10,-23,7,21,-99,125,998,161,1,0
208743,2,stairs,19,-23,9,14,-124,135,999,184,1,0
208770,2,stairs,27,-21,11,16,-161,143,999,216,1,0
208797,2,stairs,36,-15,12,39,-210,144,999,258,1,0
208824,2,stairs,57,-11,15,77,-275,131,998,314,1,0
208851,2,stairs,76,-10,18,117,-332,111,997,369,1,0
208878,2,stairs,87,-8,19,160,-369,100,998,414,1,0
208905,2,stairs,81,-3,19,227,-368,99,998,444,1,0
208932,2,stairs,67,13,16,307,-355,91,997,478,1,0
208959,2,stairs,58,27,15,354,-333,54,997,489,1,0
208986,2,stairs,56,28,15,335,-307,4,998,455,1,0
209013,2,stairs,56,26,15,276,-238,-39,998,366,1,0
209040,2,stairs,52,28,14,197,-128,-79,998,248,1,0
209067,2,stairs,40,35,12,96,-22,-117,998,153,1,0
209094,2,stairs,15,28,7,-32,51,-168,997,178,1,0
209121,2,stairs,-22,5,-4,-151,98,-220,994,285,1,0
209148,2,stairs,-60,-24,-18,-230,117,-256,992,364,1,0
209175,2,stairs,-82,-54,-27,-260,110,-283,991,400,1,0
209202,2,stairs,-90,-86,-33,-252,77,-289,991,391,1,0
209238,2,stairs,-63,-105,-27,-191,28,-264,991,327,1,0
209265,2,stairs,-30,-107,-18,-126,-3,-223,991,257,1,0
209292,2,stairs,-13,-98,-12,-93,5,-188,992,210,1,0
209319,2,stairs,-6,-85,-7,-85,38,-177,994,200,1,0
209346,2,stairs,-6,-73,-5,-93,77,-195,995,229,1,0
209373,2,stairs,-6,-71,-3,-107,108,-242,996,286,1,0
209400,2,stairs,-6,-74,-3,-109,131,-291,997,337,1,0
209427,2,stairs,-2,-78,-2,-94,141,-322,998,364,1,0
209454,2,stairs,7,-83,0,-77,138,-333,998,369,1,0
209481,2,stairs,11,-83,0,-59,132,-327,998,358,1,0
209508,2,stairs,20,-74,3,-34,112,-313,998,335,1,0
209535,2,stairs,42,-63,8,-23,68,-309,997,318,1,0
209562,2,stairs,54,-53,11,-13,30,-297,997,299,1,0
209589,2,stairs,53,-46,11,18,6,-254,997,254,1,0
209616,2,stairs,41,-39,10,76,-10,-190,997,204,1,0
209643,2,stairs,19,-25,6,169,1,-131,997,214,1,0
209669,2,stairs,6,-6,4,268,19,-93,997,284,1,0
209695,2,stairs,-7,16,2,341,63,-71,996,354,1,0
209721,2,stairs,-18,38,-1,359,115,-40,996,379,1,0
209748,2,stairs,-29,59,-4,295,143,8,995,328,1,0
209775,2,stairs,-41,77,-8,172,127,49,995,219,1,0
209802,2,stairs,-57,85,-12,18,74,61,996,97,1,0
209828,2,stairs,-71,76,-16,-125,15,41,996,132,1,0
209855,2,stairs,-76,50,-17,-222,-43,-1,996,226,1,0
209882,2,stairs,-70,21,-15,-250,-94,-48,996,271,1,0
209909,2,stairs,-54,0,-11,-213,-140,-89,996,270,1,0
209936,2,stairs,-24,-15,-5,-151,-194,-132,995,279,1,0
209963,2,stairs,10,-27,2,-95,-240,-180,994,314,1,0
209990,2,stairs,22,-32,5,-52,-243,-225,995,335,1,0
210017,2,stairs,25,-33,6,-47,-222,-273,996,355,1,0
210044,2,stairs,26,-36,7,-67,-199,-334,997,395,1,0
210071,2,stairs,29,-42,8,-98,-159,-402,997,443,1,0
210098,2,stairs,34,-52,8,-115,-105,-451,998,477,1,0
210125,2,stairs,40,-54,9,-112,-35,-476,998,491,1,0
210152,2,stairs,47,-51,11,-100,30,-490,999,501,1,0
210179,2,stairs,53,-46,12,-94,82,-501,999,517,1,0
210206,2,stairs,63,-40,14,-95,120,-515,999,538,1,0
210233,2,stairs,72,-36,16,-103,146,-535,999,564,1,0
210260,2,stairs,77,-38,16,-110,150,-555,999,585,1,0
210287,2,stairs,74,-43,15,-105,132,-570,999,595,1,0
210314,2,stairs,76,-48,15,-75,93,-595,999,606,1,0
210341,2,stairs,79,-50,15,-19,39,-626,999,628,1,0
210368,2,stairs,86,-52,15,60,-33,-659,998,663,1,0
210395,2,stairs,96,-53,16,148,-130,-685,998,712,1,0
210422,2,stairs,100,-51,16,236,-234,-700,998,775,1,0
210449,2,stairs,95,-44,16,346,-328,-703,998,850,1,0
210476,2,stairs,71,-29,13,490,-419,-697,997,949,1,0
210503,2,stairs,67,-8,14,615,-527,-706,997,1075,1,0
210530,2,stairs,49,14,12,699,-538,-746,997,1155,1,0
210557,2,stairs,53,31,14,706,-474,-795,997,1164,1,0
210584,2,stairs,57,46,14,627,-344,-846,997,1108,1,0
210611,2,stairs,55,60,14,474,-210,-890,997,1030,1,0
210638,2,stairs,44,64,12,273,-110,-915,997,962,1,0
210665,2,stairs,4,53,3,101,-16,-923,995,929,1,0
210692,2,stairs,-42,27,-11,-17,59,-906,991,908,1,0
210719,2,stairs,-90,1,-28,-89,126,-897,988,910,1,0
210746,2,stairs,-121,-17,-39,-121,159,-903,988,925,1,0
210773,2,stairs,-120,-34,-38,-130,148,-933,991,954,1,0
210801,2,stairs,-89,-56,-30,-141,123,-957,991,975,1,0
210828,2,stairs,-51,-64,-20,-154,124,-966,991,986,1,0
210855,2,stairs,-25,-64,-12,-170,149,-967,992,993,1,0
210882,2,stairs,-16,-68,-9,-217,173,-971,994,1009,1,0
210909,2,stairs,-20,-71,-9,-270,179,-994,995,1046,1,0
210936,2,stairs,-27,-79,-10,-284,157,-1027,996,1077,1,0
210972,2,stairs,-27,-103,-15,-259,80,-1068,996,1102,1,0
211000,2,stairs,-27,-121,-18,-194,-13,-1102,996,1119,1,0
211028,2,stairs,-18,-130,-17,-97,-109,-1128,997,1137,1,0
211056,2,stairs,-6,-130,-14,5,-173,-1143,997,1156,1,0
211083,2,stairs,10,-114,-8,100,-203,-1141,997,1163,1,0
211111,2,stairs,33,-90,-1,163,-221,-1126,996,1159,1,0
211138,2,stairs,51,-67,5,181,-227,-1101,995,1139,1,0
211165,2,stairs,60,-48,9,167,-219,-1057,995,1092,1,0
211192,2,stairs,57,-33,11,153,-212,-993,996,1027,1,0
211219,2,stairs,62,-18,14,148,-226,-923,997,962,1,0
211246,2,stairs,70,-4,16,157,-258,-859,997,910,1,0
211273,2,stairs,86,10,19,182,-274,-787,997,853,1,0
211300,2,stairs,86,28,20,205,-238,-721,997,786,1,0
211327,2,stairs,64,47,17,198,-163,-691,996,737,1,0
211354,2,stairs,28,59,10,157,-93,-708,994,731,1,0
211381,2,stairs,-12,51,1,93,-46,-731,993,738,1,0
211408,2,stairs,-38,32,-6,39,-56,-736,993,739,1,0
211435,2,stairs,-33,17,-4,33,-81,-734,994,739,1,0
211462,2,stairs,-10,13,1,73,-89,-740,995,748,1,0
211489,2,stairs,19,19,7,121,-56,-763,995,775,1,0
211516,2,stairs,50,30,12,140,21,-808,994,820,1,0
211543,2,stairs,74,40,15,116,110,-868,994,882,1,0
211570,2,stairs,83,45,18,63,163,-926,995,942,1,0
211597,2,stairs,82,38,18,10,169,-967,996,982,1,0
211624,2,stairs,71,19,16,-23,139,-979,996,989,1,0
211651,2,stairs,65,-4,14,-17,64,-952,996,954,1,0
211678,2,stairs,64,-23,12,15,-23,-918,996,918,1,0
211705,2,stairs,66,-31,12,48,-106,-894,997,901,1,0
211732,2,stairs,72,-31,13,47,-181,-911,997,929,1,0
211759,2,stairs,69,-27,13,4,-231,-973,998,1001,1,0
211786,2,stairs,62,-27,13,-76,-271,-1073,998,1109,1,0
211814,2,stairs,67,-30,13,-170,-313,-1185,998,1238,1,0
211842,2,stairs,82,-20,15,-228,-343,-1301,998,1364,1,0
211869,2,stairs,76,-7,15,-241,-301,-1397,997,1449,1,0
211896,2,stairs,66,-2,14,-221,-217,-1455,998,1487,1,0
211923,2,stairs,45,-9,11,-188,-123,-1478,998,1495,1,0
211950,2,stairs,11,-22,3,-135,-62,-1469,996,1477,1,0
211977,2,stairs,-36,-42,-12,-64,-59,-1441,992,1444,1,0
212004,2,stairs,-81,-67,-29,10,-83,-1416,989,1419,1,0
212031,2,stairs,-110,-74,-39,92,-91,-1398,990,1404,1,0
212059,2,stairs,-97,-75,-33,136,-69,-1388,992,1396,1,0
212086,2,stairs,-55,-55,-20,118,-26,-1404,991,1409,1,0
212113,2,stairs,-5,-29,-8,40,19,-1438,988,1438,1,0
212140,2,stairs,18,-15,0,-58,70,-1462,990,1465,1,0
212167,2,stairs,23,-12,3,-109,120,-1460,992,1469,1,0
212194,2,stairs,17,-24,2,-98,159,-1431,994,1443,1,0
212221,2,stairs,18,-37,2,-49,166,-1396,995,1407,1,0
212248,2,stairs,29,-42,4,17,171,-1374,996,1384,1,0
212275,2,stairs,51,-43,7,76,189,-1369,996,1384,1,0
212302,2,stairs,67,-43,9,109,243,-1371,996,1396,1,0
212329,2,stairs,69,-41,10,105,315,-1362,996,1401,1,0
212356,2,stairs,65,-39,10,79,371,-1338,997,1391,1,0
212383,2,stairs,64,-36,11,49,389,-1309,998,1366,1,0
212410,2,stairs,55,-32,10,49,367,-1255,998,1308,1,0
212437,2,stairs,47,-26,10,83,303,-1179,998,1220,1,0
212464,2,stairs,39,-17,10,148,238,-1108,998,1143,1,0
212491,2,stairs,22,5,9,237,210,-1048,997,1095,1,0
212518,2,stairs,17,36,9,292,230,-977,996,1045,1,0
212545,2,stairs,10,60,8,250,266,-855,996,929,1,0
212572,2,stairs,-11,69,4,128,308,-695,995,771,1,0
212599,2,stairs,-50,81,-5,23,349,-556,994,657,1,0
212626,2,stairs,-95,99,-20,-45,357,-468,991,590,1,0
212653,2,stairs,-117,103,-26,-91,296,-448,992,545,1,0
212680,2,stairs,-116,95,-24,-87,196,-466,993,513,1,0
212716,2,stairs,-97,75,-18,-25,111,-477,994,490,1,0
212743,2,stairs,-69,63,-10,54,43,-483,994,488,1,0
212770,2,stairs,-38,62,-2,124,-7,-506,994,521,1,0
212797,2,stairs,-13,61,3,165,-39,-543,995,569,1,0
212824,2,stairs,-1,51,6,165,-54,-576,995,601,1,0
212851,2,stairs,10,38,8,147,-58,-599,996,619,1,0
212878,2,stairs,21,25,10,127,-55,-606,996,622,1,0
212905,2,stairs,28,18,11,116,-38,-599,997,612,1,0
212932,2,stairs,26,17,11,111,4,-587,998,598,1,0
212959,2,stairs,22,23,11,96,64,-578,998,589,1,0
212986,2,stairs,21,39,12,71,131,-576,998,595,1,0
213013,2,stairs,33,56,13,43,180,-577,998,606,1,0
213040,2,stairs,48,66,15,13,208,-569,998,606,1,0
213067,2,stairs,33,72,13,6,248,-531,998,587,1,0
213094,2,stairs,34,76,13,59,245,-463,998,527,1,0
213121,2,stairs,27,84,11,136,172,-379,998,438,1,0
213148,2,stairs,21,101,9,206,97,-328,998,399,1,0
213175,2,stairs,5,109,6,214,81,-352,997,419,1,0
213202,2,stairs,6,103,6,158,132,-388,998,439,1,0
213229,2,stairs,-2,95,6,71,232,-372,998,444,1,0
213256,2,stairs,-25,87,0,-16,321,-316,997,451,1,0
213283,2,stairs,-64,73,-10,-84,386,-251,995,468,1,0
213310,2,stairs,-109,47,-27,-136,418,-202,991,484,1,0
213337,2,stairs,-140,10,-39,-181,408,-175,989,479,1,0
213364,2,stairs,-153,-25,-46,-195,374,-159,989,451,1,0
213391,2,stairs,-143,-54,-44,-161,332,-137,990,394,1,0
213418,2,stairs,-126,-66,-38,-99,302,-107,992,336,1,0
213445,2,stairs,-109,-69,-32,-49,276,-78,993,291,1,0
213472,2,stairs,-101,-67,-28,-20,260,-52,995,266,1,0
213499,2,stairs,-97,-64,-26,-5,242,-33,996,244,1,0
213526,2,stairs,-96,-62,-24,12,222,-29,997,225,1,0
213553,2,stairs,-82,-66,-20,38,187,-41,997,195,1,0
213580,2,stairs,-68,-69,-16,84,168,-50,998,195,1,0
213607,2,stairs,-43,-71,-11,134,152,-53,997,210,1,0
213634,2,stairs,-29,-69,-7,168,163,-52,997,239,1,0
213661,2,stairs,-23,-58,-4,182,191,-55,998,270,1,0
213688,2,stairs,-13,-48,-1,161,211,-75,998,276,1,0
213715,2,stairs,-14,-44,0,117,230,-97,998,275,1,0
213742,2,stairs,-15,-38,0,83,237,-104,998,272,1,0
213769,2,stairs,-14,-29,2,72,217,-89,998,245,1,0
213796,2,stairs,-10,-23,3,96,169,-44,998,199,1,0
213822,2,stairs,-14,-17,2,147,108,22,998,184,1,0
213849,2,stairs,-18,-8,2,202,56,78,998,224,1,0
213876,2,stairs,-30,16,-1,255,60,105,997,282,1,0
213902,2,stairs,-33,43,-1,281,110,105,996,320,1,0
213929,2,stairs,-41,70,-4,250,226,112,996,355,1,0
213956,2,stairs,-54,88,-8,177,354,147,996,422,1,0
213983,2,stairs,-83,107,-19,104,443,194,994,495,1,0
214010,2,stairs,-109,110,-28,13,490,217,994,536,1,0
214037,2,stairs,-121,102,-31,-66,491,208,995,537,1,0
214064,2,stairs,-114,86,-28,-116,457,176,996,503,1,0
214091,2,stairs,-57,69,-13,-136,366,138,991,414,1,0
214118,2,stairs,-48,56,-9,-133,313,116,993,359,1,0
214145,2,stairs,-48,47,-7,-109,262,117,995,307,1,0
214172,2,stairs,-52,42,-7,-77,196,136,996,251,1,0
214199,2,stairs,-61,36,-9,-53,125,152,997,204,1,0
214226,2,stairs,-62,28,-9,-22,46,155,998,164,1,0
214253,2,stairs,-54,17,-7,29,-32,150,998,156,1,0
214280,2,stairs,-39,9,-3,94,-108,143,998,203,1,0
214307,2,stairs,-19,3,2,166,-183,139,998,283,1,0
214334,2,stairs,-3,3,5,228,-247,133,998,362,1,0
214361,2,stairs,9,5,8,261,-300,119,998,415,1,0
214388,2,stairs,17,6,10,247,-343,91,998,433,1,0
214415,2,stairs,31,11,13,205,-380,52,998,435,1,0
214451,2,stairs,53,19,17,146,-391,-3,997,418,1,0
214478,2,stairs,69,29,19,97,-368,-44,997,383,1,0
214505,2,stairs,82,44,21,55,-334,-69,997,346,1,0
214532,2,stairs,88,51,22,18,-308,-83,997,320,1,0
214559,2,stairs,77,48,20,16,-258,-75,997,270,1,0
214586,2,stairs,65,48,18,39,-203,-61,997,215,1,0
214612,2,stairs,60,50,18,67,-115,-69,998,150,1,0
214639,2,stairs,66,53,18,76,-43,-92,998,126,1,0
214666,2,stairs,72,61,19,67,17,-114,998,133,1,0
214692,2,stairs,64,60,18,33,49,-122,998,136,1,0
214719,2,stairs,32,44,11,-16,68,-108,996,129,1,0
214746,2,stairs,-19,17,-5,-58,98,-85,992,142,1,0
214773,2,stairs,-67,-16,-23,-82,118,-84,988,166,1,0
214800,2,stairs,-104,-52,-39,-77,129,-107,986,185,1,0
214827,2,stairs,-116,-78,-44,-48,124,-123,988,181,1,0
214854,2,stairs,-94,-84,-35,-13,102,-131,990,166,1,0
214881,2,stairs,-41,-77,-20,-5,70,-118,988,137,1,0
214908,2,stairs,1,-63,-8,-33,59,-87,988,110,1,0
214934,2,stairs,5,-45,-3,-74,94,-51,990,130,1,0
214961,2,stairs,0,-39,-1,-109,140,-28,993,180,1,0
214988,2,stairs,-15,-38,-3,-108,188,-12,994,218,1,0
215015,2,stairs,-25,-38,-5,-57,221,-4,995,228,1,0
215042,2,stairs,-21,-39,-3,22,230,4,997,231,1,0
215069,2,stairs,-17,-40,-1,95,234,18,997,253,1,0
215096,2,stairs,-12,-35,1,147,240,43,998,285,1,0
215123,2,stairs,-6,-30,3,153,240,66,998,292,1,0
215150,2,stairs,-5,-27,3,110,231,83,998,269,1,0
215177,2,stairs,-9,-23,3,59,214,110,998,247,1,0
215204,2,stairs,-9,-19,3,20,174,166,998,241,1,0
215231,2,stairs,-15,-11,2,12,112,241,998,266,1,0
215258,2,stairs,-22,6,1,53,47,311,998,319,1,0
215284,2,stairs,-27,32,-1,111,12,344,997,362,1,0
215311,2,stairs,-20,62,0,156,7,339,996,373,1,0
215337,2,stairs,-19,85,-1,166,31,346,995,385,1,0
215364,2,stairs,-23,101,-2,148,72,376,996,411,1,0
215391,2,stairs,-36,111,-7,123,109,410,996,442,1,0
215418,2,stairs,-51,121,-12,102,125,427,996,456,1,0
215445,2,stairs,-57,130,-14,89,108,409,996,432,1,0
215472,2,stairs,-54,129,-13,82,72,359,997,375,1,0
215499,2,stairs,-47,119,-10,85,35,300,998,314,1,0
215526,2,stairs,-33,111,-5,101,-6,247,998,267,1,0
215553,2,stairs,-15,103,0,119,-44,207,998,242,1,0
215580,2,stairs,2,99,4,131,-71,181,998,234,1,0
215607,2,stairs,9,97,6,125,-90,168,998,228,1,0
215634,2,stairs,12,92,7,97,-101,160,999,213,1,0
215661,2,stairs,19,86,9,64,-108,155,999,200,1,0
215688,2,stairs,30,81,12,36,-111,151,999,191,1,0
215715,2,stairs,49,74,15,7,-123,146,998,191,1,0
215742,2,stairs,69,66,19,-19,-134,140,998,195,1,0
215769,2,stairs,81,57,20,-37,-137,142,998,201,1,0
215796,2,stairs,88,50,22,-48,-140,156,998,215,1,0
215823,2,stairs,92,47,22,-61,-148,177,999,238,1,0
215850,2,stairs,102,47,23,-74,-171,191,999,267,1,0
215877,2,stairs,114,42,25,-84,-189,195,999,284,1,0
215904,2,stairs,126,36,25,-85,-193,195,998,287,1,0
215931,2,stairs,134,32,26,-71,-186,193,998,277,1,0
215958,2,stairs,140,28,26,-55,-186,184,998,267,1,0
215985,2,stairs,134,25,25,-33,-184,167,999,251,1,0
216012,2,stairs,127,25,24,6,-181,144,998,231,1,0
216039,2,stairs,120,28,24,60,-171,114,998,214,1,0
216066,2,stairs,118,29,24,91,-164,79,999,203,1,0
216093,2,stairs,107,28,22,100,-131,56,999,174,1,0
216120,2,stairs,93,32,20,107,-87,50,998,147,1,0
216146,2,stairs,87,34,19,76,-75,38,998,113,1,0
216181,2,stairs,70,32,17,25,-39,-8,998,47,1,0
216207,2,stairs,53,23,14,-6,28,-66,997,72,1,0
216233,2,stairs,25,9,9,-14,116,-117,997,165,1,0
216260,2,stairs,-9,-1,1,-14,174,-148,995,229,1,0
216287,2,stairs,-42,-14,-7,-32,203,-175,994,270,1,0
216314,2,stairs,-71,-32,-16,-76,213,-199,993,301,1,0
216341,2,stairs,-99,-47,-26,-119,221,-218,993,333,1,0
216368,2,stairs,-109,-60,-29,-147,210,-243,994,354,1,0
216395,2,stairs,-103,-80,-28,-159,170,-271,995,357,1,0
216422,2,stairs,-79,-103,-24,-157,105,-287,994,344,1,0
216449,2,stairs,-47,-121,-18,-133,55,-285,993,319,1,0
216476,2,stairs,-31,-128,-15,-88,36,-271,994,287,1,0
216503,2,stairs,-23,-123,-11,-49,35,-261,995,268,1,0
216530,2,stairs,-22,-112,-9,-32,41,-274,996,279,1,0
216557,2,stairs,-17,-102,-6,-37,47,-303,997,309,1,0
216584,2,stairs,-1,-95,-2,-43,52,-332,997,339,1,0
216611,2,stairs,16,-94,2,-49,63,-344,997,353,1,0
216638,2,stairs,21,-93,3,-53,99,-328,998,346,1,0
216665,2,stairs,18,-82,4,-52,140,-291,998,327,1,0
216692,2,stairs,19,-74,5,-60,161,-259,998,311,1,0
216719,2,stairs,20,-71,6,-66,175,-239,998,303,1,0
216746,2,stairs,15,-66,5,-41,188,-210,998,285,1,0
216773,2,stairs,8,-58,4,26,199,-158,998,255,1,0
216799,2,stairs,-9,-47,1,123,190,-81,998,241,1,0
216826,2,stairs,-30,-38,-4,192,149,6,997,243,1,0
216853,2,stairs,-49,-17,-8,230,149,60,996,281,1,0
216880,2,stairs,-51,7,-8,219,187,68,996,295,1,0
216906,2,stairs,-57,17,-9,133,260,48,996,296,1,0
216933,2,stairs,-77,24,-15,20,327,37,996,329,1,0
216959,2,stairs,-103,34,-24,-77,366,31,995,375,1,0
216986,2,stairs,-131,44,-35,-123,372,10,994,392,1,0
217013,2,stairs,-151,49,-43,-117,341,-29,994,362,1,0
217040,2,stairs,-148,48,-40,-74,267,-83,995,289,1,0
217067,2,stairs,-127,43,-32,1,181,-138,996,227,1,0
217094,2,stairs,-93,39,-21,82,93,-180,995,219,1,0
217121,2,stairs,-71,41,-14,155,39,-217,996,270,1,0
217148,2,stairs,-66,42,-12,203,14,-245,997,319,1,0
217175,2,stairs,-71,47,-13,228,2,-260,997,346,1,0
217202,2,stairs,-73,53,-13,234,-12,-267,998,355,1,0
217229,2,stairs,-70,56,-12,226,-23,-269,998,352,1,0
217256,2,stairs,-58,54,-8,204,-31,-262,998,333,1,0
217283,2,stairs,-51,53,-6,174,-28,-243,999,300,1,0
217310,2,stairs,-41,52,-3,135,-24,-213,999,253,1,0
217337,2,stairs,-38,52,-3,97,-24,-178,999,204,1,0
217364,2,stairs,-46,57,-5,65,-21,-136,999,153,1,0
217391,2,stairs,-37,64,-3,41,-46,-98,999,115,1,0
217418,2,stairs,-14,72,2,28,-87,-74,998,118,1,0
217444,2,stairs,11,73,7,27,-118,-42,997,128,1,0
217470,2,stairs,30,73,10,43,-120,6,997,128,1,0
217496,2,stairs,41,76,12,77,-91,60,997,134,1,0
217522,2,stairs,38,74,12,119,-69,111,998,177,1,0
217549,2,stairs,30,68,11,159,-85,153,998,236,1,0
217576,2,stairs,25,69,10,190,-143,165,998,289,1,0
217603,2,stairs,23,60,9,191,-222,149,998,328,1,0
217630,2,stairs,24,45,10,172,-274,126,998,347,1,0
217657,2,stairs,24,35,11,151,-261,105,998,320,1,0
217684,2,stairs,22,32,10,107,-220,72,998,255,1,0
217711,2,stairs,10,24,8,39,-149,20,998,155,1,0
217738,2,stairs,-22,7,-2,-21,-50,-42,996,68,1,0
217765,2,stairs,-62,-14,-17,-54,48,-92,993,117,1,0
217792,2,stairs,-94,-39,-29,-74,99,-144,992,189,1,0
217819,2,stairs,-109,-63,-36,-76,102,-180,992,220,1,0
217846,2,stairs,-93,-79,-31,-55,70,-188,993,207,1,0
217873,2,stairs,-60,-86,-21,-30,31,-170,993,175,1,0
217909,2,stairs,-32,-77,-11,-14,13,-133,993,134,1,0
217936,2,stairs,-12,-62,-4,-11,22,-103,994,106,1,0
217963,2,stairs,-4,-57,-1,-16,31,-95,995,101,1,0
217990,2,stairs,-4,-62,0,-22,44,-101,996,112,1,0
218017,2,stairs,0,-67,1,-4,59,-115,997,129,1,0
218044,2,stairs,4,-68,3,31,82,-130,998,157,1,0
218071,2,stairs,4,-64,3,67,114,-156,998,204,1,0
218098,2,stairs,15,-56,7,89,128,-195,998,249,1,0
218125,2,stairs,25,-52,9,87,128,-243,998,288,1,0
218152,2,stairs,40,-52,12,52,115,-286,998,312,1,0
218179,2,stairs,51,-56,13,-6,96,-314,998,328,1,0
218206,2,stairs,55,-61,13,-69,73,-319,998,334,1,0
218233,2,stairs,59,-65,14,-125,44,-303,998,331,1,0
218260,2,stairs,61,-70,13,-167,8,-277,998,323,1,0
218287,2,stairs,49,-78,10,-182,-26,-238,998,301,1,0
218314,2,stairs,39,-91,6,-164,-56,-193,998,260,1,0
218341,2,stairs,22,-98,1,-85,-50,-151,997,181,1,0
218368,2,stairs,4,-90,-2,62,0,-126,997,141,1,0
218395,2,stairs,-11,-65,-4,225,65,-138,996,271,1,0
218422,2,stairs,-19,-32,-4,328,126,-172,995,391,1,0
218449,2,stairs,-19,1,-3,358,192,-199,994,452,1,0
218476,2,stairs,-21,39,-4,321,247,-193,993,449,1,0
218503,2,stairs,-31,80,-9,227,256,-195,992,394,1,0
218530,2,stairs,-69,114,-26,101,214,-234,989,333,1,0
218557,2,stairs,-104,119,-39,-35,114,-312,989,334,1,0
218584,2,stairs,-123,98,-43,-129,-8,-416,990,436,1,0
218611,2,stairs,-121,65,-40,-152,-115,-516,990,550,1,0
218638,2,stairs,-96,39,-30,-114,-191,-600,991,640,1,0
218665,2,stairs,-67,31,-19,-48,-230,-673,992,713,1,0
218692,2,stairs,-50,29,-12,-5,-237,-742,993,779,1,0
218719,2,stairs,-56,25,-12,3,-210,-806,995,833,1,0
218746,2,stairs,-71,15,-16,-13,-178,-867,996,885,1,0
218773,2,stairs,-78,-2,-18,-41,-168,-924,996,940,1,0
218800,2,stairs,-76,-21,-19,-68,-175,-973,997,991,1,0
218828,2,stairs,-67,-33,-16,-62,-191,-1012,997,1031,1,0
218856,2,stairs,-51,-44,-12,-39,-213,-1051,997,1073,1,0
218884,2,stairs,-30,-55,-6,-13,-247,-1097,997,1125,1,0
218911,2,stairs,-6,-66,-1,20,-278,-1150,997,1183,1,0
218938,2,stairs,13,-71,3,69,-312,-1210,997,1252,1,0
218965,2,stairs,32,-77,7,118,-367,-1274,997,1331,1,0
218992,2,stairs,37,-80,8,171,-429,-1333,997,1411,1,0
219019,2,stairs,35,-79,8,220,-495,-1388,998,1490,1,0
219046,2,stairs,41,-66,11,251,-550,-1444,998,1566,1,0
219073,2,stairs,71,-47,17,248,-577,-1510,996,1636,1,0
219100,2,stairs,103,-20,22,176,-504,-1582,994,1670,1,0
219127,2,stairs,100,3,22,41,-331,-1648,994,1682,1,0
219154,2,stairs,79,10,20,-94,-121,-1669,995,1676,1,0
219181,2,stairs,44,0,12,-195,111,-1648,994,1663,1,0
219208,2,stairs,12,-22,3,-250,250,-1581,993,1621,1,0
219235,2,stairs,-11,-53,-7,-268,269,-1480,992,1528,1,0
219263,2,stairs,-42,-90,-22,-247,207,-1379,989,1417,1,0
219291,2,stairs,-64,-121,-35,-169,113,-1328,989,1343,1,0
219319,2,stairs,-82,-146,-46,-44,51,-1297,989,1299,1,0
219347,2,stairs,-82,-157,-46,86,28,-1266,991,1269,1,0
219374,2,stairs,-57,-157,-37,159,33,-1254,992,1265,1,0
219401,2,stairs,-30,-134,-24,170,46,-1261,992,1274,1,0
219428,2,stairs,-10,-112,-13,119,64,-1292,993,1299,1,0
219455,2,stairs,-8,-107,-11,26,94,-1332,994,1335,1,0
219482,2,stairs,-11,-114,-12,-55,126,-1369,995,1376,1,0
219510,2,stairs,-13,-122,-14,-78,160,-1393,996,1405,1,0
219538,2,stairs,-1,-128,-12,-45,169,-1406,996,1416,1,0
219565,2,stairs,17,-127,-7,19,146,-1402,996,1410,1,0
219592,2,stairs,35,-122,-2,94,100,-1374,996,1381,1,0
219619,2,stairs,52,-111,3,165,37,-1314,996,1325,1,0
219655,2,stairs,60,-94,8,219,-31,-1230,996,1249,1,0
219682,2,stairs,60,-77,11,270,-82,-1144,997,1178,1,0
219709,2,stairs,58,-59,13,343,-119,-1057,997,1118,1,0
219736,2,stairs,62,-36,16,423,-162,-965,996,1066,1,0
219763,2,stairs,81,-8,21,485,-187,-877,995,1020,1,0
219790,2,stairs,89,25,24,513,-146,-767,994,934,1,0
219817,2,stairs,74,50,22,466,-41,-667,994,815,1,0
219844,2,stairs,28,75,11,366,71,-592,991,700,1,0
219871,2,stairs,-31,96,-9,217,141,-556,986,613,1,0
219898,2,stairs,-70,90,-20,52,132,-558,987,576,1,0
219925,2,stairs,-78,70,-20,-55,89,-582,990,592,1,0
219952,2,stairs,-71,39,-18,-61,62,-595,991,602,1,0
219979,2,stairs,-48,24,-10,6,51,-598,992,601,1,0
220006,2,stairs,-2,28,2,102,51,-621,990,631,1,0
220033,2,stairs,38,42,11,183,54,-686,990,712,1,0
220060,2,stairs,57,46,17,210,75,-780,991,811,1,0
220087,2,stairs,53,40,18,207,98,-863,993,893,1,0
220114,2,stairs,36,34,15,186,111,-907,994,932,1,0
220141,2,stairs,27,28,14,157,96,-918,995,936,1,0
220168,2,stairs,27,24,14,132,70,-914,996,926,1,0
220195,2,stairs,33,25,16,114,58,-904,997,913,1,0
220222,2,stairs,52,31,20,89,56,-905,996,911,1,0
220249,2,stairs,69,37,22,45,46,-920,996,923,1,0
220276,2,stairs,83,36,25,-11,6,-941,997,941,1,0
220303,2,stairs,89,25,25,-46,-57,-948,997,951,1,0
220330,2,stairs,82,20,24,-19,-131,-931,997,940,1,0
220357,2,stairs,68,32,22,83,-223,-895,997,926,1,0
220384,2,stairs,52,50,19,204,-321,-872,996,951,1,0
220411,2,stairs,40,60,17,292,-393,-881,997,1008,1,0
220438,2,stairs,47,65,18,321,-377,-925,997,1049,1,0
220465,2,stairs,47,64,19,270,-262,-965,998,1035,1,0
220492,2,stairs,30,57,15,165,-96,-969,997,987,1,0
220519,2,stairs,-17,46,1,74,70,-936,994,942,1,0
220546,2,stairs,-65,25,-17,-7,189,-894,990,913,1,0
220573,2,stairs,-102,7,-31,-49,243,-851,989,886,1,0
220600,2,stairs,-109,-10,-32,-48,213,-822,991,850,1,0
220627,2,stairs,-81,-25,-24,-13,134,-800,992,812,1,0
220654,2,stairs,-49,-37,-14,39,54,-767,992,770,1,0
220681,2,stairs,-26,-43,-8,92,20,-718,993,724,1,0
220708,2,stairs,-19,-41,-4,129,42,-675,994,688,1,0
220735,2,stairs,-22,-39,-3,135,96,-659,996,679,1,0
220762,2,stairs,-30,-34,-4,116,172,-674,997,706,1,0
220789,2,stairs,-25,-34,-2,79,241,-717,997,761,1,0
220816,2,stairs,-16,-36,0,36,303,-770,998,828,1,0
220843,2,stairs,-16,-32,1,17,375,-808,998,891,1,0
220870,2,stairs,-12,-18,3,21,426,-826,998,929,1,0
220897,2,stairs,-1,-2,6,30,430,-819,998,926,1,0
220924,2,stairs,3,14,8,66,415,-768,997,875,1,0
220950,2,stairs,14,33,10,131,353,-667,997,766,1,0
220977,2,stairs,17,44,11,207,268,-521,997,621,1,0
221004,2,stairs,4,45,8,284,200,-365,997,504,1,0
221030,2,stairs,-7,53,6,363,179,-236,997,469,1,0
221057,2,stairs,-18,71,2,406,224,-136,997,484,1,0
221084,2,stairs,-27,94,-2,371,306,-70,996,486,1,0
221111,2,stairs,-44,118,-9,274,368,-38,995,460,1,0
221138,2,stairs,-67,138,-19,141,390,-39,994,417,1,0
221165,2,stairs,-84,130,-24,-5,363,-70,995,370,1,0
221192,2,stairs,-90,110,-24,-100,326,-116,996,360,1,0
221219,2,stairs,-84,91,-20,-114,289,-169,996,354,1,0
221246,2,stairs,-62,81,-12,-49,233,-216,996,322,1,0
221273,2,stairs,-29,75,-3,54,153,-256,996,303,1,0
221300,2,stairs,-4,73,4,161,66,-280,996,330,1,0
221327,2,stairs,9,71,8,255,-17,-289,997,386,1,0
221354,2,stairs,9,70,9,323,-85,-285,997,439,1,0
221389,2,stairs,10,71,9,366,-157,-269,998,481,1,0
221416,2,stairs,16,73,11,384,-224,-247,998,509,1,0
221443,2,stairs,27,75,13,384,-275,-221,998,521,1,0
221470,2,stairs,42,77,16,365,-307,-190,998,514,1,0
221497,2,stairs,60,79,19,325,-326,-161,998,488,1,0
221524,2,stairs,76,85,21,268,-328,-145,998,448,1,0
221551,2,stairs,90,91,22,207,-318,-149,998,408,1,0
221578,2,stairs,107,93,24,136,-301,-172,997,372,1,0
221605,2,stairs,124,90,26,54,-275,-203,997,346,1,0
221632,2,stairs,122,83,26,-1,-228,-217,998,315,1,0
221659,2,stairs,115,79,26,-23,-217,-212,998,304,1,0
221686,2,stairs,112,77,25,-19,-224,-202,998,302,1,0
221713,2,stairs,97,68,23,4,-177,-194,998,262,1,0
221740,2,stairs,97,63,23,23,-88,-192,998,212,1,0
221767,2,stairs,83,64,21,19,44,-192,998,198,1,0
221793,2,stairs,54,64,15,-15,158,-202,997,257,1,0
221820,2,stairs,16,49,6,-87,227,-229,995,334,1,0
221847,2,stairs,-23,25,-5,-159,261,-265,992,405,1,0
221874,2,stairs,-56,-2,-15,-218,283,-300,991,466,1,0
221901,2,stairs,-60,-34,-17,-270,281,-327,991,509,1,0
221928,2,stairs,-42,-58,-13,-302,265,-335,992,522,1,0
221955,2,stairs,-7,-68,-4,-301,240,-323,992,502,1,0
221982,2,stairs,19,-67,2,-283,220,-305,992,471,1,0
222009,2,stairs,28,-69,6,-268,210,-286,994,445,1,0
222036,2,stairs,16,-74,4,-251,207,-265,995,419,1,0
222063,2,stairs,2,-78,1,-227,193,-249,996,389,1,0
222090,2,stairs,-3,-86,-1,-195,157,-249,996,353,1,0
222117,2,stairs,-2,-95,-1,-142,112,-256,997,313,1,0
222144,2,stairs,7,-102,0,-64,69,-257,997,274,1,0
222171,2,stairs,19,-104,2,21,36,-242,998,245,1,0
222198,2,stairs,24,-101,4,86,15,-203,998,221,1,0
222225,2,stairs,28,-94,5,112,13,-151,998,188,1,0
222251,2,stairs,42,-80,9,103,11,-104,998,147,1,0
222277,2,stairs,57,-67,13,78,11,-65,997,102,1,0
222303,2,stairs,63,-58,15,61,18,-8,998,64,1,0
222329,2,stairs,55,-54,13,74,16,71,998,104,1,0
222355,2,stairs,38,-46,11,127,13,149,997,197,1,0
222382,2,stairs,20,-27,8,222,16,220,997,313,1,0
222409,2,stairs,15,-1,8,310,63,277,996,421,1,0
222435,2,stairs,13,33,7,346,183,347,995,523,1,0
222462,2,stairs,9,61,5,288,333,406,995,599,1,0
222489,2,stairs,-16,95,-4,189,465,431,992,661,1,0
222516,2,stairs,-42,105,-11,57,552,427,993,700,1,0
222543,2,stairs,-59,100,-15,-52,580,417,994,716,1,0
222570,2,stairs,-67,87,-16,-109,578,417,995,720,1,0
222597,2,stairs,-67,75,-14,-119,545,424,996,701,1,0
222624,2,stairs,-56,66,-10,-96,482,433,997,655,1,0
222651,2,stairs,-44,57,-6,-50,400,434,997,592,1,0
222678,2,stairs,-37,48,-3,12,308,431,997,530,1,0
222704,2,stairs,-34,32,-2,72,193,422,998,470,1,0
222731,2,stairs,-38,15,-3,129,68,410,998,435,1,0
222758,2,stairs,-35,2,-2,193,-64,394,998,443,1,0
222785,2,stairs,-22,-5,1,256,-189,368,998,487,1,0
222812,2,stairs,-7,-6,5,313,-285,335,998,540,1,0
222839,2,stairs,19,-6,10,352,-363,300,998,588,1,0
222866,2,stairs,39,1,13,368,-411,266,997,612,1,0
222893,2,stairs,54,14,16,349,-448,218,997,608,1,0
222920,2,stairs,65,27,18,292,-482,138,997,580,1,0
222947,2,stairs,65,33,18,219,-476,32,997,525,1,0
222974,2,stairs,76,37,19,157,-448,-82,997,482,1,0
223001,2,stairs,83,38,20,120,-371,-190,998,434,1,0
223028,2,stairs,74,47,18,134,-229,-283,998,388,1,0
223055,2,stairs,66,65,16,156,-63,-369,997,405,1,0
223082,2,stairs,60,90,12,156,94,-439,996,476,1,0
223117,2,stairs,52,114,8,104,175,-434,996,479,1,0
223144,2,stairs,32,129,3,22,181,-367,996,410,1,0
223171,2,stairs,-7,130,-7,-54,155,-264,994,311,1,0
223198,2,stairs,-54,117,-21,-103,103,-167,991,221,1,0
223225,2,stairs,-97,97,-34,-128,46,-103,989,171,1,0
223252,2,stairs,-120,71,-40,-128,-7,-73,990,147,1,0
223279,2,stairs,-105,44,-32,-107,-51,-58,991,132,1,0
223306,2,stairs,-60,24,-18,-86,-84,-38,989,126,1,0
223333,2,stairs,-19,14,-7,-67,-84,-2,989,108,1,0
223360,2,stairs,3,6,0,-77,-51,46,990,103,1,0
223386,2,stairs,10,3,4,-117,-21,91,993,150,1,0
223412,2,stairs,11,-6,6,-182,-7,120,994,218,1,0
223439,2,stairs,5,-22,5,-244,-14,122,995,273,1,0
223466,2,stairs,6,-48,4,-277,-37,91,995,294,1,0
223493,2,stairs,10,-79,2,-278,-58,50,994,288,1,0
223520,2,stairs,10,-99,0,-242,-50,14,995,248,1,0
223547,2,stairs,23,-105,3,-192,-29,-18,996,195,1,0
223574,2,stairs,47,-108,7,-163,-2,-50,995,170,1,0
223601,2,stairs,62,-108,9,-175,38,-86,996,198,1,0
223628,2,stairs,85,-103,13,-219,72,-131,996,265,1,0
223655,2,stairs,101,-102,15,-276,98,-177,996,342,1,0
223682,2,stairs,100,-101,15,-309,143,-200,997,395,1,0
223709,2,stairs,86,-96,14,-283,191,-207,997,399,1,0
223736,2,stairs,64,-87,12,-212,213,-214,997,369,1,0
223763,2,stairs,42,-71,9,-103,226,-218,996,330,1,0
223790,2,stairs,25,-51,7,28,263,-203,996,334,1,0
223817,2,stairs,6,-22,4,140,347,-144,995,401,1,0
223844,2,stairs,-10,9,1,186,430,-61,994,472,1,0
223871,2,stairs,-44,42,-10,155,473,8,991,498,1,0
223898,2,stairs,-87,61,-25,67,446,47,989,454,1,0
223925,2,stairs,-117,54,-35,-30,351,42,990,355,1,0
223952,2,stairs,-135,32,-40,-70,239,13,991,249,1,0
223979,2,stairs,-125,13,-35,-33,104,-14,992,110,1,0
224006,2,stairs,-95,4,-24,63,-42,-28,993,80,1,0
224033,2,stairs,-59,4,-13,178,-188,-27,992,261,1,0
224060,2,stairs,-31,7,-5,272,-302,-23,993,407,1,0
224087,2,stairs,-18,9,0,332,-366,-21,994,495,1,0
224114,2,stairs,-12,10,3,361,-387,-27,996,530,1,0
224141,2,stairs,-3,13,6,372,-380,-42,997,533,1,0
224168,2,stairs,9,14,9,379,-354,-54,997,522,1,0
224195,2,stairs,25,18,12,380,-324,-50,997,502,1,0
224222,2,stairs,45,25,16,367,-299,-30,997,474,1,0
224249,2,stairs,61,31,18,327,-274,-6,997,427,1,0
224276,2,stairs,79,38,20,259,-246,5,997,357,1,0
224302,2,stairs,93,41,22,170,-218,-11,997,276,1,0
224329,2,stairs,108,45,23,78,-198,-50,997,218,1,0
224356,2,stairs,119,46,24,14,-199,-92,997,219,1,0
224383,2,stairs,108,43,23,2,-199,-113,997,229,1,0
224410,2,stairs,82,50,19,67,-224,-111,997,258,1,0
224437,2,stairs,72,64,17,140,-274,-122,997,331,1,0
224464,2,stairs,65,67,16,161,-305,-165,997,382,1,0
224491,2,stairs,67,56,17,124,-306,-201,997,386,1,0
224518,2,stairs,63,39,17,45,-264,-214,997,343,1,0
224545,2,stairs,27,16,9,-50,-193,-212,995,291,1,0
224572,2,stairs,-25,-9,-6,-136,-106,-238,990,294,1,0
224599,2,stairs,-73,-36,-23,-181,-19,-295,987,346,1,0
224626,2,stairs,-100,-71,-34,-203,33,-355,987,411,1,0
224653,2,stairs,-84,-98,-30,-208,31,-390,988,443,1,0
224680,2,stairs,-23,-104,-17,-182,-22,-382,985,424,1,0
224707,2,stairs,43,-86,-5,-135,-65,-343,982,374,1,0
224734,2,stairs,81,-60,4,-109,-39,-304,983,325,1,0
224761,2,stairs,82,-45,9,-100,7,-283,986,300,1,0
224788,2,stairs,62,-38,9,-117,85,-274,989,310,1,0
224815,2,stairs,39,-38,7,-125,155,-269,990,334,1,0
224851,2,stairs,37,-41,8,-109,183,-272,992,345,1,0
224878,2,stairs,48,-44,11,-89,182,-270,994,338,1,0
224905,2,stairs,64,-45,14,-70,172,-261,995,320,1,0
224932,2,stairs,72,-45,16,-67,165,-248,996,305,1,0
224959,2,stairs,78,-52,17,-90,157,-248,996,307,1,0
224986,2,stairs,65,-64,14,-103,168,-251,997,319,1,0
225013,2,stairs,54,-67,12,-75,176,-245,997,311,1,0
225040,2,stairs,51,-57,13,0,142,-206,997,251,1,0
225067,2,stairs,53,-39,14,95,61,-133,997,174,1,0
225094,2,stairs,44,-26,14,177,18,-60,997,188,1,0
225121,2,stairs,24,-13,11,252,70,-3,997,262,1,0
225148,2,stairs,1,21,5,303,189,32,995,358,1,0
225174,2,stairs,-10,67,-1,284,285,50,992,405,1,0
225201,2,stairs,-19,104,-6,190,295,69,992,358,1,0
225228,2,stairs,-41,106,-10,60,239,99,992,266,1,0
225255,2,stairs,-70,96,-17,-32,157,137,992,210,1,0
225282,2,stairs,-98,79,-24,-70,56,159,992,183,1,0
225309,2,stairs,-95,63,-21,-49,-84,151,994,180,1,0
225336,2,stairs,-64,46,-12,28,-244,120,994,274,1,0
225363,2,stairs,-22,25,-3,129,-383,92,992,415,1,0
225390,2,stairs,4,14,4,229,-465,75,993,523,1,0
225417,2,stairs,27,16,9,301,-500,51,993,586,1,0
225443,2,stairs,40,19,12,317,-498,4,995,591,1,0
225470,2,stairs,56,16,15,280,-464,-59,995,545,1,0
225497,2,stairs,76,9,17,210,-414,-127,995,481,1,0
225524,2,stairs,101,3,19,132,-352,-184,995,418,1,0
225551,2,stairs,130,-2,21,53,-279,-230,994,366,1,0
225578,2,stairs,140,-8,22,-17,-177,-267,995,320,1,0
225605,2,stairs,137,-11,22,-83,-46,-290,996,305,1,0
225632,2,stairs,129,-6,23,-123,46,-312,997,338,1,0
225659,2,stairs,129,-5,23,-160,95,-344,998,391,1,0
225686,2,stairs,128,-11,23,-179,123,-389,998,445,1,0
225713,2,stairs,131,-12,23,-156,147,-431,998,482,1,0
225740,2,stairs,135,-6,23,-109,163,-468,998,507,1,0
225767,2,stairs,126,9,22,-66,168,-502,998,533,1,0
225794,2,stairs,112,20,20,-49,145,-534,998,555,1,0
225821,2,stairs,88,23,18,-36,118,-561,997,575,1,0
225847,2,stairs,74,21,17,-5,74,-583,997,587,1,0
225873,2,stairs,66,23,16,59,31,-596,998,599,1,0
225900,2,stairs,69,26,17,127,-17,-604,998,618,1,0
225927,2,stairs,72,29,17,174,-41,-623,999,648,1,0
225954,2,stairs,65,28,16,168,-27,-661,999,682,1,0
225981,2,stairs,42,17,13,109,27,-717,998,726,1,0
226008,2,stairs,3,-4,5,39,94,-777,995,783,1,0
226035,2,stairs,-55,-32,-13,-2,166,-824,989,840,1,0
226062,2,stairs,-115,-70,-37,-49,195,-840,982,864,1,0
226089,2,stairs,-156,-99,-54,-101,184,-856,982,882,1,0
226116,2,stairs,-167,-118,-58,-147,143,-883,985,907,1,0
226143,2,stairs,-146,-136,-51,-188,89,-908,988,931,1,0
226170,2,stairs,-112,-146,-41,-225,43,-913,989,942,1,0
226197,2,stairs,-86,-144,-32,-266,13,-908,990,946,1,0
226224,2,stairs,-80,-138,-27,-305,-4,-903,992,953,1,0
226251,2,stairs,-87,-136,-27,-324,-9,-905,994,961,1,0
226278,2,stairs,-96,-146,-31,-318,-14,-920,995,973,1,0
226305,2,stairs,-101,-156,-34,-275,-21,-941,996,980,1,0
226333,2,stairs,-89,-160,-32,-199,-33,-968,997,989,1,0
226360,2,stairs,-73,-160,-27,-111,-36,-998,997,1005,1,0
226388,2,stairs,-51,-154,-21,-37,-22,-1020,997,1021,1,0
226415,2,stairs,-25,-142,-13,2,-11,-1028,997,1028,1,0
226442,2,stairs,2,-129,-6,-3,-3,-1032,996,1032,1,0
226469,2,stairs,17,-113,-1,-11,10,-1034,996,1034,1,0
226496,2,stairs,25,-101,3,2,10,-1013,996,1013,1,0
226523,2,stairs,27,-89,5,32,-23,-960,997,961,1,0
226550,2,stairs,26,-70,7,94,-71,-878,997,885,1,0
226586,2,stairs,44,-47,12,198,-137,-758,996,796,1,0
226613,2,stairs,58,-23,15,300,-160,-602,996,692,1,0
226640,2,stairs,44,4,15,370,-90,-441,995,583,1,0
226667,2,stairs,8,26,8,378,35,-329,993,502,1,0
226693,2,stairs,-47,43,-6,322,187,-301,989,479,1,0
226720,2,stairs,-73,44,-12,222,276,-318,990,476,1,0
226747,2,stairs,-65,28,-8,105,260,-323,992,427,1,0
226774,2,stairs,-46,11,-4,10,183,-297,993,349,1,0
226801,2,stairs,-41,1,-2,-42,117,-283,994,309,1,0
226828,2,stairs,-50,-8,-4,-79,77,-314,995,333,1,0
226855,2,stairs,-53,-13,-5,-104,73,-395,996,415,1,0
226882,2,stairs,-43,-15,-2,-118,86,-511,996,532,1,0
226909,2,stairs,-15,-18,3,-131,80,-624,996,643,1,0
226936,2,stairs,3,-22,7,-137,60,-702,996,717,1,0
226963,2,stairs,5,-31,7,-133,23,-737,997,749,1,0
226990,2,stairs,1,-44,4,-119,-21,-751,997,761,1,0
227017,2,stairs,-1,-59,2,-96,-70,-769,997,778,1,0
227044,2,stairs,5,-71,2,-64,-102,-804,997,813,1,0
227071,2,stairs,22,-79,3,-36,-130,-861,997,871,1,0
227098,2,stairs,31,-80,4,-25,-154,-933,997,946,1,0
227125,2,stairs,34,-79,5,-51,-206,-1013,997,1035,1,0
227152,2,stairs,30,-76,5,-101,-283,-1094,998,1134,1,0
227180,2,stairs,30,-70,6,-145,-381,-1164,998,1234,1,0
227208,2,stairs,52,-68,9,-182,-499,-1215,997,1326,1,0
227235,2,stairs,78,-66,11,-210,-592,-1245,997,1394,1,0
227263,2,stairs,88,-60,13,-213,-610,-1257,997,1413,1,0
227291,2,stairs,89,-55,14,-196,-536,-1263,998,1386,1,0
227319,2,stairs,82,-51,14,-178,-398,-1271,998,1343,1,0
227346,2,stairs,65,-50,12,-162,-245,-1280,998,1313,1,0
227374,2,stairs,32,-64,4,-154,-123,-1279,996,1294,1,0
227401,2,stairs,-14,-92,-13,-147,-50,-1274,992,1283,1,0
227429,2,stairs,-44,-119,-26,-101,-25,-1267,991,1271,1,0
227456,2,stairs,-38,-143,-30,-31,-25,-1262,992,1263,1,0
227484,2,stairs,-18,-144,-25,44,-14,-1243,993,1244,1,0
227511,2,stairs,8,-129,-16,76,24,-1219,993,1221,1,0
227538,2,stairs,26,-113,-9,37,81,-1189,994,1192,1,0
227565,2,stairs,38,-97,-3,-50,126,-1176,995,1183,1,0
227592,2,stairs,43,-92,0,-122,172,-1194,996,1212,1,0
227619,2,stairs,39,-103,-3,-149,229,-1225,996,1255,1,0
227647,2,stairs,42,-112,-4,-116,299,-1237,997,1278,1,0
227674,2,stairs,58,-103,-1,-41,369,-1229,997,1284,1,0
227701,2,stairs,81,-86,4,26,417,-1206,996,1276,1,0
227728,2,stairs,92,-78,6,41,443,-1167,996,1249,1,0
227755,2,stairs,92,-77,7,5,446,-1105,997,1192,1,0
227782,2,stairs,82,-84,5,-68,422,-1029,997,1114,1,0
227809,2,stairs,67,-91,2,-129,362,-959,997,1033,1,0
227836,2,stairs,53,-100,-2,-146,283,-930,997,983,1,0
227863,2,stairs,34,-105,-6,-77,195,-912,997,935,1,0
227890,2,stairs,21,-98,-6,96,108,-888,997,900,1,0
227917,2,stairs,12,-77,-3,318,48,-842,997,902,1,0
227944,2,stairs,5,-40,1,482,72,-769,995,911,1,0
227971,2,stairs,-10,7,2,510,183,-669,992,861,1,0
227998,2,stairs,-20,49,3,403,317,-601,991,790,1,0
228025,2,stairs,-47,94,-3,223,436,-584,989,762,1,0
228052,2,stairs,-70,123,-8,59,481,-589,989,762,1,0
228079,2,stairs,-85,129,-10,-37,430,-597,990,736,1,0
228106,2,stairs,-88,126,-9,-35,341,-604,992,694,1,0
228133,2,stairs,-86,119,-7,52,245,-606,994,656,1,0
228160,2,stairs,-73,116,-3,192,159,-594,995,644,1,0
228187,2,stairs,-49,121,2,333,71,-591,995,682,1,0
228214,2,stairs,-23,126,7,427,-16,-598,995,735,1,0
228241,2,stairs,-1,123,12,457,-83,-609,995,766,1,0
228268,2,stairs,19,115,15,420,-108,-617,996,754,1,0
228295,2,stairs,26,103,17,347,-89,-621,997,716,1,0
228331,2,stairs,26,86,17,257,-41,-616,997,669,1,0
228358,2,stairs,26,69,16,183,9,-603,997,630,1,0
228385,2,stairs,24,59,16,139,48,-581,998,600,1,0
228412,2,stairs,21,57,16,125,65,-564,998,581,1,0
228439,2,stairs,32,64,18,130,45,-562,998,578,1,0
228466,2,stairs,47,71,19,144,3,-567,998,585,1,0
228493,2,stairs,57,75,20,157,-37,-553,998,576,1,0
228520,2,stairs,66,79,21,173,-75,-527,998,560,1,0
228547,2,stairs,68,86,21,206,-87,-510,998,557,1,0
228574,2,stairs,66,99,20,268,-93,-514,998,587,1,0
228601,2,stairs,70,111,19,301,-105,-540,997,627,1,0
228628,2,stairs,61,115,18,273,-65,-578,997,642,1,0
228655,2,stairs,56,112,18,215,16,-597,998,635,1,0
228682,2,stairs,37,103,15,143,110,-581,997,608,1,0
228709,2,stairs,-6,100,6,79,198,-546,995,586,1,0
228736,2,stairs,-51,84,-5,10,240,-517,992,570,1,0
228763,2,stairs,-93,60,-17,-47,243,-505,990,563,1,0
228790,2,stairs,-115,32,-24,-67,233,-508,990,563,1,0
228817,2,stairs,-119,4,-26,-45,216,-504,991,550,1,0
228844,2,stairs,-106,-16,-22,7,187,-471,992,507,1,0
228871,2,stairs,-73,-24,-14,60,151,-427,993,457,1,0
228898,2,stairs,-41,-19,-6,91,130,-386,993,417,1,0
228925,2,stairs,-17,-8,1,94,135,-366,993,401,1,0
228952,2,stairs,-7,-3,4,69,165,-357,995,400,1,0
228979,2,stairs,-6,-2,6,32,193,-350,996,401,1,0
229006,2,stairs,-7,-10,6,-1,218,-348,997,411,1,0
229033,2,stairs,-14,-19,4,-6,257,-349,998,433,1,0
229060,2,stairs,-23,-24,2,12,301,-342,998,456,1,0
229087,2,stairs,-39,-21,-1,20,333,-340,998,477,1,0
229114,2,stairs,-39,-9,-1,24,336,-345,998,482,1,0
229141,2,stairs,-24,5,3,33,316,-342,998,467,1,0
229168,2,stairs,-15,21,5,84,282,-296,997,418,1,0
229195,2,stairs,-4,38,8,155,200,-198,997,321,1,0
229222,2,stairs,-6,53,7,217,109,-70,997,253,1,0
229249,2,stairs,-16,64,5,262,44,39,997,268,1,0
229275,2,stairs,-24,74,4,295,34,100,997,313,1,0
229301,2,stairs,-30,86,3,312,66,133,997,345,1,0
229328,2,stairs,-33,100,1,303,89,165,997,356,1,0
229355,2,stairs,-53,113,-5,271,104,197,996,351,1,0
229382,2,stairs,-86,119,-16,225,128,215,995,337,1,0
229409,2,stairs,-125,121,-30,179,161,200,993,313,1,0
229436,2,stairs,-141,123,-35,147,180,159,994,282,1,0
229463,2,stairs,-117,121,-27,133,164,100,995,233,1,0
229490,2,stairs,-63,121,-14,123,156,65,991,209,1,0
229517,2,stairs,-11,124,-5,108,165,69,989,209,1,0
229543,2,stairs,15,125,1,71,191,97,991,226,1,0
229569,2,stairs,26,119,6,12,201,133,993,241,1,0
229596,2,stairs,20,103,7,-47,201,165,994,264,1,0
229623,2,stairs,6,79,6,-89,189,197,995,287,1,0
229650,2,stairs,-1,57,6,-99,162,216,995,288,1,0
229677,2,stairs,-2,40,7,-81,132,237,996,283,1,0
229703,2,stairs,3,28,8,-49,96,261,997,282,1,0
229729,2,stairs,20,26,11,-12,62,285,997,292,1,0
229756,2,stairs,47,33,15,22,27,298,996,300,1,0
229782,2,stairs,71,42,17,38,-9,293,996,295,1,0
229808,2,stairs,84,51,18,36,-46,267,996,273,1,0
229834,2,stairs,89,54,19,29,-81,223,997,239,1,0
229860,2,stairs,78,50,19,37,-134,173,997,222,1,0
229887,2,stairs,61,42,16,97,-198,129,997,255,1,0
229914,2,stairs,61,37,17,191,-277,96,997,350,1,0
229940,2,stairs,64,35,17,288,-356,82,998,465,1,0
229966,2,stairs,73,35,18,357,-403,78,998,544,1,0
229993,2,stairs,77,42,18,374,-383,64,998,539,1,0
230019,2,stairs,70,52,17,324,-321,26,998,457,1,0
230054,2,stairs,42,47,13,202,-246,-26,997,319,1,0
230081,2,stairs,-1,27,3,84,-164,-70,994,197,1,0
230108,2,stairs,-46,-7,-10,-18,-84,-113,990,142,1,0
230135,2,stairs,-78,-46,-22,-93,-26,-165,988,191,1,0
230162,2,stairs,-85,-77,-25,-124,17,-221,989,254,1,0
230189,2,stairs,-72,-103,-24,-106,60,-259,990,286,1,0
230216,2,stairs,-45,-112,-18,-53,106,-255,991,281,1,0
230243,2,stairs,-19,-96,-10,9,159,-213,992,266,1,0
230270,2,stairs,-1,-66,-2,32,212,-162,992,268,1,0
230297,2,stairs,-3,-43,0,-2,275,-118,993,299,1,0
230324,2,stairs,-6,-29,2,-79,318,-84,995,339,1,0
230351,2,stairs,-10,-28,3,-174,342,-66,996,389,1,0
230378,2,stairs,-15,-39,1,-238,347,-63,996,425,1,0
230405,2,stairs,-20,-53,-1,-246,338,-59,997,423,1,0
230432,2,stairs,-29,-65,-4,-207,319,-53,997,384,1,0
230459,2,stairs,-40,-66,-6,-136,291,-50,997,325,1,0
230486,2,stairs,-37,-58,-4,-58,241,-53,998,254,1,0
230513,2,stairs,-28,-42,-1,-1,191,-39,997,195,1,0
230539,2,stairs,-16,-22,2,33,148,11,997,152,1,0
230565,2,stairs,-19,-7,2,45,117,113,997,169,1,0
230591,2,stairs,-21,11,2,30,103,206,997,232,1,0
230617,2,stairs,-44,29,-4,8,161,249,996,297,1,0
230644,2,stairs,-57,44,-7,-22,258,264,996,369,1,0
230671,2,stairs,-75,64,-13,-56,356,276,995,454,1,0
230698,2,stairs,-96,88,-21,-89,405,283,994,502,1,0
230725,2,stairs,-114,96,-27,-117,412,265,994,503,1,0
230752,2,stairs,-124,92,-30,-109,390,241,995,471,1,0
230779,2,stairs,-109,86,-24,-70,326,215,996,397,1,0
230806,2,stairs,-86,78,-17,-11,234,190,996,301,1,0
230833,2,stairs,-63,57,-10,58,128,177,995,226,1,0
230860,2,stairs,-54,39,-7,141,37,187,996,238,1,0
230887,2,stairs,-43,27,-4,218,-46,205,996,303,1,0
230914,2,stairs,-42,28,-3,286,-107,222,997,378,1,0
230941,2,stairs,-28,32,1,324,-164,227,997,429,1,0
230968,2,stairs,-8,36,5,325,-195,220,997,438,1,0
230995,2,stairs,11,38,9,297,-196,211,997,414,1,0
231022,2,stairs,33,41,12,253,-181,203,997,371,1,0
231049,2,stairs,47,44,15,193,-149,194,998,312,1,0
231076,2,stairs,64,43,17,125,-131,189,997,262,1,0
231103,2,stairs,62,44,17,66,-109,192,998,231,1,0
231130,2,stairs,72,43,19,16,-118,193,998,226,1,0
231157,2,stairs,77,39,19,-14,-128,190,999,230,1,0
231184,2,stairs,77,32,19,-12,-136,195,999,238,1,0
231211,2,stairs,72,30,19,36,-137,212,999,255,1,0
231238,2,stairs,53,39,15,114,-128,225,998,283,1,0
231265,2,stairs,34,54,11,211,-123,227,997,334,1,0
231292,2,stairs,33,62,10,274,-131,210,997,369,1,0
231319,2,stairs,40,69,11,303,-87,180,998,363,1,0
231345,2,stairs,39,81,10,291,17,165,998,335,1,0
231372,2,stairs,28,98,6,208,126,157,997,290,1,0
231399,2,stairs,5,108,0,62,203,148,997,259,1,0
231426,2,stairs,-47,105,-15,-94,268,119,992,309,1,0
231453,2,stairs,-80,77,-23,-213,302,82,991,379,1,0
231480,2,stairs,-102,48,-27,-275,320,51,991,424,1,0
231507,2,stairs,-105,28,-26,-293,306,29,992,424,1,0
231534,2,stairs,-93,12,-21,-290,263,4,994,392,1,0
231561,2,stairs,-75,-4,-15,-269,218,-19,995,347,1,0
231588,2,stairs,-66,-23,-12,-235,201,-30,995,311,1,0
231615,2,stairs,-67,-40,-13,-213,190,-29,996,287,1,0
231642,2,stairs,-78,-52,-16,-198,188,-22,996,274,1,0
231669,2,stairs,-86,-58,-18,-170,184,-17,997,251,1,0
231696,2,stairs,-79,-62,-16,-137,166,-13,998,215,1,0
231723,2,stairs,-62,-65,-11,-116,137,-14,998,180,1,0
231750,2,stairs,-41,-65,-6,-103,110,-20,998,152,1,0
231786,2,stairs,-26,-62,-2,-102,105,-32,998,150,1,0
231813,2,stairs,-22,-62,-1,-115,112,-37,998,164,1,0
231840,2,stairs,-34,-65,-5,-146,112,-38,998,187,1,0
231867,2,stairs,-44,-60,-7,-159,96,-29,998,188,1,0
231894,2,stairs,-47,-50,-7,-144,56,1,998,155,1,0
231921,2,stairs,-36,-40,-4,-119,-11,53,998,131,1,0
231948,2,stairs,-29,-30,-2,-76,-67,135,998,169,1,0
231975,2,stairs,-28,-21,-2,-23,-83,233,998,248,1,0
232002,2,stairs,-34,2,-3,39,-17,295,997,298,1,0
232029,2,stairs,-28,28,-2,74,68,330,996,345,1,0
232056,2,stairs,-22,51,-2,53,139,379,996,407,1,0
232083,2,stairs,-30,63,-4,-19,175,442,996,476,1,0
232110,2,stairs,-51,64,-11,-117,177,496,996,539,1,0
232137,2,stairs,-83,53,-21,-196,163,519,995,578,1,0
232164,2,stairs,-115,32,-33,-241,154,495,993,572,1,0
232191,2,stairs,-122,6,-35,-239,127,433,994,511,1,0
232218,2,stairs,-109,-18,-30,-184,97,359,994,415,1,0
232245,2,stairs,-75,-31,-20,-97,51,304,994,323,1,0
232272,2,stairs,-36,-35,-9,-11,8,261,993,262,1,0
232299,2,stairs,-12,-37,-2,51,-18,224,994,230,1,0
232326,2,stairs,-9,-37,0,90,-14,194,995,215,1,0
232353,2,stairs,-14,-39,-1,121,-11,169,996,208,1,0
232380,2,stairs,-16,-42,-1,141,-21,139,997,200,1,0
232407,2,stairs,-8,-41,2,158,-45,107,997,196,1,0
232434,2,stairs,4,-41,5,174,-74,75,998,204,1,0
232461,2,stairs,12,-38,7,187,-96,45,998,214,1,0
232488,2,stairs,19,-32,9,190,-118,18,999,225,1,0
232515,2,stairs,14,-24,9,186,-142,-12,999,234,1,0
232542,2,stairs,24,-12,11,187,-178,-52,999,263,1,0
232569,2,stairs,39,-3,14,183,-222,-98,998,304,1,0
232596,2,stairs,58,8,17,177,-258,-146,998,345,1,0
232623,2,stairs,69,17,18,174,-281,-197,998,384,1,0
232650,2,stairs,71,23,19,173,-287,-244,998,415,1,0
232677,2,stairs,64,31,17,186,-280,-283,998,440,1,0
232704,2,stairs,56,39,16,211,-271,-315,998,466,1,0
232731,2,stairs,51,50,14,247,-234,-341,998,482,1,0
232758,2,stairs,59,59,15,265,-178,-358,998,479,1,0
232785,2,stairs,71,67,16,236,-107,-347,997,433,1,0
232812,2,stairs,73,73,16,170,-35,-315,998,359,1,0
232839,2,stairs,63,82,14,88,29,-280,998,295,1,0
232866,2,stairs,35,87,8,11,88,-255,997,270,1,0
232893,2,stairs,3,78,1,-59,135,-245,996,286,1,0
232920,2,stairs,-36,64,-9,-118,165,-235,994,311,1,0
232947,2,stairs,-67,56,-18,-150,170,-230,993,323,1,0
232974,2,stairs,-84,47,-22,-166,139,-227,994,314,1,0
233001,2,stairs,-92,29,-23,-184,89,-229,995,307,1,0
233028,2,stairs,-92,8,-23,-197,47,-222,995,300,1,0
233055,2,stairs,-89,-8,-21,-206,17,-205,996,291,1,0
233082,2,stairs,-81,-21,-19,-213,-6,-191,996,286,1,0
233109,2,stairs,-70,-32,-15,-213,-20,-185,997,283,1,0
233136,2,stairs,-49,-42,-10,-211,-34,-191,997,286,1,0
233163,2,stairs,-35,-53,-6,-203,-43,-214,997,298,1,0
233190,2,stairs,-20,-63,-3,-174,-51,-244,997,304,1,0
233217,2,stairs,-5,-75,0,-133,-64,-275,997,312,1,0
233244,2,stairs,-3,-85,-1,-78,-60,-295,997,311,1,0
233271,2,stairs,-2,-88,-1,-20,-45,-303,998,307,1,0
233298,2,stairs,2,-82,1,24,-28,-314,998,316,1,0
233325,2,stairs,14,-75,4,46,-18,-339,998,342,1,0
233352,2,stairs,31,-69,8,46,-13,-371,998,375,1,0
233379,2,stairs,49,-67,11,38,-15,-400,998,402,1,0
233406,2,stairs,59,-69,13,28,-39,-410,998,413,1,0
233433,2,stairs,62,-77,12,23,-65,-401,998,407,1,0
233460,2,stairs,60,-84,11,26,-86,-380,998,391,1,0
233487,2,stairs,59,-85,11,40,-108,-358,998,376,1,0
233523,2,stairs,55,-89,9,43,-138,-352,998,381,1,0
233550,2,stairs,52,-91,8,47,-166,-369,998,407,1,0
233577,2,stairs,47,-86,8,73,-186,-417,998,463,1,0
233604,2,stairs,48,-78,9,105,-197,-488,998,537,1,0
233631,2,stairs,55,-68,11,122,-191,-575,998,618,1,0
233658,2,stairs,60,-59,13,142,-164,-641,998,677,1,0
233685,2,stairs,60,-45,14,173,-120,-664,998,697,1,0
233712,2,stairs,54,-34,13,185,-61,-654,998,682,1,0
233739,2,stairs,36,-20,10,179,10,-627,998,653,1,0
233766,2,stairs,9,0,5,164,72,-608,996,634,1,0
233792,2,stairs,-17,13,-1,121,102,-617,995,637,1,0
233819,2,stairs,-49,10,-11,59,97,-651,994,660,1,0
233846,2,stairs,-79,4,-20,8,69,-693,994,696,1,0
233873,2,stairs,-103,-3,-28,-19,39,-739,994,740,1,0
233900,2,stairs,-98,-10,-25,-36,-5,-789,996,789,1,0
233927,2,stairs,-72,-12,-17,-53,-53,-839,996,843,1,0
233954,2,stairs,-38,-10,-8,-76,-75,-884,995,890,1,0
233981,2,stairs,-18,-6,-2,-101,-59,-925,995,933,1,0
234008,2,stairs,-13,-4,0,-126,-35,-956,997,965,1,0
234035,2,stairs,-14,-11,0,-160,-15,-995,997,1008,1,0
234062,2,stairs,-24,-22,-3,-167,8,-1029,997,1043,1,0
234089,2,stairs,-24,-37,-4,-140,17,-1053,998,1062,1,0
234116,2,stairs,-18,-51,-3,-96,5,-1074,998,1078,1,0
234143,2,stairs,-5,-60,-1,-44,-18,-1091,998,1092,1,0
234170,2,stairs,9,-65,1,10,-38,-1096,998,1097,1,0
234197,2,stairs,25,-66,4,43,-44,-1093,997,1094,1,0
234224,2,stairs,37,-67,6,47,-42,-1084,998,1086,1,0
234251,2,stairs,47,-70,8,37,-33,-1072,998,1074,1,0
234278,2,stairs,58,-76,9,27,-32,-1054,998,1055,1,0
234305,2,stairs,64,-81,9,20,-35,-1026,998,1027,1,0
234332,2,stairs,67,-83,10,29,-41,-991,998,993,1,0
234359,2,stairs,63,-82,9,55,-49,-954,999,957,1,0
234386,2,stairs,68,-78,10,83,-68,-924,998,931,1,0
234413,2,stairs,78,-71,12,104,-94,-913,998,924,1,0
234440,2,stairs,85,-69,13,110,-122,-922,998,937,1,0
234467,2,stairs,88,-70,13,113,-141,-943,998,961,1,0
234494,2,stairs,94,-74,13,105,-165,-971,998,990,1,0
234521,2,stairs,93,-74,13,86,-186,-992,998,1013,1,0
234548,2,stairs,93,-65,14,67,-202,-1010,999,1032,1,0
234575,2,stairs,76,-55,12,53,-202,-1031,998,1052,1,0
234602,2,stairs,64,-45,12,30,-202,-1050,998,1070,1,0
234629,2,stairs,54,-32,12,-18,-190,-1079,998,1096,1,0
234656,2,stairs,58,-26,12,-87,-166,-1114,998,1129,1,0
234683,2,stairs,51,-26,12,-153,-112,-1139,998,1155,1,0
234710,2,stairs,30,-34,7,-224,-68,-1140,998,1164,1,0
234737,2,stairs,0,-48,-2,-271,-59,-1139,996,1173,1,0
234764,2,stairs,-37,-73,-16,-258,-102,-1148,993,1181,1,0
234792,2,stairs,-66,-109,-33,-155,-165,-1181,991,1202,1,0
234820,2,stairs,-84,-147,-48,20,-230,-1205,990,1227,1,0
234848,2,stairs,-71,-160,-45,241,-298,-1224,992,1283,1,0
234876,2,stairs,-46,-159,-37,422,-326,-1232,993,1343,1,0
234904,2,stairs,-6,-127,-22,514,-296,-1245,991,1379,1,0
234932,2,stairs,28,-87,-10,462,-213,-1284,989,1381,1,0
234959,2,stairs,41,-55,-1,308,-108,-1334,990,1374,1,0
234986,2,stairs,45,-39,4,125,-15,-1370,991,1376,1,0
235013,2,stairs,47,-37,6,-20,56,-1369,993,1371,1,0
235040,2,stairs,47,-36,7,-95,91,-1325,995,1332,1,0
235067,2,stairs,57,-29,10,-100,91,-1242,995,1250,1,0
235094,2,stairs,75,-22,13,-71,48,-1144,995,1148,1,0
235121,2,stairs,88,-16,16,-36,-14,-1038,996,1039,1,0
235148,2,stairs,94,-8,17,-1,-71,-926,996,929,1,0
235175,2,stairs,97,-3,18,26,-103,-816,997,823,1,0
235202,2,stairs,99,-4,19,40,-107,-711,997,720,1,0
235229,2,stairs,102,4,20,67,-88,-609,997,619,1,0
235265,2,stairs,126,18,22,92,-70,-511,997,524,1,0
235292,2,stairs,134,34,23,79,2,-402,997,410,1,0
235318,2,stairs,109,46,21,11,145,-311,996,343,1,0
235345,2,stairs,51,56,11,-74,304,-271,992,414,1,0
235372,2,stairs,-34,58,-14,-139,412,-300,981,529,1,0
235399,2,stairs,-106,25,-40,-185,386,-379,975,572,1,0
235426,2,stairs,-116,4,-40,-128,234,-473,980,543,1,0
235453,2,stairs,-74,-34,-31,8,79,-504,980,510,1,0
235480,2,stairs,-38,-31,-19,190,6,-515,982,549,1,0
235507,2,stairs,4,1,-7,356,-36,-575,982,677,1,0
235534,2,stairs,38,36,2,422,-74,-701,983,822,1,0
235561,2,stairs,56,44,8,381,-133,-854,986,945,1,0
235588,2,stairs,65,30,11,280,-173,-982,989,1035,1,0
235615,2,stairs,61,11,12,197,-159,-1056,991,1086,1,0
235642,2,stairs,59,3,12,168,-131,-1087,993,1108,1,0
235669,2,stairs,67,2,14,167,-95,-1114,994,1130,1,0
235696,2,stairs,41,10,12,171,-25,-1140,994,1153,1,0
235723,2,stairs,57,21,15,169,-2,-1166,994,1178,1,0
235750,2,stairs,79,20,17,129,-2,-1178,995,1185,1,0
235777,2,stairs,93,14,18,57,-19,-1172,995,1174,1,0
235804,2,stairs,97,12,19,2,-44,-1147,996,1148,1,0
235831,2,stairs,96,13,19,-18,-59,-1122,997,1123,1,0
235858,2,stairs,76,22,18,18,-51,-1105,997,1107,1,0
235885,2,stairs,61,35,17,91,-37,-1095,997,1099,1,0
235912,2,stairs,58,49,17,145,-18,-1093,997,1103,1,0
235939,2,stairs,54,69,17,169,28,-1095,997,1109,1,0
235966,2,stairs,52,97,16,166,101,-1097,996,1114,1,0
235993,2,stairs,45,127,12,130,173,-1096,995,1117,1,0
236020,2,stairs,15,150,5,76,207,-1076,993,1099,1,0
236047,2,stairs,-25,151,-3,30,208,-1031,992,1052,1,0
236074,2,stairs,-65,137,-12,10,174,-981,991,996,1,0
236101,2,stairs,-95,112,-18,24,124,-941,991,950,1,0
236128,2,stairs,-109,84,-21,68,79,-916,991,922,1,0
236155,2,stairs,-106,58,-19,123,50,-904,993,914,1,0
236182,2,stairs,-92,36,-15,156,44,-906,993,920,1,0
236209,2,stairs,-56,26,-7,159,47,-910,992,925,1,0
236236,2,stairs,-27,24,0,137,97,-909,993,924,1,0
236263,2,stairs,-16,27,3,85,192,-899,994,924,1,0
236290,2,stairs,-12,34,5,36,268,-885,995,925,1,0
236317,2,stairs,-12,33,6,-27,328,-866,996,926,1,0
236344,2,stairs,-19,25,5,-79,381,-847,997,932,1,0
236371,2,stairs,-25,10,4,-108,425,-825,997,935,1,0
236398,2,stairs,-24,0,3,-107,465,-809,998,939,1,0
236425,2,stairs,-25,-3,3,-39,512,-788,998,940,1,0
236452,2,stairs,-25,0,3,68,504,-752,998,907,1,0
236479,2,stairs,-17,10,5,156,437,-693,998,834,1,0
236506,2,stairs,-25,20,4,225,358,-605,998,738,1,0
236533,2,stairs,-29,27,3,259,265,-501,998,623,1,0
236560,2,stairs,-30,39,3,225,226,-412,998,521,1,0
236587,2,stairs,-37,55,1,130,248,-358,998,454,1,0
236614,2,stairs,-38,65,0,17,298,-301,997,424,1,0
236641,2,stairs,-44,74,-1,-79,350,-201,997,412,1,0
236668,2,stairs,-50,80,-3,-152,343,-83,998,384,1,0
236695,2,stairs,-69,93,-9,-194,296,10,997,354,1,0
236722,2,stairs,-100,90,-19,-212,232,50,996,318,1,0
236749,2,stairs,-123,73,-26,-194,163,43,995,257,1,0
236776,2,stairs,-132,47,-29,-139,114,8,995,180,1,0
236803,2,stairs,-121,23,-26,-46,81,-37,995,100,1,0
236830,2,stairs,-87,3,-18,59,50,-80,994,112,1,0
236857,2,stairs,-54,-8,-10,157,40,-118,993,200,1,0
236884,2,stairs,-33,-9,-4,226,56,-146,994,275,1,0
236911,2,stairs,-23,4,0,275,77,-167,995,330,1,0
236938,2,stairs,-20,16,2,287,96,-187,996,355,1,0
236965,2,stairs,-7,24,5,266,102,-208,996,353,1,0
237000,2,stairs,11,22,9,236,102,-216,997,336,1,0
237027,2,stairs,23,20,11,217,102,-201,997,313,1,0
237054,2,stairs,30,21,13,209,85,-165,998,280,1,0
237081,2,stairs,41,29,14,208,50,-131,998,251,1,0
237108,2,stairs,51,38,16,204,12,-104,998,229,1,0
237135,2,stairs,61,49,17,184,-7,-89,998,205,1,0
237161,2,stairs,71,61,17,144,3,-86,997,168,1,0
237187,2,stairs,69,70,17,99,49,-102,998,150,1,0
237214,2,stairs,51,75,14,91,119,-130,997,198,1,0
237241,2,stairs,34,79,11,113,151,-158,997,247,1,0
237268,2,stairs,12,74,7,141,184,-163,997,283,1,0
237295,2,stairs,-17,68,1,215,222,-147,996,342,1,0
237322,2,stairs,-37,66,-4,322,236,-120,996,416,1,0
237349,2,stairs,-58,73,-10,386,228,-92,996,458,1,0
237376,2,stairs,-83,72,-17,380,198,-75,995,435,1,0
237403,2,stairs,-108,59,-25,326,189,-69,995,384,1,0
237430,2,stairs,-135,44,-34,256,213,-73,994,341,1,0
237457,2,stairs,-151,28,-39,175,215,-82,994,289,1,0
237484,2,stairs,-144,7,-37,100,184,-89,995,227,1,0
237511,2,stairs,-120,-11,-29,63,131,-80,995,166,1,0
237538,2,stairs,-98,-21,-22,71,97,-45,996,128,1,0
237565,2,stairs,-77,-20,-15,97,77,4,996,124,1,0
237592,2,stairs,-61,-11,-10,115,70,47,996,142,1,0
237619,2,stairs,-48,5,-6,115,85,65,997,157,1,0
237645,2,stairs,-25,18,0,93,103,58,997,150,1,0
237671,2,stairs,-5,27,5,46,131,37,997,144,1,0
237697,2,stairs,4,29,7,-13,165,16,997,166,1,0
237723,2,stairs,2,25,7,-71,196,-1,998,208,1,0
237749,2,stairs,-9,14,4,-133,216,-12,997,253,1,0
237776,2,stairs,-14,7,3,-183,208,-25,998,278,1,0
237803,2,stairs,-15,1,3,-216,170,-31,998,277,1,0
237830,2,stairs,-19,-2,2,-214,117,-2,998,244,1,0
237857,2,stairs,-24,-1,1,-174,53,82,998,200,1,0
237884,2,stairs,-30,6,-1,-110,-14,204,998,233,1,0
237911,2,stairs,-35,20,-2,-35,-58,313,998,321,1,0
237938,2,stairs,-37,39,-4,27,-56,388,997,393,1,0
237965,2,stairs,-39,60,-5,54,4,433,997,436,1,0
237992,2,stairs,-39,83,-7,38,83,462,997,471,1,0
238019,2,stairs,-41,105,-10,-15,142,481,996,502,1,0
238046,2,stairs,-51,116,-14,-90,161,474,997,508,1,0
238073,2,stairs,-68,111,-19,-162,154,438,997,492,1,0
238100,2,stairs,-74,94,-19,-209,117,377,997,447,1,0
238127,2,stairs,-65,65,-14,-216,62,299,997,373,1,0
238154,2,stairs,-49,40,-9,-155,9,230,996,277,1,0
238181,2,stairs,-27,29,-3,-59,-43,180,996,194,1,0
238208,2,stairs,-13,25,1,34,-82,141,997,166,1,0
238234,2,stairs,-1,22,5,97,-111,113,997,185,1,0
238261,2,stairs,10,15,7,114,-125,104,998,199,1,0
238288,2,stairs,24,10,10,87,-137,114,998,199,1,0
238314,2,stairs,48,4,14,34,-161,132,997,211,1,0
238341,2,stairs,61,-4,17,-31,-167,152,998,228,1,0
238368,2,stairs,66,-11,18,-95,-155,171,998,250,1,0
238395,2,stairs,69,-15,18,-146,-159,176,998,279,1,0
238422,2,stairs,81,-17,20,-181,-180,162,998,302,1,0
238449,2,stairs,111,-19,22,-183,-213,138,997,313,1,0
238476,2,stairs,124,-19,23,-142,-234,121,997,299,1,0
238503,2,stairs,119,-20,23,-39,-226,116,997,256,1,0
238530,2,stairs,96,-5,19,151,-219,118,997,291,1,0
238557,2,stairs,96,8,19,327,-251,87,997,421,1,0
238583,2,stairs,90,15,19,436,-279,40,997,519,1,0
238610,2,stairs,94,18,20,476,-283,6,998,554,1,0
238637,2,stairs,87,23,19,430,-217,-18,998,482,1,0
238664,2,stairs,72,26,17,294,-131,-47,998,325,1,0
238691,2,stairs,37,15,10,122,-38,-87,996,155,1,0
238726,2,stairs,-11,-14,-3,-33,60,-122,992,140,1,0
238753,2,stairs,-52,-41,-17,-123,140,-150,989,239,1,0
238780,2,stairs,-68,-60,-20,-140,149,-173,991,268,1,0
238807,2,stairs,-62,-69,-17,-99,103,-185,993,234,1,0
238834,2,stairs,-36,-67,-10,-11,35,-174,994,178,1,0
238861,2,stairs,1,-54,-1,90,-40,-142,993,173,1,0
238888,2,stairs,33,-45,5,154,-98,-103,992,210,1,0
238915,2,stairs,51,-39,9,174,-123,-75,993,226,1,0
238942,2,stairs,50,-33,11,166,-111,-63,995,210,1,0
238969,2,stairs,45,-33,11,148,-90,-65,996,185,1,0
238996,2,stairs,44,-41,11,127,-76,-73,997,165,1,0
239023,2,stairs,45,-44,12,117,-65,-73,998,152,1,0
239050,2,stairs,61,-39,14,110,-68,-66,997,145,1,0
239077,2,stairs,88,-35,16,88,-74,-54,996,127,1,0
239103,2,stairs,95,-24,18,61,-48,-31,997,84,1,0
239129,2,stairs,96,-9,18,26,-11,4,997,29,1,0
239155,2,stairs,88,9,18,-12,23,57,997,63,1,0
239181,2,stairs,79,19,17,-56,43,129,997,147,1,0
239208,2,stairs,63,19,15,-91,56,227,997,250,1,0
239234,2,stairs,45,16,12,-105,72,334,997,357,1,0
239261,2,stairs,27,22,9,-90,95,419,997,439,1,0
239287,2,stairs,22,37,8,-77,122,475,997,496,1,0
239314,2,stairs,25,53,8,-97,163,506,997,541,1,0
239341,2,stairs,32,68,8,-138,202,528,997,582,1,0
239368,2,stairs,33,78,8,-189,235,541,997,619,1,0
239395,2,stairs,28,81,7,-231,251,537,998,636,1,0
239422,2,stairs,22,76,6,-248,258,513,998,626,1,0
239449,2,stairs,20,65,7,-235,252,468,998,581,1,0
239476,2,stairs,18,46,7,-196,232,411,998,511,1,0
239503,2,stairs,20,23,8,-132,192,353,998,423,1,0
239530,2,stairs,20,0,8,-57,137,304,997,338,1,0
239557,2,stairs,22,-22,8,8,68,255,997,265,1,0
239584,2,stairs,20,-38,7,57,-3,208,998,215,1,0
239610,2,stairs,19,-47,7,93,-67,158,998,195,1,0
239637,2,stairs,27,-52,8,112,-113,103,998,190,1,0
239664,2,stairs,37,-54,9,113,-124,37,999,171,1,0
239691,2,stairs,59,-52,11,87,-102,-35,998,139,1,0
239718,2,stairs,73,-48,13,33,-53,-102,998,119,1,0
239745,2,stairs,74,-43,14,-58,24,-164,998,175,1,0
239772,2,stairs,66,-37,13,-153,76,-224,999,282,1,0
239799,2,stairs,58,-32,13,-243,96,-293,999,393,1,0
239826,2,stairs,53,-31,12,-311,83,-358,999,482,1,0
239853,2,stairs,47,-28,11,-336,58,-415,999,537,1,0
239880,2,stairs,46,-28,11,-300,30,-462,999,552,1,0
239907,2,stairs,44,-28,11,-197,-34,-487,999,527,1,0
239934,2,stairs,33,-22,9,-53,-142,-483,999,507,1,0
239961,2,stairs,27,-7,8,106,-291,-461,998,556,1,0
239988,2,stairs,20,7,7,266,-399,-430,998,645,1,0
240015,2,stairs,35,19,8,370,-456,-391,997,705,1,0
240042,2,stairs,37,36,8,411,-403,-349,997,673,1,0
240069,2,stairs,37,55,7,369,-325,-313,997,583,1,0
240096,2,stairs,14,90,-1,276,-247,-293,994,472,1,0
240123,2,stairs,-10,89,-5,141,-185,-288,994,370,1,0
240150,2,stairs,-42,68,-11,46,-121,-277,993,306,1,0
240177,2,stairs,-62,44,-14,7,-75,-248,993,259,1,0
240204,2,stairs,-66,26,-13,18,-67,-216,994,227,1,0
240231,2,stairs,-42,12,-8,61,-113,-186,994,226,1,0
240258,2,stairs,12,-5,-2,114,-190,-151,990,268,1,0
240285,2,stairs,51,-23,2,151,-232,-99,989,294,1,0
240312,2,stairs,74,-35,6,144,-225,-44,991,271,1,0
240339,2,stairs,67,-29,8,117,-173,-12,993,210,1,0
240366,2,stairs,63,-27,9,68,-114,-19,995,134,1,0
240393,2,stairs,55,-35,8,4,-45,-43,995,63,1,0
240420,2,stairs,59,-49,8,-52,11,-62,996,82,1,0
240455,2,stairs,72,-59,9,-89,75,-62,996,132,1,0
240482,2,stairs,82,-59,11,-114,140,-55,997,189,1,0
240509,2,stairs,91,-54,12,-144,185,-58,997,242,1,0
240536,2,stairs,97,-54,12,-182,194,-78,998,277,1,0
240563,2,stairs,98,-61,12,-223,183,-107,998,308,1,0
240590,2,stairs,93,-71,10,-252,170,-135,998,332,1,0
240617,2,stairs,84,-78,9,-250,172,-162,998,344,1,0
240644,2,stairs,73,-76,9,-223,180,-188,998,343,1,0
240671,2,stairs,65,-68,8,-188,186,-228,998,349,1,0
240698,2,stairs,58,-62,8,-141,208,-289,998,382,1,0
240725,2,stairs,46,-51,8,-67,278,-341,998,445,1,0
240752,2,stairs,29,-28,6,4,387,-352,997,523,1,0
240779,2,stairs,-2,-2,1,43,528,-311,995,614,1,0
240806,2,stairs,-40,18,-7,33,656,-217,993,691,1,0
240833,2,stairs,-92,37,-22,-7,741,-101,989,748,1,0
240860,2,stairs,-146,57,-41,-76,752,-4,985,756,1,0
240887,2,stairs,-181,62,-52,-168,654,38,986,677,1,0
240914,2,stairs,-186,48,-51,-253,487,29,989,550,1,0
240941,2,stairs,-158,17,-41,-298,311,1,989,430,1,0
240968,2,stairs,-121,-13,-31,-282,168,-10,989,329,1,0
240995,2,stairs,-95,-29,-22,-230,72,-7,990,241,1,0
241022,2,stairs,-84,-36,-18,-145,-17,-12,992,147,1,0
241049,2,stairs,-85,-40,-16,-53,-90,-29,994,108,1,0
241076,2,stairs,-90,-42,-17,39,-145,-51,996,158,1,0
241103,2,stairs,-83,-41,-14,122,-182,-75,997,232,1,0
241130,2,stairs,-68,-37,-9,171,-211,-89,997,285,1,0
241157,2,stairs,-42,-31,-3,180,-228,-85,997,303,1,0
241184,2,stairs,-19,-25,1,151,-229,-62,997,281,1,0
241211,2,stairs,-5,-23,4,82,-224,-44,997,243,1,0
241238,2,stairs,11,-26,7,-6,-232,-47,998,237,1,0
241265,2,stairs,26,-31,9,-75,-254,-90,998,280,1,0
241292,2,stairs,48,-44,10,-113,-287,-162,997,348,1,0
241319,2,stairs,68,-55,11,-115,-308,-246,997,411,1,0
241346,2,stairs,74,-55,12,-75,-318,-329,997,463,1,0
241373,2,stairs,80,-56,13,5,-334,-398,998,520,1,0
241400,2,stairs,61,-51,11,106,-353,-444,997,577,1,0
241427,2,stairs,58,-37,11,215,-383,-485,997,654,1,0
241454,2,stairs,53,-27,12,304,-385,-537,998,727,1,0
241481,2,stairs,66,-25,13,333,-348,-602,998,771,1,0
241508,2,stairs,71,-22,14,333,-259,-669,998,791,1,0
241535,2,stairs,61,-20,13,305,-164,-707,998,788,1,0
241562,2,stairs,23,-24,7,260,-75,-734,996,782,1,0
241589,2,stairs,-19,-33,-3,217,-34,-764,994,795,1,0
241616,2,stairs,-55,-52,-14,177,-44,-813,992,833,1,0
241643,2,stairs,-85,-74,-24,145,-73,-867,991,882,1,0
241670,2,stairs,-96,-91,-28,115,-113,-920,993,934,1,0
241697,2,stairs,-95,-98,-27,76,-152,-968,994,983,1,0
241724,2,stairs,-67,-103,-21,15,-197,-1014,994,1033,1,0
241752,2,stairs,-39,-101,-15,-67,-216,-1041,994,1066,1,0
241780,2,stairs,-16,-93,-9,-149,-209,-1052,994,1083,1,0
241808,2,stairs,-7,-86,-5,-224,-189,-1054,995,1094,1,0
241836,2,stairs,-15,-83,-6,-285,-152,-1059,996,1108,1,0
241864,2,stairs,-22,-82,-7,-305,-110,-1071,997,1119,1,0
241892,2,stairs,-16,-80,-5,-280,-81,-1085,997,1123,1,0
241919,2,stairs,5,-78,-1,-223,-68,-1097,997,1121,1,0
241946,2,stairs,28,-73,3,-151,-52,-1096,997,1107,1,0
241973,2,stairs,54,-62,7,-91,-35,-1077,996,1082,1,0
242000,2,stairs,65,-47,9,-56,1,-1040,996,1041,1,0
242027,2,stairs,71,-34,11,-37,35,-979,997,981,1,0
242054,2,stairs,81,-21,13,-18,46,-902,997,903,1,0
242081,2,stairs,90,-6,15,15,40,-814,997,815,1,0
242108,2,stairs,98,5,16,70,13,-721,997,725,1,0
242135,2,stairs,96,9,16,140,-17,-626,997,642,1,0
242162,2,stairs,92,16,17,223,-47,-522,998,570,1,0
242198,2,stairs,99,23,17,308,-48,-407,998,513,1,0
242225,2,stairs,108,39,18,371,-12,-303,998,479,1,0
242251,2,stairs,102,54,18,383,54,-233,998,452,1,0
242278,2,stairs,81,65,16,345,132,-181,997,412,1,0
242305,2,stairs,57,70,13,259,219,-131,997,364,1,0
242331,2,stairs,-4,78,0,171,302,-80,991,356,1,0
242357,2,stairs,-51,75,-10,89,323,-30,990,336,1,0
242384,2,stairs,-90,67,-19,21,305,-7,989,306,1,0
242411,2,stairs,-112,51,-23,-28,233,-6,991,235,1,0
242438,2,stairs,-101,34,-18,-27,154,-40,992,161,1,0
242465,2,stairs,-68,28,-11,33,112,-84,992,144,1,0
242492,2,stairs,-26,38,-3,97,119,-142,991,209,1,0
242519,2,stairs,15,52,2,120,146,-206,990,279,1,0
242546,2,stairs,35,61,6,86,173,-261,991,324,1,0
242573,2,stairs,46,62,9,21,166,-289,993,334,1,0
242600,2,stairs,49,54,11,-49,124,-289,994,318,1,0
242627,2,stairs,45,40,11,-97,41,-277,995,297,1,0
242654,2,stairs,51,27,12,-106,-74,-266,996,295,1,0
242681,2,stairs,58,14,12,-84,-206,-267,996,348,1,0
242708,2,stairs,63,0,12,-55,-353,-282,996,456,1,0
242735,2,stairs,77,-9,13,-16,-469,-323,997,570,1,0
242762,2,stairs,79,-8,14,31,-518,-408,997,661,1,0
242789,2,stairs,92,-11,14,47,-538,-536,997,761,1,0
242816,2,stairs,102,-20,14,9,-530,-689,997,870,1,0
242843,2,stairs,84,-31,12,-63,-485,-833,997,966,1,0
242870,2,stairs,65,-40,9,-129,-456,-932,997,1045,1,0
242897,2,stairs,51,-56,7,-192,-451,-1010,997,1122,1,0
242925,2,stairs,38,-70,4,-248,-445,-1085,996,1199,1,0
242953,2,stairs,23,-72,2,-279,-366,-1171,997,1258,1,0
242981,2,stairs,15,-78,0,-311,-243,-1249,997,1309,1,0
243008,2,stairs,3,-91,-3,-353,-130,-1300,997,1353,1,0
243035,2,stairs,-2,-106,-6,-392,-65,-1340,997,1397,1,0
243063,2,stairs,-19,-126,-13,-393,-65,-1354,997,1412,1,0
243091,2,stairs,-26,-143,-18,-314,-95,-1352,996,1391,1,0
243119,2,stairs,-27,-153,-21,-187,-111,-1322,997,1340,1,0
243147,2,stairs,-14,-154,-19,-84,-115,-1287,997,1295,1,0
243175,2,stairs,16,-142,-14,-43,-101,-1276,996,1280,1,0
243202,2,stairs,49,-126,-8,-64,-74,-1299,995,1303,1,0
243229,2,stairs,71,-124,-6,-131,-32,-1337,995,1344,1,0
243256,2,stairs,76,-131,-7,-187,26,-1363,996,1376,1,0
243283,2,stairs,73,-136,-8,-179,83,-1360,996,1374,1,0
243310,2,stairs,63,-136,-9,-117,125,-1313,997,1324,1,0
243337,2,stairs,61,-128,-7,-43,125,-1235,997,1243,1,0
243364,2,stairs,61,-115,-4,-1,98,-1150,997,1154,1,0
243391,2,stairs,54,-104,-2,-7,67,-1066,998,1068,1,0
243418,2,stairs,52,-88,1,-33,38,-985,998,986,1,0
243445,2,stairs,50,-67,4,-63,27,-901,998,903,1,0
243472,2,stairs,62,-30,7,-71,41,-832,995,836,1,0
243499,2,stairs,60,7,10,-75,72,-767,994,774,1,0
243526,2,stairs,38,40,9,-87,120,-713,993,728,1,0
243553,2,stairs,12,58,8,-136,156,-650,993,682,1,0
243580,2,stairs,-17,63,4,-206,164,-576,993,633,1,0
243607,2,stairs,-29,65,3,-250,140,-530,994,603,1,0
243634,2,stairs,-26,75,5,-224,138,-532,995,594,1,0
243661,2,stairs,-13,92,7,-132,177,-585,995,625,1,0
243688,2,stairs,11,102,9,-17,248,-675,995,719,1,0
243715,2,stairs,35,98,11,81,323,-760,995,830,1,0
243742,2,stairs,54,88,13,167,385,-822,995,923,1,0
243769,2,stairs,61,77,14,234,406,-858,996,977,1,0
243796,2,stairs,53,61,13,260,379,-865,996,980,1,0
243823,2,stairs,36,44,11,255,327,-843,996,940,1,0
243850,2,stairs,20,23,9,225,251,-813,996,880,1,0
243877,2,stairs,14,6,7,174,170,-795,996,831,1,0
243904,2,stairs,11,-3,7,99,95,-811,997,822,1,0
243940,2,stairs,-3,-9,5,-21,29,-859,997,860,1,0
243967,2,stairs,-25,-18,1,-136,-18,-896,997,906,1,0
243994,2,stairs,-26,-18,1,-207,-84,-912,997,939,1,0
244021,2,stairs,8,-13,5,-230,-160,-931,996,972,1,0
244048,2,stairs,61,3,6,-199,-211,-956,992,999,1,0
244075,2,stairs,96,15,7,-137,-216,-985,991,1018,1,0
244102,2,stairs,104,23,9,-59,-172,-995,993,1011,1,0
244129,2,stairs,84,29,10,25,-92,-970,994,975,1,0
244156,2,stairs,57,36,9,112,32,-924,994,931,1,0
244183,2,stairs,38,39,9,169,191,-877,995,914,1,0
244210,2,stairs,26,45,9,178,350,-824,995,913,1,0
244237,2,stairs,10,53,8,135,467,-759,996,901,1,0
244263,2,stairs,-8,53,6,61,523,-701,996,876,1,0
244290,2,stairs,-72,40,-10,29,561,-668,989,873,1,0
244317,2,stairs,-134,27,-29,53,533,-666,985,854,1,0
244344,2,stairs,-173,2,-42,95,449,-666,984,809,1,0
244371,2,stairs,-174,-24,-42,158,332,-674,987,768,1,0
244398,2,stairs,-151,-33,-34,237,233,-665,989,744,1,0
244425,2,stairs,-113,-37,-24,291,176,-645,990,729,1,0
244452,2,stairs,-83,-30,-16,292,189,-613,991,704,1,0
244479,2,stairs,-72,-14,-10,253,223,-580,992,671,1,0
244506,2,stairs,-67,-1,-7,178,252,-553,994,633,1,0
244533,2,stairs,-68,-3,-6,85,281,-531,995,607,1,0
244560,2,stairs,-70,-9,-6,14,307,-508,996,594,1,0
244587,2,stairs,-62,-11,-4,-18,315,-477,997,572,1,0
244614,2,stairs,-53,-15,-2,-16,318,-439,998,542,1,0
244641,2,stairs,-52,-14,-1,15,320,-392,998,506,1,0
244668,2,stairs,-41,-11,1,49,309,-349,998,469,1,0
244695,2,stairs,-30,-14,2,67,300,-321,998,445,1,0
244722,2,stairs,-31,-17,2,85,314,-289,999,436,1,0
244749,2,stairs,-36,-12,1,135,361,-234,998,450,1,0
244776,2,stairs,-48,-3,-1,222,380,-142,998,462,1,0
244803,2,stairs,-59,10,-3,315,350,-37,998,472,1,0
244830,2,stairs,-84,36,-9,401,274,35,996,488,1,0
244856,2,stairs,-84,62,-9,468,203,48,995,512,1,0
244883,2,stairs,-89,85,-10,480,194,56,995,521,1,0
244910,2,stairs,-102,99,-14,395,230,80,995,464,1,0
244937,2,stairs,-125,119,-22,248,301,109,994,405,1,0
244964,2,stairs,-141,128,-28,63,363,129,995,390,1,0
244991,2,stairs,-142,130,-28,-115,394,137,996,433,1,0
245018,2,stairs,-129,122,-23,-263,398,132,997,495,1,0
245045,2,stairs,-102,107,-15,-363,382,124,996,541,1,0
245072,2,stairs,-84,95,-10,-389,370,124,996,551,1,0
245099,2,stairs,-66,85,-5,-362,353,130,997,522,1,0
245126,2,stairs,-48,71,-1,-304,315,134,997,458,1,0
245153,2,stairs,-46,48,0,-229,282,145,997,391,1,0
245180,2,stairs,-50,24,-2,-141,268,167,997,346,1,0
245207,2,stairs,-61,5,-5,-46,260,193,997,327,1,0
245234,2,stairs,-68,-9,-7,43,242,217,997,327,1,0
245261,2,stairs,-68,-22,-8,112,203,238,998,332,1,0
245288,2,stairs,-60,-27,-6,165,145,261,998,341,1,0
245315,2,stairs,-41,-24,-2,201,74,278,998,350,1,0
245342,2,stairs,-27,-19,1,204,8,275,998,342,1,0
245369,2,stairs,-16,-10,3,183,-36,242,997,306,1,0
245396,2,stairs,-7,4,6,147,-55,178,997,238,1,0
245422,2,stairs,3,11,8,108,-51,91,998,150,1,0
245449,2,stairs,-5,12,7,100,-33,8,998,106,1,0
245475,2,stairs,-17,17,4,158,-34,-49,998,169,1,0
245502,2,stairs,-29,24,2,238,-33,-107,997,263,1,0
245529,2,stairs,-47,30,-3,295,-13,-171,997,341,1,0
245556,2,stairs,-63,35,-7,306,13,-218,997,376,1,0
245583,2,stairs,-84,31,-13,236,18,-234,997,333,1,0
245610,2,stairs,-117,27,-24,94,15,-256,995,274,1,0
245637,2,stairs,-154,16,-39,-41,31,-306,993,310,1,0
245673,2,stairs,-178,-16,-52,-153,43,-388,991,419,1,0
245700,2,stairs,-186,-43,-57,-191,53,-456,992,497,1,0
245727,2,stairs,-171,-63,-53,-167,40,-491,993,521,1,0
245754,2,stairs,-141,-75,-43,-115,13,-497,993,510,1,0
245781,2,stairs,-83,-85,-30,-68,-33,-491,989,497,1,0
245808,2,stairs,-72,-84,-24,-28,2,-482,992,483,1,0
245835,2,stairs,-62,-79,-19,-5,61,-483,994,487,1,0
245862,2,stairs,-89,-72,-26,-9,173,-490,994,520,1,0
245889,2,stairs,-78,-65,-20,-26,249,-509,995,567,1,0
245916,2,stairs,-65,-59,-15,-47,310,-531,996,617,1,0
245943,2,stairs,-65,-56,-14,-69,358,-536,997,648,1,0
245970,2,stairs,-64,-50,-12,-91,374,-516,998,643,1,0
245997,2,stairs,-60,-47,-11,-114,364,-480,998,613,1,0
246024,2,stairs,-55,-46,-9,-119,341,-423,998,556,1,0
246051,2,stairs,-49,-40,-7,-89,319,-336,998,472,1,0
246078,2,stairs,-38,-30,-3,-28,276,-210,998,348,1,0
246105,2,stairs,-35,-21,-2,56,203,-55,998,217,1,0
246132,2,stairs,-54,-16,-7,139,104,100,998,200,1,0
246159,2,stairs,-74,-12,-13,207,15,196,997,286,1,0
246186,2,stairs,-87,0,-17,287,-22,234,997,371,1,0
246213,2,stairs,-89,20,-17,357,10,268,997,446,1,0
246240,2,stairs,-86,44,-16,360,78,323,996,490,1,0
246267,2,stairs,-89,69,-17,280,127,387,996,495,1,0
246294,2,stairs,-87,84,-16,148,133,431,996,475,1,0
246321,2,stairs,-86,87,-16,-1,100,439,997,450,1,0
246348,2,stairs,-85,78,-15,-128,54,406,997,429,1,0
246375,2,stairs,-89,60,-16,-211,13,348,998,407,1,0
246402,2,stairs,-84,49,-15,-216,-19,289,998,362,1,0
246429,2,stairs,-66,45,-9,-171,-57,236,998,297,1,0
246456,2,stairs,-30,40,0,-101,-99,190,996,237,1,0
246483,2,stairs,-8,40,5,-13,-114,164,997,201,1,0
246510,2,stairs,13,45,10,63,-111,156,996,201,1,0
246537,2,stairs,33,44,14,107,-119,165,997,230,1,0
246564,2,stairs,42,42,17,123,-124,197,997,263,1,0
246591,2,stairs,47,33,18,110,-123,243,998,293,1,0
246618,2,stairs,48,19,18,78,-136,286,998,326,1,0
246645,2,stairs,46,3,16,52,-166,318,998,362,1,0
246672,2,stairs,45,-13,15,44,-212,332,998,397,1,0
246699,2,stairs,41,-30,13,49,-258,332,998,424,1,0
246726,2,stairs,45,-42,13,61,-304,316,998,443,1,0
246753,2,stairs,68,-43,16,77,-335,281,997,444,1,0
246780,2,stairs,107,-39,19,89,-322,231,995,406,1,0
246807,2,stairs,138,-26,22,95,-239,171,994,309,1,0
246834,2,stairs,145,-10,24,94,-91,111,995,171,1,0
246861,2,stairs,128,6,23,76,-5,78,995,109,1,0
246887,2,stairs,111,24,22,35,30,48,995,67,1,0
246913,2,stairs,97,32,22,-4,62,6,996,63,1,0
246939,2,stairs,81,30,20,-15,72,-29,996,79,1,0
246966,2,stairs,66,29,18,1,77,-35,996,85,1,0
246992,2,stairs,33,32,12,15,93,-30,995,99,1,0
247018,2,stairs,-23,28,-4,3,110,-41,991,118,1,0
247045,2,stairs,-77,17,-23,-24,124,-68,988,144,1,0
247072,2,stairs,-114,4,-36,-52,155,-106,987,195,1,0
247099,2,stairs,-131,-7,-40,-78,193,-143,990,253,1,0
247126,2,stairs,-118,-19,-34,-99,206,-175,992,288,1,0
247153,2,stairs,-79,-26,-22,-93,180,-183,991,273,1,0
247180,2,stairs,-47,-30,-13,-80,143,-160,991,229,1,0
247207,2,stairs,-32,-29,-7,-63,94,-116,993,163,1,0
247234,2,stairs,-69,-30,-19,-56,81,-72,992,122,1,0
247261,2,stairs,-72,-40,-20,-61,27,-49,993,83,1,0
247288,2,stairs,-73,-47,-19,-53,-11,-49,995,73,1,0
247315,2,stairs,-58,-56,-15,-28,-39,-72,995,87,1,0
247342,2,stairs,-37,-66,-10,5,-38,-111,996,117,1,0
247369,2,stairs,-16,-68,-5,52,10,-151,996,160,1,0
247405,2,stairs,8,-64,1,97,91,-182,996,225,1,0
247432,2,stairs,27,-58,6,110,164,-206,996,285,1,0
247459,2,stairs,36,-51,9,92,216,-225,996,326,1,0
247486,2,stairs,35,-47,10,58,241,-232,997,340,1,0
247513,2,stairs,37,-45,11,30,242,-223,998,330,1,0
247540,2,stairs,33,-43,10,24,219,-183,998,287,1,0
247567,2,stairs,24,-37,9,62,181,-120,998,226,1,0
247594,2,stairs,7,-28,5,119,135,-66,997,191,1,0
247620,2,stairs,-15,-9,1,168,110,-44,996,206,1,0
247647,2,stairs,-33,14,-3,210,161,-46,996,268,1,0
247674,2,stairs,-37,45,-4,212,229,-30,995,314,1,0
247701,2,stairs,-35,74,-3,159,279,8,995,321,1,0
247727,2,stairs,-50,100,-9,67,300,57,994,312,1,0
247754,2,stairs,-68,105,-14,-42,277,90,995,294,1,0
247781,2,stairs,-97,95,-24,-119,236,98,994,282,1,0
247808,2,stairs,-122,78,-33,-145,189,84,993,253,1,0
247835,2,stairs,-128,64,-35,-113,130,55,994,181,1,0
247862,2,stairs,-113,58,-28,-36,56,17,995,68,1,0
247889,2,stairs,-75,52,-16,43,-36,-18,994,59,1,0
247916,2,stairs,-38,44,-6,106,-120,-39,994,165,1,0
247943,2,stairs,-16,37,1,150,-185,-41,994,242,1,0
247970,2,stairs,-7,24,3,165,-228,-37,995,284,1,0
247997,2,stairs,-1,9,5,158,-254,-38,996,302,1,0
248024,2,stairs,2,-1,6,150,-256,-51,997,301,1,0
248051,2,stairs,10,-3,9,148,-242,-73,997,293,1,0
248078,2,stairs,21,1,11,143,-209,-110,998,276,1,0
248105,2,stairs,30,12,14,132,-154,-142,998,248,1,0
248132,2,stairs,41,25,16,110,-101,-162,998,221,1,0
248159,2,stairs,43,30,17,65,-73,-169,998,195,1,0
248186,2,stairs,49,30,18,22,-77,-161,998,179,1,0
248213,2,stairs,59,32,20,-3,-117,-140,998,182,1,0
248240,2,stairs,71,31,22,-9,-173,-123,998,212,1,0
248267,2,stairs,75,29,22,7,-212,-121,998,244,1,0
248294,2,stairs,75,31,22,58,-219,-134,999,263,1,0
248321,2,stairs,70,39,21,133,-195,-160,999,285,1,0
248348,2,stairs,66,49,20,206,-167,-204,998,335,1,0
248375,2,stairs,61,61,19,253,-150,-245,998,383,1,0
248402,2,stairs,68,64,20,209,-152,-275,998,377,1,0
248429,2,stairs,63,61,19,115,-141,-275,999,330,1,0
248456,2,stairs,36,50,14,38,-89,-245,997,263,1,0
248483,2,stairs,-21,38,-4,-16,-3,-200,992,200,1,0
248510,2,stairs,-73,17,-23,-71,68,-176,988,201,1,0
248537,2,stairs,-107,-6,-35,-111,99,-191,988,242,1,0
248564,2,stairs,-126,-32,-43,-126,112,-234,989,288,1,0
248591,2,stairs,-128,-57,-45,-110,120,-282,990,326,1,0
248618,2,stairs,-113,-75,-41,-77,112,-315,992,343,1,0
248645,2,stairs,-96,-74,-33,-21,110,-319,993,338,1,0
248672,2,stairs,-68,-61,-22,27,100,-298,993,316,1,0
248699,2,stairs,-39,-44,-12,39,90,-267,993,285,1,0
248726,2,stairs,-17,-30,-4,21,90,-229,993,247,1,0
248753,2,stairs,-10,-22,0,-3,118,-182,995,217,1,0
248780,2,stairs,-4,-17,3,-13,133,-135,996,190,1,0
248807,2,stairs,4,-19,6,-7,128,-98,997,162,1,0
248833,2,stairs,1,-24,5,21,128,-66,997,146,1,0
248859,2,stairs,4,-31,5,63,127,-37,998,146,1,0
248885,2,stairs,8,-32,6,103,115,-13,998,155,1,0
248911,2,stairs,21,-36,9,118,90,9,998,149,1,0
248937,2,stairs,34,-40,11,96,76,24,998,124,1,0
248963,2,stairs,46,-39,13,56,72,35,998,98,1,0
248989,2,stairs,52,-40,15,11,77,52,998,93,1,0
249015,2,stairs,47,-40,14,-27,89,85,998,126,1,0
249042,2,stairs,33,-36,11,-40,96,125,998,162,1,0
249069,2,stairs,18,-29,8,-25,83,153,998,176,1,0
249095,2,stairs,6,-14,6,35,75,147,998,169,1,0
249130,2,stairs,4,17,5,140,104,129,996,217,1,0
249156,2,stairs,7,48,6,206,156,142,995,294,1,0
249182,2,stairs,-6,72,2,205,207,190,995,348,1,0
249209,2,stairs,-28,98,-5,164,227,251,994,376,1,0
249236,2,stairs,-46,112,-11,99,203,291,994,368,1,0
249263,2,stairs,-55,112,-13,32,130,291,995,321,1,0
249290,2,stairs,-58,97,-13,-6,54,264,996,269,1,0
249317,2,stairs,-66,77,-14,-1,1,222,996,222,1,0
249343,2,stairs,-65,65,-13,47,-40,175,997,186,1,0
249370,2,stairs,-53,62,-9,114,-70,115,998,176,1,0
249397,2,stairs,-32,69,-3,175,-93,51,997,204,1,0
249424,2,stairs,-16,75,1,204,-97,-7,997,226,1,0
249451,2,stairs,-7,81,3,195,-90,-47,998,220,1,0
249478,2,stairs,1,85,5,153,-80,-71,998,187,1,0
249504,2,stairs,11,86,8,98,-72,-86,998,149,1,0
249531,2,stairs,17,79,10,48,-61,-99,999,126,1,0
249558,2,stairs,25,67,12,24,-55,-113,999,128,1,0
249585,2,stairs,32,57,13,34,-57,-124,999,140,1,0
249611,2,stairs,38,52,15,59,-77,-137,999,168,1,0
249638,2,stairs,42,48,16,85,-113,-158,999,212,1,0
249665,2,stairs,45,44,16,106,-162,-187,999,269,1,0
249692,2,stairs,55,42,18,122,-215,-222,999,333,1,0
249719,2,stairs,70,44,20,131,-259,-262,999,391,1,0
249746,2,stairs,87,52,21,139,-284,-301,998,436,1,0
249773,2,stairs,105,63,22,139,-302,-340,997,475,1,0
249800,2,stairs,110,71,23,132,-312,-378,997,508,1,0
249827,2,stairs,97,75,21,136,-310,-411,998,532,1,0
249854,2,stairs,79,76,18,166,-279,-440,997,547,1,0
249881,2,stairs,65,73,16,190,-244,-473,997,565,1,0
249908,2,stairs,59,74,15,188,-197,-509,998,577,1,0
249935,2,stairs,61,71,15,149,-140,-533,998,571,1,0
249962,2,stairs,57,64,15,84,-73,-531,998,543,1,0
249989,2,stairs,38,54,12,14,2,-502,998,502,1,0
250016,2,stairs,-9,35,-1,-64,72,-470,994,479,1,0
250043,2,stairs,-57,15,-17,-127,112,-448,990,479,1,0
250070,2,stairs,-102,-2,-34,-159,129,-446,988,490,1,0
250097,2,stairs,-128,-18,-42,-152,104,-466,989,501,1,0
250124,2,stairs,-131,-31,-42,-123,53,-488,991,506,1,0
250151,2,stairs,-114,-38,-34,-84,-3,-492,993,500,1,0
250178,2,stairs,-82,-32,-23,-52,-67,-478,993,485,1,0
250205,2,stairs,-55,-23,-13,-46,-115,-459,994,475,1,0
250232,2,stairs,-34,-20,-7,-70,-140,-448,994,474,1,0
250259,2,stairs,-25,-22,-3,-103,-137,-436,996,468,1,0
250286,2,stairs,-19,-26,-1,-122,-119,-424,997,457,1,0
250313,2,stairs,-16,-30,1,-120,-91,-421,997,447,1,0
250340,2,stairs,-9,-35,2,-90,-58,-415,998,429,1,0
250367,2,stairs,8,-40,6,-47,-37,-410,998,415,1,0
250394,2,stairs,23,-39,9,4,-20,-401,998,402,1,0
250421,2,stairs,41,-38,13,56,-13,-390,998,394,1,0
250448,2,stairs,56,-40,16,90,-13,-382,998,392,1,0
250475,2,stairs,66,-43,17,110,-20,-373,998,390,1,0
250502,2,stairs,71,-49,18,121,-31,-362,998,383,1,0
250529,2,stairs,71,-59,17,119,-49,-351,998,374,1,0
250556,2,stairs,73,-67,16,107,-69,-346,998,369,1,0
250583,2,stairs,77,-74,16,90,-74,-353,998,372,1,0
250610,2,stairs,78,-81,15,63,-54,-366,998,375,1,0
250637,2,stairs,80,-86,15,22,-6,-380,998,381,1,0
250664,2,stairs,85,-87,15,-30,52,-396,998,400,1,0
250691,2,stairs,94,-85,16,-73,100,-414,998,432,1,0
250718,2,stairs,103,-85,16,-102,128,-441,998,470,1,0
250745,2,stairs,105,-90,16,-119,132,-463,998,496,1,0
250772,2,stairs,99,-94,15,-117,115,-474,998,501,1,0
250799,2,stairs,87,-97,12,-101,71,-467,998,483,1,0
250826,2,stairs,74,-99,10,-79,14,-452,998,459,1,0
250862,2,stairs,63,-92,9,-59,-45,-433,998,439,1,0
250889,2,stairs,63,-86,9,-58,-110,-426,998,444,1,0
250916,2,stairs,59,-80,10,-55,-163,-420,998,454,1,0
250943,2,stairs,59,-73,10,-49,-214,-415,998,470,1,0
250970,2,stairs,43,-72,8,-26,-248,-418,998,487,1,0
250997,2,stairs,22,-70,4,23,-259,-431,998,504,1,0
251024,2,stairs,4,-65,1,77,-250,-464,998,533,1,0
251051,2,stairs,-6,-61,-1,107,-230,-518,998,577,1,0
251078,2,stairs,-7,-54,0,95,-210,-574,998,619,1,0
251105,2,stairs,-8,-43,1,38,-209,-622,998,657,1,0
251132,2,stairs,-19,-37,-1,-56,-223,-653,998,693,1,0
251159,2,stairs,-31,-33,-4,-146,-227,-674,998,725,1,0
251186,2,stairs,-32,-28,-4,-198,-212,-704,998,761,1,0
251213,2,stairs,-25,-26,-2,-212,-161,-763,998,808,1,0
251240,2,stairs,-11,-29,1,-211,-90,-854,998,884,1,0
251267,2,stairs,-7,-33,1,-205,1,-963,998,985,1,0
251294,2,stairs,-5,-45,0,-195,68,-1066,998,1085,1,0
251321,2,stairs,-6,-64,-3,-182,102,-1155,997,1173,1,0
251348,2,stairs,-5,-81,-5,-154,104,-1229,997,1243,1,0
251375,2,stairs,5,-89,-5,-102,75,-1304,997,1310,1,0
251402,2,stairs,15,-97,-4,-49,54,-1375,997,1377,1,0
251429,2,stairs,18,-98,-4,-4,68,-1432,998,1433,1,0
251456,2,stairs,23,-91,-1,24,102,-1470,998,1474,1,0
251483,2,stairs,25,-85,0,26,128,-1494,998,1499,1,0
251510,2,stairs,23,-79,0,25,150,-1498,998,1506,1,0
251537,2,stairs,21,-76,0,38,153,-1488,998,1496,1,0
251564,2,stairs,16,-73,0,61,133,-1465,998,1472,1,0
251591,2,stairs,17,-70,0,87,93,-1434,998,1439,1,0
251618,2,stairs,22,-64,2,106,49,-1394,998,1399,1,0
251645,2,stairs,32,-48,5,105,-9,-1350,998,1354,1,0
251672,2,stairs,46,-32,9,71,-85,-1324,997,1329,1,0
251699,2,stairs,58,-24,12,15,-166,-1324,997,1334,1,0
251726,2,stairs,65,-23,13,-26,-241,-1330,998,1351,1,0
251754,2,stairs,55,-17,12,-9,-263,-1323,998,1349,1,0
251781,2,stairs,44,-9,11,41,-250,-1309,998,1333,1,0
251808,2,stairs,28,-2,9,72,-190,-1299,998,1315,1,0
251835,2,stairs,0,1,3,71,-88,-1286,997,1291,1,0
251862,2,stairs,-42,-3,-9,53,20,-1248,994,1250,1,0
251889,2,stairs,-88,-15,-26,27,96,-1214,991,1218,1,0
251916,2,stairs,-118,-30,-37,26,136,-1193,991,1201,1,0
251943,2,stairs,-123,-42,-39,86,160,-1172,993,1186,1,0
251970,2,stairs,-105,-44,-32,185,183,-1141,994,1171,1,0
251998,2,stairs,-78,-35,-23,249,191,-1108,994,1152,1,0
252025,2,stairs,-58,-26,-16,241,186,-1074,994,1116,1,0
252052,2,stairs,-49,-19,-11,189,174,-1040,995,1071,1,0
252079,2,stairs,-43,-21,-9,129,158,-1011,996,1031,1,0
252106,2,stairs,-36,-26,-8,90,144,-986,997,1001,1,0
252133,2,stairs,-25,-28,-5,90,139,-964,997,978,1,0
252160,2,stairs,-10,-26,-1,118,156,-939,997,959,1,0
252187,2,stairs,8,-20,3,139,181,-909,997,937,1,0
252214,2,stairs,25,-14,7,132,212,-872,997,907,1,0
252241,2,stairs,36,-12,10,104,229,-820,997,858,1,0
252268,2,stairs,39,-18,10,53,243,-751,998,792,1,0
252295,2,stairs,40,-24,9,-8,237,-673,998,714,1,0
252322,2,stairs,44,-35,8,-70,215,-592,998,634,1,0
252349,2,stairs,51,-53,7,-134,165,-516,997,558,1,0
252376,2,stairs,54,-68,5,-165,102,-451,997,491,1,0
252403,2,stairs,45,-87,-1,-149,41,-401,997,429,1,0
252430,2,stairs,31,-98,-5,-64,-27,-381,997,387,1,0
252457,2,stairs,24,-85,-4,118,-63,-396,997,418,1,0
252484,2,stairs,38,-57,2,310,-97,-430,996,539,1,0
252511,2,stairs,44,-17,7,416,-68,-427,994,600,1,0
252538,2,stairs,37,24,8,401,12,-381,993,553,1,0
252565,2,stairs,2,68,0,301,113,-314,989,449,1,0
252600,2,stairs,-25,106,-7,170,149,-295,988,372,1,0
252627,2,stairs,-37,126,-8,79,109,-336,990,361,1,0
252654,2,stairs,-29,127,-4,55,27,-405,992,409,1,0
252681,2,stairs,-16,118,1,111,-29,-468,994,482,1,0
252708,2,stairs,-2,115,5,218,-53,-507,995,554,1,0
252735,2,stairs,22,114,10,327,-65,-526,995,623,1,0
252762,2,stairs,40,109,14,388,-76,-535,996,666,1,0
252789,2,stairs,53,103,16,396,-75,-541,997,675,1,0
252816,2,stairs,64,92,18,351,-62,-552,997,657,1,0
252843,2,stairs,78,75,20,261,-43,-572,997,630,1,0
252870,2,stairs,84,58,21,175,-8,-586,997,611,1,0
252897,2,stairs,88,44,21,116,29,-586,998,598,1,0
252924,2,stairs,82,35,20,90,73,-570,998,582,1,0
252951,2,stairs,78,28,20,88,106,-555,999,572,1,0
252978,2,stairs,76,28,20,103,129,-547,999,571,1,0
253005,2,stairs,84,37,21,115,140,-553,999,582,1,0
253032,2,stairs,92,47,21,115,153,-571,999,602,1,0
253059,2,stairs,102,58,21,95,165,-584,998,615,1,0
253086,2,stairs,111,68,22,49,173,-593,998,620,1,0
253113,2,stairs,102,75,21,11,190,-591,998,621,1,0
253140,2,stairs,87,79,19,4,195,-579,998,611,1,0
253167,2,stairs,72,80,17,12,152,-564,998,584,1,0
253194,2,stairs,54,78,15,35,89,-552,997,560,1,0
253221,2,stairs,38,74,13,69,44,-549,998,555,1,0
253248,2,stairs,16,76,9,129,72,-556,997,575,1,0
253275,2,stairs,-11,80,4,178,141,-565,996,609,1,0
253302,2,stairs,-44,86,-5,184,182,-566,995,623,1,0
253329,2,stairs,-82,78,-16,126,167,-558,993,596,1,0
253356,2,stairs,-117,52,-28,22,97,-545,991,553,1,0
253383,2,stairs,-138,15,-37,-76,21,-531,990,537,1,0
253410,2,stairs,-146,-22,-42,-111,-9,-515,990,526,1,0
253437,2,stairs,-145,-46,-43,-85,-13,-492,992,500,1,0
253464,2,stairs,-122,-54,-35,-24,-24,-479,993,480,1,0
253491,2,stairs,-73,-56,-23,35,-52,-481,990,485,1,0
253518,2,stairs,-33,-54,-13,86,-66,-478,990,490,1,0
253545,2,stairs,-10,-52,-6,117,-35,-463,991,479,1,0
253572,2,stairs,-15,-42,-4,131,34,-444,993,464,1,0
253599,2,stairs,-21,-32,-4,129,95,-444,994,472,1,0
253626,2,stairs,-23,-24,-2,120,134,-466,995,499,1,0
253653,2,stairs,-18,-26,-1,113,145,-488,996,522,1,0
253680,2,stairs,-6,-27,3,117,152,-495,997,530,1,0
253707,2,stairs,12,-25,6,120,164,-492,997,532,1,0
253734,2,stairs,26,-17,10,119,178,-473,997,519,1,0
253761,2,stairs,38,-11,12,102,198,-440,997,493,1,0
253788,2,stairs,48,-15,13,56,217,-399,997,457,1,0
253815,2,stairs,51,-18,13,16,236,-353,998,425,1,0
253842,2,stairs,55,-18,14,-2,226,-310,998,384,1,0
253869,2,stairs,54,-21,14,5,185,-268,999,326,1,0
253896,2,stairs,45,-31,12,37,119,-235,999,266,1,0
253923,2,stairs,33,-44,8,96,63,-233,998,260,1,0
253950,2,stairs,28,-53,6,180,40,-281,998,336,1,0
253977,2,stairs,26,-40,7,273,48,-348,998,445,1,0
254004,2,stairs,18,-13,7,338,92,-395,997,528,1,0
254031,2,stairs,1,20,4,341,167,-406,995,556,1,0
254058,2,stairs,-20,53,-1,291,272,-380,994,551,1,0
254085,2,stairs,-39,87,-6,218,369,-320,993,535,1,0
254112,2,stairs,-55,122,-13,147,416,-240,992,502,1,0
254139,2,stairs,-69,143,-18,87,405,-145,992,439,1,0
254166,2,stairs,-80,148,-20,53,346,-64,993,356,1,0
254193,2,stairs,-91,139,-22,45,291,-2,994,294,1,0
254220,2,stairs,-100,125,-23,50,245,42,995,254,1,0
254247,2,stairs,-91,108,-18,40,192,50,996,202,1,0
254273,2,stairs,-70,84,-12,5,141,28,996,144,1,0
254300,2,stairs,-43,63,-5,-28,103,4,995,106,1,0
254335,2,stairs,-33,53,-2,-56,100,4,995,114,1,0
254361,2,stairs,-31,48,-1,-87,102,18,996,136,1,0
254388,2,stairs,-17,42,3,-117,90,49,997,156,1,0
254415,2,stairs,0,39,7,-129,84,90,997,178,1,0
254441,2,stairs,8,40,9,-132,100,129,998,210,1,0
254468,2,stairs,3,40,8,-128,107,157,998,229,1,0
254494,2,stairs,5,26,8,-125,108,158,998,228,1,0
254521,2,stairs,7,7,8,-95,108,165,998,218,1,0
254547,2,stairs,16,-6,9,-36,99,183,998,211,1,0
254573,2,stairs,27,-7,11,34,72,183,998,200,1,0
254600,2,stairs,30,-5,12,103,44,147,998,184,1,0
254627,2,stairs,38,-6,13,158,-16,86,998,181,1,0
254654,2,stairs,12,-3,7,210,-59,42,997,222,1,0
254681,2,stairs,12,4,8,242,-166,23,998,294,1,0
254708,2,stairs,6,20,7,267,-226,1,997,350,1,0
254734,2,stairs,-1,33,5,282,-235,-20,997,368,1,0
254761,2,stairs,-6,43,4,254,-181,-32,997,314,1,0
254788,2,stairs,-17,50,2,199,-112,-23,998,230,1,0
254814,2,stairs,-31,49,-1,142,-79,9,997,163,1,0
254840,2,stairs,-62,34,-11,96,-69,42,996,126,1,0
254867,2,stairs,-102,8,-27,81,-64,68,992,124,1,0
254894,2,stairs,-131,-21,-39,99,-61,78,991,140,1,0
254921,2,stairs,-137,-38,-41,143,-49,74,993,168,1,0
254948,2,stairs,-111,-48,-32,184,-41,61,993,198,1,0
254975,2,stairs,-58,-48,-19,203,-28,71,990,217,1,0
255002,2,stairs,6,-42,-7,192,-18,106,986,220,1,0
255028,2,stairs,38,-31,1,144,43,142,987,207,1,0
255054,2,stairs,43,-28,5,91,109,164,990,217,1,0
255081,2,stairs,27,-28,4,20,184,146,992,235,1,0
255108,2,stairs,14,-34,3,-49,233,89,994,254,1,0
255135,2,stairs,5,-39,2,-84,257,25,995,272,1,0
255162,2,stairs,7,-44,3,-85,263,-15,996,277,1,0
255189,2,stairs,11,-41,4,-72,253,-16,997,263,1,0
255216,2,stairs,15,-30,6,-55,219,11,997,226,1,0
255242,2,stairs,20,-17,8,-49,166,52,997,180,1,0
255268,2,stairs,15,-5,8,-56,117,102,997,165,1,0
255295,2,stairs,8,-1,7,-71,76,167,998,197,1,0
255322,2,stairs,-5,-2,4,-80,58,249,998,268,1,0
255348,2,stairs,-10,3,4,-66,53,328,998,339,1,0
255374,2,stairs,-24,17,0,-26,92,390,998,402,1,0
255400,2,stairs,-33,36,-2,8,153,443,997,469,1,0
255426,2,stairs,-45,57,-6,9,229,488,997,539,1,0
255452,2,stairs,-61,83,-12,-22,282,519,995,591,1,0
255479,2,stairs,-55,103,-12,-86,275,527,995,601,1,0
255506,2,stairs,-45,110,-10,-165,218,506,996,575,1,0
255533,2,stairs,-35,107,-6,-226,138,459,997,530,1,0
255560,2,stairs,-30,95,-4,-250,72,398,997,475,1,0
255587,2,stairs,-25,79,-1,-238,17,329,998,407,1,0
255614,2,stairs,-18,62,1,-178,-23,262,998,318,1,0
255641,2,stairs,-5,50,4,-83,-52,207,998,229,1,0
255668,2,stairs,5,43,7,21,-74,171,998,187,1,0
255694,2,stairs,11,42,9,109,-87,147,999,202,1,0
255721,2,stairs,8,44,8,168,-90,132,999,232,1,0
255747,2,stairs,8,51,8,200,-94,125,999,254,1,0
255773,2,stairs,22,57,10,198,-112,122,999,258,1,0
255800,2,stairs,42,58,13,167,-136,122,999,248,1,0
255827,2,stairs,57,50,16,123,-155,139,999,242,1,0
255854,2,stairs,66,42,17,81,-167,168,999,250,1,0
255881,2,stairs,75,34,18,43,-181,182,999,260,1,0
255908,2,stairs,76,24,19,22,-194,184,999,269,1,0
255935,2,stairs,73,14,18,27,-199,177,999,268,1,0
255962,2,stairs,84,7,19,51,-220,167,998,280,1,0
255989,2,stairs,95,7,20,92,-238,164,998,303,1,0
256016,2,stairs,104,16,20,147,-259,171,998,343,1,0
256051,2,stairs,98,38,19,185,-284,158,997,374,1,0
256078,2,stairs,93,51,17,159,-305,126,997,366,1,0
256105,2,stairs,94,55,17,88,-308,91,998,333,1,0
256132,2,stairs,98,55,18,22,-269,60,998,277,1,0
256159,2,stairs,89,53,17,-18,-188,43,998,193,1,0
256185,2,stairs,57,53,12,-33,-103,43,997,116,1,0
256212,2,stairs,-5,46,-4,-53,-22,24,991,63,1,0
256239,2,stairs,-56,24,-17,-88,24,-16,988,93,1,0
256266,2,stairs,-92,-3,-28,-117,48,-79,988,149,1,0
256293,2,stairs,-96,-30,-28,-128,54,-136,990,195,1,0
256320,2,stairs,-67,-55,-20,-133,40,-168,990,217,1,0
256347,2,stairs,-17,-63,-10,-123,12,-142,988,188,1,0
256374,2,stairs,27,-54,-2,-105,-2,-86,988,136,1,0
256401,2,stairs,53,-48,5,-113,-4,-39,990,120,1,0
256428,2,stairs,57,-50,7,-139,9,-13,992,140,1,0
256454,2,stairs,42,-56,6,-153,38,-20,994,159,1,0
256481,2,stairs,34,-63,6,-139,57,-45,995,157,1,0
256508,2,stairs,35,-74,6,-106,66,-81,996,149,1,0
256535,2,stairs,32,-79,6,-58,78,-105,997,143,1,0
256562,2,stairs,43,-74,8,-19,81,-117,997,143,1,0
256589,2,stairs,54,-66,10,-11,78,-122,998,145,1,0
256616,2,stairs,54,-60,11,-30,87,-111,998,144,1,0
256643,2,stairs,57,-56,12,-65,98,-85,998,145,1,0
256670,2,stairs,52,-52,11,-94,103,-35,998,143,1,0
256697,2,stairs,41,-43,10,-87,89,36,998,129,1,0
256724,2,stairs,29,-35,9,-45,49,106,998,125,1,0
256751,2,stairs,15,-30,6,19,1,156,998,157,1,0
256778,2,stairs,3,-18,5,103,-2,176,997,204,1,0
256805,2,stairs,5,5,5,175,41,186,997,258,1,0
256831,2,stairs,15,36,6,194,98,207,996,300,1,0
256858,2,stairs,21,67,5,155,118,245,995,313,1,0
256885,2,stairs,13,82,4,74,84,284,995,305,1,0
256911,2,stairs,-11,79,-1,-12,46,299,995,303,1,0
256938,2,stairs,-40,62,-7,-74,17,283,994,293,1,0
256965,2,stairs,-52,40,-9,-89,-12,235,995,251,1,0
256992,2,stairs,-43,21,-6,-46,-42,171,995,182,1,0
257019,2,stairs,-20,11,-1,39,-74,121,996,147,1,0
257046,2,stairs,5,17,4,141,-104,91,996,197,1,0
257072,2,stairs,29,31,8,215,-136,73,995,264,1,0
257098,2,stairs,50,33,11,216,-160,53,996,274,1,0
257125,2,stairs,62,28,13,165,-158,39,996,232,1,0
257151,2,stairs,73,22,15,95,-141,29,997,173,1,0
257178,2,stairs,83,12,16,23,-131,14,997,134,1,0
257205,2,stairs,88,-1,16,-27,-116,2,998,119,1,0
257232,2,stairs,99,-15,17,-48,-102,-4,998,113,1,0
257259,2,stairs,99,-26,16,-55,-84,1,998,100,1,0
257285,2,stairs,91,-27,16,-51,-63,0,998,81,1,0
257311,2,stairs,94,-24,16,-48,-63,-22,999,82,1,0
257338,2,stairs,102,-24,17,-59,-76,-60,999,113,1,0
257365,2,stairs,117,-23,17,-74,-89,-106,998,157,1,0
257392,2,stairs,126,-16,17,-67,-87,-152,998,188,1,0
257419,2,stairs,134,-7,17,-37,-81,-194,998,213,1,0
257446,2,stairs,126,1,17,22,-68,-228,998,239,1,0
257473,2,stairs,105,13,16,118,-29,-255,998,282,1,0
257500,2,stairs,90,26,14,198,16,-272,997,337,1,0
257527,2,stairs,79,34,14,216,63,-267,997,349,1,0
257554,2,stairs,63,40,12,197,114,-249,997,338,1,0
257581,2,stairs,10,41,2,170,210,-234,994,357,1,0
257608,2,stairs,-30,26,-6,138,282,-230,992,389,1,0
257635,2,stairs,-88,3,-24,119,358,-231,987,442,1,0
257662,2,stairs,-137,-19,-40,101,413,-241,984,489,1,0
257689,2,stairs,-171,-30,-51,83,435,-256,985,512,1,0
257716,2,stairs,-177,-31,-50,62,396,-275,989,486,1,0
257743,2,stairs,-156,-32,-40,25,308,-291,991,424,1,0
257779,2,stairs,-117,-30,-28,-24,180,-287,991,340,1,0
257806,2,stairs,-84,-30,-18,-79,74,-267,992,288,1,0
257833,2,stairs,-71,-36,-14,-124,4,-244,993,273,1,0
257860,2,stairs,-75,-48,-14,-156,-38,-227,995,278,1,0
257887,2,stairs,-82,-61,-17,-156,-57,-234,995,287,1,0
257914,2,stairs,-87,-74,-19,-121,-58,-260,996,292,1,0
257941,2,stairs,-80,-82,-17,-59,-52,-307,997,317,1,0
257968,2,stairs,-64,-87,-14,2,-40,-385,997,387,1,0
257995,2,stairs,-49,-82,-10,55,-14,-476,997,479,1,0
258022,2,stairs,-30,-72,-4,90,17,-563,997,571,1,0
258049,2,stairs,-14,-61,0,96,30,-629,997,637,1,0
258076,2,stairs,0,-52,3,85,14,-660,997,665,1,0
258103,2,stairs,12,-51,5,67,-23,-672,997,676,1,0
258130,2,stairs,15,-50,6,79,-57,-677,998,684,1,0
258157,2,stairs,14,-39,7,139,-95,-678,998,699,1,0
258184,2,stairs,22,-28,9,209,-173,-690,998,742,1,0
258211,2,stairs,20,-19,10,274,-274,-715,998,813,1,0
258238,2,stairs,20,-9,10,351,-365,-754,998,908,1,0
258265,2,stairs,21,6,10,440,-401,-808,998,1004,1,0
258292,2,stairs,23,25,10,487,-365,-848,997,1044,1,0
258319,2,stairs,24,41,10,460,-263,-855,997,1006,1,0
258346,2,stairs,19,59,9,376,-142,-825,997,918,1,0
258373,2,stairs,5,84,4,275,-63,-769,996,819,1,0
258400,2,stairs,-15,92,0,155,-59,-715,996,734,1,0
258427,2,stairs,-53,83,-10,25,-79,-708,994,713,1,0
258454,2,stairs,-89,56,-20,-84,-104,-738,992,750,1,0
258481,2,stairs,-102,19,-24,-156,-136,-785,991,812,1,0
258509,2,stairs,-93,-10,-22,-187,-172,-826,992,864,1,0
258537,2,stairs,-62,-23,-14,-198,-219,-867,992,916,1,0
258564,2,stairs,-28,-26,-6,-209,-265,-905,992,966,1,0
258591,2,stairs,-4,-26,0,-240,-279,-948,993,1017,1,0
258618,2,stairs,1,-34,2,-300,-237,-1008,995,1078,1,0
258645,2,stairs,-19,-45,-3,-364,-141,-1078,995,1147,1,0
258673,2,stairs,-32,-52,-5,-402,-27,-1167,996,1234,1,0
258701,2,stairs,-39,-57,-7,-396,80,-1256,997,1320,1,0
258728,2,stairs,-34,-63,-6,-350,153,-1319,997,1373,1,0
258756,2,stairs,-22,-66,-3,-267,192,-1328,998,1368,1,0
258783,2,stairs,2,-64,1,-172,192,-1290,997,1316,1,0
258810,2,stairs,26,-57,6,-87,163,-1227,997,1241,1,0
258837,2,stairs,49,-47,9,-28,117,-1163,996,1169,1,0
258864,2,stairs,57,-35,12,18,74,-1115,997,1118,1,0
258891,2,stairs,56,-28,12,54,14,-1090,997,1092,1,0
258918,2,stairs,49,-28,11,83,-80,-1084,998,1090,1,0
258945,2,stairs,41,-30,10,120,-179,-1099,998,1120,1,0
258972,2,stairs,48,-36,11,142,-280,-1137,998,1179,1,0
258999,2,stairs,62,-32,13,149,-329,-1198,998,1252,1,0
259026,2,stairs,72,-24,14,135,-316,-1251,998,1297,1,0
259053,2,stairs,75,-18,15,68,-290,-1263,998,1298,1,0
259080,2,stairs,65,-18,14,-49,-262,-1252,998,1280,1,0
259107,2,stairs,35,-32,8,-169,-240,-1225,997,1260,1,0
259135,2,stairs,-11,-61,-7,-247,-222,-1178,992,1224,1,0
259163,2,stairs,-59,-99,-28,-272,-228,-1147,987,1201,1,0
259191,2,stairs,-89,-133,-43,-233,-259,-1156,987,1207,1,0
259219,2,stairs,-82,-157,-44,-116,-286,-1194,989,1233,1,0
259247,2,stairs,-53,-168,-38,30,-297,-1216,990,1252,1,0
259275,2,stairs,-7,-155,-26,134,-280,-1233,989,1271,1,0
259303,2,stairs,34,-131,-15,141,-222,-1252,988,1279,1,0
259330,2,stairs,44,-108,-7,64,-145,-1277,990,1287,1,0
259357,2,stairs,49,-101,-3,-67,-72,-1309,993,1312,1,0
259384,2,stairs,45,-108,-3,-200,5,-1329,994,1344,1,0
259411,2,stairs,46,-118,-4,-278,69,-1325,995,1356,1,0
259438,2,stairs,50,-121,-4,-290,131,-1295,996,1333,1,0
259466,2,stairs,67,-115,0,-260,164,-1252,996,1289,1,0
259493,2,stairs,84,-104,3,-222,165,-1211,996,1242,1,0
259530,2,stairs,91,-99,5,-185,150,-1148,997,1172,1,0
259557,2,stairs,94,-97,5,-146,130,-1063,997,1081,1,0
259584,2,stairs,94,-98,5,-95,111,-970,997,981,1,0
259611,2,stairs,94,-96,6,-21,107,-881,998,887,1,0
259638,2,stairs,100,-81,9,73,113,-810,998,821,1,0
259665,2,stairs,109,-66,11,134,117,-748,998,769,1,0
259692,2,stairs,114,-53,13,130,170,-673,998,706,1,0
259719,2,stairs,72,-36,10,55,310,-560,995,643,1,0
259746,2,stairs,9,-5,-1,-47,462,-461,989,655,1,0
259773,2,stairs,-64,36,-20,-164,538,-442,979,715,1,0
259800,2,stairs,-114,52,-32,-287,437,-493,980,719,1,0
259827,2,stairs,-120,40,-29,-355,225,-596,984,729,1,0
259854,2,stairs,-99,7,-24,-299,57,-659,986,726,1,0
259881,2,stairs,-70,-13,-18,-128,-45,-670,987,684,1,0
259908,2,stairs,-35,-13,-8,74,-112,-672,988,685,1,0
259935,2,stairs,2,1,0,239,-166,-713,989,770,1,0
259962,2,stairs,47,10,7,332,-226,-800,988,895,1,0
259989,2,stairs,69,8,11,356,-234,-896,990,992,1,0
260016,2,stairs,80,3,13,324,-208,-969,992,1043,1,0
260043,2,stairs,87,0,15,248,-164,-1014,993,1057,1,0
260070,2,stairs,95,-5,16,155,-123,-1036,995,1055,1,0
260097,2,stairs,95,-12,16,66,-74,-1038,995,1043,1,0
260124,2,stairs,99,-15,16,-9,-39,-1037,996,1038,1,0
260151,2,stairs,100,-18,17,-69,-30,-1050,997,1053,1,0
260178,2,stairs,103,-27,16,-120,-55,-1089,997,1096,1,0
260206,2,stairs,105,-36,15,-143,-90,-1135,997,1148,1,0
260234,2,stairs,110,-38,15,-124,-134,-1171,998,1185,1,0
260262,2,stairs,109,-28,15,-46,-163,-1180,998,1192,1,0
260289,2,stairs,113,-12,17,40,-223,-1176,997,1198,1,0
260316,2,stairs,102,7,18,89,-225,-1196,997,1220,1,0
260343,2,stairs,108,15,18,95,-140,-1240,997,1251,1,0
260370,2,stairs,98,25,19,90,24,-1253,997,1257,1,0
260397,2,stairs,57,36,15,104,187,-1182,995,1201,1,0
260424,2,stairs,20,34,10,100,293,-1047,994,1092,1,0
260451,2,stairs,-60,31,-12,65,360,-930,985,999,1,0
260478,2,stairs,-123,24,-31,25,369,-862,981,938,1,0
260505,2,stairs,-151,5,-39,-1,349,-842,983,911,1,0
260532,2,stairs,-142,-15,-34,5,312,-828,987,885,1,0
260559,2,stairs,-107,-23,-24,39,276,-804,988,851,1,0
260586,2,stairs,-69,-22,-14,67,257,-774,989,818,1,0
260613,2,stairs,-43,-19,-7,64,262,-749,990,796,1,0
260640,2,stairs,-32,-18,-3,41,268,-737,992,785,1,0
260667,2,stairs,-39,-26,-4,1,287,-747,994,800,1,0
260694,2,stairs,-43,-36,-5,-25,296,-775,995,830,1,0
260721,2,stairs,-37,-44,-4,-24,291,-808,996,859,1,0
260748,2,stairs,-22,-48,-1,-13,269,-827,997,870,1,0
260775,2,stairs,-7,-39,3,14,255,-824,997,863,1,0
260802,2,stairs,3,-20,6,43,253,-799,997,839,1,0
260829,2,stairs,15,-6,9,47,250,-759,997,800,1,0
260856,2,stairs,21,3,11,42,248,-702,997,746,1,0
260883,2,stairs,30,10,13,64,234,-630,997,675,1,0
260910,2,stairs,32,9,14,113,215,-541,998,593,1,0
260937,2,stairs,20,9,12,191,202,-441,998,521,1,0
260964,2,stairs,5,13,10,282,193,-357,998,495,1,0
260991,2,stairs,-12,28,7,362,216,-303,997,519,1,0
261018,2,stairs,-21,46,7,403,279,-264,997,556,1,0
261045,2,stairs,-24,64,7,382,387,-222,997,587,1,0
261072,2,stairs,-36,84,4,330,498,-159,996,618,1,0
261099,2,stairs,-61,104,-2,259,568,-101,995,632,1,0
261126,2,stairs,-81,116,-8,179,574,-74,995,606,1,0
261153,2,stairs,-96,118,-11,121,531,-91,995,552,1,0
261180,2,stairs,-101,105,-12,102,453,-139,996,485,1,0
261207,2,stairs,-93,91,-9,129,368,-191,996,435,1,0
261234,2,stairs,-69,89,-4,193,259,-243,996,404,1,0
261269,2,stairs,-43,91,2,290,145,-291,996,436,1,0
261296,2,stairs,-26,93,5,373,58,-318,996,494,1,0
261323,2,stairs,-21,99,6,426,2,-324,997,535,1,0
261350,2,stairs,-14,105,8,437,-37,-323,998,544,1,0
261377,2,stairs,-6,105,9,402,-52,-330,998,523,1,0
261404,2,stairs,-2,97,10,334,-32,-342,999,479,1,0
261431,2,stairs,-1,90,11,260,13,-344,999,432,1,0
261458,2,stairs,5,88,12,182,46,-329,999,379,1,0
261485,2,stairs,19,93,13,110,49,-306,999,329,1,0
261512,2,stairs,19,92,13,43,23,-277,999,281,1,0
261539,2,stairs,34,92,15,-4,-42,-248,999,252,1,0
261566,2,stairs,52,92,16,-17,-109,-227,998,253,1,0
261593,2,stairs,67,92,17,7,-178,-210,998,275,1,0
261620,2,stairs,75,100,17,67,-211,-208,998,304,1,0
261647,2,stairs,66,116,14,136,-208,-227,998,337,1,0
261674,2,stairs,53,128,12,172,-175,-266,997,362,1,0
261701,2,stairs,41,128,10,148,-89,-315,997,360,1,0
261728,2,stairs,33,126,9,125,15,-327,997,350,1,0
261755,2,stairs,18,124,7,120,90,-291,998,328,1,0
261782,2,stairs,0,116,5,106,120,-227,997,277,1,0
261809,2,stairs,-47,110,-7,73,145,-174,994,238,1,0
261836,2,stairs,-76,93,-13,29,142,-142,994,203,1,0
261863,2,stairs,-93,65,-16,-15,143,-121,994,187,1,0
261890,2,stairs,-90,30,-15,-58,132,-89,993,169,1,0
261917,2,stairs,-77,4,-12,-68,131,-33,994,151,1,0
261944,2,stairs,-52,-8,-6,-39,135,46,994,148,1,0
261971,2,stairs,-30,-4,-1,-5,149,123,994,193,1,0
261998,2,stairs,-19,6,2,9,165,180,995,244,1,0
262024,2,stairs,-19,8,3,-10,188,201,996,275,1,0
262051,2,stairs,-22,-6,2,-45,222,186,997,293,1,0
262078,2,stairs,-29,-22,0,-63,273,162,997,323,1,0
262105,2,stairs,-31,-29,-1,-59,307,130,997,339,1,0
262132,2,stairs,-33,-35,-1,-47,323,102,998,342,1,0
262159,2,stairs,-29,-44,-1,-52,329,90,998,345,1,0
262186,2,stairs,-26,-46,0,-66,329,100,998,350,1,0
262213,2,stairs,-19,-42,1,-73,320,137,998,355,1,0
262240,2,stairs,-14,-34,3,-59,305,191,998,364,1,0
262267,2,stairs,-16,-26,3,-10,293,256,998,389,1,0
262294,2,stairs,-29,-14,0,83,285,333,998,445,1,0
262321,2,stairs,-35,5,-1,184,280,404,997,525,1,0
262348,2,stairs,-41,28,-2,243,308,472,997,614,1,0
262375,2,stairs,-56,53,-7,235,384,539,996,702,1,0
262402,2,stairs,-85,79,-17,156,467,583,994,763,1,0
262429,2,stairs,-116,107,-30,34,515,587,992,781,1,0
262456,2,stairs,-138,108,-37,-120,492,549,992,747,1,0
262483,2,stairs,-139,89,-35,-247,421,484,994,688,1,0
262510,2,stairs,-136,56,-32,-312,358,406,994,625,1,0
262537,2,stairs,-129,29,-30,-293,303,334,994,538,1,0
262564,2,stairs,-116,20,-24,-195,238,272,995,410,1,0
262591,2,stairs,-102,22,-19,-66,155,218,996,276,1,0
262618,2,stairs,-88,24,-14,63,59,173,997,194,1,0
262645,2,stairs,-76,21,-11,169,-37,140,998,222,1,0
262672,2,stairs,-62,19,-7,247,-119,121,998,300,1,0
262699,2,stairs,-42,19,-2,305,-188,116,998,377,1,0
262726,2,stairs,-31,22,1,343,-240,122,998,436,1,0
262753,2,stairs,-21,29,3,359,-282,135,998,476,1,0
262780,2,stairs,-13,38,5,348,-334,148,999,505,1,0
262807,2,stairs,10,48,8,322,-399,156,998,536,1,0
262834,2,stairs,34,54,12,277,-458,157,997,557,1,0
262861,2,stairs,57,57,14,227,-500,153,997,570,1,0
262888,2,stairs,79,55,17,187,-504,142,997,556,1,0
262915,2,stairs,72,56,17,185,-465,129,997,517,1,0
262942,2,stairs,68,71,15,209,-480,99,997,533,1,0
262969,2,stairs,60,88,13,239,-456,36,997,516,1,0
263004,2,stairs,63,90,13,232,-379,-55,997,448,1,0
263031,2,stairs,63,99,12,185,-226,-123,997,317,1,0
263058,2,stairs,50,112,8,76,-103,-159,997,204,1,0
263085,2,stairs,27,112,4,-58,-1,-166,997,176,1,0
263112,2,stairs,-5,95,-1,-175,53,-160,995,243,1,0
263139,2,stairs,-28,73,-5,-248,84,-149,995,301,1,0
263166,2,stairs,-43,44,-7,-276,118,-138,995,330,1,0
263193,2,stairs,-36,25,-4,-272,128,-119,995,323,1,0
263220,2,stairs,-18,13,0,-255,136,-89,996,302,1,0
263247,2,stairs,10,1,6,-244,134,-43,995,282,1,0
263274,2,stairs,21,-13,8,-247,162,18,996,296,1,0
263301,2,stairs,16,-28,7,-257,192,86,996,332,1,0
263328,2,stairs,3,-41,5,-271,206,135,997,366,1,0
263355,2,stairs,-4,-57,3,-280,204,160,997,382,1,0
263382,2,stairs,-5,-71,2,-272,188,169,997,371,1,0
263409,2,stairs,18,-79,5,-240,153,171,997,332,1,0
263436,2,stairs,30,-87,6,-212,127,183,997,307,1,0
263463,2,stairs,37,-89,7,-190,122,200,998,301,1,0
263490,2,stairs,29,-85,6,-170,150,220,998,316,1,0
263517,2,stairs,23,-82,6,-158,180,252,998,348,1,0
263544,2,stairs,12,-74,4,-145,205,305,998,395,1,0
263571,2,stairs,7,-66,4,-133,209,373,998,448,1,0
263598,2,stairs,-3,-58,2,-113,198,430,998,486,1,0
263625,2,stairs,-4,-44,3,-72,203,439,998,489,1,0
263652,2,stairs,-6,-26,3,-28,241,421,998,486,1,0
263679,2,stairs,-17,-6,1,11,297,417,997,512,1,0
263705,2,stairs,-36,14,-4,36,328,430,996,542,1,0
263732,2,stairs,-68,33,-14,44,315,443,994,546,1,0
263759,2,stairs,-86,44,-18,45,239,441,995,503,1,0
263785,2,stairs,-87,39,-18,50,139,416,996,441,1,0
263812,2,stairs,-71,24,-13,78,52,386,996,397,1,0
263839,2,stairs,-54,16,-8,142,2,359,997,386,1,0
263866,2,stairs,-36,18,-3,213,-24,325,997,389,1,0
263893,2,stairs,-22,26,0,265,-46,277,997,386,1,0
263920,2,stairs,-13,32,2,281,-68,216,998,361,1,0
263947,2,stairs,-12,32,3,253,-80,156,998,308,1,0
263974,2,stairs,-4,26,5,201,-90,102,999,242,1,0
264000,2,stairs,11,21,7,145,-94,61,998,183,1,0
264027,2,stairs,25,14,10,95,-81,39,998,131,1,0
264053,2,stairs,37,12,12,56,-65,24,999,89,1,0
264079,2,stairs,37,13,12,25,-49,3,999,55,1,0
264105,2,stairs,42,9,13,-5,-52,-30,999,60,1,0
264132,2,stairs,49,-1,14,-31,-68,-64,999,98,1,0
264159,2,stairs,54,-11,14,-49,-91,-89,999,136,1,0
264186,2,stairs,59,-12,14,-64,-120,-108,999,174,1,0
264213,2,stairs,64,-9,15,-84,-153,-137,999,222,1,0
264240,2,stairs,70,-5,15,-101,-171,-176,999,266,1,0
264267,2,stairs,83,-1,16,-113,-182,-209,998,299,1,0
264294,2,stairs,98,1,17,-113,-175,-232,998,312,1,0
264321,2,stairs,88,4,16,-56,-141,-229,998,275,1,0
264348,2,stairs,68,14,13,53,-149,-200,997,255,1,0
264375,2,stairs,53,29,11,173,-195,-171,997,312,1,0
264402,2,stairs,51,37,11,249,-250,-165,997,389,1,0
264429,2,stairs,70,41,12,290,-276,-174,997,436,1,0
264456,2,stairs,73,43,13,297,-242,-176,997,421,1,0
264483,2,stairs,62,50,12,250,-197,-176,998,364,1,0
264510,2,stairs,31,44,7,161,-138,-163,996,267,1,0
264537,2,stairs,-18,26,-5,53,-77,-159,993,184,1,0
264564,2,stairs,-64,0,-18,-57,-23,-140,989,153,1,0
264591,2,stairs,-88,-25,-24,-147,3,-115,990,186,1,0
264618,2,stairs,-85,-44,-22,-198,0,-86,992,216,1,0
264645,2,stairs,-69,-53,-17,-193,-19,-44,993,199,1,0
264672,2,stairs,-40,-59,-10,-170,-57,7,993,179,1,0
264699,2,stairs,-11,-64,-5,-166,-102,55,993,203,1,0
264734,2,stairs,-3,-72,-3,-195,-100,89,995,237,1,0
264761,2,stairs,-2,-79,-3,-223,-63,102,995,253,1,0
264788,2,stairs,-4,-92,-4,-251,-2,97,996,269,1,0
264815,2,stairs,-9,-97,-5,-261,54,80,996,278,1,0
264842,2,stairs,-8,-88,-3,-234,102,50,997,260,1,0
264869,2,stairs,14,-84,1,-203,127,6,997,239,1,0
264896,2,stairs,30,-86,3,-183,146,-37,997,237,1,0
264923,2,stairs,45,-82,6,-162,158,-63,997,235,1,0
264950,2,stairs,58,-82,7,-147,150,-84,997,226,1,0
264977,2,stairs,60,-87,7,-135,121,-99,998,206,1,0
265004,2,stairs,57,-94,6,-114,85,-114,998,182,1,0
265031,2,stairs,60,-99,6,-79,42,-143,998,169,1,0
265058,2,stairs,61,-94,7,0,10,-180,998,181,1,0
265085,2,stairs,49,-85,6,113,-14,-212,998,241,1,0
265112,2,stairs,49,-70,7,226,-45,-262,998,349,1,0
265139,2,stairs,33,-48,6,321,-14,-343,997,470,1,0
265166,2,stairs,28,-24,7,373,51,-399,997,548,1,0
265193,2,stairs,19,-3,6,359,149,-405,996,562,1,0
265220,2,stairs,-5,16,2,297,261,-371,995,542,1,0
265247,2,stairs,-43,38,-8,238,353,-319,993,532,1,0
265274,2,stairs,-80,61,-19,183,388,-284,991,515,1,0
265301,2,stairs,-112,75,-29,118,345,-277,991,458,1,0
265328,2,stairs,-131,74,-34,53,259,-282,992,386,1,0
265355,2,stairs,-124,64,-30,6,158,-291,993,331,1,0
265382,2,stairs,-99,58,-22,-14,67,-291,994,299,1,0
265409,2,stairs,-64,46,-13,-23,2,-297,993,298,1,0
265436,2,stairs,-48,35,-7,-18,-23,-313,994,315,1,0
265463,2,stairs,-44,28,-5,8,-40,-335,996,337,1,0
265490,2,stairs,-48,18,-5,34,-66,-365,997,373,1,0
265517,2,stairs,-48,12,-5,71,-115,-401,997,424,1,0
265544,2,stairs,-40,3,-3,125,-184,-429,998,483,1,0
265571,2,stairs,-22,-3,1,187,-255,-442,998,544,1,0
265598,2,stairs,9,-2,6,250,-313,-447,997,600,1,0
265625,2,stairs,38,4,10,302,-344,-454,996,645,1,0
265652,2,stairs,55,11,13,326,-324,-464,996,653,1,0
265679,2,stairs,62,19,14,323,-279,-480,997,643,1,0
265706,2,stairs,72,27,16,282,-234,-509,997,627,1,0
265733,2,stairs,74,33,16,226,-189,-547,998,621,1,0
265760,2,stairs,77,35,17,174,-153,-585,998,629,1,0
265787,2,stairs,93,30,18,124,-136,-610,998,637,1,0
265814,2,stairs,103,28,19,86,-113,-619,998,635,1,0
265841,2,stairs,116,29,19,64,-91,-618,998,628,1,0
265868,2,stairs,124,38,19,54,-75,-618,998,625,1,0
265895,2,stairs,120,45,18,36,-66,-630,998,634,1,0
265922,2,stairs,109,48,18,38,-64,-659,998,663,1,0
265949,2,stairs,89,49,15,72,-64,-696,998,703,1,0
265976,2,stairs,77,45,15,110,-85,-722,998,736,1,0
266003,2,stairs,75,42,15,127,-101,-731,998,749,1,0
266030,2,stairs,79,39,15,111,-76,-750,998,762,1,0
266056,2,stairs,72,36,15,74,-3,-782,999,785,1,0
266083,2,stairs,50,29,12,34,94,-809,998,816,1,0
266110,2,stairs,8,19,4,47,176,-804,995,824,1,0
266137,2,stairs,-46,-7,-11,104,187,-786,990,814,1,0
266164,2,stairs,-103,-48,-34,140,121,-789,984,810,1,0
266191,2,stairs,-157,-104,-65,135,37,-816,976,828,1,0
266218,2,stairs,-179,-130,-73,148,-46,-863,979,877,1,0
266246,2,stairs,-166,-153,-69,133,-106,-911,983,926,1,0
266274,2,stairs,-131,-159,-55,96,-134,-930,985,945,1,0
266301,2,stairs,-94,-136,-40,50,-127,-925,986,935,1,0
266328,2,stairs,-62,-109,-26,0,-114,-916,986,923,1,0
266355,2,stairs,-60,-88,-20,-40,-84,-896,989,901,1,0
266382,2,stairs,-53,-79,-15,-67,-66,-886,991,891,1,0
266409,2,stairs,-57,-73,-14,-69,-52,-881,993,885,1,0
266436,2,stairs,-57,-73,-12,-56,-64,-888,994,892,1,0
266472,2,stairs,-41,-84,-10,-51,-105,-919,995,927,1,0
266499,2,stairs,-29,-92,-8,-38,-143,-952,995,964,1,0
266526,2,stairs,-16,-97,-5,-26,-172,-969,996,984,1,0
266553,2,stairs,-2,-99,-3,-39,-209,-967,996,990,1,0
266580,2,stairs,7,-90,0,-63,-257,-945,997,981,1,0
266607,2,stairs,22,-77,4,-81,-319,-894,997,952,1,0
266634,2,stairs,36,-70,8,-92,-387,-824,997,915,1,0
266661,2,stairs,51,-60,11,-76,-446,-735,997,863,1,0
266688,2,stairs,73,-41,14,-53,-469,-605,996,767,1,0
266715,2,stairs,93,-10,17,-60,-421,-478,994,639,1,0
266742,2,stairs,67,13,14,-95,-313,-403,994,519,1,0
266769,2,stairs,16,43,4,-145,-184,-444,989,502,1,0
266796,2,stairs,-29,55,-5,-231,-119,-563,988,620,1,0
266823,2,stairs,-31,44,-3,-316,-170,-710,991,795,1,0
266850,2,stairs,3,4,0,-362,-220,-812,989,916,1,0
266877,2,stairs,20,-16,3,-336,-176,-859,990,939,1,0
266904,2,stairs,23,-17,6,-259,-83,-873,993,914,1,0
266931,2,stairs,27,-2,9,-195,34,-908,994,929,1,0
266958,2,stairs,38,17,12,-158,122,-965,994,986,1,0
266985,2,stairs,61,26,15,-142,189,-1028,995,1055,1,0
267012,2,stairs,72,29,17,-119,243,-1062,995,1096,1,0
267039,2,stairs,77,23,18,-86,257,-1056,996,1090,1,0
267066,2,stairs,79,8,17,-51,222,-1013,997,1038,1,0
267093,2,stairs,73,-10,16,-8,150,-947,996,959,1,0
267120,2,stairs,69,-28,14,35,47,-890,997,892,1,0
267147,2,stairs,71,-39,13,64,-67,-876,997,881,1,0
267174,2,stairs,67,-42,13,76,-155,-907,997,924,1,0
267201,2,stairs,76,-44,13,50,-237,-974,997,1004,1,0
267228,2,stairs,86,-48,14,-9,-318,-1059,998,1106,1,0
267255,2,stairs,81,-50,13,-84,-359,-1128,998,1187,1,0
267282,2,stairs,62,-53,11,-170,-303,-1171,998,1222,1,0
267310,2,stairs,27,-58,5,-254,-158,-1197,996,1234,1,0
267337,2,stairs,-9,-74,-5,-307,-24,-1204,994,1243,1,0
267364,2,stairs,-41,-106,-18,-314,52,-1216,992,1257,1,0
267392,2,stairs,-64,-131,-29,-239,45,-1203,991,1227,1,0
267419,2,stairs,-79,-147,-35,-80,15,-1157,992,1160,1,0
267446,2,stairs,-81,-171,-42,69,-1,-1096,992,1098,1,0
267473,2,stairs,-68,-165,-36,197,-6,-1055,994,1073,1,0
267500,2,stairs,-54,-144,-27,250,16,-1041,994,1071,1,0
267527,2,stairs,-43,-122,-20,218,46,-1060,995,1083,1,0
267554,2,stairs,-39,-109,-15,116,100,-1116,996,1127,1,0
267582,2,stairs,-39,-101,-13,-6,176,-1184,997,1197,1,0
267610,2,stairs,-33,-99,-11,-111,281,-1247,997,1283,1,0
267638,2,stairs,-22,-101,-10,-189,401,-1288,998,1362,1,0
267666,2,stairs,-13,-92,-7,-222,519,-1291,998,1409,1,0
267694,2,stairs,1,-85,-3,-247,597,-1270,998,1425,1,0
267721,2,stairs,9,-84,-1,-285,636,-1231,998,1415,1,0
267748,2,stairs,4,-81,-2,-303,647,-1171,998,1372,1,0
267775,2,stairs,3,-83,-2,-298,628,-1098,998,1299,1,0
267802,2,stairs,-17,-85,-7,-244,603,-999,998,1192,1,0
267829,2,stairs,-38,-80,-11,-122,553,-864,997,1033,1,0
267856,2,stairs,-40,-66,-9,50,464,-720,997,858,1,0
267883,2,stairs,-31,-33,-4,233,390,-609,996,760,1,0
267910,2,stairs,-6,9,3,351,326,-471,993,672,1,0
267936,2,stairs,-10,47,4,355,314,-318,992,570,1,0
267963,2,stairs,-47,83,-5,267,316,-178,989,450,1,0
267990,2,stairs,-98,117,-23,126,315,-116,985,359,1,0
268017,2,stairs,-129,127,-31,-4,263,-147,987,301,1,0
268044,2,stairs,-129,128,-29,-58,174,-239,990,301,1,0
268071,2,stairs,-103,121,-19,-28,80,-350,991,361,1,0
268098,2,stairs,-72,114,-10,53,-7,-440,992,443,1,0
268125,2,stairs,-56,110,-4,148,-60,-498,993,523,1,0
268152,2,stairs,-48,104,-1,219,-86,-542,995,591,1,0
268179,2,stairs,-54,94,-1,245,-81,-580,996,635,1,0
268215,2,stairs,-56,84,-1,218,-46,-625,997,663,1,0
268242,2,stairs,-42,69,3,169,-12,-674,997,695,1,0
268269,2,stairs,-28,54,5,115,39,-713,997,723,1,0
268296,2,stairs,-7,41,9,87,94,-726,997,737,1,0
268322,2,stairs,7,32,11,77,131,-712,997,728,1,0
268349,2,stairs,7,26,11,70,178,-678,998,705,1,0
268376,2,stairs,18,20,13,79,181,-662,998,690,1,0
268403,2,stairs,28,13,15,105,168,-669,998,698,1,0
268430,2,stairs,38,4,15,152,160,-689,998,724,1,0
268457,2,stairs,55,-1,17,195,146,-723,998,762,1,0
268484,2,stairs,65,2,18,228,124,-761,998,804,1,0
268511,2,stairs,61,16,18,246,116,-791,998,837,1,0
268538,2,stairs,43,31,16,245,82,-810,997,850,1,0
268565,2,stairs,26,35,13,205,58,-827,997,854,1,0
268592,2,stairs,8,30,10,152,71,-830,997,847,1,0
268619,2,stairs,2,22,8,98,113,-805,997,818,1,0
268646,2,stairs,2,20,9,37,140,-764,998,777,1,0
268673,2,stairs,0,21,9,-34,147,-742,998,757,1,0
268700,2,stairs,-19,4,3,-121,169,-742,997,771,1,0
268727,2,stairs,-61,-24,-13,-169,220,-736,993,786,1,0
268754,2,stairs,-103,-51,-31,-168,255,-741,990,801,1,0
268781,2,stairs,-147,-82,-54,-142,259,-786,986,840,1,0
268808,2,stairs,-171,-107,-68,-59,226,-836,987,868,1,0
268835,2,stairs,-167,-138,-73,64,167,-873,988,891,1,0
268862,2,stairs,-135,-154,-64,204,90,-856,989,884,1,0
268889,2,stairs,-77,-137,-44,327,41,-815,986,879,1,0
268916,2,stairs,-20,-98,-25,370,32,-794,982,876,1,0
268943,2,stairs,18,-55,-10,325,76,-791,981,859,1,0
268970,2,stairs,24,-40,-3,248,121,-784,985,831,1,0
268997,2,stairs,-7,-55,-9,148,183,-785,987,820,1,0
269024,2,stairs,-9,-73,-10,67,205,-771,990,801,1,0
269051,2,stairs,-6,-73,-7,46,164,-728,992,748,1,0
269078,2,stairs,2,-69,-3,79,104,-671,993,684,1,0
269105,2,stairs,10,-63,0,132,23,-589,995,604,1,0
269132,2,stairs,19,-55,4,169,-56,-496,995,527,1,0
269159,2,stairs,19,-48,6,178,-100,-401,996,450,1,0
269186,2,stairs,14,-35,7,177,-114,-300,997,366,1,0
269213,2,stairs,-3,-18,5,152,-106,-210,997,280,1,0
269240,2,stairs,-9,-7,6,71,-89,-143,997,182,1,0
269267,2,stairs,-13,19,6,-6,-69,-67,996,96,1,0
269293,2,stairs,-2,45,10,-17,-52,27,996,61,1,0
269319,2,stairs,14,59,13,22,-30,143,996,148,1,0
269345,2,stairs,12,70,14,61,28,267,996,275,1,0
269371,2,stairs,-3,86,10,102,108,381,996,409,1,0
269398,2,stairs,-13,115,7,150,146,460,995,505,1,0
269425,2,stairs,-12,151,4,185,117,484,994,531,1,0
269452,2,stairs,-11,162,4,184,57,445,995,485,1,0
269479,2,stairs,-2,154,7,188,-12,378,996,423,1,0
269506,2,stairs,19,131,12,216,-76,327,995,399,1,0
269533,2,stairs,50,110,17,254,-133,291,994,408,1,0
269560,2,stairs,86,89,20,247,-186,264,993,407,1,0
269587,2,stairs,112,88,23,242,-214,243,994,405,1,0
269614,2,stairs,101,110,21,266,-194,243,994,409,1,0
269641,2,stairs,95,130,20,320,-136,281,995,447,1,0
269668,2,stairs,89,126,21,364,-74,321,996,491,1,0
269695,2,stairs,96,120,22,389,-36,338,997,517,1,0
269722,2,stairs,107,112,23,379,20,332,997,504,1,0
269749,2,stairs,119,119,24,365,53,310,997,482,1,0
269776,2,stairs,137,117,24,328,58,267,997,427,1,0
269802,2,stairs,131,103,24,267,63,205,998,343,1,0
269828,2,stairs,136,97,25,221,56,135,998,265,1,0
269854,2,stairs,144,103,24,183,27,65,998,196,1,0
269880,2,stairs,143,103,24,142,-2,11,998,143,1,0
269907,2,stairs,118,95,22,62,25,-6,997,67,1,0
269942,2,stairs,91,84,20,-94,103,-10,997,140,1,0
269969,2,stairs,64,79,18,-160,208,-8,997,263,1,0
269996,2,stairs,61,74,18,-146,297,-18,997,331,1,0
270023,2,stairs,67,72,18,-80,362,-61,997,375,1,0
270050,2,stairs,57,59,17,-13,428,-139,997,450,1,0
270077,2,stairs,17,27,9,26,483,-196,994,522,1,0
270104,2,stairs,-21,2,0,80,521,-230,992,575,1,0
270131,2,stairs,-71,-32,-16,152,541,-230,987,607,1,0
270158,2,stairs,-125,-47,-35,233,518,-201,984,603,1,0
270185,2,stairs,-145,-50,-39,270,457,-214,987,572,1,0
270212,2,stairs,-147,-44,-36,262,359,-264,990,516,1,0
270239,2,stairs,-123,-39,-27,191,221,-307,992,424,1,0
270266,2,stairs,-101,-32,-19,87,99,-318,993,344,1,0
270293,2,stairs,-79,-17,-11,-15,-2,-306,994,307,1,0
270320,2,stairs,-68,10,-7,-106,-56,-279,994,303,1,0
270347,2,stairs,-71,18,-7,-179,-60,-258,995,320,1,0
270374,2,stairs,-71,19,-6,-203,-41,-230,996,309,1,0
270401,2,stairs,-57,14,-2,-185,-7,-192,997,267,1,0
270428,2,stairs,-45,14,1,-115,38,-153,997,195,1,0
270455,2,stairs,-44,5,1,-35,71,-27,998,84,1,0
270481,2,stairs,-6,3,7,48,48,121,996,139,1,0
270507,2,stairs,19,2,11,123,16,78,995,146,1,0
270533,2,stairs,21,-9,11,161,-8,54,996,170,1,0
270560,2,stairs,16,-12,11,164,-46,75,997,186,1,0
270587,2,stairs,0,-16,8,109,-79,117,997,179,1,0
270614,2,stairs,-15,-6,5,38,-128,155,997,205,1,0
270641,2,stairs,-17,16,5,-1,-174,169,997,242,1,0
270668,2,stairs,-11,32,6,-54,-191,143,997,245,1,0
270695,2,stairs,1,43,8,-103,-158,110,996,219,1,0
270721,2,stairs,-4,49,7,-110,-67,96,997,161,1,0
270748,2,stairs,-26,46,3,-90,30,107,997,143,1,0
270774,2,stairs,-43,36,-1,-58,95,141,996,179,1,0
270801,2,stairs,-56,38,-4,17,90,180,997,202,1,0
270827,2,stairs,-70,42,-8,76,36,238,997,253,1,0
270854,2,stairs,-75,57,-10,113,-5,250,997,274,1,0
270881,2,stairs,-59,69,-6,127,-16,206,997,242,1,0
270908,2,stairs,-39,59,-2,99,-22,152,997,183,1,0
270934,2,stairs,-8,36,4,45,-13,114,995,123,1,0
270960,2,stairs,9,10,7,-27,14,111,995,115,1,0
270986,2,stairs,20,-19,7,-133,10,124,994,182,1,0
271013,2,stairs,32,-26,9,-234,-11,120,995,263,1,0
271040,2,stairs,22,-44,7,-342,-8,112,995,360,1,0
271067,2,stairs,10,-67,2,-410,37,126,995,431,1,0
271094,2,stairs,4,-98,-3,-441,70,161,995,475,1,0
271121,2,stairs,18,-120,-4,-452,62,187,995,493,1,0
271148,2,stairs,10,-119,-5,-427,65,213,996,482,1,0
271175,2,stairs,21,-104,0,-371,-4,208,996,425,1,0
271202,2,stairs,58,-79,6,-304,-89,117,994,338,1,0
271229,2,stairs,61,-56,9,-218,-185,-32,994,288,1,0
271256,2,stairs,63,-48,11,-98,-275,-183,995,345,1,0
271283,2,stairs,48,-49,10,33,-336,-309,996,458,1,0
271310,2,stairs,28,-42,8,158,-424,-405,996,607,1,0
271337,2,stairs,46,-45,10,198,-486,-526,997,743,1,0
271364,2,stairs,49,-30,12,204,-410,-677,997,817,1,0
271391,2,stairs,77,-12,15,140,-232,-841,995,883,1,0
271418,2,stairs,102,-17,16,32,-19,-992,995,992,1,0
271445,2,stairs,79,-30,13,-72,151,-1035,995,1049,1,0
271472,2,stairs,41,-59,3,-166,259,-996,992,1043,1,0
271499,2,stairs,-18,-66,-12,-192,355,-912,988,997,1,0
271526,2,stairs,-67,-89,-28,-227,392,-905,985,1012,1,0
271553,2,stairs,-121,-96,-48,-235,430,-870,983,998,1,0
271580,2,stairs,-128,-65,-43,-211,385,-869,986,974,1,0
271607,2,stairs,-105,-48,-31,-225,294,-939,988,1010,1,0
271634,2,stairs,-80,-50,-22,-228,250,-1010,990,1065,1,0
271671,2,stairs,-30,-75,-15,-172,158,-1019,988,1046,1,0
271698,2,stairs,26,-96,-11,-119,106,-1001,985,1014,1,0
271725,2,stairs,25,-92,-7,-50,111,-942,988,950,1,0
271752,2,stairs,20,-76,-3,37,93,-841,991,847,1,0
271779,2,stairs,39,-58,4,83,100,-736,992,747,1,0
271806,2,stairs,42,-40,8,78,113,-658,994,672,1,0
271833,2,stairs,48,-31,11,37,91,-631,995,639,1,0
271860,2,stairs,56,-33,12,6,78,-615,996,620,1,0
271887,2,stairs,41,-35,10,13,42,-568,996,570,1,0
271914,2,stairs,56,-38,12,50,-69,-498,996,505,1,0
271941,2,stairs,90,-36,14,106,-179,-433,995,480,1,0
271968,2,stairs,87,-30,15,154,-249,-372,996,474,1,0
271995,2,stairs,83,-23,16,170,-280,-323,996,460,1,0
272022,2,stairs,77,-22,16,149,-302,-284,997,441,1,0
272049,2,stairs,77,-38,14,81,-362,-252,997,449,1,0
272076,2,stairs,77,-42,14,27,-432,-203,997,478,1,0
272103,2,stairs,86,-49,13,-9,-466,-155,998,491,1,0
272130,2,stairs,96,-50,14,-6,-451,-113,998,465,1,0
272157,2,stairs,88,-45,14,38,-374,-68,998,383,1,0
272184,2,stairs,61,-34,12,114,-263,-18,997,287,1,0
272211,2,stairs,25,-20,8,199,-138,43,996,246,1,0
272238,2,stairs,-5,-7,4,269,-27,110,995,292,1,0
272265,2,stairs,-18,14,3,310,46,165,995,355,1,0
272292,2,stairs,-18,32,4,314,93,186,996,376,1,0
272318,2,stairs,-6,45,7,288,114,183,996,360,1,0
272344,2,stairs,6,48,9,248,124,171,996,326,1,0
272371,2,stairs,21,48,12,213,132,157,997,296,1,0
272398,2,stairs,27,46,13,196,163,153,997,297,1,0
272425,2,stairs,30,44,14,188,211,161,998,325,1,0
272452,2,stairs,22,41,13,182,267,168,998,364,1,0
272479,2,stairs,17,43,12,176,300,179,999,391,1,0
272506,2,stairs,16,49,12,171,309,190,999,401,1,0
272533,2,stairs,16,52,12,156,295,196,999,387,1,0
272560,2,stairs,29,51,14,131,260,206,999,357,1,0
272586,2,stairs,42,55,15,105,215,213,998,320,1,0
272612,2,stairs,44,56,15,72,172,217,998,286,1,0
272638,2,stairs,47,54,15,23,129,212,999,249,1,0
272664,2,stairs,49,47,15,-39,66,180,999,195,1,0
272691,2,stairs,52,43,15,-91,-36,121,998,156,1,0
272718,2,stairs,38,41,13,-117,-95,45,998,158,1,0
272745,2,stairs,20,36,10,-113,-34,-15,998,119,1,0
272772,2,stairs,-26,22,0,-87,162,-42,995,188,1,0
272799,2,stairs,-36,-3,-4,-62,340,-65,995,352,1,0
272826,2,stairs,-53,-43,-13,-40,455,-99,993,467,1,0
272853,2,stairs,-79,-75,-25,-2,465,-112,991,478,1,0
272880,2,stairs,-97,-90,-31,46,375,-89,992,388,1,0
272907,2,stairs,-104,-92,-31,86,234,-65,994,258,1,0
272934,2,stairs,-90,-89,-26,90,72,-49,995,125,1,0
272961,2,stairs,-58,-87,-18,54,-87,-38,995,109,1,0
272988,2,stairs,-21,-88,-12,-5,-215,-21,994,216,1,0
273015,2,stairs,5,-89,-7,-65,-299,6,994,306,1,0
273042,2,stairs,15,-80,-3,-87,-344,37,995,357,1,0
273069,2,stairs,14,-64,0,-56,-368,64,996,377,1,0
273096,2,stairs,10,-47,1,-3,-373,87,996,383,1,0
273123,2,stairs,14,-33,4,37,-362,103,996,378,1,0
273150,2,stairs,22,-21,6,41,-327,105,996,346,1,0
273177,2,stairs,40,-18,9,9,-282,86,996,295,1,0
273203,2,stairs,60,-23,10,-49,-227,53,996,238,1,0
273230,2,stairs,91,-34,10,-122,-183,23,995,221,1,0
273257,2,stairs,120,-50,8,-196,-146,2,994,245,1,0
273284,2,stairs,135,-57,8,-233,-110,-11,995,258,1,0
273311,2,stairs,145,-57,9,-217,-73,-25,996,231,1,0
273338,2,stairs,149,-57,9,-156,-23,-35,997,162,1,0
273365,2,stairs,135,-56,9,-96,38,-31,997,108,1,0
273401,2,stairs,116,-46,10,-63,74,-29,997,101,1,0
273428,2,stairs,92,-36,10,-65,94,-44,997,123,1,0
273455,2,stairs,84,-32,10,-88,95,-75,997,149,1,0
273482,2,stairs,80,-34,10,-107,113,-114,998,192,1,0
273509,2,stairs,80,-43,9,-98,144,-149,998,229,1,0
273536,2,stairs,69,-59,6,-63,187,-188,997,272,1,0
273563,2,stairs,49,-67,2,1,224,-239,997,328,1,0
273590,2,stairs,12,-62,-2,97,268,-302,996,415,1,0
273617,2,stairs,-33,-54,-10,196,321,-356,993,518,1,0
273644,2,stairs,-74,-45,-18,283,366,-395,991,609,1,0
273671,2,stairs,-102,-38,-23,355,372,-419,992,663,1,0
273698,2,stairs,-109,-28,-22,414,331,-435,993,686,1,0
273725,2,stairs,-103,-15,-18,447,263,-453,995,688,1,0
273752,2,stairs,-92,-4,-13,447,181,-479,996,680,1,0
273779,2,stairs,-81,7,-9,438,90,-511,996,679,1,0
273806,2,stairs,-75,19,-6,425,3,-549,997,694,1,0
273833,2,stairs,-84,29,-7,401,-64,-589,997,715,1,0
273860,2,stairs,-94,40,-9,374,-124,-625,997,739,1,0
273887,2,stairs,-96,52,-9,337,-177,-652,998,755,1,0
273914,2,stairs,-99,64,-9,283,-209,-682,998,767,1,0
273941,2,stairs,-90,77,-7,208,-232,-717,998,782,1,0
273968,2,stairs,-69,87,-3,132,-240,-754,998,803,1,0
273995,2,stairs,-34,91,3,58,-256,-784,996,826,1,0
274022,2,stairs,0,92,8,-19,-272,-799,995,844,1,0
274049,2,stairs,18,97,11,-72,-259,-819,996,862,1,0
274076,2,stairs,24,99,12,-94,-230,-834,997,870,1,0
274103,2,stairs,24,99,13,-89,-202,-839,997,867,1,0
274130,2,stairs,33,100,14,-68,-189,-836,998,860,1,0
274157,2,stairs,45,96,15,-55,-193,-841,998,864,1,0
274184,2,stairs,51,87,16,-51,-197,-867,998,891,1,0
274211,2,stairs,48,84,16,-40,-184,-906,998,926,1,0
274238,2,stairs,43,72,15,-46,-131,-954,998,964,1,0
274265,2,stairs,37,52,14,-77,-69,-984,998,990,1,0
274292,2,stairs,41,28,13,-96,4,-1017,997,1021,1,0
274319,2,stairs,52,-7,10,-100,94,-1076,996,1085,1,0
274346,2,stairs,46,-40,5,-81,185,-1145,994,1163,1,0
274373,2,stairs,18,-72,-5,-51,273,-1193,992,1225,1,0
274400,2,stairs,-34,-94,-20,-12,344,-1210,988,1258,1,0
274427,2,stairs,-73,-106,-31,17,356,-1196,988,1248,1,0
274454,2,stairs,-92,-111,-35,12,310,-1170,990,1210,1,0
274481,2,stairs,-86,-111,-31,-34,238,-1149,993,1174,1,0
274509,2,stairs,-65,-108,-25,-98,186,-1134,994,1154,1,0
274537,2,stairs,-49,-105,-20,-150,172,-1127,995,1150,1,0
274565,2,stairs,-30,-105,-16,-173,173,-1121,995,1148,1,0
274593,2,stairs,-18,-107,-14,-158,166,-1118,995,1141,1,0
274621,2,stairs,-4,-105,-11,-108,122,-1110,996,1122,1,0
274648,2,stairs,14,-96,-6,-38,56,-1092,996,1094,1,0
274675,2,stairs,31,-84,-2,20,-13,-1067,996,1068,1,0
274702,2,stairs,47,-68,2,56,-87,-1038,996,1043,1,0
274729,2,stairs,67,-52,6,75,-159,-999,996,1014,1,0
274756,2,stairs,85,-45,9,72,-222,-945,996,973,1,0
274783,2,stairs,99,-45,10,55,-291,-871,996,921,1,0
274810,2,stairs,113,-38,11,55,-361,-774,996,856,1,0
274837,2,stairs,123,-36,12,69,-420,-670,997,793,1,0
274864,2,stairs,138,-28,13,83,-479,-571,997,750,1,0
274891,2,stairs,135,-12,15,80,-517,-471,997,704,1,0
274918,2,stairs,131,-5,16,64,-548,-366,997,662,1,0
274945,2,stairs,130,-8,15,85,-542,-269,998,611,1,0
274972,2,stairs,122,-19,14,160,-518,-170,998,569,1,0
274999,2,stairs,119,-27,12,246,-477,-81,998,543,1,0
275026,2,stairs,112,-18,13,324,-425,-25,998,536,1,0
275053,2,stairs,79,2,13,365,-352,-14,996,507,1,0
275080,2,stairs,33,41,8,388,-289,-32,991,485,1,0
275107,2,stairs,1,64,6,376,-247,-54,991,453,1,0
275143,2,stairs,-81,116,-22,349,-137,-118,977,393,1,0
275170,2,stairs,-69,148,-17,302,-76,-160,981,350,1,0
275197,2,stairs,-20,132,-7,224,-31,-187,981,294,1,0
275224,2,stairs,46,121,-1,181,8,-218,979,284,1,0
275250,2,stairs,87,107,4,157,66,-263,981,313,1,0
275277,2,stairs,97,96,8,136,130,-318,986,370,1,0
275304,2,stairs,87,90,11,114,178,-373,989,429,1,0
275331,2,stairs,66,86,12,84,192,-418,991,468,1,0
275358,2,stairs,55,83,14,40,173,-461,993,494,1,0
275385,2,stairs,59,75,15,-31,144,-513,995,534,1,0
275412,2,stairs,75,59,16,-132,122,-583,995,610,1,0
275439,2,stairs,95,40,15,-236,114,-675,995,724,1,0
275466,2,stairs,100,16,14,-335,135,-783,995,862,1,0
275493,2,stairs,101,-4,12,-407,147,-885,995,985,1,0
275520,2,stairs,90,-16,11,-437,148,-964,995,1069,1,0
275547,2,stairs,80,-22,11,-451,126,-1027,996,1129,1,0
275574,2,stairs,73,-16,12,-462,90,-1091,996,1188,1,0
275601,2,stairs,61,-11,12,-488,42,-1166,997,1265,1,0
275628,2,stairs,45,-9,11,-522,4,-1263,997,1367,1,0
275655,2,stairs,17,-24,7,-537,38,-1365,996,1467,1,0
275682,2,stairs,-18,-47,-2,-502,129,-1432,993,1523,1,0
275710,2,stairs,-48,-71,-11,-402,264,-1452,992,1529,1,0
275738,2,stairs,-71,-92,-19,-291,382,-1450,992,1527,1,0
275765,2,stairs,-96,-111,-28,-221,444,-1440,992,1523,1,0
275793,2,stairs,-125,-114,-35,-186,459,-1419,992,1503,1,0
275821,2,stairs,-146,-100,-38,-160,456,-1377,993,1460,1,0
275849,2,stairs,-145,-84,-34,-136,459,-1332,994,1415,1,0
275877,2,stairs,-126,-76,-26,-113,454,-1300,995,1381,1,0
275905,2,stairs,-92,-78,-20,-84,431,-1278,994,1351,1,0
275932,2,stairs,-67,-86,-16,-53,391,-1246,995,1307,1,0
275959,2,stairs,-51,-88,-13,-20,350,-1196,995,1247,1,0
275986,2,stairs,-44,-82,-10,15,322,-1135,996,1180,1,0
276013,2,stairs,-40,-73,-7,47,312,-1077,997,1122,1,0
276040,2,stairs,-29,-63,-4,72,309,-1036,997,1083,1,0
276067,2,stairs,-13,-57,-1,93,311,-1008,997,1059,1,0
276094,2,stairs,7,-56,2,108,308,-989,997,1041,1,0
276121,2,stairs,23,-58,3,123,301,-966,997,1019,1,0
276148,2,stairs,28,-60,3,137,293,-924,997,979,1,0
276175,2,stairs,30,-58,4,154,279,-868,998,925,1,0
276202,2,stairs,32,-49,6,179,263,-800,998,861,1,0
276229,2,stairs,38,-38,8,194,240,-724,998,787,1,0
276256,2,stairs,44,-23,10,198,218,-652,998,715,1,0
276283,2,stairs,33,-10,10,182,205,-576,997,638,1,0
276310,2,stairs,8,-7,8,145,168,-493,997,541,1,0
276337,2,stairs,-9,-8,5,110,100,-410,997,436,1,0
276364,2,stairs,-20,-6,4,70,43,-332,997,342,1,0
276391,2,stairs,-9,-8,6,27,-23,-270,998,273,1,0
276418,2,stairs,19,-15,7,-17,-72,-240,997,251,1,0
276445,2,stairs,29,-24,7,-32,-78,-232,997,246,1,0
276472,2,stairs,22,-39,4,-5,-20,-219,997,220,1,0
276499,2,stairs,3,-52,-1,47,83,-196,997,218,1,0
276526,2,stairs,-24,-50,-4,109,196,-174,996,284,1,0
276553,2,stairs,-64,-43,-12,163,319,-174,995,398,1,0
276580,2,stairs,-104,-39,-21,207,422,-207,993,514,1,0
276607,2,stairs,-126,-23,-25,252,473,-244,993,589,1,0
276634,2,stairs,-142,2,-26,268,484,-286,993,623,1,0
276661,2,stairs,-150,30,-26,260,463,-323,993,622,1,0
276688,2,stairs,-155,47,-25,218,427,-336,994,585,1,0
276715,2,stairs,-150,65,-22,152,375,-323,995,518,1,0
276742,2,stairs,-143,84,-19,84,337,-310,995,465,1,0
276769,2,stairs,-139,87,-17,23,317,-311,996,444,1,0
276796,2,stairs,-134,79,-16,-15,314,-314,996,445,1,0
276823,2,stairs,-130,74,-15,-13,335,-313,997,458,1,0
276850,2,stairs,-131,65,-16,2,380,-310,997,490,1,0
276886,2,stairs,-126,52,-15,30,415,-301,997,513,1,0
276913,2,stairs,-118,42,-14,65,427,-300,997,526,1,0
276940,2,stairs,-112,29,-14,92,405,-316,997,522,1,0
276967,2,stairs,-106,11,-14,103,331,-346,997,490,1,0
276994,2,stairs,-103,-4,-15,101,205,-394,997,455,1,0
277021,2,stairs,-99,-14,-15,82,37,-473,997,482,1,0
277048,2,stairs,-96,-17,-14,54,-123,-602,998,617,1,0
277075,2,stairs,-102,-24,-17,9,-224,-744,998,777,1,0
277102,2,stairs,-115,-43,-25,-59,-251,-828,997,867,1,0
277130,2,stairs,-118,-72,-32,-135,-261,-840,996,890,1,0
277158,2,stairs,-96,-85,-28,-169,-275,-808,996,870,1,0
277186,2,stairs,-66,-101,-25,-180,-257,-788,995,848,1,0
277214,2,stairs,-54,-105,-23,-151,-204,-772,996,813,1,0
277241,2,stairs,-52,-113,-24,-96,-121,-767,996,782,1,0
277268,2,stairs,-51,-118,-25,-26,-52,-753,997,755,1,0
277295,2,stairs,-30,-125,-22,27,-24,-741,997,742,1,0
277322,2,stairs,3,-125,-17,57,-18,-731,996,733,1,0
277349,2,stairs,43,-118,-10,62,-16,-715,994,718,1,0
277376,2,stairs,72,-105,-4,39,15,-698,994,699,1,0
277403,2,stairs,84,-88,1,6,70,-685,995,689,1,0
277430,2,stairs,81,-76,5,-26,130,-674,996,687,1,0
277457,2,stairs,73,-67,6,-40,165,-657,996,679,1,0
277484,2,stairs,63,-57,7,-36,170,-634,997,658,1,0
277511,2,stairs,61,-47,9,-24,153,-611,997,630,1,0
277538,2,stairs,66,-36,12,-16,133,-588,997,603,1,0
277565,2,stairs,79,-28,14,-10,110,-561,997,572,1,0
277592,2,stairs,99,-28,15,-19,97,-519,997,528,1,0
277619,2,stairs,118,-27,16,-28,91,-464,997,474,1,0
277646,2,stairs,129,-27,16,-26,95,-408,997,420,1,0
277673,2,stairs,124,-28,16,-8,102,-353,997,368,1,0
277700,2,stairs,95,-32,13,-5,109,-292,996,312,1,0
277727,2,stairs,63,-33,9,-10,70,-225,996,236,1,0
277754,2,stairs,51,-30,8,-2,10,-172,996,172,1,0
277781,2,stairs,45,-22,9,9,-24,-129,996,132,1,0
277808,2,stairs,49,-19,11,19,-28,-93,997,99,1,0
277834,2,stairs,47,-19,11,51,26,-55,997,80,1,0
277861,2,stairs,19,-20,6,121,102,-14,996,159,1,0
277888,2,stairs,-21,-15,-1,212,160,40,994,268,1,0
277915,2,stairs,-85,2,-19,298,228,80,988,383,1,0
277942,2,stairs,-109,33,-21,359,240,117,988,448,1,0
277969,2,stairs,-122,61,-21,374,225,143,989,459,1,0
277996,2,stairs,-114,82,-15,353,169,158,991,421,1,0
278023,2,stairs,-85,100,-6,303,92,152,992,351,1,0
278050,2,stairs,-52,110,2,224,41,147,992,271,1,0
278077,2,stairs,-32,104,7,138,37,148,993,205,1,0
278104,2,stairs,-17,96,11,90,54,170,995,200,1,0
278131,2,stairs,-16,88,12,92,87,206,996,242,1,0
278158,2,stairs,-20,79,11,116,116,243,997,294,1,0
278185,2,stairs,-25,71,10,147,157,280,997,353,1,0
278212,2,stairs,-29,67,9,178,185,313,998,405,1,0
278239,2,stairs,-29,63,9,191,200,332,998,432,1,0
278266,2,stairs,-25,58,10,183,181,327,998,416,1,0
278293,2,stairs,-17,58,11,151,137,294,998,358,1,0
278320,2,stairs,-15,58,11,85,94,224,998,258,1,0
278347,2,stairs,-17,54,11,-5,55,114,999,127,1,0
278374,2,stairs,-25,40,7,-105,53,8,998,117,1,0
278401,2,stairs,-45,20,0,-184,125,-44,997,227,1,0
278428,2,stairs,-54,-5,-6,-219,227,-68,996,322,1,0
278455,2,stairs,-53,-33,-10,-217,305,-105,996,389,1,0
278482,2,stairs,-65,-51,-16,-181,356,-150,996,426,1,0
278509,2,stairs,-90,-65,-26,-119,396,-167,995,446,1,0
278536,2,stairs,-125,-81,-42,-63,416,-146,993,446,1,0
278563,2,stairs,-143,-96,-52,-23,390,-94,993,402,1,0
278590,2,stairs,-139,-102,-51,2,319,-54,994,324,1,0
278626,2,stairs,-96,-112,-42,7,210,-54,993,217,1,0
278653,2,stairs,-48,-120,-34,10,131,-70,990,149,1,0
278680,2,stairs,-15,-122,-26,13,89,-79,991,120,1,0
278707,2,stairs,-8,-116,-21,19,77,-74,993,108,1,0
278734,2,stairs,-19,-104,-19,26,79,-69,994,108,1,0
278761,2,stairs,-40,-86,-20,24,70,-75,995,105,1,0
278788,2,stairs,-55,-70,-19,1,27,-89,995,93,1,0
278815,2,stairs,-53,-51,-14,-35,-47,-111,996,125,1,0
278842,2,stairs,-22,-46,-7,-93,-138,-140,995,218,1,0
278869,2,stairs,17,-45,0,-153,-218,-167,994,315,1,0
278896,2,stairs,48,-50,3,-205,-269,-182,993,384,1,0
278923,2,stairs,79,-61,4,-237,-309,-179,993,429,1,0
278950,2,stairs,99,-64,6,-235,-336,-155,994,438,1,0
278977,2,stairs,99,-64,7,-222,-320,-105,995,403,1,0
279004,2,stairs,83,-62,6,-204,-311,-37,996,374,1,0
279031,2,stairs,73,-58,7,-160,-322,39,996,361,1,0
279058,2,stairs,65,-50,8,-83,-316,113,997,346,1,0
279085,2,stairs,76,-41,11,25,-287,159,997,329,1,0
279112,2,stairs,69,-27,13,155,-186,176,997,300,1,0
279139,2,stairs,51,-8,13,278,-69,175,997,336,1,0
279166,2,stairs,12,13,8,352,48,166,994,392,1,0
279193,2,stairs,-43,42,-4,380,134,158,989,433,1,0
279220,2,stairs,-82,67,-12,364,166,165,988,433,1,0
279247,2,stairs,-114,90,-19,324,182,188,988,417,1,0
279274,2,stairs,-122,104,-19,271,166,204,991,378,1,0
279301,2,stairs,-109,105,-13,217,141,185,993,318,1,0
279328,2,stairs,-74,98,-3,182,105,144,993,255,1,0
279355,2,stairs,-31,88,5,178,75,88,992,212,1,0
279381,2,stairs,-5,80,11,215,70,42,993,230,1,0
279407,2,stairs,1,74,13,279,82,20,994,291,1,0
279433,2,stairs,1,73,14,342,89,12,995,354,1,0
279459,2,stairs,-6,82,14,389,84,11,996,398,1,0
279485,2,stairs,-12,95,14,409,65,10,997,414,1,0
279511,2,stairs,-12,108,14,394,37,11,997,396,1,0
279537,2,stairs,-3,122,16,352,-4,11,997,353,1,0
279564,2,stairs,7,136,18,293,-54,11,997,298,1,0
279591,2,stairs,21,144,19,219,-109,3,997,245,1,0
279618,2,stairs,30,147,21,150,-154,-6,997,215,1,0
279645,2,stairs,40,142,22,96,-170,-11,998,195,1,0
279672,2,stairs,48,132,23,55,-168,-11,998,177,1,0
279699,2,stairs,53,119,24,22,-149,-24,998,153,1,0
279726,2,stairs,41,110,22,-8,-105,-49,998,116,1,0
279753,2,stairs,28,101,19,-20,-31,-73,998,81,1,0
279780,2,stairs,17,82,17,-22,72,-83,997,112,1,0
279807,2,stairs,4,57,13,-31,182,-95,997,208,1,0
279834,2,stairs,-4,29,9,-36,255,-137,996,292,1,0
279861,2,stairs,-26,6,1,-17,288,-199,995,350,1,0
279888,2,stairs,-56,-16,-10,10,279,-231,993,362,1,0
279915,2,stairs,-80,-34,-19,24,255,-209,993,331,1,0
279942,2,stairs,-88,-36,-21,26,232,-141,994,272,1,0
279969,2,stairs,-74,-36,-16,1,208,-57,995,216,1,0
279996,2,stairs,-35,-34,-7,-39,173,10,994,178,1,0
280023,2,stairs,1,-33,0,-89,128,45,993,163,1,0
280050,2,stairs,20,-30,4,-135,79,45,994,163,1,0
280077,2,stairs,22,-24,7,-153,24,27,995,157,1,0
280104,2,stairs,11,-16,6,-152,-23,11,996,154,1,0
280131,2,stairs,9,-10,7,-144,-79,9,997,164,1,0
280158,2,stairs,20,-6,10,-133,-138,23,998,193,1,0
280185,2,stairs,39,-5,13,-136,-183,45,998,232,1,0
280212,2,stairs,58,-5,16,-152,-213,70,997,271,1,0
280239,2,stairs,76,-8,17,-179,-225,92,998,302,1,0
280266,2,stairs,89,-15,17,-216,-217,109,997,325,1,0
280293,2,stairs,111,-28,16,-262,-196,129,997,352,1,0
280320,2,stairs,118,-40,15,-302,-160,164,997,379,1,0
280356,2,stairs,108,-54,12,-318,-128,218,997,406,1,0
280383,2,stairs,81,-54,9,-305,-107,285,997,431,1,0
280410,2,stairs,57,-42,8,-275,-83,349,996,452,1,0
280437,2,stairs,42,-31,8,-238,-38,394,996,462,1,0
280464,2,stairs,33,-29,7,-192,3,415,997,458,1,0
280491,2,stairs,25,-35,5,-137,40,420,997,444,1,0
280518,2,stairs,0,-39,0,-64,71,421,997,432,1,0
280545,2,stairs,-30,-36,-6,21,77,421,996,428,1,0
280572,2,stairs,-68,-23,-15,106,76,427,994,446,1,0
280599,2,stairs,-103,0,-23,174,68,439,992,477,1,0
280626,2,stairs,-123,26,-26,207,62,440,992,490,1,0
280653,2,stairs,-129,46,-25,200,65,421,994,471,1,0
280680,2,stairs,-117,58,-19,168,60,384,995,423,1,0
280707,2,stairs,-83,57,-10,127,46,339,994,365,1,0
280733,2,stairs,-44,43,-2,88,35,297,993,312,1,0
280760,2,stairs,-13,40,4,84,46,274,993,290,1,0
280786,2,stairs,0,33,7,91,92,266,995,296,1,0
280812,2,stairs,-1,28,8,99,158,264,996,323,1,0
280839,2,stairs,-1,28,9,119,208,260,997,353,1,0
280866,2,stairs,-9,30,8,143,256,245,997,382,1,0
280893,2,stairs,-15,32,7,167,278,220,998,392,1,0
280920,2,stairs,-7,37,9,184,263,187,998,372,1,0
280947,2,stairs,-1,45,11,185,236,144,998,333,1,0
280974,2,stairs,-1,57,11,171,192,94,998,274,1,0
281001,2,stairs,3,70,12,149,148,37,998,214,1,0
281027,2,stairs,-1,74,12,103,128,-28,998,167,1,0
281054,2,stairs,-9,67,10,24,90,-100,998,137,1,0
281081,2,stairs,-17,56,7,-68,40,-159,998,178,1,0
281108,2,stairs,-28,46,4,-138,4,-194,998,238,1,0
281135,2,stairs,-41,31,0,-163,5,-210,997,266,1,0
281162,2,stairs,-48,11,-4,-149,39,-211,997,262,1,0
281189,2,stairs,-59,-11,-10,-133,114,-248,997,304,1,0
281216,2,stairs,-88,-35,-23,-116,186,-317,995,385,1,0
281243,2,stairs,-114,-61,-37,-84,222,-381,993,449,1,0
281270,2,stairs,-132,-80,-47,-51,225,-396,993,459,1,0
281297,2,stairs,-134,-101,-52,-45,190,-377,993,425,1,0
281324,2,stairs,-127,-106,-50,-46,134,-329,994,358,1,0
281351,2,stairs,-105,-111,-43,-67,67,-297,995,311,1,0
281378,2,stairs,-64,-114,-34,-99,6,-282,993,299,1,0
281405,2,stairs,-24,-117,-25,-130,-30,-282,992,312,1,0
281433,2,stairs,0,-119,-20,-168,-44,-285,993,334,1,0
281460,2,stairs,4,-118,-17,-200,-57,-306,995,369,1,0
281487,2,stairs,-1,-105,-14,-204,-87,-339,996,405,1,0
281514,2,stairs,-6,-89,-11,-190,-130,-374,996,439,1,0
281541,2,stairs,-4,-75,-7,-174,-171,-404,997,471,1,0
281568,2,stairs,3,-61,-2,-152,-202,-416,997,487,1,0
281595,2,stairs,21,-48,3,-128,-222,-409,997,483,1,0
281622,2,stairs,41,-42,8,-118,-217,-383,997,456,1,0
281649,2,stairs,67,-38,12,-124,-209,-346,997,423,1,0
281676,2,stairs,85,-37,14,-130,-189,-306,997,382,1,0
281703,2,stairs,97,-40,15,-140,-149,-268,997,337,1,0
281730,2,stairs,103,-45,15,-157,-100,-230,998,296,1,0
281757,2,stairs,99,-56,12,-195,-50,-190,998,276,1,0
281784,2,stairs,81,-68,7,-246,-56,-128,997,283,1,0
281811,2,stairs,67,-65,6,-242,-99,-88,997,276,1,0
281838,2,stairs,55,-56,6,-183,-107,-72,997,224,1,0
281865,2,stairs,62,-58,6,-91,-85,-45,997,133,1,0
281892,2,stairs,67,-63,6,0,-28,-8,998,29,1,0
281918,2,stairs,46,-72,1,72,45,13,997,86,1,0
281944,2,stairs,5,-69,-8,135,105,9,995,171,1,0
281971,2,stairs,-43,-54,-18,193,138,9,992,238,1,0
281998,2,stairs,-81,-35,-26,228,148,34,991,274,1,0
282025,2,stairs,-93,-11,-24,239,134,74,992,284,1,0
282052,2,stairs,-76,13,-15,229,94,85,992,262,1,0
282088,2,stairs,-31,30,-3,194,42,46,991,203,1,0
282114,2,stairs,-3,37,5,153,30,5,991,156,1,0
282140,2,stairs,0,35,7,124,69,-2,993,142,1,0
282166,2,stairs,-10,35,6,122,125,35,995,178,1,0
282193,2,stairs,-16,42,7,143,171,93,996,242,1,0
282220,2,stairs,-20,45,7,165,211,144,997,304,1,0
282247,2,stairs,-19,41,8,177,230,174,998,338,1,0
282274,2,stairs,-17,37,8,183,235,186,998,352,1,0
282301,2,stairs,-15,35,8,191,219,187,999,346,1,0
282328,2,stairs,-12,36,9,203,181,179,999,326,1,0
282355,2,stairs,-6,44,11,219,128,159,998,299,1,0
282382,2,stairs,1,57,13,238,66,114,998,272,1,0
282409,2,stairs,-2,63,13,235,27,33,998,239,1,0
282436,2,stairs,-10,61,11,198,14,-72,998,211,1,0
282463,2,stairs,-21,51,7,141,17,-170,998,221,1,0
282490,2,stairs,-8,38,8,66,22,-253,998,262,1,0
282517,2,stairs,-9,19,5,-19,81,-315,997,326,1,0
282544,2,stairs,-19,2,1,-80,175,-405,997,448,1,0
282571,2,stairs,-53,-16,-12,-78,281,-515,995,592,1,0
282598,2,stairs,-92,-44,-32,-14,331,-625,991,707,1,0
282625,2,stairs,-112,-67,-43,105,300,-664,991,736,1,0
282652,2,stairs,-111,-87,-46,229,206,-646,992,715,1,0
282679,2,stairs,-99,-95,-43,325,111,-588,994,681,1,0
282706,2,stairs,-85,-98,-38,363,43,-522,995,637,1,0
282733,2,stairs,-59,-97,-30,369,-37,-463,995,593,1,0
282760,2,stairs,-33,-91,-22,342,-107,-412,995,546,1,0
282787,2,stairs,-8,-77,-13,288,-162,-374,995,499,1,0
282814,2,stairs,-3,-60,-7,230,-205,-349,996,466,1,0
282841,2,stairs,-4,-44,-3,180,-247,-341,996,457,1,0
282868,2,stairs,-9,-37,-3,124,-284,-349,997,467,1,0
282895,2,stairs,-7,-35,-2,77,-331,-361,997,496,1,0
282922,2,stairs,12,-34,2,46,-387,-372,997,538,1,0
282949,2,stairs,35,7,10,63,-406,-385,994,563,1,0
282976,2,stairs,77,-1,14,35,-408,-416,993,584,1,0
283003,2,stairs,124,-8,16,3,-400,-448,991,601,1,0
283030,2,stairs,164,-14,16,-37,-403,-473,990,623,1,0
283057,2,stairs,178,-16,18,-70,-415,-489,992,645,1,0
283084,2,stairs,171,-10,20,-66,-436,-486,993,657,1,0
283111,2,stairs,152,-4,21,-17,-470,-458,994,656,1,0
283138,2,stairs,143,1,22,47,-534,-402,995,670,1,0
283165,2,stairs,137,6,23,102,-562,-326,996,658,1,0
283192,2,stairs,117,14,23,132,-466,-264,996,551,1,0
283219,2,stairs,110,17,23,169,-314,-236,996,428,1,0
283246,2,stairs,127,11,23,196,-182,-253,996,368,1,0
283273,2,stairs,127,4,22,194,-93,-292,997,363,1,0
283300,2,stairs,93,8,18,185,-63,-342,996,394,1,0
283327,2,stairs,44,22,12,183,-80,-371,993,421,1,0
283354,2,stairs,-17,48,0,193,-117,-420,987,477,1,0
283381,2,stairs,-63,72,-10,190,-168,-461,986,526,1,0
283408,2,stairs,-76,88,-10,162,-174,-526,988,578,1,0
283435,2,stairs,-59,93,-3,122,-131,-601,990,627,1,0
283462,2,stairs,-25,85,5,77,-83,-682,991,691,1,0
283489,2,stairs,10,69,10,40,-51,-773,991,776,1,0
283516,2,stairs,30,53,13,9,-52,-857,992,859,1,0
283543,2,stairs,33,43,15,-15,-66,-931,994,933,1,0
283570,2,stairs,29,48,16,-25,-82,-993,995,997,1,0
283597,2,stairs,30,63,17,-28,-92,-1053,996,1058,1,0
283624,2,stairs,33,74,19,-40,-101,-1115,996,1121,1,0
283651,2,stairs,49,77,21,-63,-135,-1176,996,1185,1,0
283678,2,stairs,69,74,23,-92,-174,-1223,996,1239,1,0
283705,2,stairs,87,72,24,-119,-204,-1255,996,1277,1,0
283732,2,stairs,106,75,25,-150,-213,-1275,996,1302,1,0
283759,2,stairs,112,79,26,-194,-204,-1293,997,1323,1,0
283786,2,stairs,112,77,26,-250,-201,-1327,997,1365,1,0
283822,2,stairs,120,64,25,-298,-249,-1410,997,1462,1,0
283849,2,stairs,120,48,24,-304,-251,-1507,997,1558,1,0
283877,2,stairs,108,17,19,-292,-124,-1573,996,1604,1,0
283904,2,stairs,84,-10,13,-293,70,-1561,995,1590,1,0
283931,2,stairs,41,-29,4,-317,274,-1508,992,1565,1,0
283958,2,stairs,-1,-43,-5,-356,395,-1471,991,1564,1,0
283985,2,stairs,-36,-53,-13,-392,398,-1462,991,1565,1,0
284013,2,stairs,-55,-54,-16,-396,291,-1469,993,1549,1,0
284041,2,stairs,-56,-52,-14,-366,178,-1466,994,1521,1,0
284069,2,stairs,-40,-54,-11,-323,122,-1438,995,1479,1,0
284097,2,stairs,-11,-57,-6,-278,126,-1379,994,1413,1,0
284124,2,stairs,19,-60,-3,-228,146,-1313,994,1340,1,0
284151,2,stairs,50,-67,-1,-179,151,-1256,994,1278,1,0
284178,2,stairs,74,-71,1,-127,139,-1213,994,1228,1,0
284205,2,stairs,95,-72,2,-69,123,-1185,994,1194,1,0
284232,2,stairs,109,-70,4,-7,110,-1172,995,1177,1,0
284259,2,stairs,123,-70,5,45,88,-1170,996,1174,1,0
284286,2,stairs,139,-66,6,102,51,-1173,996,1179,1,0
284313,2,stairs,152,-54,8,164,12,-1171,996,1183,1,0
284340,2,stairs,167,-41,9,216,-22,-1147,996,1167,1,0
284367,2,stairs,183,-28,10,251,-56,-1098,996,1128,1,0
284394,2,stairs,184,-12,13,279,-89,-1024,996,1065,1,0
284421,2,stairs,169,2,16,310,-91,-944,997,998,1,0
284448,2,stairs,136,12,16,330,-41,-873,996,934,1,0
284475,2,stairs,102,17,16,323,12,-823,995,885,1,0
284502,2,stairs,72,20,15,280,49,-779,995,830,1,0
284529,2,stairs,49,26,14,203,54,-739,995,768,1,0
284556,2,stairs,32,29,14,109,32,-713,996,722,1,0
284583,2,stairs,16,33,13,33,25,-706,996,707,1,0
284610,2,stairs,1,45,13,5,54,-717,996,719,1,0
284637,2,stairs,-7,57,13,16,120,-740,997,750,1,0
284664,2,stairs,-3,64,14,50,226,-755,997,790,1,0
284691,2,stairs,12,64,16,76,321,-761,997,829,1,0
284718,2,stairs,28,63,17,86,377,-768,997,860,1,0
284745,2,stairs,37,66,18,98,382,-773,998,867,1,0
284772,2,stairs,34,67,18,104,358,-766,998,852,1,0
284799,2,stairs,28,64,18,83,319,-753,998,822,1,0
284826,2,stairs,20,66,17,39,274,-752,999,801,1,0
284853,2,stairs,10,69,16,-3,224,-772,998,804,1,0
284880,2,stairs,-2,72,14,-22,182,-817,998,837,1,0
284907,2,stairs,-12,72,13,-25,146,-883,998,895,1,0
284934,2,stairs,-19,70,12,-14,123,-976,998,983,1,0
284961,2,stairs,-27,70,10,23,124,-1097,999,1104,1,0
284988,2,stairs,-35,50,7,61,159,-1186,998,1198,1,0
285015,2,stairs,-47,15,0,70,209,-1190,996,1210,1,0
285042,2,stairs,-56,-5,-4,85,267,-1141,996,1175,1,0
285069,2,stairs,-78,-15,-10,100,308,-1087,996,1134,1,0
285096,2,stairs,-96,-34,-17,85,304,-1030,995,1078,1,0
285123,2,stairs,-90,-55,-19,38,260,-960,995,996,1,0
285150,2,stairs,-59,-73,-18,-24,194,-886,994,907,1,0
285177,2,stairs,-25,-77,-14,-81,161,-810,993,830,1,0
285204,2,stairs,-7,-76,-10,-128,181,-763,994,794,1,0
285231,2,stairs,-8,-76,-9,-156,216,-740,995,786,1,0
285258,2,stairs,-10,-75,-9,-160,231,-735,996,787,1,0
285285,2,stairs,-3,-70,-6,-143,217,-728,997,773,1,0
285312,2,stairs,10,-62,-3,-120,196,-709,997,745,1,0
285339,2,stairs,19,-52,0,-109,190,-672,997,707,1,0
285366,2,stairs,20,-44,2,-118,190,-624,997,663,1,0
285393,2,stairs,11,-40,1,-142,191,-574,998,621,1,0
285420,2,stairs,8,-39,1,-167,180,-524,998,579,1,0
285447,2,stairs,15,-42,2,-181,161,-474,998,532,1,0
285474,2,stairs,31,-48,2,-178,147,-423,998,482,1,0
285501,2,stairs,44,-54,2,-155,153,-371,998,430,1,0
285528,2,stairs,54,-58,1,-109,172,-319,998,379,1,0
285564,2,stairs,57,-61,1,-42,188,-269,998,331,1,0
285591,2,stairs,59,-58,2,21,184,-224,998,291,1,0
285618,2,stairs,52,-54,2,64,173,-181,998,258,1,0
285645,2,stairs,25,-49,-1,84,168,-130,997,228,1,0
285672,2,stairs,2,-47,-3,90,157,-84,997,199,1,0
285699,2,stairs,1,-52,-4,89,136,-64,997,175,1,0
285725,2,stairs,22,-62,-4,70,114,-53,996,143,1,0
285752,2,stairs,40,-72,-5,20,106,-35,996,114,1,0
285779,2,stairs,53,-80,-6,-40,97,-25,996,108,1,0
285806,2,stairs,56,-82,-6,-78,95,-26,997,126,1,0
285833,2,stairs,50,-79,-6,-99,110,-30,997,151,1,0
285860,2,stairs,44,-77,-6,-106,138,-26,998,176,1,0
285887,2,stairs,23,-68,-6,-95,195,-10,997,217,1,0
285914,2,stairs,3,-61,-6,-55,188,3,997,195,1,0
285940,2,stairs,1,-56,-5,38,139,-16,998,145,1,0
285967,2,stairs,13,-57,-4,147,71,-58,998,173,1,0
285994,2,stairs,2,-40,-2,256,35,-94,998,275,1,0
286021,2,stairs,-41,-15,-6,332,40,-119,994,355,1,0
286048,2,stairs,-105,17,-21,380,50,-154,987,413,1,0
286075,2,stairs,-162,51,-37,397,38,-158,982,429,1,0
286102,2,stairs,-196,85,-44,372,16,-138,982,397,1,0
286129,2,stairs,-200,111,-42,296,18,-114,985,317,1,0
286156,2,stairs,-179,126,-32,187,57,-121,988,230,1,0
286183,2,stairs,-135,125,-18,87,91,-153,988,198,1,0
286210,2,stairs,-89,109,-8,26,143,-197,988,245,1,0
286237,2,stairs,-64,86,-2,27,212,-232,989,315,1,0
286264,2,stairs,-54,64,0,83,277,-242,991,377,1,0
286291,2,stairs,-59,49,0,171,331,-235,993,441,1,0
286318,2,stairs,-70,47,-2,261,365,-221,994,500,1,0
286345,2,stairs,-81,56,-2,328,384,-206,996,546,1,0
286372,2,stairs,-92,64,-4,354,393,-191,996,563,1,0
286399,2,stairs,-102,75,-5,353,373,-175,996,542,1,0
286426,2,stairs,-112,82,-8,332,343,-154,997,502,1,0
286453,2,stairs,-114,89,-8,304,299,-134,997,447,1,0
286480,2,stairs,-106,96,-5,277,249,-125,998,393,1,0
286507,2,stairs,-91,96,-2,238,204,-140,998,343,1,0
286534,2,stairs,-70,88,2,177,158,-191,998,305,1,0
286561,2,stairs,-58,80,5,92,121,-262,998,302,1,0
286588,2,stairs,-42,75,7,-15,85,-339,997,350,1,0
286615,2,stairs,-36,71,8,-135,92,-417,997,448,1,0
286642,2,stairs,-40,60,7,-261,185,-483,998,580,1,0
286669,2,stairs,-53,36,1,-354,338,-540,997,729,1,0
286696,2,stairs,-80,2,-12,-385,479,-570,994,838,1,0
286723,2,stairs,-115,-33,-30,-351,550,-552,991,855,1,0
286750,2,stairs,-146,-60,-47,-284,557,-485,989,791,1,0
286777,2,stairs,-162,-71,-53,-202,515,-390,991,677,1,0
286804,2,stairs,-162,-66,-50,-127,466,-307,993,572,1,0
286831,2,stairs,-143,-59,-41,-77,425,-250,994,499,1,0
286858,2,stairs,-116,-59,-33,-58,392,-201,994,445,1,0
286885,2,stairs,-93,-61,-26,-51,350,-146,995,383,1,0
286912,2,stairs,-86,-60,-22,-41,301,-87,996,316,1,0
286939,2,stairs,-89,-56,-22,-29,253,-33,997,257,1,0
286966,2,stairs,-91,-54,-22,-25,200,7,997,202,1,0
286993,2,stairs,-84,-56,-20,-34,135,29,998,142,1,0
287020,2,stairs,-67,-58,-16,-46,59,29,998,80,1,0
287047,2,stairs,-41,-61,-11,-51,-11,12,997,54,1,0
287074,2,stairs,-12,-64,-6,-50,-68,-11,997,85,1,0
287101,2,stairs,16,-65,-2,-41,-114,-26,996,124,1,0
287128,2,stairs,37,-59,3,-25,-145,-30,996,150,1,0
287155,2,stairs,46,-49,7,-10,-167,-27,996,169,1,0
287182,2,stairs,53,-42,9,-4,-186,-12,997,187,1,0
287209,2,stairs,50,-38,10,-23,-202,20,997,205,1,0
287236,2,stairs,41,-37,9,-53,-244,72,998,260,1,0
287263,2,stairs,22,-36,6,-50,-268,143,997,308,1,0
287299,2,stairs,13,-34,4,12,-310,224,997,383,1,0
287326,2,stairs,6,-22,5,124,-311,273,997,432,1,0
287353,2,stairs,-9,-5,4,258,-241,290,997,457,1,0
287380,2,stairs,-26,6,3,353,-128,288,997,473,1,0
287407,2,stairs,-52,9,-4,401,-26,291,996,496,1,0
287434,2,stairs,-83,20,-12,417,43,305,995,518,1,0
287461,2,stairs,-108,35,-18,394,83,329,995,520,1,0
287488,2,stairs,-119,56,-20,334,103,340,995,488,1,0
287515,2,stairs,-111,80,-15,267,114,323,995,434,1,0
287542,2,stairs,-90,93,-8,192,140,270,995,360,1,0
287569,2,stairs,-60,91,0,129,177,204,995,299,1,0
287596,2,stairs,-25,78,7,90,213,143,994,272,1,0
287623,2,stairs,-3,62,11,86,252,98,995,284,1,0
287650,2,stairs,-5,53,10,111,302,74,996,330,1,0
287676,2,stairs,-20,51,8,150,344,77,997,383,1,0
287703,2,stairs,-36,53,4,179,359,97,997,412,1,0
287730,2,stairs,-41,63,4,188,330,119,997,398,1,0
287757,2,stairs,-40,78,5,173,266,122,998,340,1,0
287784,2,stairs,-39,94,6,136,186,101,997,252,1,0
287810,2,stairs,-41,106,5,84,102,70,997,150,1,0
287837,2,stairs,-38,111,6,17,24,40,997,50,1,0
287864,2,stairs,-32,108,8,-65,-43,0,998,78,1,0
287891,2,stairs,-33,92,7,-166,-96,-65,998,202,1,0
287918,2,stairs,-42,71,3,-269,-117,-138,997,324,1,0
287945,2,stairs,-57,53,-3,-359,-80,-215,997,426,1,0
287972,2,stairs,-48,15,-6,-438,-27,-286,995,524,1,0
287999,2,stairs,-38,-26,-10,-480,36,-360,993,601,1,0
288026,2,stairs,-48,-64,-20,-458,108,-426,992,635,1,0
288053,2,stairs,-76,-91,-36,-367,157,-454,991,604,1,0
288080,2,stairs,-114,-118,-59,-236,180,-415,988,511,1,0
288107,2,stairs,-143,-121,-70,-72,183,-320,989,375,1,0
288134,2,stairs,-137,-115,-64,64,180,-206,991,281,1,0
288161,2,stairs,-96,-100,-46,155,194,-94,990,266,1,0
288188,2,stairs,-37,-87,-28,186,227,-7,987,294,1,0
288215,2,stairs,6,-86,-17,150,266,56,987,310,1,0
288242,2,stairs,17,-92,-13,76,281,92,990,305,1,0
288269,2,stairs,2,-94,-15,3,273,102,992,291,1,0
288296,2,stairs,-13,-87,-15,-46,219,109,993,248,1,0
288323,2,stairs,-17,-74,-12,-74,128,108,994,184,1,0
288350,2,stairs,-9,-64,-7,-91,31,91,995,132,1,0
288377,2,stairs,11,-58,-1,-97,-75,56,995,135,1,0
288404,2,stairs,26,-54,3,-95,-171,18,996,196,1,0
288431,2,stairs,39,-58,5,-89,-249,-11,996,264,1,0
288458,2,stairs,54,-67,6,-80,-308,-11,996,318,1,0
288485,2,stairs,69,-76,6,-80,-342,19,996,352,1,0
288512,2,stairs,91,-89,5,-94,-378,55,996,393,1,0
288539,2,stairs,95,-92,5,-106,-401,88,997,424,1,0
288566,2,stairs,74,-81,5,-71,-380,136,996,410,1,0
288593,2,stairs,41,-57,3,23,-307,200,995,367,1,0
288620,2,stairs,13,-28,2,134,-186,264,993,350,1,0
288647,2,stairs,-7,-3,2,211,-78,303,993,377,1,0
288674,2,stairs,-17,10,2,242,-35,310,994,395,1,0
288701,2,stairs,-32,20,0,243,-45,294,995,384,1,0
288728,2,stairs,-52,27,-4,227,-78,279,995,368,1,0
288755,2,stairs,-71,37,-8,204,-98,274,995,355,1,0
288782,2,stairs,-75,48,-7,180,-100,270,996,340,1,0
288809,2,stairs,-70,58,-4,154,-84,249,997,305,1,0
288836,2,stairs,-48,61,2,129,-71,200,996,249,1,0
288863,2,stairs,-21,59,8,112,-57,137,996,186,1,0
288890,2,stairs,-1,56,13,103,-26,77,996,131,1,0
288917,2,stairs,6,52,15,96,7,39,997,104,1,0
288943,2,stairs,11,50,16,91,25,24,998,98,1,0
288969,2,stairs,16,54,18,82,29,23,998,90,1,0
288995,2,stairs,20,63,19,63,26,21,998,72,1,0
289030,2,stairs,24,67,20,37,46,10,998,60,1,0
289056,2,stairs,31,62,21,28,69,-10,999,75,1,0
289082,2,stairs,45,54,23,42,85,-38,998,103,1,0
289109,2,stairs,54,52,24,93,97,-76,998,154,1,0
289136,2,stairs,54,54,24,158,118,-121,998,232,1,0
289163,2,stairs,51,66,24,235,136,-165,998,317,1,0
289190,2,stairs,44,81,23,300,142,-190,998,383,1,0
289217,2,stairs,35,94,22,322,139,-191,998,400,1,0
289244,2,stairs,15,102,18,292,138,-175,997,368,1,0
289271,2,stairs,-7,103,12,200,122,-162,997,285,1,0
289298,2,stairs,-17,99,10,67,94,-168,997,204,1,0
289325,2,stairs,-17,87,10,-92,97,-211,998,250,1,0
289352,2,stairs,-4,56,10,-262,139,-272,996,403,1,0
289379,2,stairs,0,23,6,-382,219,-351,995,563,1,0
289406,2,stairs,-18,-14,-4,-437,307,-416,993,677,1,0
289433,2,stairs,-46,-47,-18,-436,350,-460,992,724,1,0
289460,2,stairs,-63,-81,-32,-411,319,-428,990,674,1,0
289487,2,stairs,-70,-94,-35,-352,241,-367,992,563,1,0
289514,2,stairs,-71,-97,-35,-294,170,-310,994,460,1,0
289541,2,stairs,-72,-99,-34,-241,131,-266,995,382,1,0
289568,2,stairs,-71,-102,-33,-185,117,-214,997,306,1,0
289595,2,stairs,-62,-106,-31,-131,112,-143,997,224,1,0
289622,2,stairs,-44,-103,-25,-84,100,-60,998,144,1,0
289649,2,stairs,-27,-92,-18,-49,94,16,998,107,1,0
289676,2,stairs,-19,-80,-13,-30,96,71,998,123,1,0
289703,2,stairs,-15,-75,-11,-27,98,99,998,142,1,0
289730,2,stairs,-5,-74,-8,-32,76,115,998,142,1,0
289757,2,stairs,9,-70,-4,-34,36,131,998,140,1,0
289784,2,stairs,28,-58,2,-22,-12,155,998,157,1,0
289811,2,stairs,44,-44,8,-10,-58,191,997,200,1,0
289838,2,stairs,60,-28,13,-12,-110,233,997,258,1,0
289865,2,stairs,72,-16,17,-32,-168,288,997,335,1,0
289892,2,stairs,77,-10,19,-70,-233,359,997,434,1,0
289919,2,stairs,82,-6,20,-120,-293,443,998,544,1,0
289946,2,stairs,79,-10,19,-194,-338,543,998,668,1,0
289973,2,stairs,73,-23,16,-285,-406,645,998,813,1,0
290000,2,stairs,64,-34,12,-304,-493,745,998,944,1,0
290027,2,stairs,59,-44,9,-245,-594,822,998,1043,1,0
290054,2,stairs,68,-56,8,-133,-662,859,997,1092,1,0
290081,2,stairs,60,-50,8,10,-651,878,998,1093,1,0
290108,2,stairs,37,-39,6,131,-553,890,997,1056,1,0
290135,2,stairs,-5,-25,-3,201,-422,895,994,1010,1,0
290162,2,stairs,-54,-5,-15,218,-295,907,991,979,1,0
290189,2,stairs,-87,26,-22,216,-206,921,990,968,1,0
290216,2,stairs,-96,62,-21,220,-129,918,990,953,1,0
290243,2,stairs,-90,88,-16,243,-43,894,991,928,1,0
290270,2,stairs,-72,89,-8,271,39,861,992,903,1,0
290297,2,stairs,-31,77,2,291,84,822,992,876,1,0
290324,2,stairs,6,67,9,309,104,767,991,833,1,0
290351,2,stairs,32,58,15,322,105,693,992,771,1,0
290378,2,stairs,34,46,15,312,119,619,994,703,1,0
290405,2,stairs,26,37,14,283,126,559,995,639,1,0
290432,2,stairs,11,31,11,245,125,525,996,592,1,0
290459,2,stairs,6,36,11,213,119,511,997,566,1,0
290486,2,stairs,6,43,13,182,127,501,998,548,1,0
290513,2,stairs,10,48,15,143,130,475,998,513,1,0
290540,2,stairs,23,59,18,117,123,430,998,463,1,0
290567,2,stairs,37,69,21,96,100,374,998,399,1,0
290593,2,stairs,45,74,23,72,69,316,998,331,1,0
290619,2,stairs,51,81,24,47,47,264,998,272,1,0
290645,2,stairs,53,88,24,20,30,222,998,225,1,0
290671,2,stairs,56,88,25,-29,1,188,998,190,1,0
290698,2,stairs,52,84,24,-112,-38,151,998,192,1,0
290725,2,stairs,53,82,24,-202,-99,100,998,246,1,0
290761,2,stairs,51,71,23,-299,-110,29,998,320,1,0
290788,2,stairs,44,52,20,-378,-24,-26,998,379,1,0
290815,2,stairs,33,31,15,-413,150,-77,997,446,1,0
290842,2,stairs,23,1,9,-414,328,-135,996,545,1,0
290869,2,stairs,-2,-27,-2,-382,448,-204,995,623,1,0
290896,2,stairs,-43,-48,-18,-322,492,-262,992,644,1,0
290923,2,stairs,-88,-55,-35,-247,480,-309,990,622,1,0
290950,2,stairs,-126,-56,-49,-187,429,-287,989,549,1,0
290977,2,stairs,-139,-58,-52,-158,361,-241,991,462,1,0
291004,2,stairs,-123,-58,-45,-131,277,-190,993,361,1,0
291031,2,stairs,-95,-63,-35,-102,189,-140,993,256,1,0
291058,2,stairs,-66,-73,-28,-75,127,-94,994,175,1,0
291085,2,stairs,-55,-78,-24,-50,104,-43,995,123,1,0
291112,2,stairs,-64,-80,-27,-50,111,8,996,122,1,0
291139,2,stairs,-71,-77,-27,-67,114,45,997,140,1,0
291166,2,stairs,-77,-71,-28,-88,103,53,998,146,1,0
291193,2,stairs,-69,-65,-24,-103,74,34,998,132,1,0
291220,2,stairs,-54,-61,-18,-101,52,1,998,114,1,0
291247,2,stairs,-29,-65,-13,-81,29,-35,998,93,1,0
291274,2,stairs,-4,-69,-8,-48,-5,-62,997,79,1,0
291301,2,stairs,14,-70,-4,-17,-40,-72,997,84,1,0
291328,2,stairs,33,-67,0,8,-75,-64,997,99,1,0
291355,2,stairs,52,-52,7,22,-99,-44,997,110,1,0
291382,2,stairs,59,-43,10,2,-99,-17,997,101,1,0
291409,2,stairs,68,-43,11,-48,-111,10,997,121,1,0
291436,2,stairs,75,-48,12,-98,-151,38,998,184,1,0
291463,2,stairs,76,-52,11,-136,-229,75,998,276,1,0
291490,2,stairs,66,-54,9,-146,-310,123,998,364,1,0
291517,2,stairs,63,-44,10,-111,-377,170,998,429,1,0
291544,2,stairs,58,-32,12,-70,-400,208,998,456,1,0
291571,2,stairs,57,-26,13,-59,-379,229,998,446,1,0
291598,2,stairs,53,-31,11,-51,-327,237,998,407,1,0
291625,2,stairs,40,-28,9,-14,-258,246,998,356,1,0
291652,2,stairs,20,-14,7,45,-174,256,997,313,1,0
291679,2,stairs,-10,6,2,106,-115,260,995,304,1,0
291706,2,stairs,-54,29,-9,151,-84,262,992,313,1,0
291733,2,stairs,-90,50,-19,167,-91,261,991,323,1,0
291760,2,stairs,-96,70,-17,166,-129,250,992,327,1,0
291787,2,stairs,-78,84,-10,150,-161,220,993,311,1,0
291814,2,stairs,-50,83,-1,121,-163,178,994,270,1,0
291841,2,stairs,-9,71,7,100,-150,126,993,220,1,0
291868,2,stairs,30,54,13,121,-141,69,992,198,1,0
291895,2,stairs,49,43,16,173,-110,21,993,206,1,0
291922,2,stairs,53,38,18,211,-40,-4,994,215,1,0
291949,2,stairs,38,49,17,219,31,9,995,222,1,0
291975,2,stairs,39,68,19,204,74,43,995,221,1,0
292002,2,stairs,45,78,22,168,117,69,996,216,1,0
292029,2,stairs,54,76,24,123,139,73,997,199,1,0
292056,2,stairs,67,79,26,78,128,59,997,161,1,0
292082,2,stairs,80,77,28,25,84,37,997,95,1,0
292108,2,stairs,89,70,28,-30,1,12,998,32,1,0
292134,2,stairs,89,62,27,-80,-94,-14,998,124,1,0
292161,2,stairs,90,51,27,-124,-180,-37,998,222,1,0
292188,2,stairs,76,42,24,-156,-230,-77,998,288,1,0
292215,2,stairs,73,31,23,-161,-216,-140,998,304,1,0
292242,2,stairs,55,10,16,-139,-107,-180,997,251,1,0
292269,2,stairs,29,-5,9,-99,48,-183,996,213,1,0
292296,2,stairs,-12,-13,-3,-74,189,-185,994,275,1,0
292323,2,stairs,-49,-21,-14,-69,237,-202,992,319,1,0
292350,2,stairs,-79,-25,-23,-75,196,-222,992,306,1,0
292377,2,stairs,-86,-27,-24,-88,132,-228,994,278,1,0
292404,2,stairs,-76,-30,-21,-112,114,-215,995,268,1,0
292431,2,stairs,-61,-37,-18,-138,153,-175,995,270,1,0
292458,2,stairs,-49,-44,-15,-136,207,-117,996,274,1,0
292494,2,stairs,-38,-45,-11,-88,217,-60,997,242,1,0
292521,2,stairs,-33,-41,-9,-27,194,-7,998,196,1,0
292548,2,stairs,-28,-37,-6,22,151,42,998,158,1,0
292575,2,stairs,-19,-31,-3,55,93,87,998,139,1,0
292602,2,stairs,-12,-32,-1,62,41,119,998,140,1,0
292629,2,stairs,2,-35,1,60,-23,145,998,158,1,0
292656,2,stairs,18,-44,2,51,-92,175,998,204,1,0
292683,2,stairs,43,-60,2,29,-159,215,997,269,1,0
292710,2,stairs,69,-69,3,10,-222,260,996,342,1,0
292737,2,stairs,86,-77,3,-12,-278,293,996,404,1,0
292764,2,stairs,85,-79,3,-37,-321,305,996,445,1,0
292791,2,stairs,80,-73,4,-61,-362,301,997,475,1,0
292818,2,stairs,71,-61,6,-84,-376,316,997,498,1,0
292845,2,stairs,56,-39,7,-77,-348,350,997,500,1,0
292872,2,stairs,36,-15,8,-19,-289,390,996,486,1,0
292899,2,stairs,17,7,7,84,-208,419,995,475,1,0
292925,2,stairs,8,20,8,182,-130,430,996,484,1,0
292952,2,stairs,5,31,9,246,-95,418,996,495,1,0
292978,2,stairs,-3,48,9,266,-127,391,996,490,1,0
293005,2,stairs,-19,69,7,229,-182,350,996,456,1,0
293032,2,stairs,-35,97,4,156,-244,278,995,401,1,0
293059,2,stairs,-38,119,4,71,-288,169,995,342,1,0
293086,2,stairs,-37,123,5,8,-267,40,996,270,1,0
293113,2,stairs,-30,109,7,-9,-191,-77,996,206,1,0
293140,2,stairs,-18,84,8,29,-100,-161,996,191,1,0
293167,2,stairs,0,62,10,111,-30,-211,996,240,1,0
293194,2,stairs,22,51,13,215,10,-242,996,324,1,0
293221,2,stairs,41,54,17,306,56,-272,996,413,1,0
293248,2,stairs,52,60,20,344,111,-316,997,480,1,0
293275,2,stairs,54,60,21,318,155,-385,997,523,1,0
293302,2,stairs,48,58,20,253,158,-471,998,557,1,0
293329,2,stairs,38,55,18,187,112,-563,998,603,1,0
293356,2,stairs,29,49,16,117,20,-662,998,672,1,0
293383,2,stairs,29,45,16,45,-107,-777,998,786,1,0
293410,2,stairs,32,43,16,-17,-237,-923,998,953,1,0
293437,2,stairs,22,43,14,-29,-305,-1094,998,1136,1,0
293464,2,stairs,-4,36,8,-18,-309,-1243,998,1281,1,0
293491,2,stairs,-28,25,1,-22,-277,-1348,997,1377,1,0
293518,2,stairs,-49,11,-6,-76,-240,-1404,996,1427,1,0
293546,2,stairs,-58,-2,-10,-160,-224,-1425,997,1451,1,0
293574,2,stairs,-48,-14,-9,-242,-204,-1420,997,1455,1,0
293602,2,stairs,-26,-23,-6,-289,-143,-1399,997,1436,1,0
293630,2,stairs,-5,-35,-3,-291,-24,-1362,996,1393,1,0
293657,2,stairs,21,-49,-1,-249,109,-1315,996,1343,1,0
293684,2,stairs,51,-67,-1,-176,205,-1270,995,1298,1,0
293711,2,stairs,62,-82,-2,-76,257,-1235,995,1264,1,0
293738,2,stairs,74,-97,-4,21,263,-1214,995,1242,1,0
293765,2,stairs,99,-102,-2,105,224,-1217,995,1242,1,0
293792,2,stairs,112,-93,2,172,175,-1238,996,1262,1,0
293819,2,stairs,120,-82,5,203,130,-1266,996,1289,1,0
293846,2,stairs,124,-74,7,188,88,-1281,997,1298,1,0
293873,2,stairs,125,-60,10,153,49,-1267,997,1277,1,0
293900,2,stairs,122,-48,12,107,24,-1222,998,1227,1,0
293927,2,stairs,113,-34,14,65,30,-1143,997,1146,1,0
293954,2,stairs,95,-17,15,24,65,-1047,997,1049,1,0
293981,2,stairs,82,-2,16,-2,103,-959,997,964,1,0
294008,2,stairs,63,12,15,32,148,-892,997,905,1,0
294035,2,stairs,31,23,11,125,246,-843,995,887,1,0
294062,2,stairs,-11,34,3,241,375,-789,993,906,1,0
294089,2,stairs,-64,44,-11,323,491,-728,990,935,1,0
294116,2,stairs,-108,56,-24,358,520,-653,988,908,1,0
294143,2,stairs,-134,71,-30,348,432,-577,989,801,1,0
294170,2,stairs,-129,96,-26,293,266,-519,991,652,1,0
294197,2,stairs,-111,127,-20,220,162,-512,990,580,1,0
294233,2,stairs,-109,128,-17,149,159,-573,992,613,1,0
294260,2,stairs,-118,104,-20,112,195,-630,993,669,1,0
294287,2,stairs,-122,68,-24,124,220,-664,992,711,1,0
294314,2,stairs,-117,32,-26,182,194,-678,992,729,1,0
294341,2,stairs,-100,8,-22,269,132,-703,993,764,1,0
294368,2,stairs,-74,-5,-16,354,83,-768,993,850,1,0
294395,2,stairs,-50,-10,-9,406,72,-890,994,981,1,0
294422,2,stairs,-26,-15,-4,409,84,-1055,994,1134,1,0
294449,2,stairs,-17,-22,-2,379,106,-1223,995,1284,1,0
294476,2,stairs,-15,-28,-1,335,93,-1370,996,1414,1,0
294503,2,stairs,-21,-24,-2,294,43,-1481,997,1511,1,0
294530,2,stairs,-39,-9,-4,267,-20,-1558,996,1581,1,0
294557,2,stairs,-63,12,-9,241,-70,-1604,996,1624,1,0
294584,2,stairs,-78,45,-11,199,-97,-1642,994,1657,1,0
294611,2,stairs,-97,85,-17,133,-92,-1688,992,1696,1,0
294638,2,stairs,-100,114,-17,44,-110,-1757,992,1761,1,0
294666,2,stairs,-95,129,-15,-74,-138,-1854,994,1860,1,0
294694,2,stairs,-72,135,-7,-202,-140,-1929,994,1944,1,0
294722,2,stairs,-63,122,-4,-298,-54,-1986,995,2009,1,0
294749,2,stairs,-61,86,-5,-328,85,-2030,995,2058,1,0
294776,2,stairs,-81,44,-15,-260,231,-2061,992,2090,1,0
294803,2,stairs,-111,13,-30,-123,339,-2069,990,2100,1,0
294831,2,stairs,-142,2,-43,39,400,-1966,990,2007,1,0
294858,2,stairs,-151,3,-44,152,407,-1798,993,1850,1,0
294885,2,stairs,-119,20,-31,192,362,-1614,993,1665,1,0
294912,2,stairs,-80,36,-17,166,333,-1467,992,1514,1,0
294939,2,stairs,-55,40,-8,119,341,-1362,992,1409,1,0
294966,2,stairs,-45,29,-4,80,354,-1274,994,1325,1,0
294993,2,stairs,-29,12,-1,59,324,-1194,995,1238,1,0
295020,2,stairs,-13,5,4,51,253,-1100,996,1130,1,0
295047,2,stairs,9,10,9,43,180,-993,996,1010,1,0
295074,2,stairs,40,24,16,34,108,-891,995,898,1,0
295101,2,stairs,76,36,22,17,52,-809,994,811,1,0
295128,2,stairs,105,39,26,2,9,-747,994,747,1,0
295155,2,stairs,110,35,28,1,-21,-684,995,685,1,0
295182,2,stairs,105,39,28,46,-55,-598,996,602,1,0
295209,2,stairs,98,44,28,119,-84,-495,997,516,1,0
295236,2,stairs,96,44,28,173,-92,-414,997,458,1,0
295263,2,stairs,84,44,26,231,-60,-321,997,400,1,0
295290,2,stairs,52,32,19,296,87,-209,996,373,1,0
295317,2,stairs,15,9,8,353,285,-94,994,463,1,0
295344,2,stairs,1,-32,-1,385,407,5,992,560,1,0
295371,2,stairs,-3,-74,-11,369,415,67,991,559,1,0
295398,2,stairs,-31,-86,-20,303,381,127,991,503,1,0
295425,2,stairs,-64,-71,-27,182,374,172,991,451,1,0
295452,2,stairs,-97,-50,-34,29,405,191,990,448,1,0
295479,2,stairs,-110,-42,-36,-113,419,198,992,477,1,0
295506,2,stairs,-104,-43,-32,-214,386,202,994,485,1,0
295533,2,stairs,-87,-47,-26,-246,315,198,995,446,1,0
295560,2,stairs,-75,-45,-21,-208,234,181,996,362,1,0
295587,2,stairs,-68,-34,-16,-128,142,160,996,249,1,0
295614,2,stairs,-65,-14,-12,-49,60,148,997,167,1,0
295641,2,stairs,-61,8,-8,5,-19,148,997,149,1,0
295668,2,stairs,-66,24,-8,38,-89,151,997,180,1,0
295695,2,stairs,-72,34,-10,61,-136,150,997,211,1,0
295722,2,stairs,-74,34,-10,78,-141,122,998,203,1,0
295749,2,stairs,-64,21,-8,86,-109,46,998,146,1,0
295776,2,stairs,-45,-10,-7,85,-90,-82,996,148,1,0
295803,2,stairs,-33,-35,-8,117,-44,-225,995,258,1,0
295830,2,stairs,-21,-57,-9,138,75,-347,995,381,1,0
295857,2,stairs,-20,-77,-12,134,192,-398,995,462,1,0
295884,2,stairs,-30,-102,-21,121,262,-383,995,480,1,0
295911,2,stairs,-38,-134,-33,103,234,-355,994,438,1,0
295938,2,stairs,-20,-141,-30,97,128,-342,994,378,1,0
295974,2,stairs,11,-125,-18,78,55,-331,993,344,1,0
296001,2,stairs,37,-102,-7,67,41,-311,993,321,1,0
296028,2,stairs,42,-76,0,74,70,-264,993,283,1,0
296055,2,stairs,38,-51,5,91,86,-208,994,243,1,0
296082,2,stairs,36,-24,9,113,64,-161,994,207,1,0
296109,2,stairs,45,2,15,131,4,-125,994,181,1,0
296136,2,stairs,56,27,20,128,-59,-87,994,166,1,0
296163,2,stairs,83,45,25,101,-127,-46,994,169,1,0
296190,2,stairs,116,57,29,68,-188,8,993,200,1,0
296217,2,stairs,139,71,33,41,-238,86,993,257,1,0
296244,2,stairs,143,87,34,27,-291,186,994,346,1,0
296271,2,stairs,133,101,34,21,-340,318,995,465,1,0
296298,2,stairs,115,112,32,20,-370,469,995,598,1,0
296325,2,stairs,106,114,32,7,-397,625,996,741,1,0
296352,2,stairs,104,104,32,-17,-393,779,997,873,1,0
296379,2,stairs,84,85,28,-44,-274,921,996,961,1,0
296406,2,stairs,48,60,19,-44,-118,1058,994,1066,1,0
296433,2,stairs,-2,31,3,-30,-6,1196,990,1196,1,0
296460,2,stairs,-43,10,-9,-5,15,1339,989,1339,1,0
296487,2,stairs,-70,4,-17,25,-37,1460,990,1460,1,0
296514,2,stairs,-81,11,-18,52,-86,1541,992,1545,1,0
296541,2,stairs,-95,22,-20,44,-56,1582,993,1584,1,0
296568,2,stairs,-101,34,-20,16,0,1589,994,1589,1,0
296595,2,stairs,-97,38,-17,-1,46,1575,996,1576,1,0
296622,2,stairs,-95,31,-16,-9,80,1552,997,1554,1,0
296649,2,stairs,-90,19,-15,-4,90,1522,997,1525,1,0
296676,2,stairs,-86,8,-15,15,81,1482,997,1485,1,0
296703,2,stairs,-81,-1,-15,29,58,1433,998,1435,1,0
296730,2,stairs,-64,-3,-10,46,26,1376,998,1377,1,0
296757,2,stairs,-42,-1,-3,49,2,1309,998,1310,1,0
296784,2,stairs,-18,7,4,35,-13,1235,997,1236,1,0
296811,2,stairs,-8,9,7,-18,-13,1151,997,1151,1,0
296838,2,stairs,6,2,9,-117,-35,1053,997,1060,1,0
296865,2,stairs,24,-7,12,-218,-16,946,997,971,1,0
296892,2,stairs,23,-7,12,-258,122,842,997,889,1,0
296919,2,stairs,7,-17,7,-237,325,774,997,872,1,0
296946,2,stairs,-36,-46,-14,-197,509,711,993,896,1,0
296973,2,stairs,-64,-71,-28,-117,574,656,991,879,1,0
297000,2,stairs,-62,-86,-29,-7,513,587,993,780,1,0
297027,2,stairs,-48,-86,-23,82,453,523,994,697,1,0
297054,2,stairs,-40,-83,-19,107,478,464,995,674,1,0
297081,2,stairs,-40,-80,-18,77,509,412,996,659,1,0
297108,2,stairs,-40,-77,-17,33,502,366,997,622,1,0
297135,2,stairs,-39,-76,-16,-16,436,323,997,543,1,0
297162,2,stairs,-30,-78,-13,-65,312,288,998,430,1,0
297189,2,stairs,-17,-74,-9,-108,156,261,998,323,1,0
297216,2,stairs,4,-66,-2,-154,-27,235,998,283,1,0
297243,2,stairs,28,-57,4,-197,-201,203,997,347,1,0
297270,2,stairs,55,-48,11,-238,-340,166,997,447,1,0
297297,2,stairs,67,-43,14,-255,-427,145,997,519,1,0
297324,2,stairs,58,-35,14,-232,-469,159,997,547,1,0
297351,2,stairs,37,-26,11,-207,-473,196,997,552,1,0
297378,2,stairs,42,-21,13,-142,-525,237,997,593,1,0
297405,2,stairs,46,-12,15,-4,-506,279,998,578,1,0
297432,2,stairs,24,1,12,144,-369,308,997,502,1,0
297459,2,stairs,1,13,7,250,-199,319,997,452,1,0
297486,2,stairs,-3,14,7,285,-81,315,997,433,1,0
297513,2,stairs,-3,21,8,256,-64,302,998,402,1,0
297540,2,stairs,-9,48,8,170,-82,271,997,330,1,0
297566,2,stairs,-38,91,-1,53,-46,193,993,206,1,0
297593,2,stairs,-45,99,-2,-78,-2,84,994,115,1,0
297620,2,stairs,-38,84,0,-164,64,-28,995,178,1,0
297647,2,stairs,-21,53,2,-169,129,-125,994,246,1,0
297674,2,stairs,0,15,3,-112,165,-204,993,285,1,0
297710,2,stairs,21,-18,3,-26,145,-283,992,319,1,0
297737,2,stairs,42,-36,5,34,90,-368,992,380,1,0
297764,2,stairs,63,-37,10,53,16,-467,993,470,1,0
297791,2,stairs,72,-29,14,20,-67,-588,995,593,1,0
297818,2,stairs,57,-19,13,-46,-145,-722,995,738,1,0
297845,2,stairs,39,-10,11,-135,-229,-871,996,911,1,0
297872,2,stairs,28,2,11,-244,-298,-1040,996,1109,1,0
297899,2,stairs,26,17,13,-328,-277,-1244,996,1316,1,0
297926,2,stairs,22,13,12,-370,-123,-1435,997,1487,1,0
297953,2,stairs,1,-14,2,-369,107,-1524,995,1572,1,0
297980,2,stairs,-34,-51,-18,-313,335,-1523,991,1591,1,0
298008,2,stairs,-60,-71,-29,-174,463,-1473,991,1554,1,0
298036,2,stairs,-68,-77,-32,-6,487,-1398,993,1480,1,0
298063,2,stairs,-62,-74,-28,118,517,-1306,994,1409,1,0
298090,2,stairs,-53,-63,-22,175,587,-1185,995,1334,1,0
298117,2,stairs,-44,-53,-16,183,645,-1070,996,1263,1,0
298144,2,stairs,-59,-49,-20,166,665,-986,996,1201,1,0
298171,2,stairs,-72,-43,-23,154,583,-929,996,1108,1,0
298198,2,stairs,-70,-27,-20,173,420,-889,996,999,1,0
298225,2,stairs,-48,-10,-11,200,235,-861,996,915,1,0
298252,2,stairs,-9,9,1,208,80,-826,994,855,1,0
298279,2,stairs,31,22,11,193,-23,-770,992,794,1,0
298306,2,stairs,65,30,18,170,-87,-694,992,720,1,0
298333,2,stairs,88,38,23,161,-135,-587,993,624,1,0
298360,2,stairs,90,45,25,153,-181,-447,994,506,1,0
298387,2,stairs,92,57,27,163,-275,-292,995,433,1,0
298414,2,stairs,83,61,27,212,-362,-143,996,443,1,0
298441,2,stairs,71,53,25,281,-331,-11,996,434,1,0
298468,2,stairs,46,44,19,369,-205,117,996,438,1,0
298495,2,stairs,1,37,6,453,-40,233,993,511,1,0
298522,2,stairs,-38,33,-6,503,77,320,992,601,1,0
298549,2,stairs,-67,36,-14,512,108,366,992,638,1,0
298576,2,stairs,-80,51,-16,461,108,365,993,597,1,0
298603,2,stairs,-93,73,-19,356,138,312,994,493,1,0
298630,2,stairs,-104,87,-21,227,170,226,995,363,1,0
298657,2,stairs,-107,87,-22,120,190,159,996,276,1,0
298684,2,stairs,-97,76,-18,61,174,126,996,224,1,0
298711,2,stairs,-77,64,-12,50,133,128,996,191,1,0
298737,2,stairs,-67,61,-8,75,83,142,997,181,1,0
298764,2,stairs,-57,72,-5,114,13,151,997,190,1,0
298791,2,stairs,-45,90,-1,133,-69,142,997,206,1,0
298818,2,stairs,-27,104,5,108,-153,118,997,221,1,0
298845,2,stairs,-6,108,10,42,-223,84,997,242,1,0
298872,2,stairs,16,112,15,-27,-257,38,996,262,1,0
298899,2,stairs,36,106,19,-91,-243,-24,996,260,1,0
298926,2,stairs,54,90,22,-140,-181,-79,996,243,1,0
298953,2,stairs,66,67,24,-170,-88,-136,996,235,1,0
298980,2,stairs,72,54,24,-156,30,-228,996,278,1,0
299007,2,stairs,51,31,18,-114,191,-339,995,406,1,0
299034,2,stairs,8,7,4,-42,316,-409,992,519,1,0
299061,2,stairs,-58,-17,-25,32,372,-443,985,579,1,0
299088,2,stairs,-103,-29,-43,104,327,-437,984,555,1,0
299115,2,stairs,-113,-26,-42,142,252,-412,988,503,1,0
299142,2,stairs,-106,-10,-36,142,234,-382,990,470,1,0
299169,2,stairs,-85,7,-25,111,214,-360,991,434,1,0
299196,2,stairs,-71,21,-17,71,170,-354,993,399,1,0
299223,2,stairs,-44,20,-8,25,77,-361,993,370,1,0
299250,2,stairs,-10,11,1,-7,-38,-364,993,366,1,0
299277,2,stairs,24,-3,8,-27,-132,-345,992,370,1,0
299304,2,stairs,53,-18,13,-48,-176,-307,993,357,1,0
299331,2,stairs,80,-27,16,-80,-199,-262,993,338,1,0
299358,2,stairs,105,-27,21,-116,-216,-221,993,330,1,0
299385,2,stairs,127,-27,24,-145,-239,-194,994,340,1,0
299412,2,stairs,130,-24,26,-131,-255,-165,995,331,1,0
299448,2,stairs,121,-18,26,-72,-244,-113,996,278,1,0
299475,2,stairs,124,-11,28,20,-227,-59,996,236,1,0
299502,2,stairs,111,-15,26,135,-128,0,997,186,1,0
299529,2,stairs,73,-19,18,239,35,91,995,257,1,0
299556,2,stairs,20,-9,5,298,212,172,992,404,1,0
299583,2,stairs,-24,10,-5,311,317,227,990,498,1,0
299610,2,stairs,-54,32,-12,269,282,241,990,458,1,0
299637,2,stairs,-74,55,-17,181,205,222,990,352,1,0
299664,2,stairs,-91,72,-21,64,160,171,991,242,1,0
299691,2,stairs,-101,73,-23,-45,176,102,993,208,1,0
299718,2,stairs,-104,55,-24,-113,216,52,994,249,1,0
299745,2,stairs,-99,23,-24,-129,229,37,994,266,1,0
299772,2,stairs,-88,-7,-24,-97,178,49,994,209,1,0
299799,2,stairs,-64,-18,-17,-32,77,53,994,99,1,0
299826,2,stairs,-37,-13,-8,35,-32,24,994,53,1,0
299853,2,stairs,-6,-5,2,60,-121,-41,993,141,1,0
299880,2,stairs,15,1,8,22,-168,-134,994,216,1,0
299907,2,stairs,22,1,11,-52,-191,-251,995,320,1,0
299934,2,stairs,27,-2,12,-102,-212,-365,996,435,1,0
299961,2,stairs,34,0,15,-97,-239,-466,997,532,1,0
299988,2,stairs,47,4,18,-64,-239,-560,997,612,1,0
300015,2,stairs,59,-3,20,-59,-224,-669,997,708,1,0
300042,2,stairs,57,-17,18,-45,-203,-818,997,844,1,0
300069,2,stairs,42,-26,13,44,-146,-1013,997,1024,1,0
300096,2,stairs,5,-49,-2,148,-71,-1165,994,1177,1,0
300123,2,stairs,-37,-84,-23,181,-8,-1214,990,1227,1,0
300150,2,stairs,-71,-97,-38,151,40,-1133,989,1144,1,0
300177,2,stairs,-78,-84,-35,68,125,-1006,991,1016,1,0
300204,2,stairs,-83,-71,-33,-49,287,-898,993,944,1,0
300231,2,stairs,-92,-69,-35,-151,440,-820,994,942,1,0
300258,2,stairs,-89,-79,-35,-203,490,-771,995,936,1,0
300285,2,stairs,-81,-76,-30,-175,403,-745,997,865,1,0
300312,2,stairs,-46,-65,-18,-82,224,-747,995,784,1,0
300339,2,stairs,4,-56,-5,14,52,-769,992,771,1,0
300366,2,stairs,50,-48,5,71,-68,-793,990,799,1,0
300393,2,stairs,91,-41,13,107,-145,-797,989,817,1,0
300420,2,stairs,121,-46,18,138,-187,-770,990,804,1,0
300447,2,stairs,138,-49,20,180,-188,-698,992,745,1,0
300474,2,stairs,141,-43,23,227,-145,-589,994,648,1,0
300501,2,stairs,120,-36,22,240,-91,-488,994,551,1,0
300528,2,stairs,108,-26,23,252,-95,-417,995,497,1,0
300555,2,stairs,100,-20,24,290,-98,-388,996,494,1,0
300582,2,stairs,66,-23,17,351,14,-353,995,498,1,0
300609,2,stairs,37,-23,11,422,99,-307,995,531,1,0
300636,2,stairs,-8,-15,-1,476,166,-282,992,577,1,0
300663,2,stairs,-48,2,-12,476,136,-280,991,569,1,0
300690,2,stairs,-76,17,-19,398,101,-305,991,512,1,0
300717,2,stairs,-106,31,-28,265,132,-342,991,453,1,0
300744,2,stairs,-118,29,-31,126,195,-384,993,449,1,0
300771,2,stairs,-107,13,-27,23,242,-421,994,487,1,0
300798,2,stairs,-75,-3,-19,-16,229,-454,993,508,1,0
300825,2,stairs,-30,-10,-7,-2,163,-491,992,517,1,0
300852,2,stairs,-1,-2,3,36,81,-539,992,546,1,0
300879,2,stairs,12,20,9,73,8,-590,993,595,1,0
300906,2,stairs,15,50,12,101,-56,-630,993,641,1,0
300933,2,stairs,12,75,13,101,-120,-647,993,666,1,0
300960,2,stairs,13,90,14,70,-193,-637,994,669,1,0
300987,2,stairs,23,97,17,15,-260,-610,995,663,1,0
301014,2,stairs,37,98,21,-59,-296,-581,996,654,1,0
301041,2,stairs,60,86,25,-143,-285,-566,996,650,1,0
301068,2,stairs,82,61,27,-228,-210,-580,995,657,1,0
301095,2,stairs,88,34,26,-260,-62,-644,995,697,1,0
301122,2,stairs,45,1,12,-245,137,-687,991,742,1,0
301149,2,stairs,-23,-26,-15,-188,315,-689,984,780,1,0
301185,2,stairs,-85,-42,-41,-60,411,-624,980,750,1,0
301212,2,stairs,-112,-46,-48,82,429,-549,983,702,1,0
301239,2,stairs,-101,-46,-40,200,432,-473,987,671,1,0
301266,2,stairs,-84,-34,-29,290,451,-415,989,678,1,0
301293,2,stairs,-60,-17,-18,353,437,-387,990,682,1,0
301320,2,stairs,-33,-3,-7,380,357,-389,991,650,1,0
301347,2,stairs,-8,2,1,357,234,-399,992,584,1,0
301374,2,stairs,16,4,9,295,86,-396,993,501,1,0
301401,2,stairs,31,6,14,206,-60,-374,994,431,1,0
301428,2,stairs,50,9,18,110,-196,-342,994,409,1,0
301455,2,stairs,78,15,24,31,-328,-309,994,452,1,0
301482,2,stairs,103,21,28,-23,-441,-277,994,521,1,0
301509,2,stairs,116,25,30,-73,-509,-245,995,570,1,0
301536,2,stairs,122,31,32,-100,-567,-197,996,608,1,0
301563,2,stairs,128,36,33,-70,-613,-109,997,627,1,0
301590,2,stairs,119,31,32,-12,-547,30,997,548,1,0
301617,2,stairs,89,27,27,83,-357,210,997,422,1,0
301644,2,stairs,55,23,20,191,-97,387,995,442,1,0
301671,2,stairs,6,34,8,278,114,518,992,599,1,0
301698,2,stairs,-32,56,-2,315,213,580,991,694,1,0
301725,2,stairs,-62,83,-11,289,206,563,990,665,1,0
301752,2,stairs,-77,106,-15,209,173,494,991,563,1,0
301779,2,stairs,-88,115,-17,95,196,409,992,464,1,0
301806,2,stairs,-95,103,-19,-18,260,344,994,432,1,0
301833,2,stairs,-93,77,-18,-92,314,314,994,453,1,0
301860,2,stairs,-80,44,-15,-123,326,309,994,466,1,0
301887,2,stairs,-61,18,-10,-115,270,310,994,427,1,0
301914,2,stairs,-40,7,-5,-93,174,306,994,364,1,0
301941,2,stairs,-19,12,2,-76,66,285,995,302,1,0
301968,2,stairs,6,30,10,-74,-48,241,994,257,1,0
301995,2,stairs,20,46,14,-105,-140,177,995,249,1,0
302022,2,stairs,21,56,15,-153,-203,86,996,268,1,0
302049,2,stairs,10,57,13,-182,-237,-25,996,299,1,0
302076,2,stairs,0,44,10,-201,-263,-128,997,355,1,0
302103,2,stairs,17,24,13,-204,-294,-231,996,425,1,0
302130,2,stairs,37,15,16,-123,-254,-345,996,446,1,0
302157,2,stairs,24,-16,9,-4,-176,-430,995,465,1,0
302184,2,stairs,-15,-58,-11,71,-87,-430,990,444,1,0
302211,2,stairs,-50,-88,-28,106,-39,-332,988,351,1,0
302238,2,stairs,-54,-91,-27,147,-33,-220,991,266,1,0
302265,2,stairs,-37,-80,-18,193,18,-129,992,233,1,0
302292,2,stairs,-15,-67,-9,220,120,-75,993,262,1,0
302319,2,stairs,1,-57,-2,213,214,-53,994,306,1,0
302346,2,stairs,25,-50,5,183,224,-54,994,294,1,0
302373,2,stairs,89,-52,11,125,117,-63,989,182,1,0
302400,2,stairs,101,-51,16,62,8,-63,992,88,1,0
302427,2,stairs,101,-45,18,-1,-105,-53,993,117,1,0
302454,2,stairs,100,-44,19,-71,-211,-41,994,226,1,0
302481,2,stairs,105,-50,20,-143,-319,-28,995,351,1,0
302508,2,stairs,122,-60,20,-207,-432,-17,996,480,1,0
302535,2,stairs,148,-62,21,-230,-521,-4,995,570,1,0
302562,2,stairs,168,-60,23,-202,-563,23,996,599,1,0
302589,2,stairs,187,-55,24,-126,-562,61,996,579,1,0
302616,2,stairs,191,-52,25,-28,-493,110,996,506,1,0
302643,2,stairs,182,-44,26,87,-392,168,997,435,1,0
302670,2,stairs,145,-27,24,227,-279,236,995,430,1,0
302697,2,stairs,93,-6,19,327,-170,302,992,477,1,0
302724,2,stairs,52,9,14,334,-122,364,991,509,1,0
302751,2,stairs,22,25,10,258,-126,416,991,506,1,0
302778,2,stairs,6,44,9,142,-111,432,992,469,1,0
302805,2,stairs,-4,53,9,9,-31,391,993,392,1,0
302832,2,stairs,-13,47,8,-97,101,312,995,342,1,0
302859,2,stairs,-1,24,9,-157,220,222,995,350,1,0
302886,2,stairs,18,-12,7,-185,297,136,993,375,1,0
302922,2,stairs,38,-48,4,-177,297,57,992,351,1,0
302949,2,stairs,59,-64,6,-150,265,-11,993,305,1,0
302976,2,stairs,69,-65,8,-120,206,-77,994,251,1,0
303003,2,stairs,65,-65,9,-100,136,-145,995,223,1,0
303030,2,stairs,57,-62,9,-88,66,-225,996,251,1,0
303057,2,stairs,44,-58,8,-80,13,-323,997,333,1,0
303084,2,stairs,33,-53,7,-60,-25,-435,997,439,1,0
303111,2,stairs,17,-47,5,-35,-48,-569,997,572,1,0
303138,2,stairs,31,-44,8,1,-7,-719,997,719,1,0
303165,2,stairs,33,-45,8,74,143,-882,997,897,1,0
303192,2,stairs,18,-65,1,155,338,-993,996,1060,1,0
303219,2,stairs,-24,-86,-15,222,496,-1054,993,1186,1,0
303246,2,stairs,-70,-100,-34,257,561,-1088,990,1251,1,0
303274,2,stairs,-102,-99,-44,263,514,-1142,990,1279,1,0
303302,2,stairs,-124,-95,-49,219,438,-1208,991,1303,1,0
303329,2,stairs,-129,-88,-49,139,389,-1264,993,1330,1,0
303357,2,stairs,-112,-78,-39,59,330,-1305,994,1347,1,0
303385,2,stairs,-80,-69,-28,3,251,-1330,994,1354,1,0
303412,2,stairs,-46,-65,-17,-20,152,-1343,993,1352,1,0
303440,2,stairs,-20,-60,-9,-6,55,-1340,994,1341,1,0
303467,2,stairs,-2,-60,-4,19,-21,-1321,995,1322,1,0
303494,2,stairs,13,-60,0,43,-83,-1287,996,1291,1,0
303521,2,stairs,27,-46,5,63,-156,-1240,996,1251,1,0
303548,2,stairs,42,-36,10,63,-222,-1172,997,1194,1,0
303575,2,stairs,49,-39,11,47,-262,-1079,997,1111,1,0
303602,2,stairs,60,-36,13,53,-307,-975,997,1023,1,0
303629,2,stairs,81,-26,17,95,-336,-881,997,948,1,0
303656,2,stairs,104,-20,20,165,-325,-812,996,890,1,0
303683,2,stairs,116,-15,22,268,-226,-753,996,830,1,0
303710,2,stairs,94,-6,21,399,-38,-684,996,793,1,0
303737,2,stairs,53,9,15,511,145,-592,994,796,1,0
303764,2,stairs,-1,21,4,533,283,-498,990,783,1,0
303791,2,stairs,-40,40,-4,466,289,-430,989,697,1,0
303818,2,stairs,-61,73,-7,341,210,-433,989,590,1,0
303845,2,stairs,-71,100,-8,187,147,-510,990,563,1,0
303872,2,stairs,-70,100,-6,37,138,-604,992,620,1,0
303899,2,stairs,-60,73,-3,-75,153,-650,993,672,1,0
303926,2,stairs,-38,42,0,-118,151,-643,993,671,1,0
303953,2,stairs,-26,28,2,-94,123,-608,994,628,1,0
303980,2,stairs,-22,25,4,-40,80,-586,995,593,1,0
304007,2,stairs,-23,29,5,-7,40,-589,996,591,1,0
304034,2,stairs,-32,31,4,-15,8,-621,997,621,1,0
304061,2,stairs,-29,29,5,-47,-34,-671,997,674,1,0
304088,2,stairs,-15,23,7,-67,-71,-737,997,743,1,0
304115,2,stairs,11,9,10,-70,-116,-817,996,828,1,0
304142,2,stairs,46,-8,13,-69,-161,-916,995,933,1,0
304169,2,stairs,82,-20,15,-64,-154,-1053,993,1066,1,0
304196,2,stairs,68,-23,13,-23,-33,-1217,994,1218,1,0
304223,2,stairs,20,-29,1,7,117,-1315,992,1320,1,0
304250,2,stairs,-51,-49,-27,-8,218,-1323,984,1341,1,0
304277,2,stairs,-91,-54,-39,-9,197,-1290,985,1305,1,0
304304,2,stairs,-95,-44,-34,34,148,-1271,988,1280,1,0
304331,2,stairs,-78,-36,-25,85,167,-1256,991,1270,1,0
304358,2,stairs,-53,-35,-16,127,243,-1216,992,1246,1,0
304385,2,stairs,-28,-40,-10,162,296,-1174,993,1221,1,0
304412,2,stairs,9,-36,-1,200,271,-1142,992,1191,1,0
304439,2,stairs,48,-27,7,215,170,-1119,991,1152,1,0
304466,2,stairs,78,-12,14,196,55,-1094,991,1113,1,0
304493,2,stairs,90,5,19,150,-32,-1061,993,1073,1,0
304520,2,stairs,88,20,21,99,-87,-1019,993,1027,1,0
304547,2,stairs,90,28,24,49,-114,-972,995,980,1,0
304574,2,stairs,95,27,25,9,-117,-913,996,920,1,0
304601,2,stairs,115,25,26,18,-132,-831,996,842,1,0
304628,2,stairs,139,24,27,67,-142,-726,995,742,1,0
304664,2,stairs,140,21,27,113,-129,-560,996,585,1,0
304691,2,stairs,96,22,22,127,-38,-388,994,410,1,0
304718,2,stairs,41,35,13,177,78,-229,991,300,1,0
304745,2,stairs,14,40,10,252,149,-81,992,304,1,0
304772,2,stairs,-5,47,8,289,169,51,993,338,1,0
304799,2,stairs,-13,58,8,309,126,136,994,360,1,0
304826,2,stairs,-43,78,1,328,31,175,993,373,1,0
304853,2,stairs,-80,103,-10,313,-62,171,991,362,1,0
304880,2,stairs,-97,120,-14,248,-99,132,992,298,1,0
304907,2,stairs,-97,119,-13,164,-72,83,994,198,1,0
304934,2,stairs,-86,101,-9,106,16,44,995,116,1,0
304961,2,stairs,-57,74,-2,93,131,22,994,162,1,0
304988,2,stairs,-20,50,4,116,220,10,992,249,1,0
305015,2,stairs,15,41,10,159,290,-9,992,331,1,0
305041,2,stairs,38,45,16,199,348,-55,993,405,1,0
305068,2,stairs,51,54,19,225,383,-132,994,463,1,0
305095,2,stairs,48,65,20,239,396,-217,996,511,1,0
305122,2,stairs,41,81,20,256,358,-293,996,529,1,0
305149,2,stairs,31,99,19,256,271,-352,997,513,1,0
305176,2,stairs,25,114,18,227,148,-397,997,481,1,0
305203,2,stairs,7,121,14,156,34,-430,997,459,1,0
305230,2,stairs,-15,114,9,37,-48,-452,996,456,1,0
305257,2,stairs,-25,103,7,-63,-96,-479,997,493,1,0
305284,2,stairs,-24,94,8,-70,-50,-555,997,561,1,0
305311,2,stairs,-34,65,4,-2,95,-636,996,643,1,0
305338,2,stairs,-51,30,-4,73,243,-663,995,710,1,0
305365,2,stairs,-83,-4,-19,126,340,-644,992,739,1,0
305392,2,stairs,-98,-21,-25,175,307,-603,993,699,1,0
305419,2,stairs,-90,-31,-22,192,216,-558,994,628,1,0
305446,2,stairs,-70,-36,-16,169,168,-506,994,559,1,0
305473,2,stairs,-49,-32,-10,130,173,-460,995,509,1,0
305500,2,stairs,-35,-25,-5,96,192,-436,996,486,1,0
305527,2,stairs,-24,-18,0,71,169,-439,996,476,1,0
305554,2,stairs,-7,-6,4,60,96,-457,996,470,1,0
305581,2,stairs,15,7,9,55,1,-472,996,475,1,0
305607,2,stairs,38,12,14,39,-82,-470,995,478,1,0
305634,2,stairs,62,12,17,10,-145,-433,995,456,1,0
305661,2,stairs,86,13,20,-21,-193,-365,995,414,1,0
305688,2,stairs,106,15,23,-49,-225,-279,995,362,1,0
305715,2,stairs,120,14,24,-66,-253,-181,996,318,1,0
305742,2,stairs,123,12,24,-50,-300,-72,997,313,1,0
305769,2,stairs,124,12,25,-3,-360,47,997,363,1,0
305796,2,stairs,115,8,24,74,-378,164,997,419,1,0
305823,2,stairs,96,6,22,177,-318,276,998,457,1,0
305850,2,stairs,71,6,19,277,-162,373,997,492,1,0
305877,2,stairs,43,10,14,326,0,447,996,553,1,0
305904,2,stairs,19,18,11,309,101,482,996,581,1,0
305931,2,stairs,0,32,8,242,125,472,996,545,1,0
305957,2,stairs,-25,50,3,137,122,420,996,458,1,0
305984,2,stairs,-73,79,-12,21,157,332,991,368,1,0
306011,2,stairs,-93,80,-17,-96,202,231,992,322,1,0
306038,2,stairs,-101,64,-18,-170,254,156,994,343,1,0
306065,2,stairs,-94,41,-16,-180,287,131,995,364,1,0
306092,2,stairs,-67,21,-10,-136,280,150,994,345,1,0
306119,2,stairs,-31,13,-3,-56,228,184,993,298,1,0
306146,2,stairs,1,16,4,16,151,198,993,249,1,0
306172,2,stairs,25,32,10,60,69,174,993,197,1,0
306198,2,stairs,41,48,14,61,-8,120,994,134,1,0
306224,2,stairs,45,56,15,20,-76,46,995,91,1,0
306251,2,stairs,46,58,16,-38,-136,-35,996,146,1,0
306278,2,stairs,39,53,16,-96,-152,-110,997,211,1,0
306305,2,stairs,30,41,14,-144,-131,-169,997,258,1,0
306332,2,stairs,39,17,14,-181,-100,-208,997,293,1,0
306359,2,stairs,52,-3,14,-189,-7,-253,996,316,1,0
306395,2,stairs,33,-41,5,-166,177,-291,994,378,1,0
306422,2,stairs,-8,-62,-8,-98,340,-297,991,462,1,0
306449,2,stairs,-81,-96,-42,-37,445,-292,981,533,1,0
306476,2,stairs,-127,-100,-58,43,424,-305,982,524,1,0
306503,2,stairs,-153,-89,-62,101,362,-352,985,515,1,0
306530,2,stairs,-153,-74,-56,127,319,-418,988,540,1,0
306557,2,stairs,-127,-57,-43,137,258,-486,989,567,1,0
306584,2,stairs,-85,-47,-28,133,173,-533,989,576,1,0
306611,2,stairs,-37,-49,-16,110,64,-537,988,552,1,0
306638,2,stairs,7,-60,-7,66,-49,-497,988,504,1,0
306665,2,stairs,33,-65,-1,10,-139,-427,989,449,1,0
306692,2,stairs,50,-61,4,-48,-200,-356,992,411,1,0
306719,2,stairs,56,-61,6,-100,-230,-302,993,392,1,0
306746,2,stairs,65,-62,9,-126,-248,-263,995,383,1,0
306773,2,stairs,79,-67,11,-112,-256,-218,995,354,1,0
306800,2,stairs,94,-71,12,-64,-253,-152,996,302,1,0
306827,2,stairs,109,-65,14,11,-260,-64,996,268,1,0
306854,2,stairs,120,-56,17,82,-279,21,996,292,1,0
306881,2,stairs,126,-52,18,138,-244,84,997,293,1,0
306908,2,stairs,101,-44,17,219,-144,127,997,292,1,0
306935,2,stairs,61,-29,12,287,-9,147,995,323,1,0
306962,2,stairs,13,-10,4,298,108,132,992,343,1,0
306989,2,stairs,-19,5,-1,232,129,113,991,288,1,0
307015,2,stairs,-43,21,-4,116,90,95,992,175,1,0
307042,2,stairs,-64,44,-8,-26,68,54,992,90,1,0
307068,2,stairs,-84,52,-12,-165,113,-27,993,201,1,0
307095,2,stairs,-89,33,-14,-265,172,-120,994,338,1,0
307122,2,stairs,-84,-4,-16,-302,220,-199,993,423,1,0
307149,2,stairs,-65,-41,-18,-259,212,-266,992,428,1,0
307176,2,stairs,-38,-70,-16,-159,156,-326,991,395,1,0
307203,2,stairs,-18,-83,-14,-42,81,-389,992,399,1,0
307230,2,stairs,-2,-76,-7,54,12,-460,993,463,1,0
307257,2,stairs,6,-58,-1,99,-32,-542,994,551,1,0
307284,2,stairs,7,-42,2,79,-51,-637,995,644,1,0
307311,2,stairs,11,-31,5,38,-66,-736,996,740,1,0
307338,2,stairs,19,-30,7,0,-82,-833,997,837,1,0
307365,2,stairs,37,-31,10,-32,-109,-929,997,935,1,0
307392,2,stairs,57,-28,13,-56,-118,-1033,996,1041,1,0
307419,2,stairs,62,-21,15,-51,-62,-1144,997,1147,1,0
307446,2,stairs,47,-28,12,-29,82,-1229,997,1232,1,0
307473,2,stairs,14,-40,3,-1,225,-1235,995,1256,1,0
307500,2,stairs,-37,-51,-14,27,307,-1197,991,1236,1,0
307527,2,stairs,-72,-58,-25,69,297,-1136,991,1176,1,0
307554,2,stairs,-80,-65,-27,96,230,-1069,993,1098,1,0
307581,2,stairs,-78,-62,-25,76,209,-996,994,1021,1,0
307608,2,stairs,-56,-51,-16,44,196,-943,995,964,1,0
307635,2,stairs,-18,-43,-6,28,157,-926,994,940,1,0
307662,2,stairs,17,-49,-1,20,92,-924,993,928,1,0
307689,2,stairs,48,-63,1,15,16,-904,992,904,1,0
307716,2,stairs,58,-74,1,9,-54,-853,993,855,1,0
307743,2,stairs,72,-70,5,4,-122,-781,995,790,1,0
307770,2,stairs,84,-58,10,-17,-167,-702,996,722,1,0
307797,2,stairs,103,-39,14,-29,-206,-611,995,646,1,0
307824,2,stairs,111,-22,18,-28,-210,-476,996,521,1,0
307851,2,stairs,122,-11,21,-20,-246,-311,996,397,1,0
307878,2,stairs,143,0,23,26,-316,-128,996,342,1,0
307905,2,stairs,133,-2,22,75,-309,63,996,324,1,0
307932,2,stairs,118,1,22,128,-208,217,997,326,1,0
307959,2,stairs,91,8,20,180,-38,310,996,360,1,0
307986,2,stairs,52,17,15,214,116,364,995,438,1,0
308013,2,stairs,8,27,8,210,171,400,993,483,1,0
308040,2,stairs,-30,56,1,187,133,411,990,470,1,0
308067,2,stairs,-61,94,-7,134,94,378,988,412,1,0
308094,2,stairs,-76,111,-9,52,114,303,990,327,1,0
308130,2,stairs,-68,85,-6,-26,196,215,991,292,1,0
308157,2,stairs,-45,43,-4,-57,256,161,990,308,1,0
308184,2,stairs,-19,3,-4,-45,281,143,989,318,1,0
308211,2,stairs,5,-15,0,8,265,138,990,299,1,0
308238,2,stairs,19,-14,4,70,232,127,992,274,1,0
308265,2,stairs,23,-9,7,97,187,95,994,231,1,0
308291,2,stairs,12,-6,7,71,134,44,995,158,1,0
308318,2,stairs,1,3,7,9,69,-30,996,75,1,0
308344,2,stairs,-8,9,6,-65,-2,-119,996,136,1,0
308371,2,stairs,0,7,8,-141,-90,-217,997,274,1,0
308398,2,stairs,28,9,12,-191,-156,-319,996,403,1,0
308425,2,stairs,37,6,13,-185,-71,-407,997,453,1,0
308452,2,stairs,16,-10,7,-160,41,-413,996,445,1,0
308479,2,stairs,-40,-21,-10,-137,151,-347,991,403,1,0
308506,2,stairs,-60,-17,-13,-79,156,-290,992,338,1,0
308533,2,stairs,-53,-3,-8,12,107,-290,993,309,1,0
308560,2,stairs,-33,-2,-3,70,103,-313,994,336,1,0
308587,2,stairs,-29,-11,-2,89,171,-305,995,361,1,0
308614,2,stairs,-19,-11,1,120,205,-281,996,367,1,0
308641,2,stairs,1,-3,5,167,179,-254,996,352,1,0
308668,2,stairs,21,3,9,187,96,-222,996,306,1,0
308695,2,stairs,44,11,13,158,-19,-180,996,240,1,0
308722,2,stairs,67,26,17,96,-144,-122,995,212,1,0
308749,2,stairs,78,37,20,7,-251,-55,996,257,1,0
308776,2,stairs,77,41,21,-91,-328,20,997,341,1,0
308803,2,stairs,77,45,21,-162,-367,124,997,420,1,0
308830,2,stairs,78,41,21,-182,-392,265,998,507,1,0
308857,2,stairs,98,33,22,-145,-454,442,997,650,1,0
308884,2,stairs,117,21,21,-64,-518,640,997,826,1,0
308911,2,stairs,127,17,21,25,-500,855,997,991,1,0
308938,2,stairs,102,21,20,64,-382,1050,997,1119,1,0
308965,2,stairs,59,36,15,34,-262,1186,994,1215,1,0
308992,2,stairs,-64,96,-36,6,-99,1248,961,1252,1,0
309019,2,stairs,-107,149,-46,-28,-55,1253,963,1255,1,0
309046,2,stairs,-105,178,-40,-72,-7,1202,971,1205,1,0
309073,2,stairs,-92,170,-28,-101,119,1133,977,1144,1,0
309100,2,stairs,-68,134,-18,-77,274,1105,980,1141,1,0
309127,2,stairs,-38,86,-10,14,387,1137,980,1201,1,0
309154,2,stairs,-3,52,-3,154,408,1206,981,1282,1,0
309181,2,stairs,30,38,5,299,368,1271,984,1356,1,0
309208,2,stairs,42,39,10,385,325,1298,988,1392,1,0
309235,2,stairs,35,45,12,387,275,1278,990,1364,1,0
309262,2,stairs,16,48,11,310,198,1221,992,1275,1,0
309289,2,stairs,-4,45,9,155,80,1139,993,1152,1,0
309316,2,stairs,-16,43,7,-27,-57,1040,994,1042,1,0
309343,2,stairs,-10,41,10,-195,-175,926,996,962,1,0
309370,2,stairs,6,37,13,-292,-145,814,996,877,1,0
309397,2,stairs,-19,29,7,-288,9,753,996,806,1,0
309424,2,stairs,-42,14,1,-230,131,783,995,826,1,0
309451,2,stairs,-79,-17,-15,-183,191,848,992,888,1,0
309478,2,stairs,-90,-9,-16,-99,93,897,993,907,1,0
309505,2,stairs,-64,16,-7,-11,-50,892,993,894,1,0
309532,2,stairs,-55,31,-3,36,-52,858,994,860,1,0
309559,2,stairs,-56,28,-3,58,13,839,995,841,1,0
309586,2,stairs,-53,9,-3,73,66,861,996,867,1,0
309613,2,stairs,-47,-11,-3,79,65,929,996,935,1,0
309640,2,stairs,-36,-13,0,71,10,1035,997,1038,1,0
309667,2,stairs,-15,0,5,29,-41,1139,997,1140,1,0
309694,2,stairs,-1,11,9,-54,-70,1216,997,1219,1,0
309721,2,stairs,2,15,10,-162,-84,1261,997,1274,1,0
309748,2,stairs,7,14,11,-249,-102,1284,998,1312,1,0
309775,2,stairs,12,10,12,-288,-125,1294,998,1332,1,0
309802,2,stairs,12,5,11,-265,-159,1308,998,1344,1,0
309829,2,stairs,12,-2,11,-173,-193,1345,998,1370,1,0
309865,2,stairs,18,-3,12,-5,-241,1442,999,1462,1,0
309892,2,stairs,31,-3,13,176,-241,1590,998,1617,1,0
309919,2,stairs,7,8,9,300,-115,1746,997,1775,1,0
309946,2,stairs,-42,35,-4,343,34,1846,993,1878,1,0
309973,2,stairs,-103,65,-26,316,109,1874,986,1904,1,0
310000,2,stairs,-144,83,-40,242,41,1863,985,1879,1,0
310027,2,stairs,-142,101,-37,131,-100,1826,988,1834,1,0
310054,2,stairs,-116,114,-27,-19,-157,1754,989,1761,1,0
310081,2,stairs,-92,104,-18,-151,-115,1658,991,1669,1,0
310108,2,stairs,-71,74,-12,-209,-28,1565,991,1579,1,0
310135,2,stairs,-56,37,-9,-170,52,1478,991,1488,1,0
310162,2,stairs,-34,14,-4,-54,77,1401,992,1404,1,0
310189,2,stairs,-7,10,3,84,67,1331,992,1336,1,0
310216,2,stairs,24,20,10,164,65,1261,993,1273,1,0
310243,2,stairs,46,43,14,164,89,1185,993,1200,1,0
310270,2,stairs,43,64,15,113,130,1118,993,1131,1,0
310297,2,stairs,34,78,14,49,144,1074,994,1085,1,0
310324,2,stairs,22,88,12,-15,130,1051,995,1059,1,0
310351,2,stairs,12,93,11,-87,89,1027,996,1034,1,0
310378,2,stairs,17,90,13,-176,23,980,997,996,1,0
310405,2,stairs,22,83,14,-285,-44,898,997,944,1,0
310432,2,stairs,32,76,16,-405,-108,764,998,872,1,0
310459,2,stairs,23,51,14,-534,-94,606,997,813,1,0
310486,2,stairs,5,9,6,-628,13,466,994,782,1,0
310513,2,stairs,-20,-37,-6,-596,169,369,991,721,1,0
310540,2,stairs,-54,-77,-22,-464,260,314,988,618,1,0
310567,2,stairs,-85,-112,-38,-300,259,325,987,512,1,0
310594,2,stairs,-103,-123,-44,-154,177,383,989,449,1,0
310621,2,stairs,-95,-123,-39,-93,93,448,991,467,1,0
310648,2,stairs,-80,-121,-33,-128,35,491,992,508,1,0
310675,2,stairs,-57,-124,-27,-220,-12,510,993,556,1,0
310702,2,stairs,-27,-135,-22,-313,-71,519,993,610,1,0
310729,2,stairs,6,-139,-16,-379,-133,534,993,668,1,0
310756,2,stairs,32,-137,-10,-407,-170,557,993,710,1,0
310783,2,stairs,47,-127,-5,-401,-171,572,994,719,1,0
310810,2,stairs,50,-117,-1,-380,-158,570,995,703,1,0
310837,2,stairs,58,-109,2,-341,-164,558,996,674,1,0
310864,2,stairs,64,-102,5,-282,-181,552,997,646,1,0
310891,2,stairs,62,-95,6,-228,-201,569,997,645,1,0
310918,2,stairs,62,-90,7,-201,-224,616,998,686,1,0
310945,2,stairs,68,-88,8,-188,-274,687,998,763,1,0
310972,2,stairs,75,-87,9,-169,-358,764,998,860,1,0
310999,2,stairs,71,-84,9,-139,-415,834,998,942,1,0
311026,2,stairs,50,-77,7,-90,-401,897,998,987,1,0
311053,2,stairs,22,-68,3,-22,-305,950,997,998,1,0
311080,2,stairs,-2,-60,-1,55,-174,987,997,1003,1,0
311107,2,stairs,-11,-54,-2,121,-75,1001,997,1011,1,0
311134,2,stairs,-14,-41,0,170,-36,994,997,1009,1,0
311161,2,stairs,-26,-19,1,182,-17,966,997,983,1,0
311188,2,stairs,-38,9,0,147,18,911,996,923,1,0
311214,2,stairs,-50,32,-1,79,73,833,996,840,1,0
311241,2,stairs,-60,49,-2,8,141,742,996,755,1,0
311268,2,stairs,-51,55,1,-45,197,660,997,690,1,0
311295,2,stairs,-32,52,5,-66,246,603,997,654,1,0
311322,2,stairs,-14,38,8,-71,305,584,997,663,1,0
311349,2,stairs,5,26,11,-58,341,594,997,687,1,0
311376,2,stairs,17,20,13,-33,352,611,998,706,1,0
311403,2,stairs,16,15,12,-15,348,614,998,706,1,0
311430,2,stairs,17,17,13,8,329,598,998,683,1,0
311456,2,stairs,13,23,13,41,295,566,998,640,1,0
311483,2,stairs,8,26,12,69,238,520,998,576,1,0
311509,2,stairs,6,33,12,71,173,464,998,500,1,0
311535,2,stairs,4,40,12,32,109,394,998,410,1,0
311562,2,stairs,1,39,11,-56,52,307,999,316,1,0
311597,2,stairs,3,31,11,-175,24,210,998,274,1,0
311624,2,stairs,-6,19,8,-264,77,130,998,304,1,0
311651,2,stairs,-28,-1,0,-295,212,76,997,371,1,0
311678,2,stairs,-49,-20,-8,-261,347,45,996,436,1,0
311705,2,stairs,-76,-39,-20,-186,414,6,995,454,1,0
311732,2,stairs,-100,-58,-31,-113,386,-21,994,403,1,0
311759,2,stairs,-122,-64,-40,-62,301,-18,994,308,1,0
311786,2,stairs,-141,-59,-45,-72,235,8,995,246,1,0
311813,2,stairs,-141,-54,-43,-131,199,30,996,240,1,0
311840,2,stairs,-126,-61,-39,-210,180,44,996,280,1,0
311867,2,stairs,-96,-76,-33,-275,159,54,996,322,1,0
311894,2,stairs,-60,-94,-27,-317,124,51,994,344,1,0
311921,2,stairs,-24,-103,-20,-335,75,24,993,344,1,0
311948,2,stairs,3,-106,-14,-335,31,-29,993,338,1,0
311975,2,stairs,22,-106,-10,-322,-15,-104,994,338,1,0
312002,2,stairs,31,-103,-7,-289,-58,-177,995,344,1,0
312029,2,stairs,33,-99,-5,-253,-96,-230,996,356,1,0
312056,2,stairs,38,-92,-2,-225,-136,-255,996,366,1,0
312083,2,stairs,45,-81,1,-216,-162,-249,997,367,1,0
312110,2,stairs,51,-75,4,-228,-178,-221,997,364,1,0
312137,2,stairs,51,-74,4,-243,-180,-163,998,343,1,0
312164,2,stairs,41,-71,3,-240,-175,-83,998,308,1,0
312191,2,stairs,25,-56,3,-174,-149,5,997,229,1,0
312218,2,stairs,10,-32,3,-62,-74,72,996,120,1,0
312245,2,stairs,-2,-11,3,46,36,102,996,117,1,0
312272,2,stairs,-13,-2,2,123,117,135,996,217,1,0
312299,2,stairs,-35,7,-2,168,148,183,996,289,1,0
312326,2,stairs,-64,32,-9,186,113,245,995,328,1,0
312353,2,stairs,-96,73,-18,178,64,300,991,355,1,0
312380,2,stairs,-117,102,-25,121,28,328,991,351,1,0
312407,2,stairs,-121,123,-25,38,22,341,992,344,1,0
312434,2,stairs,-118,124,-23,-49,57,348,994,356,1,0
312461,2,stairs,-103,111,-17,-106,94,364,995,391,1,0
312488,2,stairs,-74,89,-9,-108,116,396,994,426,1,0
312515,2,stairs,-36,60,-2,-75,127,441,992,466,1,0
312542,2,stairs,0,35,5,-29,147,494,991,516,1,0
312569,2,stairs,26,21,10,15,177,524,992,554,1,0
312596,2,stairs,35,18,13,55,205,525,994,566,1,0
312623,2,stairs,25,17,12,82,219,500,995,552,1,0
312650,2,stairs,13,23,11,102,208,464,996,518,1,0
312677,2,stairs,4,33,10,115,180,415,996,467,1,0
312703,2,stairs,-2,41,10,102,168,341,997,393,1,0
312730,2,stairs,-8,37,8,38,192,223,997,297,1,0
312757,2,stairs,-10,26,7,-44,193,71,997,210,1,0
312784,2,stairs,-26,9,1,-107,210,-97,997,255,1,0
312811,2,stairs,-58,-10,-12,-130,281,-239,995,391,1,0
312838,2,stairs,-101,-23,-31,-112,416,-335,992,546,1,0
312865,2,stairs,-150,-30,-55,-50,508,-376,988,634,1,0
312892,2,stairs,-183,-40,-71,24,486,-354,988,602,1,0
312919,2,stairs,-186,-50,-72,59,363,-285,991,465,1,0
312946,2,stairs,-167,-51,-62,23,215,-186,992,285,1,0
312973,2,stairs,-140,-52,-50,-87,110,-98,993,171,1,0
313000,2,stairs,-111,-64,-41,-223,40,-44,993,231,1,0
313027,2,stairs,-80,-79,-33,-329,-19,-23,993,330,1,0
313054,2,stairs,-52,-92,-27,-380,-57,-23,993,385,1,0
313081,2,stairs,-32,-98,-21,-372,-76,-37,994,381,1,0
313108,2,stairs,-20,-100,-17,-323,-96,-74,995,345,1,0
313135,2,stairs,-14,-98,-14,-264,-135,-137,996,327,1,0
313162,2,stairs,-6,-91,-10,-215,-188,-215,997,358,1,0
313189,2,stairs,4,-82,-5,-179,-240,-292,997,418,1,0
313216,2,stairs,19,-74,0,-162,-268,-344,998,465,1,0
313243,2,stairs,29,-73,3,-163,-269,-359,998,477,1,0
313270,2,stairs,41,-74,5,-178,-265,-338,998,464,1,0
313297,2,stairs,50,-72,7,-188,-267,-303,998,446,1,0
313334,2,stairs,41,-66,7,-148,-264,-249,998,392,1,0
313361,2,stairs,25,-61,4,-47,-229,-169,998,289,1,0
313388,2,stairs,2,-48,0,105,-135,-71,997,185,1,0
313415,2,stairs,-12,-29,-1,254,-34,6,997,256,1,0
313442,2,stairs,-18,-13,0,341,7,40,997,344,1,0
313469,2,stairs,-33,-2,-2,362,-21,57,997,367,1,0
313496,2,stairs,-58,20,-8,321,-67,103,996,344,1,0
313523,2,stairs,-77,51,-13,226,-86,177,995,300,1,0
313550,2,stairs,-90,78,-16,87,-54,249,994,269,1,0
313577,2,stairs,-90,91,-14,-40,14,293,995,296,1,0
313604,2,stairs,-73,79,-9,-125,90,302,996,339,1,0
313631,2,stairs,-41,53,-2,-137,144,287,994,349,1,0
313658,2,stairs,-5,18,3,-84,169,271,992,331,1,0
313685,2,stairs,30,-9,7,4,170,262,991,313,1,0
313712,2,stairs,52,-20,11,102,165,247,992,314,1,0
313739,2,stairs,56,-18,14,188,155,218,994,326,1,0
313766,2,stairs,39,-6,13,252,137,178,995,338,1,0
313793,2,stairs,14,18,9,297,88,132,994,337,1,0
313819,2,stairs,-17,46,2,302,34,81,992,315,1,0
313845,2,stairs,-39,71,-2,258,-23,20,992,260,1,0
313872,2,stairs,-47,81,-3,161,-72,-49,993,183,1,0
313899,2,stairs,-47,75,-2,19,-105,-127,995,166,1,0
313926,2,stairs,-34,56,1,-143,-105,-232,995,291,1,0
313953,2,stairs,-26,31,1,-293,-24,-354,995,460,1,0
313980,2,stairs,-38,2,-7,-376,157,-464,994,618,1,0
314007,2,stairs,-61,-22,-19,-359,360,-544,993,745,1,0
314034,2,stairs,-82,-64,-37,-280,467,-575,990,792,1,0
314061,2,stairs,-90,-80,-42,-129,440,-575,992,735,1,0
314088,2,stairs,-79,-81,-36,5,323,-559,994,646,1,0
314115,2,stairs,-63,-73,-28,65,229,-534,995,585,1,0
314142,2,stairs,-51,-62,-21,53,182,-500,995,534,1,0
314169,2,stairs,-39,-55,-15,2,145,-460,996,482,1,0
314196,2,stairs,-32,-52,-12,-50,104,-428,997,443,1,0
314223,2,stairs,-28,-47,-9,-90,45,-416,997,428,1,0
314250,2,stairs,-19,-44,-5,-120,-27,-428,998,445,1,0
314277,2,stairs,-3,-42,0,-146,-97,-454,998,486,1,0
314304,2,stairs,12,-42,4,-170,-151,-482,998,533,1,0
314331,2,stairs,28,-42,8,-185,-185,-507,998,570,1,0
314358,2,stairs,38,-44,10,-188,-197,-519,998,586,1,0
314385,2,stairs,51,-47,12,-173,-205,-515,998,580,1,0
314412,2,stairs,66,-53,13,-132,-216,-503,998,563,1,0
314439,2,stairs,82,-68,12,-85,-246,-495,997,559,1,0
314466,2,stairs,76,-79,8,-37,-270,-485,997,557,1,0
314493,2,stairs,49,-78,2,6,-280,-477,997,553,1,0
314520,2,stairs,32,-63,2,106,-265,-468,997,548,1,0
314547,2,stairs,36,-51,5,237,-207,-468,997,564,1,0
314574,2,stairs,54,-34,12,364,-179,-482,997,630,1,0
314601,2,stairs,61,-14,17,471,-158,-507,996,710,1,0
314628,2,stairs,37,3,14,516,-110,-524,996,743,1,0
314655,2,stairs,-10,20,1,494,-19,-505,992,707,1,0
314682,2,stairs,-59,39,-15,432,90,-435,989,620,1,0
314709,2,stairs,-95,55,-27,348,182,-347,988,524,1,0
314736,2,stairs,-104,71,-27,269,228,-271,990,445,1,0
314763,2,stairs,-89,83,-19,216,250,-225,992,400,1,0
314790,2,stairs,-50,86,-6,195,241,-215,991,378,1,0
314817,2,stairs,3,78,7,193,200,-226,989,358,1,0
314844,2,stairs,42,64,15,192,154,-233,988,339,1,0
314871,2,stairs,58,54,20,183,122,-229,991,317,1,0
314898,2,stairs,56,55,22,169,98,-224,993,298,1,0
314925,2,stairs,39,65,20,157,76,-229,994,287,1,0
314952,2,stairs,7,80,12,151,57,-234,993,285,1,0
314978,2,stairs,-18,87,6,136,23,-241,993,278,1,0
315005,2,stairs,-34,93,2,112,-24,-244,994,270,1,0
315032,2,stairs,-30,104,5,86,-85,-253,995,280,1,0
315068,2,stairs,-7,112,11,71,-125,-263,995,300,1,0
315095,2,stairs,27,109,19,68,-146,-256,994,303,1,0
315122,2,stairs,57,102,24,66,-147,-254,994,301,1,0
315149,2,stairs,74,93,28,47,-163,-307,994,351,1,0
315176,2,stairs,84,81,30,19,-167,-432,995,463,1,0
315203,2,stairs,71,55,25,-13,-85,-583,995,589,1,0
315230,2,stairs,38,19,13,-36,50,-672,992,675,1,0
315257,2,stairs,-8,-17,-7,-36,199,-740,988,767,1,0
315284,2,stairs,-44,-45,-22,24,263,-833,987,874,1,0
315311,2,stairs,-55,-79,-32,100,204,-933,988,961,1,0
315338,2,stairs,-62,-102,-38,162,102,-977,990,996,1,0
315365,2,stairs,-68,-113,-41,185,9,-957,992,975,1,0
315392,2,stairs,-70,-115,-40,167,-40,-897,994,913,1,0
315419,2,stairs,-65,-115,-37,109,-50,-823,995,831,1,0
315446,2,stairs,-50,-113,-31,45,-42,-763,996,765,1,0
315473,2,stairs,-24,-109,-22,8,-27,-729,996,729,1,0
315500,2,stairs,7,-103,-12,3,-13,-725,995,725,1,0
315527,2,stairs,23,-100,-7,22,21,-733,996,734,1,0
315554,2,stairs,19,-101,-7,50,61,-743,997,747,1,0
315581,2,stairs,11,-101,-9,83,87,-759,997,769,1,0
315608,2,stairs,-3,-96,-12,115,102,-771,998,786,1,0
315635,2,stairs,-9,-85,-11,141,115,-784,998,805,1,0
315662,2,stairs,-1,-74,-6,159,120,-803,998,827,1,0
315689,2,stairs,21,-63,2,166,114,-820,998,845,1,0
315716,2,stairs,43,-56,8,154,110,-831,997,852,1,0
315743,2,stairs,70,-53,13,129,90,-829,997,843,1,0
315770,2,stairs,96,-51,17,90,49,-811,996,817,1,0
315797,2,stairs,106,-49,19,45,-18,-774,996,775,1,0
315824,2,stairs,111,-47,21,9,-119,-720,997,730,1,0
315851,2,stairs,111,-43,22,11,-240,-657,998,699,1,0
315878,2,stairs,116,-34,24,48,-365,-597,998,701,1,0
315905,2,stairs,122,-28,26,116,-436,-543,998,705,1,0
315932,2,stairs,93,-20,22,195,-428,-484,997,675,1,0
315959,2,stairs,58,-12,16,264,-363,-429,995,621,1,0
315986,2,stairs,23,1,10,306,-271,-384,994,560,1,0
316013,2,stairs,11,12,9,295,-238,-353,995,518,1,0
316040,2,stairs,22,24,14,241,-258,-353,995,500,1,0
316067,2,stairs,24,38,17,172,-295,-384,996,514,1,0
316094,2,stairs,16,49,16,106,-303,-456,996,558,1,0
316121,2,stairs,3,52,14,61,-278,-551,996,621,1,0
316148,2,stairs,-6,43,11,41,-252,-626,997,676,1,0
316175,2,stairs,2,39,13,48,-245,-680,998,725,1,0
316202,2,stairs,15,37,16,65,-238,-736,998,776,1,0
316229,2,stairs,33,32,19,79,-235,-806,998,843,1,0
316256,2,stairs,56,32,23,90,-240,-895,997,931,1,0
316283,2,stairs,73,30,25,86,-240,-997,997,1029,1,0
316310,2,stairs,93,33,28,78,-237,-1099,997,1127,1,0
316337,2,stairs,99,38,30,77,-240,-1190,997,1217,1,0
316364,2,stairs,103,40,31,95,-261,-1259,998,1289,1,0
316391,2,stairs,94,35,29,121,-283,-1287,998,1324,1,0
316418,2,stairs,74,24,24,114,-288,-1267,998,1305,1,0
316445,2,stairs,74,18,24,68,-290,-1226,998,1262,1,0
316472,2,stairs,92,17,26,17,-257,-1240,998,1266,1,0
316499,2,stairs,54,10,16,-22,-113,-1305,996,1310,1,0
316526,2,stairs,-11,-9,-7,-51,28,-1363,989,1365,1,0
316553,2,stairs,-59,-32,-27,-62,122,-1354,986,1361,1,0
316580,2,stairs,-66,-27,-24,-20,144,-1342,989,1350,1,0
316607,2,stairs,-53,2,-15,48,199,-1345,990,1361,1,0
316634,2,stairs,-23,28,-3,77,279,-1374,990,1405,1,0
316661,2,stairs,11,43,7,63,314,-1420,990,1456,1,0
316688,2,stairs,43,50,14,20,258,-1466,990,1489,1,0
316715,2,stairs,69,54,20,-43,161,-1493,991,1502,1,0
316742,2,stairs,82,55,23,-113,70,-1496,993,1502,1,0
316769,2,stairs,88,55,26,-172,2,-1481,994,1491,1,0
316805,2,stairs,85,48,26,-196,9,-1443,995,1456,1,0
316832,2,stairs,78,31,23,-171,90,-1366,996,1379,1,0
316859,2,stairs,69,5,18,-115,209,-1248,996,1270,1,0
316886,2,stairs,78,-17,16,-28,283,-1117,996,1153,1,0
316913,2,stairs,94,-23,17,75,288,-1010,996,1053,1,0
316940,2,stairs,112,-38,16,136,235,-936,995,974,1,0
316967,2,stairs,91,-39,14,177,216,-875,996,919,1,0
316994,2,stairs,31,-13,4,217,273,-841,990,910,1,0
317021,2,stairs,-39,20,-15,232,347,-823,982,922,1,0
317048,2,stairs,-99,43,-33,214,356,-808,979,908,1,0
317075,2,stairs,-132,57,-40,176,271,-785,982,849,1,0
317102,2,stairs,-122,71,-32,125,183,-772,986,803,1,0
317129,2,stairs,-88,85,-18,63,179,-791,987,814,1,0
317156,2,stairs,-56,87,-7,12,270,-844,988,886,1,0
317183,2,stairs,-30,72,1,8,385,-902,990,981,1,0
317210,2,stairs,-22,54,3,68,470,-927,992,1041,1,0
317237,2,stairs,-18,48,5,197,501,-909,993,1056,1,0
317264,2,stairs,-17,53,7,320,507,-864,994,1051,1,0
317291,2,stairs,-12,68,10,401,476,-812,995,1023,1,0
317318,2,stairs,-7,87,12,434,414,-764,995,971,1,0
317345,2,stairs,-10,94,12,417,327,-714,996,889,1,0
317372,2,stairs,-7,90,13,358,220,-659,997,781,1,0
317399,2,stairs,0,86,15,270,131,-610,997,680,1,0
317426,2,stairs,7,78,16,163,76,-591,998,618,1,0
317453,2,stairs,13,67,17,44,49,-606,998,609,1,0
317480,2,stairs,13,55,16,-79,51,-642,998,648,1,0
317507,2,stairs,-3,39,11,-203,115,-682,997,721,1,0
317534,2,stairs,-37,19,-2,-285,233,-718,995,807,1,0
317561,2,stairs,-69,-1,-15,-295,356,-752,993,883,1,0
317588,2,stairs,-99,-18,-28,-239,426,-783,992,923,1,0
317615,2,stairs,-118,-40,-39,-138,402,-795,992,902,1,0
317642,2,stairs,-122,-57,-43,-26,308,-774,993,833,1,0
317669,2,stairs,-109,-68,-39,36,197,-727,994,754,1,0
317696,2,stairs,-98,-84,-38,5,138,-682,995,696,1,0
317723,2,stairs,-68,-92,-30,-52,78,-658,995,664,1,0
317750,2,stairs,-33,-99,-22,-114,14,-654,994,664,1,0
317777,2,stairs,5,-101,-14,-153,-50,-660,993,679,1,0
317804,2,stairs,30,-104,-9,-160,-84,-677,993,700,1,0
317831,2,stairs,43,-110,-7,-153,-84,-692,994,714,1,0
317858,2,stairs,60,-114,-4,-133,-71,-709,995,725,1,0
317885,2,stairs,78,-111,0,-100,-51,-719,995,728,1,0
317912,2,stairs,100,-101,5,-58,-26,-714,995,717,1,0
317939,2,stairs,115,-88,10,0,15,-680,995,680,1,0
317966,2,stairs,115,-73,13,69,45,-622,996,627,1,0
317993,2,stairs,100,-65,14,141,53,-536,996,557,1,0
318020,2,stairs,69,-56,10,204,42,-421,996,470,1,0
318047,2,stairs,39,-37,7,271,58,-296,995,405,1,0
318074,2,stairs,14,-6,6,369,127,-188,993,433,1,0
318101,2,stairs,-8,20,5,458,228,-112,993,524,1,0
318128,2,stairs,-26,33,2,497,311,-52,993,588,1,0
318155,2,stairs,-40,48,1,514,330,9,994,611,1,0
318182,2,stairs,-55,70,-2,515,306,65,994,602,1,0
318209,2,stairs,-67,92,-4,471,276,105,994,556,1,0
318236,2,stairs,-71,117,-5,382,271,112,994,482,1,0
318263,2,stairs,-81,143,-8,291,301,103,994,431,1,0
318290,2,stairs,-76,146,-6,191,336,96,996,398,1,0
318317,2,stairs,-63,138,-1,106,367,96,996,394,1,0
318344,2,stairs,-42,124,5,49,397,111,996,416,1,0
318371,2,stairs,-24,108,9,30,414,139,997,438,1,0
318398,2,stairs,-9,89,13,36,407,175,997,444,1,0
318424,2,stairs,-1,75,14,60,376,215,997,437,1,0
318451,2,stairs,3,71,15,93,331,250,997,425,1,0
318478,2,stairs,-2,75,14,128,285,270,998,413,1,0
318505,2,stairs,-9,82,13,150,253,272,998,401,1,0
318541,2,stairs,-23,85,9,111,247,238,998,361,1,0
318568,2,stairs,-34,81,6,37,243,172,998,300,1,0
318595,2,stairs,-40,66,3,-52,219,85,998,241,1,0
318622,2,stairs,-60,38,-7,-129,209,15,996,246,1,0
318649,2,stairs,-85,16,-18,-157,238,-30,995,287,1,0
318676,2,stairs,-113,4,-31,-135,321,-73,993,356,1,0
318703,2,stairs,-134,-13,-41,-78,367,-116,993,393,1,0
318730,2,stairs,-141,-37,-48,0,344,-135,993,369,1,0
318757,2,stairs,-135,-53,-48,73,257,-102,994,286,1,0
318784,2,stairs,-116,-65,-42,92,165,-28,995,191,1,0
318811,2,stairs,-95,-69,-35,59,87,43,995,114,1,0
318838,2,stairs,-73,-68,-26,2,18,78,996,81,1,0
318865,2,stairs,-50,-69,-18,-61,-42,83,996,111,1,0
318892,2,stairs,-23,-70,-11,-112,-104,65,996,166,1,0
318919,2,stairs,0,-67,-4,-127,-159,36,996,207,1,0
318946,2,stairs,17,-64,1,-119,-204,-2,996,236,1,0
318973,2,stairs,37,-58,7,-99,-244,-39,996,266,1,0
319000,2,stairs,52,-48,12,-77,-268,-57,997,285,1,0
319027,2,stairs,68,-34,17,-58,-281,-56,996,292,1,0
319054,2,stairs,77,-24,20,-41,-266,-34,997,271,1,0
319081,2,stairs,79,-24,21,-28,-236,12,997,238,1,0
319108,2,stairs,80,-31,20,-12,-212,78,998,226,1,0
319135,2,stairs,74,-35,19,17,-211,153,998,261,1,0
319162,2,stairs,70,-43,17,69,-229,220,998,325,1,0
319189,2,stairs,59,-42,15,137,-197,258,998,352,1,0
319216,2,stairs,33,-24,11,247,-71,253,997,360,1,0
319243,2,stairs,0,-1,4,360,88,222,995,432,1,0
319269,2,stairs,-48,17,-10,429,204,183,991,509,1,0
319296,2,stairs,-91,34,-25,454,243,173,989,543,1,0
319323,2,stairs,-118,60,-33,443,216,186,989,527,1,0
319350,2,stairs,-125,85,-33,375,190,205,991,468,1,0
319377,2,stairs,-116,98,-27,258,192,217,992,388,1,0
319404,2,stairs,-99,95,-20,117,196,214,994,313,1,0
319431,2,stairs,-72,84,-10,-4,176,189,994,258,1,0
319458,2,stairs,-49,69,-3,-79,135,149,995,216,1,0
319485,2,stairs,-26,55,3,-88,85,106,995,163,1,0
319512,2,stairs,-6,41,8,-56,51,80,995,110,1,0
319538,2,stairs,3,34,11,2,27,73,996,78,1,0
319564,2,stairs,0,35,10,66,2,74,997,99,1,0
319590,2,stairs,-14,45,7,121,-38,72,996,146,1,0
319617,2,stairs,-17,62,7,131,-105,53,996,176,1,0
319644,2,stairs,-22,67,6,45,-165,6,997,171,1,0
319671,2,stairs,-11,58,9,-148,-256,-78,997,306,1,0
319698,2,stairs,4,38,12,-375,-371,-180,997,557,1,0
319725,2,stairs,19,18,13,-539,-450,-287,996,759,1,0
319752,2,stairs,17,-3,10,-577,-396,-365,996,789,1,0
319779,2,stairs,0,-25,2,-515,-228,-368,996,672,1,0
319806,2,stairs,-23,-58,-12,-389,-76,-320,993,510,1,0
319833,2,stairs,-39,-74,-20,-200,-36,-243,994,317,1,0
319860,2,stairs,-33,-69,-15,-31,-75,-182,995,199,1,0
319887,2,stairs,-17,-54,-8,65,-85,-151,996,185,1,0
319914,2,stairs,12,-47,1,85,-53,-148,995,179,1,0
319941,2,stairs,41,-53,7,62,3,-150,995,163,1,0
319968,2,stairs,62,-66,9,20,54,-146,995,157,1,0
319995,2,stairs,77,-75,10,-25,87,-137,996,164,1,0
320022,2,stairs,86,-74,13,-56,98,-130,997,172,1,0
320049,2,stairs,91,-63,16,-67,93,-124,997,169,1,0
320076,2,stairs,94,-50,19,-64,89,-122,998,164,1,0
320103,2,stairs,97,-42,21,-57,100,-123,998,169,1,0
320130,2,stairs,97,-40,21,-58,126,-121,999,184,1,0
320157,2,stairs,100,-41,22,-62,150,-114,999,198,1,0
320184,2,stairs,99,-47,20,-79,164,-106,999,211,1,0
320211,2,stairs,105,-55,19,-112,127,-102,998,198,1,0
320238,2,stairs,125,-64,19,-158,47,-92,998,189,1,0
320274,2,stairs,119,-65,18,-187,-46,-37,998,196,1,0
320301,2,stairs,102,-64,15,-161,-77,63,998,189,1,0
320328,2,stairs,86,-51,15,-67,-68,175,998,199,1,0
320355,2,stairs,70,-29,16,75,-15,261,997,272,1,0
320382,2,stairs,51,-7,15,224,65,307,996,386,1,0
320409,2,stairs,23,10,11,337,132,340,995,496,1,0
320436,2,stairs,-9,20,4,379,163,373,994,557,1,0
320463,2,stairs,-39,41,-3,371,141,408,993,569,1,0
320490,2,stairs,-60,66,-8,331,97,426,993,549,1,0
320517,2,stairs,-75,81,-11,263,63,411,994,492,1,0
320544,2,stairs,-73,85,-9,193,41,369,995,418,1,0
320571,2,stairs,-64,83,-5,145,29,311,996,344,1,0
320597,2,stairs,-42,71,0,122,14,243,996,272,1,0
320623,2,stairs,-15,64,7,139,13,182,995,229,1,0
320649,2,stairs,5,59,12,181,33,144,996,234,1,0
320675,2,stairs,10,56,13,216,69,131,997,261,1,0
320702,2,stairs,8,62,13,233,109,132,997,289,1,0
320729,2,stairs,-9,78,10,239,155,136,997,315,1,0
320756,2,stairs,-26,92,5,229,194,138,997,331,1,0
320783,2,stairs,-29,104,5,214,217,143,997,336,1,0
320810,2,stairs,-20,110,7,191,216,157,997,328,1,0
320837,2,stairs,0,115,12,155,195,181,997,308,1,0
320864,2,stairs,24,119,16,108,163,191,996,273,1,0
320891,2,stairs,44,115,20,54,130,166,996,218,1,0
320917,2,stairs,50,107,22,5,119,126,997,173,1,0
320943,2,stairs,33,91,18,-56,150,69,997,174,1,0
320970,2,stairs,6,72,10,-133,223,4,995,260,1,0
320997,2,stairs,-27,52,0,-211,327,-44,994,392,1,0
321024,2,stairs,-64,25,-15,-273,457,-91,992,540,1,0
321051,2,stairs,-85,-3,-25,-276,605,-183,992,690,1,0
321078,2,stairs,-93,-32,-31,-194,693,-306,992,782,1,0
321105,2,stairs,-101,-66,-40,-64,684,-399,991,794,1,0
321132,2,stairs,-113,-100,-52,61,590,-431,990,733,1,0
321159,2,stairs,-120,-111,-56,172,418,-412,992,611,1,0
321186,2,stairs,-124,-109,-56,229,244,-374,994,502,1,0
321213,2,stairs,-124,-100,-53,220,118,-337,995,419,1,0
321240,2,stairs,-114,-91,-46,177,29,-304,996,354,1,0
321267,2,stairs,-104,-87,-41,128,-33,-270,997,300,1,0
321294,2,stairs,-93,-81,-35,97,-101,-237,997,276,1,0
321321,2,stairs,-83,-70,-29,89,-173,-230,997,301,1,0
321348,2,stairs,-69,-56,-22,92,-256,-254,997,373,1,0
321375,2,stairs,-53,-42,-14,87,-329,-302,997,455,1,0
321402,2,stairs,-35,-34,-7,63,-379,-356,997,524,1,0
321429,2,stairs,-21,-35,-3,24,-407,-397,997,569,1,0
321456,2,stairs,-9,-40,-1,-23,-420,-425,998,598,1,0
321483,2,stairs,7,-40,4,-58,-414,-429,998,599,1,0
321510,2,stairs,33,-40,9,-75,-383,-414,997,569,1,0
321537,2,stairs,64,-41,14,-85,-334,-388,996,519,1,0
321564,2,stairs,92,-40,19,-91,-285,-358,995,466,1,0
321591,2,stairs,110,-42,22,-95,-254,-344,996,439,1,0
321618,2,stairs,113,-51,21,-106,-253,-346,996,441,1,0
321645,2,stairs,104,-58,18,-115,-261,-357,996,457,1,0
321672,2,stairs,85,-54,16,-77,-225,-373,997,442,1,0
321699,2,stairs,62,-53,12,23,-125,-374,997,395,1,0
321726,2,stairs,45,-56,8,119,14,-374,997,392,1,0
321753,2,stairs,35,-58,5,201,106,-405,997,465,1,0
321780,2,stairs,18,-61,1,267,129,-472,997,558,1,0
321807,2,stairs,-10,-62,-8,304,119,-546,996,636,1,0
321834,2,stairs,-41,-55,-16,314,96,-604,995,687,1,0
321861,2,stairs,-73,-41,-26,309,72,-647,994,721,1,0
321888,2,stairs,-98,-34,-34,294,55,-686,994,748,1,0
321915,2,stairs,-99,-27,-32,279,25,-729,995,781,1,0
321942,2,stairs,-80,-14,-23,265,-11,-782,995,825,1,0
321969,2,stairs,-57,-3,-13,247,-38,-847,995,883,1,0
322005,2,stairs,-38,2,-6,221,-51,-930,995,958,1,0
322032,2,stairs,-30,3,-2,191,-55,-1005,996,1024,1,0
322059,2,stairs,-29,5,-1,167,-50,-1064,997,1078,1,0
322086,2,stairs,-36,8,-2,150,-32,-1109,998,1120,1,0
322113,2,stairs,-37,13,-2,146,-12,-1147,998,1156,1,0
322140,2,stairs,-37,17,-1,151,14,-1184,999,1193,1,0
322167,2,stairs,-24,20,3,161,25,-1217,999,1228,1,0
322194,2,stairs,-6,19,8,165,30,-1247,998,1259,1,0
322221,2,stairs,12,24,13,168,30,-1273,998,1284,1,0
322248,2,stairs,27,26,16,162,22,-1293,998,1304,1,0
322275,2,stairs,37,26,19,152,1,-1306,998,1315,1,0
322302,2,stairs,42,29,20,154,-32,-1305,998,1315,1,0
322329,2,stairs,47,33,21,168,-66,-1293,998,1305,1,0
322356,2,stairs,55,37,23,178,-90,-1273,998,1288,1,0
322383,2,stairs,67,42,25,160,-98,-1272,998,1286,1,0
322410,2,stairs,84,46,28,104,-111,-1324,998,1333,1,0
322437,2,stairs,84,49,29,43,-99,-1441,998,1445,1,0
322464,2,stairs,66,38,24,10,-12,-1578,998,1578,1,0
322491,2,stairs,19,11,6,13,124,-1628,993,1633,1,0
322518,2,stairs,-46,-20,-23,30,239,-1576,985,1595,1,0
322545,2,stairs,-90,-42,-44,43,267,-1466,984,1490,1,0
322572,2,stairs,-88,-57,-42,25,167,-1381,987,1391,1,0
322599,2,stairs,-51,-55,-28,-19,22,-1344,988,1345,1,0
322627,2,stairs,-15,-52,-16,-88,-42,-1347,989,1350,1,0
322655,2,stairs,11,-54,-8,-134,-24,-1349,990,1356,1,0
322682,2,stairs,21,-61,-4,-129,37,-1334,992,1341,1,0
322709,2,stairs,27,-70,-3,-74,85,-1297,993,1302,1,0
322736,2,stairs,33,-73,-2,20,113,-1251,995,1256,1,0
322763,2,stairs,43,-72,2,115,132,-1210,995,1223,1,0
322790,2,stairs,53,-64,6,193,157,-1179,996,1205,1,0
322817,2,stairs,62,-56,10,241,189,-1160,997,1199,1,0
322844,2,stairs,72,-53,12,262,214,-1146,997,1195,1,0
322871,2,stairs,88,-51,16,274,201,-1123,997,1174,1,0
322898,2,stairs,110,-49,18,283,162,-1084,997,1132,1,0
322925,2,stairs,131,-44,21,284,113,-1023,996,1068,1,0
322952,2,stairs,150,-36,24,275,50,-950,996,990,1,0
322979,2,stairs,158,-26,27,256,-19,-883,996,920,1,0
323006,2,stairs,155,-14,28,240,-87,-831,997,869,1,0
323033,2,stairs,147,1,30,237,-149,-795,997,843,1,0
323060,2,stairs,148,12,32,244,-199,-769,997,831,1,0
323087,2,stairs,146,16,32,263,-204,-731,997,803,1,0
323114,2,stairs,131,20,31,326,-176,-659,997,756,1,0
323141,2,stairs,97,19,25,427,-91,-549,996,702,1,0
323168,2,stairs,38,26,12,505,-13,-426,991,660,1,0
323195,2,stairs,-28,36,-7,515,37,-308,986,601,1,0
323222,2,stairs,-76,52,-20,476,30,-226,985,528,1,0
323249,2,stairs,-98,62,-24,390,-43,-181,987,432,1,0
323276,2,stairs,-95,61,-20,260,-81,-174,990,323,1,0
323303,2,stairs,-88,37,-19,116,-77,-192,991,237,1,0
323330,2,stairs,-68,-3,-18,-2,-69,-232,991,243,1,0
323357,2,stairs,-40,-38,-16,-76,-82,-305,990,325,1,0
323384,2,stairs,6,-66,-13,-108,-122,-416,988,447,1,0
323411,2,stairs,40,-82,-9,-100,-129,-576,988,599,1,0
323438,2,stairs,59,-84,-4,-66,-67,-771,990,776,1,0
323465,2,stairs,62,-77,1,-14,45,-961,992,962,1,0
323492,2,stairs,56,-61,4,57,166,-1119,993,1133,1,0
323519,2,stairs,41,-40,6,140,263,-1222,994,1258,1,0
323546,2,stairs,22,-14,7,200,308,-1278,993,1330,1,0
323573,2,stairs,7,23,7,231,287,-1303,992,1354,1,0
323600,2,stairs,1,58,10,215,234,-1318,992,1355,1,0
323627,2,stairs,4,83,13,139,153,-1341,993,1357,1,0
323654,2,stairs,16,91,17,15,62,-1370,994,1372,1,0
323681,2,stairs,13,88,17,-140,17,-1393,995,1400,1,0
323708,2,stairs,-16,81,10,-267,71,-1394,995,1421,1,0
323744,2,stairs,-29,66,6,-321,191,-1382,995,1431,1,0
323771,2,stairs,-42,44,0,-315,311,-1380,995,1449,1,0
323798,2,stairs,-60,15,-9,-272,381,-1383,994,1460,1,0
323825,2,stairs,-79,-16,-21,-217,387,-1368,993,1438,1,0
323853,2,stairs,-103,-38,-34,-158,362,-1321,992,1379,1,0
323881,2,stairs,-115,-45,-39,-101,341,-1260,993,1309,1,0
323909,2,stairs,-119,-44,-39,-60,355,-1203,995,1256,1,0
323936,2,stairs,-112,-51,-37,-24,377,-1141,996,1202,1,0
323963,2,stairs,-98,-63,-35,30,382,-1060,996,1127,1,0
323990,2,stairs,-77,-74,-30,100,358,-963,996,1033,1,0
324017,2,stairs,-51,-77,-23,146,316,-883,996,949,1,0
324044,2,stairs,-20,-76,-14,153,253,-847,995,897,1,0
324071,2,stairs,13,-75,-7,122,182,-863,994,891,1,0
324098,2,stairs,44,-78,-1,65,128,-914,994,925,1,0
324125,2,stairs,64,-86,2,-4,105,-970,995,976,1,0
324152,2,stairs,83,-91,4,-60,99,-1012,995,1019,1,0
324179,2,stairs,89,-87,7,-76,112,-1027,996,1035,1,0
324206,2,stairs,94,-81,9,-65,132,-1023,997,1034,1,0
324233,2,stairs,94,-71,12,-24,153,-1002,997,1014,1,0
324260,2,stairs,80,-61,11,15,186,-957,997,975,1,0
324287,2,stairs,66,-54,11,38,212,-877,998,903,1,0
324314,2,stairs,51,-43,11,49,224,-757,998,791,1,0
324341,2,stairs,44,-22,13,76,242,-645,997,693,1,0
324368,2,stairs,29,-3,13,141,326,-543,997,649,1,0
324395,2,stairs,4,6,8,208,428,-433,996,643,1,0
324422,2,stairs,-43,8,-7,259,509,-309,993,649,1,0
324449,2,stairs,-87,10,-22,292,515,-183,991,619,1,0
324476,2,stairs,-118,20,-32,299,439,-66,991,535,1,0
324503,2,stairs,-136,44,-36,266,338,26,991,431,1,0
324530,2,stairs,-144,73,-36,194,270,76,991,341,1,0
324557,2,stairs,-145,96,-34,107,248,75,992,280,1,0
324584,2,stairs,-136,107,-28,47,245,36,994,252,1,0
324611,2,stairs,-112,104,-19,34,247,-13,994,249,1,0
324638,2,stairs,-81,92,-9,77,263,-30,994,276,1,0
324665,2,stairs,-50,76,0,144,307,2,994,339,1,0
324692,2,stairs,-33,64,5,212,370,70,995,432,1,0
324719,2,stairs,-26,56,7,280,426,134,996,527,1,0
324746,2,stairs,-30,51,6,343,459,185,997,603,1,0
324773,2,stairs,-32,51,6,402,446,221,997,640,1,0
324800,2,stairs,-30,54,7,447,391,243,998,642,1,0
324827,2,stairs,-23,62,10,473,297,254,998,613,1,0
324854,2,stairs,-19,74,11,458,205,241,998,556,1,0
324881,2,stairs,-19,81,12,379,119,196,998,443,1,0
324908,2,stairs,-22,82,11,255,28,109,998,279,1,0
324935,2,stairs,-28,83,9,113,-44,-18,998,123,1,0
324962,2,stairs,-44,79,3,-47,-34,-150,998,161,1,0
324989,2,stairs,-65,63,-6,-196,47,-267,997,335,1,0
325016,2,stairs,-96,36,-22,-283,158,-350,994,477,1,0
325043,2,stairs,-122,2,-39,-280,245,-387,992,536,1,0
325070,2,stairs,-131,-20,-46,-201,242,-374,992,489,1,0
325097,2,stairs,-115,-37,-42,-112,169,-314,993,373,1,0
325124,2,stairs,-96,-47,-35,-54,101,-231,994,258,1,0
325151,2,stairs,-79,-52,-29,-30,59,-151,995,165,1,0
325178,2,stairs,-59,-57,-22,-26,21,-91,996,97,1,0
325205,2,stairs,-35,-56,-14,-22,-12,-54,996,60,1,0
325232,2,stairs,-21,-61,-10,-31,-26,-31,997,51,1,0
325259,2,stairs,-8,-60,-5,-34,-37,-31,997,59,1,0
325286,2,stairs,10,-51,1,-18,-50,-44,997,69,1,0
325313,2,stairs,16,-44,5,-15,-51,-64,998,84,1,0
325340,2,stairs,17,-41,6,-34,-54,-81,998,103,1,0
325367,2,stairs,34,-36,11,-61,-75,-86,998,129,1,0
325394,2,stairs,42,-30,14,-94,-86,-74,998,148,1,0
325421,2,stairs,47,-29,15,-138,-103,-55,998,181,1,0
325448,2,stairs,60,-35,16,-167,-135,-32,998,217,1,0
325484,2,stairs,90,-56,16,-168,-192,-2,996,256,1,0
325511,2,stairs,109,-72,15,-143,-266,32,996,303,1,0
325538,2,stairs,109,-78,14,-115,-317,56,996,342,1,0
325565,2,stairs,89,-73,12,-55,-329,71,997,341,1,0
325592,2,stairs,62,-66,7,42,-278,99,996,298,1,0
325619,2,stairs,45,-46,7,139,-175,83,995,238,1,0
325646,2,stairs,43,-23,11,211,-36,59,996,222,1,0
325673,2,stairs,32,-6,12,268,109,38,996,292,1,0
325700,2,stairs,3,4,6,294,232,51,995,378,1,0
325726,2,stairs,-31,20,-3,282,314,91,994,432,1,0
325753,2,stairs,-60,53,-10,259,344,133,992,451,1,0
325780,2,stairs,-81,83,-16,217,345,153,991,435,1,0
325807,2,stairs,-86,100,-15,161,326,154,992,395,1,0
325834,2,stairs,-72,104,-9,102,291,152,994,344,1,0
325861,2,stairs,-45,101,0,70,235,161,994,294,1,0
325888,2,stairs,-14,94,9,83,178,189,994,273,1,0
325914,2,stairs,6,81,14,124,139,240,995,304,1,0
325941,2,stairs,20,74,18,172,110,296,995,359,1,0
325968,2,stairs,25,82,20,237,88,334,996,419,1,0
325995,2,stairs,15,83,19,284,80,338,997,449,1,0
326022,2,stairs,0,80,15,317,55,323,997,456,1,0
326049,2,stairs,-13,80,11,344,15,307,997,461,1,0
326076,2,stairs,-21,85,9,363,-29,299,997,472,1,0
326103,2,stairs,-21,92,9,361,-80,294,998,472,1,0
326130,2,stairs,-13,99,11,316,-117,271,997,432,1,0
326157,2,stairs,-13,97,11,230,-130,210,998,337,1,0
326184,2,stairs,-1,88,14,126,-167,102,998,233,1,0
326211,2,stairs,-5,71,12,16,-158,-36,998,163,1,0
326238,2,stairs,-1,40,10,-73,-95,-161,996,201,1,0
326265,2,stairs,3,9,7,-117,5,-262,995,287,1,0
326292,2,stairs,-5,-15,1,-120,119,-352,995,390,1,0
326319,2,stairs,-30,-34,-10,-99,212,-418,994,479,1,0
326346,2,stairs,-65,-47,-26,-75,276,-455,993,538,1,0
326373,2,stairs,-99,-68,-45,-81,303,-445,991,544,1,0
326400,2,stairs,-108,-70,-47,-87,287,-406,993,504,1,0
326427,2,stairs,-93,-64,-39,-96,248,-360,994,447,1,0
326454,2,stairs,-60,-62,-27,-115,208,-318,993,397,1,0
326481,2,stairs,-18,-64,-15,-136,161,-284,992,354,1,0
326508,2,stairs,15,-65,-5,-142,105,-272,992,324,1,0
326535,2,stairs,34,-65,1,-136,47,-281,994,316,1,0
326562,2,stairs,42,-61,5,-125,1,-311,995,335,1,0
326589,2,stairs,45,-57,7,-114,-35,-347,996,367,1,0
326616,2,stairs,55,-50,11,-111,-69,-387,997,408,1,0
326643,2,stairs,71,-38,17,-105,-97,-417,997,441,1,0
326670,2,stairs,94,-34,21,-113,-110,-428,996,456,1,0
326697,2,stairs,117,-21,26,-128,-108,-418,995,450,1,0
326724,2,stairs,127,-6,30,-142,-106,-398,996,436,1,0
326751,2,stairs,122,2,31,-150,-120,-367,997,414,1,0
326778,2,stairs,103,-5,27,-154,-157,-312,997,381,1,0
326805,2,stairs,71,-17,18,-134,-196,-221,995,324,1,0
326832,2,stairs,45,-24,11,-56,-205,-93,995,232,1,0
326859,2,stairs,32,-23,9,53,-170,42,996,184,1,0
326886,2,stairs,30,-14,11,156,-111,148,996,242,1,0
326913,2,stairs,15,-6,9,225,-35,207,997,308,1,0
326940,2,stairs,-11,1,2,256,13,238,996,350,1,0
326967,2,stairs,-35,13,-4,255,13,260,996,364,1,0
326994,2,stairs,-56,31,-8,226,-29,278,995,360,1,0
327021,2,stairs,-57,55,-6,180,-88,284,995,348,1,0
327048,2,stairs,-53,75,-3,132,-125,273,996,328,1,0
327075,2,stairs,-44,85,0,97,-139,251,996,303,1,0
327102,2,stairs,-28,82,5,78,-136,235,997,282,1,0
327129,2,stairs,-6,72,11,76,-126,243,996,284,1,0
327156,2,stairs,12,58,14,88,-105,274,997,306,1,0
327183,2,stairs,26,52,18,102,-80,304,997,330,1,0
327218,2,stairs,35,46,19,111,-54,308,997,332,1,0
327245,2,stairs,45,45,22,117,-33,287,998,311,1,0
327272,2,stairs,46,51,23,136,0,246,998,281,1,0
327298,2,stairs,38,51,21,144,41,203,998,252,1,0
327325,2,stairs,37,59,21,151,54,174,999,237,1,0
327351,2,stairs,37,75,22,157,39,147,998,218,1,0
327377,2,stairs,43,88,23,135,2,98,998,167,1,0
327403,2,stairs,41,93,23,83,-48,34,998,102,1,0
327430,2,stairs,34,82,21,-20,-118,-19,998,121,1,0
327457,2,stairs,27,65,18,-151,-184,-44,998,242,1,0
327484,2,stairs,18,44,14,-255,-171,-45,997,311,1,0
327511,2,stairs,11,19,9,-268,-45,-45,997,275,1,0
327538,2,stairs,-1,-9,2,-189,143,-53,996,243,1,0
327565,2,stairs,-20,-45,-11,-66,297,-54,994,309,1,0
327592,2,stairs,-38,-73,-22,58,361,-34,993,367,1,0
327619,2,stairs,-43,-90,-26,131,339,8,994,364,1,0
327646,2,stairs,-36,-95,-24,130,282,48,995,314,1,0
327673,2,stairs,-20,-90,-17,70,227,76,996,250,1,0
327700,2,stairs,-2,-89,-12,-17,202,89,996,221,1,0
327727,2,stairs,13,-92,-9,-89,199,95,996,238,1,0
327754,2,stairs,22,-95,-7,-126,178,93,997,237,1,0
327781,2,stairs,25,-93,-5,-118,128,71,997,188,1,0
327808,2,stairs,31,-86,-2,-80,59,25,998,103,1,0
327835,2,stairs,31,-74,0,-40,-4,-32,998,51,1,0
327862,2,stairs,34,-65,3,-26,-41,-88,998,100,1,0
327889,2,stairs,37,-53,6,-32,-60,-135,998,152,1,0
327916,2,stairs,34,-41,7,-50,-78,-167,998,190,1,0
327943,2,stairs,26,-36,6,-75,-84,-181,998,213,1,0
327970,2,stairs,28,-33,7,-98,-78,-173,998,213,1,0
327997,2,stairs,49,-26,12,-107,-60,-147,998,192,1,0
328024,2,stairs,68,-18,16,-98,-26,-93,997,138,1,0
328051,2,stairs,85,-22,18,-104,9,-41,997,112,1,0
328078,2,stairs,91,-21,19,-122,7,-5,997,122,1,0
328105,2,stairs,74,-9,18,-106,9,17,997,108,1,0
328131,2,stairs,51,-2,15,-62,52,44,997,92,1,0
328157,2,stairs,34,-3,11,-11,118,90,997,149,1,0
328184,2,stairs,15,-7,6,49,181,162,997,247,1,0
328211,2,stairs,-12,-5,0,121,210,233,996,337,1,0
328238,2,stairs,-47,7,-10,190,206,283,994,398,1,0
328265,2,stairs,-82,28,-21,247,162,316,993,432,1,0
328292,2,stairs,-115,52,-32,275,101,339,991,448,1,0
328319,2,stairs,-140,72,-40,263,47,353,991,442,1,0
328346,2,stairs,-158,92,-46,229,12,359,992,426,1,0
328373,2,stairs,-154,101,-43,181,-20,357,994,400,1,0
328400,2,stairs,-134,99,-33,137,-42,346,995,375,1,0
328427,2,stairs,-103,89,-22,118,-46,332,994,356,1,0
328454,2,stairs,-69,74,-12,137,-39,320,994,351,1,0
328481,2,stairs,-44,58,-4,185,-9,315,994,366,1,0
328508,2,stairs,-30,47,0,239,42,312,995,396,1,0
328535,2,stairs,-28,44,2,278,96,308,996,425,1,0
328562,2,stairs,-32,46,1,288,136,293,997,433,1,0
328589,2,stairs,-34,54,2,281,151,258,997,410,1,0
328616,2,stairs,-32,64,3,267,144,203,997,365,1,0
328643,2,stairs,-20,70,7,247,122,135,998,306,1,0
328670,2,stairs,-5,75,11,221,90,64,997,247,1,0
328697,2,stairs,12,81,15,194,46,2,997,199,1,0
328724,2,stairs,26,90,19,168,1,-46,997,174,1,0
328750,2,stairs,29,100,20,146,-37,-75,998,168,1,0
328777,2,stairs,25,110,19,130,-64,-89,998,170,1,0
328804,2,stairs,17,117,17,114,-89,-90,998,170,1,0
328831,2,stairs,7,127,14,99,-98,-76,998,159,1,0
328858,2,stairs,11,131,15,66,-107,-53,998,137,1,0
328885,2,stairs,21,132,17,22,-103,-28,998,109,1,0
328912,2,stairs,18,127,16,-60,-69,-17,999,93,1,0
328947,2,stairs,20,114,16,-163,-85,-30,998,186,1,0
328974,2,stairs,31,94,18,-240,-156,-60,998,293,1,0
329001,2,stairs,44,69,20,-287,-176,-82,996,347,1,0
329028,2,stairs,45,49,19,-273,-127,-60,997,307,1,0
329055,2,stairs,35,30,16,-215,-24,-32,996,219,1,0
329082,2,stairs,3,15,5,-152,66,-33,995,169,1,0
329109,2,stairs,-41,3,-11,-119,114,-70,992,179,1,0
329136,2,stairs,-83,-9,-28,-114,112,-116,990,198,1,0
329163,2,stairs,-100,-20,-34,-122,69,-133,992,193,1,0
329190,2,stairs,-81,-33,-28,-150,37,-113,993,191,1,0
329217,2,stairs,-42,-41,-16,-178,54,-55,992,194,1,0
329244,2,stairs,-6,-44,-6,-199,86,16,992,217,1,0
329271,2,stairs,7,-41,-1,-196,104,79,994,235,1,0
329298,2,stairs,1,-32,0,-166,87,117,995,221,1,0
329325,2,stairs,-34,-14,-9,-111,68,146,994,196,1,0
329352,2,stairs,-40,-4,-9,-62,20,174,995,186,1,0
329379,2,stairs,-39,2,-7,-18,-27,230,996,232,1,0
329406,2,stairs,-20,0,-1,16,-83,318,996,329,1,0
329433,2,stairs,5,-2,5,33,-126,430,996,449,1,0
329460,2,stairs,28,-3,11,31,-153,540,996,562,1,0
329487,2,stairs,44,-9,14,10,-183,629,996,655,1,0
329514,2,stairs,41,-20,13,-27,-217,711,997,743,1,0
329541,2,stairs,33,-29,10,-69,-257,799,997,842,1,0
329568,2,stairs,28,-30,9,-101,-252,884,998,925,1,0
329595,2,stairs,16,-22,7,-126,-174,943,998,967,1,0
329622,2,stairs,12,0,8,-123,-72,938,997,949,1,0
329649,2,stairs,7,16,8,-104,-29,868,997,875,1,0
329675,2,stairs,6,14,8,-93,-74,773,998,782,1,0
329702,2,stairs,10,5,9,-98,-165,692,998,719,1,0
329729,2,stairs,17,-1,10,-113,-245,652,998,706,1,0
329756,2,stairs,23,3,11,-124,-295,634,998,711,1,0
329783,2,stairs,29,12,14,-123,-311,605,998,692,1,0
329810,2,stairs,26,19,14,-110,-286,553,998,632,1,0
329837,2,stairs,22,20,13,-88,-244,495,998,559,1,0
329864,2,stairs,23,18,13,-56,-198,443,999,488,1,0
329891,2,stairs,32,18,15,-16,-167,401,998,434,1,0
329918,2,stairs,47,18,18,18,-143,361,998,388,1,0
329945,2,stairs,64,21,21,43,-120,314,998,339,1,0
329972,2,stairs,77,25,23,66,-107,260,998,289,1,0
329999,2,stairs,82,28,24,90,-99,204,998,244,1,0
330026,2,stairs,78,33,24,113,-83,155,998,209,1,0
330053,2,stairs,67,38,22,137,-65,120,998,193,1,0
330080,2,stairs,56,43,20,159,-51,98,998,194,1,0
330106,2,stairs,47,51,18,177,-48,87,998,203,1,0
330132,2,stairs,43,57,18,179,-53,81,998,204,1,0
330158,2,stairs,46,62,18,165,-65,79,998,194,1,0
330185,2,stairs,56,66,20,143,-83,80,998,183,1,0
330211,2,stairs,68,65,22,121,-92,78,998,171,1,0
330238,2,stairs,77,60,23,106,-90,72,998,157,1,0
330264,2,stairs,83,54,24,108,-73,65,998,145,1,0
330290,2,stairs,86,49,24,120,-54,59,998,144,1,0
330316,2,stairs,85,47,24,134,-31,51,998,147,1,0
330342,2,stairs,84,46,23,140,-11,43,998,147,1,0
330368,2,stairs,83,48,23,136,0,33,998,140,1,0
330394,2,stairs,84,50,23,124,4,24,998,126,1,0
330420,2,stairs,83,50,23,107,4,17,998,108,1,0
330446,2,stairs,79,51,22,91,-2,16,998,92,1,0
330472,2,stairs,75,52,22,80,-14,17,998,83,1,0
330498,2,stairs,73,52,21,70,-32,20,998,79,1,0
330524,2,stairs,71,52,21,60,-57,24,998,86,1,0
330550,2,stairs,72,51,21,51,-88,32,999,106,1,0
330576,2,stairs,73,49,20,38,-114,41,998,128,1,0
330602,2,stairs,75,47,20,20,-138,51,998,148,1,0
330629,2,stairs,78,45,21,0,-159,58,998,169,1,0
330664,2,stairs,77,43,20,-20,-176,61,999,187,1,0
330691,2,stairs,78,41,20,-40,-189,63,998,203,1,0
330718,2,stairs,81,38,20,-54,-197,66,999,214,1,0
330745,2,stairs,87,35,21,-60,-191,68,998,211,1,0
330772,2,stairs,93,31,21,-60,-164,64,998,186,1,0
330799,2,stairs,94,27,21,-52,-131,58,998,153,1,0
330826,2,stairs,89,23,20,-40,-99,50,998,117,1,0
330852,2,stairs,83,22,19,-29,-75,39,998,89,1,0
330878,2,stairs,80,21,19,-24,-63,29,998,73,1,0
330904,2,stairs,82,22,19,-25,-57,21,999,66,1,0
330930,2,stairs,84,23,19,-29,-51,15,999,60,1,0
330956,2,stairs,86,21,19,-35,-41,12,998,55,1,0
330982,2,stairs,86,20,19,-37,-26,10,998,46,1,0
331008,2,stairs,83,18,18,-31,-14,9,999,35,1,0
331034,2,stairs,76,17,17,-22,-2,7,998,24,1,0
331060,2,stairs,69,19,16,-9,5,3,998,11,1,0
331086,2,stairs,63,22,15,4,6,-4,998,8,1,0
331112,2,stairs,58,26,15,16,-2,-11,998,19,1,0
331138,2,stairs,55,29,14,23,-9,-13,998,28,1,0
331164,2,stairs,52,32,14,29,-15,-9,998,34,1,0
331190,2,stairs,47,33,13,30,-23,2,998,38,1,0
331216,2,stairs,46,33,13,27,-34,18,998,47,1,0
331242,2,stairs,45,32,13,19,-42,34,998,57,1,0
331268,2,stairs,50,30,13,4,-68,50,998,84,1,0
331294,2,stairs,52,28,13,-12,-62,61,999,88,1,0
331320,2,stairs,54,22,13,-28,-55,65,998,90,1,0
331346,2,stairs,59,13,13,-38,-56,72,998,99,1,0
331372,2,stairs,61,6,13,-39,-51,83,998,105,1,0
331399,2,stairs,59,1,12,-41,-50,91,998,112,1,0
331426,2,stairs,59,0,12,-49,-41,92,998,112,1,0
331452,2,stairs,57,0,12,-60,-31,90,998,112,1,0
331478,2,stairs,52,2,12,-67,-27,96,999,120,1,0
331505,2,stairs,47,6,11,-75,-20,117,999,141,1,0
