t_ms,label_id,label,lin_ax_mps2_x1000,lin_ay_mps2_x1000,lin_az_mps2_x1000,gx_radps_x1000,gy_radps_x1000,gz_radps_x1000,acc_norm_x1000,gyro_norm_x1000,valid,clipped
241485,0,idle,2,13,1,49,-44,15,998,67,1,0
241511,0,idle,4,15,1,50,-44,11,998,67,1,0
241537,0,idle,6,16,1,41,-39,0,998,57,1,0
241563,0,idle,9,16,2,23,-32,-13,998,42,1,0
241589,0,idle,11,16,2,2,-21,-28,998,35,1,0
241615,0,idle,15,13,2,-18,-12,-39,998,45,1,0
241641,0,idle,16,10,3,-36,1,-44,999,57,1,0
241667,0,idle,16,7,3,-49,15,-42,999,67,1,0
241693,0,idle,15,5,3,-55,32,-35,999,72,1,0
241719,0,idle,12,5,2,-47,54,-24,998,75,1,0
241745,0,idle,9,4,2,-34,73,-12,998,81,1,0
241771,0,idle,9,5,2,-18,92,-2,998,94,1,0
241797,0,idle,7,6,1,-1,100,3,998,100,1,0
241823,0,idle,6,5,1,11,96,3,998,97,1,0
241848,0,idle,5,5,1,19,87,4,998,89,1,0
241873,0,idle,0,6,0,25,74,5,998,79,1,0
241898,0,idle,-4,6,0,24,58,9,998,64,1,0
241923,0,idle,-8,6,-1,20,49,13,998,55,1,0
241948,0,idle,-10,5,-1,11,33,16,998,39,1,0
241974,0,idle,-9,6,-1,-1,13,17,998,21,1,0
242000,0,idle,-8,6,-1,-16,-2,11,998,20,1,0
242026,0,idle,-6,5,0,-32,-21,1,998,38,1,0
242052,0,idle,0,2,0,-48,-42,-14,998,66,1,0
242078,0,idle,-1,-1,0,-56,-43,-26,998,76,1,0
242104,0,idle,-2,-2,0,-56,-43,-34,998,78,1,0
242130,0,idle,1,-6,1,-55,-40,-39,998,79,1,0
242156,0,idle,0,-9,1,-56,-25,-40,998,74,1,0
242182,0,idle,-1,-10,1,-56,-20,-42,998,72,1,0
242208,0,idle,0,-10,1,-54,-15,-44,998,71,1,0
242234,0,idle,0,-11,1,-50,-3,-51,998,71,1,0
242260,0,idle,-3,-11,0,-46,4,-58,998,74,1,0
242286,0,idle,-3,-10,0,-40,6,-66,998,78,1,0
242312,0,idle,-4,-10,0,-34,12,-75,999,83,1,0
242338,0,idle,-7,-11,0,-27,20,-82,998,89,1,0
242364,0,idle,-8,-11,0,-18,24,-87,998,92,1,0
242390,0,idle,-7,-10,0,-13,29,-92,998,97,1,0
242416,0,idle,-8,-10,0,-10,32,-99,998,104,1,0
242442,0,idle,-12,-8,-1,-7,31,-105,998,110,1,0
242468,0,idle,-11,-6,-1,-8,24,-113,998,116,1,0
242494,0,idle,-10,-6,-1,-12,17,-124,998,126,1,0
242520,0,idle,-14,-6,-1,-15,12,-132,998,133,1,0
242546,0,idle,-11,-6,-1,-15,-1,-137,998,138,1,0
242572,0,idle,-10,-4,-1,-11,0,-142,998,143,1,0
242598,0,idle,-12,-4,-1,-9,2,-146,998,147,1,0
242624,0,idle,-8,-4,0,-12,-7,-152,998,152,1,0
242650,0,idle,-6,-2,0,-14,0,-159,999,160,1,0
242676,0,idle,-10,-1,-1,-10,11,-164,998,165,1,0
242702,0,idle,-8,-1,-1,-1,19,-168,998,169,1,0
242728,0,idle,-6,-2,0,6,35,-168,998,171,1,0
242754,0,idle,-5,-2,0,11,40,-165,998,171,1,0
242780,0,idle,-5,-1,0,16,39,-162,998,168,1,0
242806,0,idle,-8,1,-1,21,43,-159,998,166,1,0
242832,0,idle,-9,3,-1,26,40,-156,998,163,1,0
242866,0,idle,-3,7,0,13,32,-148,998,152,1,0
242892,0,idle,0,11,0,-12,23,-136,998,139,1,0
242918,0,idle,4,12,0,-42,3,-129,998,135,1,0
242944,0,idle,3,9,1,-66,-11,-129,998,146,1,0
242970,0,idle,-1,3,0,-84,-20,-134,998,160,1,0
242996,0,idle,-2,-4,0,-98,-29,-139,998,173,1,0
243022,0,idle,0,-10,0,-103,-32,-141,998,177,1,0
243049,0,idle,-1,-17,0,-90,-29,-136,998,166,1,0
243076,0,idle,0,-19,0,-56,-41,-119,998,138,1,0
243102,0,idle,1,-21,0,-18,-49,-100,998,112,1,0
243128,0,idle,-3,-22,0,10,-48,-79,998,93,1,0
243154,0,idle,-6,-22,0,24,-48,-62,998,82,1,0
243180,0,idle,-5,-18,0,23,-44,-54,998,74,1,0
243206,0,idle,-1,-14,0,12,-39,-59,998,72,1,0
243232,0,idle,1,-11,1,-2,-32,-72,998,79,1,0
243258,0,idle,3,-10,1,-14,-25,-88,999,93,1,0
243284,0,idle,4,-11,1,-26,-19,-102,999,107,1,0
243310,0,idle,3,-12,1,-32,-8,-111,999,116,1,0
243336,0,idle,4,-13,1,-30,-1,-111,999,115,1,0
243362,0,idle,3,-13,1,-20,5,-102,999,104,1,0
243388,0,idle,3,-13,1,-6,1,-89,998,89,1,0
243414,0,idle,5,-13,1,5,-11,-75,998,76,1,0
243440,0,idle,4,-12,1,18,-25,-63,998,70,1,0
243466,0,idle,3,-11,1,30,-43,-52,998,74,1,0
243492,0,idle,5,-9,1,43,-57,-42,998,82,1,0
243518,0,idle,5,-7,1,55,-54,-34,998,84,1,0
243544,0,idle,4,-5,1,65,-46,-29,998,85,1,0
243570,0,idle,6,-3,1,70,-36,-29,998,84,1,0
243596,0,idle,9,-1,1,64,-22,-33,998,76,1,0
243622,0,idle,9,1,1,53,-10,-40,998,67,1,0
243648,0,idle,10,1,1,41,-1,-46,998,61,1,0
243674,0,idle,11,1,2,30,10,-48,999,58,1,0
243700,0,idle,12,0,2,21,15,-47,999,54,1,0
243726,0,idle,11,-1,2,15,21,-43,998,50,1,0
243752,0,idle,11,-2,2,12,25,-36,999,46,1,0
243778,0,idle,11,-1,2,15,28,-31,998,44,1,0
243804,0,idle,9,-1,1,20,29,-27,998,44,1,0
243830,0,idle,8,-2,1,22,28,-26,999,44,1,0
243856,0,idle,7,-3,1,21,28,-27,999,44,1,0
243882,0,idle,6,-3,1,22,24,-27,999,42,1,0
243908,0,idle,8,-4,1,22,19,-27,999,40,1,0
243933,0,idle,7,-3,1,25,18,-26,999,40,1,0
243959,0,idle,6,-1,1,31,16,-25,999,43,1,0
243985,0,idle,7,-1,1,34,13,-27,999,45,1,0
244011,0,idle,3,1,1,35,16,-29,998,48,1,0
244037,0,idle,1,2,0,35,14,-31,999,48,1,0
244062,0,idle,0,3,0,33,14,-35,998,50,1,0
244088,0,idle,-2,4,0,30,15,-39,998,51,1,0
244114,0,idle,-3,4,0,27,10,-44,999,53,1,0
244140,0,idle,-3,4,0,26,9,-48,998,55,1,0
244165,0,idle,-7,6,-1,26,10,-51,998,58,1,0
244191,0,idle,-8,7,-1,26,6,-57,999,62,1,0
244217,0,idle,-6,7,-1,23,2,-62,999,66,1,0
244243,0,idle,-7,6,-1,22,1,-70,999,73,1,0
244269,0,idle,-7,7,-1,26,1,-74,999,78,1,0
244295,0,idle,-5,7,-1,31,2,-76,998,82,1,0
244321,0,idle,-3,6,0,33,3,-78,998,85,1,0
244346,0,idle,-2,5,0,32,4,-80,998,87,1,0
244371,0,idle,-1,6,0,33,5,-82,998,88,1,0
244397,0,idle,0,6,0,33,9,-83,998,90,1,0
244422,0,idle,1,7,0,31,8,-87,998,93,1,0
244447,0,idle,2,8,0,28,4,-94,999,98,1,0
244473,0,idle,2,7,0,26,-1,-100,998,103,1,0
244499,0,idle,2,8,0,28,-10,-103,998,107,1,0
244533,0,idle,0,10,0,37,-6,-101,998,108,1,0
244559,0,idle,-5,13,-1,45,-6,-97,998,107,1,0
244585,0,idle,-7,15,-1,51,-6,-91,998,105,1,0
244611,0,idle,-9,18,-2,54,1,-83,998,100,1,0
244637,0,idle,-12,20,-2,51,5,-77,998,93,1,0
244663,0,idle,-11,22,-2,42,5,-73,998,85,1,0
244689,0,idle,-8,21,-2,30,6,-71,998,77,1,0
244715,0,idle,-9,20,-2,21,5,-68,998,71,1,0
244741,0,idle,-9,19,-2,15,6,-65,998,67,1,0
244767,0,idle,-9,16,-1,10,13,-62,998,64,1,0
244793,0,idle,-9,15,-1,7,17,-59,998,62,1,0
244819,0,idle,-8,14,-1,8,12,-59,998,60,1,0
244845,0,idle,-5,12,-1,11,3,-59,998,60,1,0
244871,0,idle,-6,11,-1,17,-6,-57,999,60,1,0
244897,0,idle,-5,10,0,25,-17,-55,999,63,1,0
244923,0,idle,-2,9,0,34,-21,-52,998,65,1,0
244949,0,idle,0,10,0,44,-20,-49,998,68,1,0
244975,0,idle,2,12,0,51,-16,-50,998,73,1,0
245001,0,idle,2,14,0,54,-5,-58,998,79,1,0
245027,0,idle,2,15,0,52,7,-67,998,85,1,0
245053,0,idle,2,16,0,47,12,-74,998,89,1,0
245079,0,idle,3,15,0,35,14,-80,998,88,1,0
245105,0,idle,2,16,0,25,19,-84,998,90,1,0
245131,0,idle,0,16,0,19,24,-90,998,96,1,0
245157,0,idle,2,16,0,13,25,-96,998,100,1,0
245183,0,idle,1,15,0,8,28,-97,998,101,1,0
245209,0,idle,-2,14,-1,4,31,-96,998,101,1,0
245235,0,idle,-3,12,-1,0,36,-97,998,103,1,0
245261,0,idle,-6,11,-1,-2,43,-97,999,106,1,0
245287,0,idle,-6,12,-1,-1,42,-99,998,108,1,0
245313,0,idle,-5,12,-1,-1,39,-100,998,108,1,0
245339,0,idle,-7,11,-1,-3,32,-100,999,105,1,0
245365,0,idle,-9,11,-1,-4,24,-95,998,98,1,0
245391,0,idle,-11,11,-2,-1,20,-89,998,91,1,0
245417,0,idle,-11,12,-2,7,16,-83,998,85,1,0
245443,0,idle,-11,12,-2,14,12,-80,998,82,1,0
245469,0,idle,-10,11,-2,19,11,-80,998,83,1,0
245495,0,idle,-9,10,-1,24,11,-81,998,86,1,0
245521,0,idle,-7,10,-1,29,14,-83,999,89,1,0
245547,0,idle,-5,10,-1,35,14,-81,998,89,1,0
245573,0,idle,-4,11,-1,40,14,-77,998,88,1,0
245599,0,idle,-5,11,-1,40,16,-74,998,86,1,0
245625,0,idle,-7,12,-1,36,21,-71,998,82,1,0
245651,0,idle,-7,12,-1,30,26,-68,998,79,1,0
245677,0,idle,-7,12,-1,23,28,-68,998,77,1,0
245703,0,idle,-8,11,-1,20,34,-67,998,78,1,0
245729,0,idle,-10,12,-2,22,40,-65,998,80,1,0
245755,0,idle,-11,12,-2,24,44,-61,998,79,1,0
245781,0,idle,-13,13,-2,22,46,-57,998,77,1,0
245807,0,idle,-14,13,-2,23,41,-54,998,72,1,0
245833,0,idle,-15,14,-2,26,35,-50,998,66,1,0
245859,0,idle,-15,14,-2,28,25,-44,998,58,1,0
245885,0,idle,-15,13,-2,27,14,-37,998,48,1,0
245911,0,idle,-15,13,-2,26,7,-34,998,43,1,0
245937,0,idle,-15,13,-2,23,0,-31,999,39,1,0
245963,0,idle,-14,12,-2,17,-3,-31,999,35,1,0
245989,0,idle,-14,11,-2,11,-2,-30,999,32,1,0
246015,0,idle,-14,10,-2,7,0,-31,998,31,1,0
246041,0,idle,-14,10,-2,8,5,-30,999,32,1,0
246067,0,idle,-13,10,-2,13,8,-29,999,33,1,0
246093,0,idle,-12,9,-2,18,11,-27,999,34,1,0
246119,0,idle,-12,8,-2,19,14,-26,999,35,1,0
246145,0,idle,-13,7,-2,21,18,-25,998,38,1,0
246171,0,idle,-13,8,-2,24,21,-24,998,40,1,0
246205,0,idle,-14,8,-2,23,19,-26,998,40,1,0
246231,0,idle,-14,7,-2,20,12,-29,998,38,1,0
246257,0,idle,-13,6,-2,18,0,-33,998,38,1,0
246283,0,idle,-13,5,-2,19,-11,-36,998,42,1,0
246309,0,idle,-12,5,-2,24,-21,-37,998,49,1,0
246335,0,idle,-10,6,-2,31,-29,-37,998,56,1,0
246361,0,idle,-9,6,-1,36,-34,-37,999,62,1,0
246387,0,idle,-7,7,-1,41,-36,-38,999,67,1,0
246413,0,idle,-5,8,-1,47,-32,-40,999,70,1,0
246439,0,idle,-4,10,-1,50,-27,-41,998,70,1,0
246465,0,idle,-3,11,-1,48,-24,-44,998,69,1,0
246491,0,idle,-2,12,-1,45,-16,-45,998,66,1,0
246517,0,idle,-3,13,-1,40,-10,-45,998,61,1,0
246543,0,idle,-1,14,-1,34,-6,-42,998,55,1,0
246569,0,idle,-1,14,-1,28,1,-42,998,50,1,0
246595,0,idle,-1,13,-1,19,5,-43,998,48,1,0
246621,0,idle,0,13,0,11,9,-44,998,47,1,0
246647,0,idle,0,13,0,6,14,-45,998,47,1,0
246673,0,idle,0,13,0,6,17,-45,998,48,1,0
246698,0,idle,-1,12,-1,6,19,-44,998,49,1,0
246724,0,idle,-3,12,-1,8,21,-44,998,49,1,0
246750,0,idle,-4,12,-1,10,18,-42,998,47,1,0
246776,0,idle,-4,11,-1,11,16,-42,998,46,1,0
246802,0,idle,-6,11,-1,11,13,-42,998,46,1,0
246828,0,idle,-6,11,-1,13,7,-44,999,46,1,0
246854,0,idle,-5,10,-1,16,0,-44,998,46,1,0
246880,0,idle,-5,9,-1,16,-9,-42,998,45,1,0
246906,0,idle,-4,9,-1,16,-19,-39,999,46,1,0
246932,0,idle,-1,9,0,15,-28,-35,998,47,1,0
246958,0,idle,-1,10,0,15,-31,-34,999,49,1,0
246984,0,idle,0,10,0,16,-31,-35,999,50,1,0
247010,0,idle,1,9,0,17,-28,-36,998,49,1,0
247036,0,idle,1,10,0,18,-21,-37,999,46,1,0
247062,0,idle,3,10,0,20,-15,-37,998,44,1,0
247088,0,idle,2,10,0,20,-6,-37,999,42,1,0
247114,0,idle,1,11,0,23,1,-36,998,42,1,0
247140,0,idle,2,12,0,27,6,-34,998,44,1,0
247166,0,idle,0,12,0,28,16,-31,998,45,1,0
247192,0,idle,-2,12,-1,27,21,-29,998,45,1,0
247218,0,idle,-2,12,-1,23,26,-28,998,44,1,0
247244,0,idle,-4,12,-1,17,31,-32,998,48,1,0
247270,0,idle,-5,10,-1,10,30,-36,998,48,1,0
247296,0,idle,-5,9,-1,7,25,-39,998,47,1,0
247322,0,idle,-6,9,-1,9,21,-41,998,47,1,0
247348,0,idle,-6,8,-1,12,12,-43,998,46,1,0
247374,0,idle,-5,8,-1,15,4,-44,998,46,1,0
247400,0,idle,-5,8,-1,20,-3,-44,998,48,1,0
247426,0,idle,-4,9,-1,23,-9,-43,998,50,1,0
247452,0,idle,-3,9,-1,24,-9,-43,998,50,1,0
247478,0,idle,-3,9,-1,22,-8,-43,998,49,1,0
247504,0,idle,-2,10,-1,18,-6,-45,998,49,1,0
247530,0,idle,-2,10,-1,16,-2,-46,998,49,1,0
247556,0,idle,-2,10,-1,15,4,-46,998,49,1,0
247582,0,idle,-2,10,-1,14,11,-45,999,48,1,0
247608,0,idle,-2,10,-1,12,18,-44,999,49,1,0
247634,0,idle,-2,10,-1,10,25,-43,999,51,1,0
247660,0,idle,-5,10,-1,8,34,-41,998,54,1,0
247686,0,idle,-6,9,-1,5,36,-40,998,54,1,0
247712,0,idle,-6,8,-1,2,36,-41,998,55,1,0
247738,0,idle,-7,6,-1,0,34,-43,998,54,1,0
247764,0,idle,-8,5,-1,0,29,-44,998,52,1,0
247790,0,idle,-9,5,-1,4,22,-43,999,48,1,0
247816,0,idle,-9,4,-1,8,11,-41,999,44,1,0
247842,0,idle,-10,4,-1,11,3,-41,998,42,1,0
247876,0,idle,-10,4,-1,14,-8,-41,999,44,1,0
247902,0,idle,-7,4,-1,15,-18,-42,998,48,1,0
247928,0,idle,-6,4,-1,14,-20,-45,998,52,1,0
247954,0,idle,-5,4,-1,12,-18,-48,999,53,1,0
247980,0,idle,-3,4,-1,9,-15,-50,998,52,1,0
248006,0,idle,-2,4,0,6,-7,-50,998,51,1,0
248032,0,idle,-3,5,-1,4,1,-50,998,50,1,0
248058,0,idle,-4,5,-1,1,10,-52,998,53,1,0
248084,0,idle,-4,5,-1,-3,19,-54,998,57,1,0
248110,0,idle,-4,4,-1,-5,25,-55,998,61,1,0
248136,0,idle,-4,3,-1,-5,30,-54,999,62,1,0
248162,0,idle,-5,2,-1,-5,34,-51,999,62,1,0
248188,0,idle,-5,3,-1,-1,33,-47,998,58,1,0
248214,0,idle,-6,2,-1,2,30,-43,998,52,1,0
248240,0,idle,-7,1,-1,3,26,-39,998,47,1,0
248266,0,idle,-7,1,-1,4,21,-38,998,44,1,0
248291,0,idle,-7,1,-1,5,16,-39,998,42,1,0
248316,0,idle,-7,0,-1,5,13,-39,998,41,1,0
248341,0,idle,-8,1,-1,5,9,-39,999,40,1,0
248366,0,idle,-7,2,-1,5,4,-40,998,40,1,0
248392,0,idle,-7,1,-1,4,-2,-39,998,40,1,0
248418,0,idle,-6,2,-1,3,-10,-38,998,40,1,0
248444,0,idle,-5,1,-1,2,-17,-36,998,40,1,0
248470,0,idle,-5,0,-1,3,-22,-32,998,39,1,0
248496,0,idle,-3,1,0,9,-22,-31,998,39,1,0
248522,0,idle,-2,1,0,17,-21,-30,998,40,1,0
248548,0,idle,-2,2,0,23,-20,-29,999,42,1,0
248574,0,idle,-1,3,0,26,-18,-27,998,41,1,0
248600,0,idle,-2,5,0,26,-16,-25,998,39,1,0
248626,0,idle,0,6,0,23,-15,-23,998,36,1,0
248652,0,idle,-1,6,0,15,-11,-22,998,29,1,0
248678,0,idle,1,6,0,5,-6,-23,998,24,1,0
248703,0,idle,2,5,0,-3,0,-23,998,23,1,0
248729,0,idle,1,2,0,-10,6,-22,998,25,1,0
248755,0,idle,-1,1,0,-13,11,-21,998,27,1,0
248781,0,idle,-1,0,0,-11,13,-22,998,27,1,0
248807,0,idle,-2,-1,0,-6,13,-23,998,27,1,0
248833,0,idle,-3,-2,-1,1,13,-24,998,27,1,0
248859,0,idle,-3,-1,0,7,12,-26,998,29,1,0
248885,0,idle,-3,0,0,11,12,-27,998,32,1,0
248911,0,idle,-4,1,-1,13,13,-27,998,33,1,0
248937,0,idle,-5,2,-1,12,12,-27,998,32,1,0
248963,0,idle,-6,2,-1,9,10,-27,998,30,1,0
248988,0,idle,-6,3,-1,5,8,-28,998,30,1,0
249013,0,idle,-6,2,-1,0,5,-30,998,31,1,0
249039,0,idle,-6,1,-1,-2,3,-33,998,33,1,0
249065,0,idle,-6,1,-1,-2,0,-33,998,33,1,0
249091,0,idle,-5,0,-1,-1,-1,-33,998,33,1,0
249117,0,idle,-5,0,-1,2,-2,-32,998,32,1,0
249143,0,idle,-5,1,-1,2,-3,-33,998,33,1,0
249169,0,idle,-6,0,-1,1,-1,-35,998,35,1,0
249195,0,idle,-5,1,-1,0,1,-38,998,38,1,0
249220,0,idle,-4,0,-1,0,2,-40,998,40,1,0
249245,0,idle,-5,0,-1,1,1,-39,998,39,1,0
249270,0,idle,-4,1,-1,3,1,-37,998,37,1,0
249295,0,idle,-5,0,-1,3,2,-33,998,34,1,0
249320,0,idle,-5,0,-1,1,1,-30,999,30,1,0
249346,0,idle,-6,0,-1,-3,3,-28,998,28,1,0
249372,0,idle,-5,-1,-1,-7,4,-28,998,30,1,0
249398,0,idle,-5,-1,-1,-8,4,-29,998,31,1,0
249424,0,idle,-5,-2,-1,-9,5,-31,998,33,1,0
249450,0,idle,-6,-3,-1,-8,8,-31,999,33,1,0
249476,0,idle,-6,-3,0,-4,11,-31,999,34,1,0
249502,0,idle,-6,-4,0,0,13,-32,999,34,1,0
249535,0,idle,-6,-4,-1,5,15,-31,998,34,1,0
249561,0,idle,-7,-3,-1,10,19,-30,998,37,1,0
249587,0,idle,-8,-3,-1,10,23,-31,998,40,1,0
249613,0,idle,-8,-3,-1,6,26,-32,998,42,1,0
249639,0,idle,-7,-3,-1,2,27,-33,998,43,1,0
249665,0,idle,-8,-3,-1,-1,26,-35,998,43,1,0
249691,0,idle,-9,-4,-1,-3,25,-35,998,43,1,0
249717,0,idle,-9,-5,-1,-2,22,-35,998,41,1,0
249743,0,idle,-8,-5,-1,3,17,-34,998,38,1,0
249769,0,idle,-8,-5,-1,8,10,-34,998,36,1,0
249795,0,idle,-9,-5,-1,13,5,-32,998,35,1,0
249821,0,idle,-9,-4,-1,15,0,-32,998,35,1,0
249847,0,idle,-7,-3,-1,15,-4,-33,998,36,1,0
249873,0,idle,-6,-3,-1,13,-7,-34,998,37,1,0
249899,0,idle,-5,-3,-1,10,-11,-34,998,37,1,0
249925,0,idle,-5,-3,0,9,-12,-32,999,35,1,0
249951,0,idle,-4,-4,0,6,-12,-30,999,33,1,0
249977,0,idle,-3,-4,0,5,-12,-29,999,32,1,0
250003,0,idle,-3,-5,0,3,-10,-30,998,31,1,0
250029,0,idle,-2,-4,0,1,-6,-31,998,32,1,0
250055,0,idle,-3,-4,0,1,0,-32,999,32,1,0
250081,0,idle,-3,-4,0,0,5,-34,999,34,1,0
250107,0,idle,-3,-3,0,2,8,-35,999,36,1,0
250132,0,idle,-4,-3,0,4,13,-36,999,38,1,0
250158,0,idle,-4,-3,0,8,19,-36,998,42,1,0
250184,0,idle,-4,-2,-1,12,25,-37,998,46,1,0
250210,0,idle,-4,-1,-1,17,30,-38,998,51,1,0
250236,0,idle,-4,0,-1,20,31,-38,998,53,1,0
250262,0,idle,-5,1,-1,18,26,-38,998,49,1,0
250288,0,idle,-7,1,-1,11,17,-36,998,41,1,0
250314,0,idle,-6,1,-1,3,8,-34,998,35,1,0
250340,0,idle,-5,1,-1,-5,-1,-32,998,33,1,0
250366,0,idle,-5,0,-1,-10,-4,-30,998,32,1,0
250392,0,idle,-5,-1,-1,-13,-4,-30,998,33,1,0
250418,0,idle,-4,-2,-1,-10,-5,-31,998,33,1,0
250444,0,idle,-4,-1,-1,-5,-5,-31,998,31,1,0
250470,0,idle,-4,-1,-1,0,-6,-31,998,31,1,0
250496,0,idle,-4,-1,0,6,-9,-30,998,32,1,0
250522,0,idle,-2,-1,0,10,-6,-28,998,30,1,0
250548,0,idle,-3,0,0,16,-4,-26,998,31,1,0
250574,0,idle,-3,1,-1,21,-1,-23,998,31,1,0
250600,0,idle,-3,2,0,22,1,-19,998,30,1,0
250625,0,idle,-2,2,0,21,1,-16,999,26,1,0
250650,0,idle,-2,2,0,15,4,-13,998,20,1,0
250675,0,idle,-3,2,0,9,9,-13,998,18,1,0
250701,0,idle,-3,2,-1,1,13,-15,998,20,1,0
250727,0,idle,-3,1,0,-9,14,-20,998,26,1,0
250753,0,idle,-4,0,0,-16,15,-24,998,33,1,0
250779,0,idle,-5,-1,-1,-18,13,-28,998,36,1,0
250805,0,idle,-4,-3,0,-17,8,-31,999,37,1,0
250831,0,idle,-4,-4,0,-13,3,-33,998,36,1,0
250857,0,idle,-4,-4,-1,-9,-5,-35,998,36,1,0
250883,0,idle,-2,-5,0,-6,-14,-36,998,39,1,0
250909,0,idle,-2,-5,0,-4,-16,-40,998,43,1,0
250935,0,idle,-1,-5,0,-6,-20,-44,998,49,1,0
250961,0,idle,4,-6,1,-12,-28,-50,998,59,1,0
250987,0,idle,6,-7,1,-19,-32,-57,998,68,1,0
251013,0,idle,6,-8,1,-24,-40,-64,998,79,1,0
251039,0,idle,8,-8,1,-27,-47,-70,998,89,1,0
251065,0,idle,6,-8,1,-25,-49,-74,998,92,1,0
251091,0,idle,6,-8,1,-22,-57,-76,998,97,1,0
251117,0,idle,7,-7,1,-17,-68,-75,999,103,1,0
251143,0,idle,6,-5,1,-13,-75,-76,998,108,1,0
251169,0,idle,8,-5,1,-8,-90,-76,998,118,1,0
251203,0,idle,10,-4,2,-10,-108,-74,998,131,1,0
251229,0,idle,11,-5,2,-9,-125,-74,998,146,1,0
251255,0,idle,13,-7,2,-10,-149,-76,998,167,1,0
251281,0,idle,16,-9,3,-15,-171,-79,998,189,1,0
251307,0,idle,12,-9,2,-16,-170,-78,998,188,1,0
251333,0,idle,9,-9,2,-15,-161,-71,999,177,1,0
251359,0,idle,11,-8,2,-7,-142,-58,999,154,1,0
251385,0,idle,12,-6,2,6,-123,-44,999,131,1,0
251411,0,idle,17,-4,2,18,-121,-36,998,127,1,0
251437,0,idle,24,-3,3,29,-123,-33,998,131,1,0
251463,0,idle,28,-3,4,36,-129,-32,998,138,1,0
251489,0,idle,36,-4,5,40,-144,-30,998,152,1,0
251515,0,idle,44,-4,5,42,-148,-27,998,156,1,0
251541,0,idle,51,-4,6,42,-146,-22,998,153,1,0
251567,0,idle,59,-2,6,39,-136,-19,998,143,1,0
251593,0,idle,61,1,6,34,-108,-20,998,115,1,0
251619,0,idle,61,3,6,23,-81,-24,998,88,1,0
251645,0,idle,59,3,6,5,-51,-31,998,60,1,0
251671,0,idle,52,3,6,-15,-23,-38,998,46,1,0
251697,0,idle,49,1,6,-33,-7,-42,998,54,1,0
251723,0,idle,45,-2,5,-46,9,-44,998,65,1,0
251749,0,idle,42,-4,5,-49,18,-42,999,67,1,0
251775,0,idle,43,-7,5,-46,20,-38,999,63,1,0
251801,0,idle,42,-10,5,-39,25,-35,999,58,1,0
251827,0,idle,39,-11,5,-31,27,-32,999,52,1,0
251853,0,idle,38,-10,5,-22,26,-28,999,44,1,0
251879,0,idle,35,-10,5,-16,28,-27,999,42,1,0
251905,0,idle,31,-10,4,-12,27,-26,999,39,1,0
251931,0,idle,28,-9,4,-10,25,-26,999,37,1,0
251957,0,idle,27,-9,4,-12,25,-27,999,39,1,0
251983,0,idle,26,-9,4,-16,24,-29,999,41,1,0
252009,0,idle,26,-9,4,-19,20,-30,998,40,1,0
252035,0,idle,23,-10,3,-21,16,-29,998,39,1,0
252061,0,idle,21,-11,3,-20,10,-28,998,36,1,0
252087,0,idle,19,-11,3,-17,2,-28,998,32,1,0
252113,0,idle,18,-12,3,-13,-8,-27,999,31,1,0
252139,0,idle,18,-12,3,-9,-17,-27,999,33,1,0
252165,0,idle,19,-12,3,-5,-26,-26,998,38,1,0
252191,0,idle,19,-12,3,-4,-30,-27,998,41,1,0
252217,0,idle,18,-12,3,-3,-33,-31,998,45,1,0
252243,0,idle,20,-13,3,-1,-35,-34,999,49,1,0
252269,0,idle,20,-13,3,0,-35,-36,999,50,1,0
252295,0,idle,19,-12,3,4,-32,-37,999,49,1,0
252321,0,idle,20,-11,3,8,-32,-36,999,49,1,0
252347,0,idle,21,-11,3,9,-31,-36,999,48,1,0
252373,0,idle,22,-10,3,10,-28,-36,999,47,1,0
252399,0,idle,22,-9,3,13,-26,-36,999,46,1,0
252425,0,idle,22,-9,3,15,-19,-36,998,44,1,0
252451,0,idle,20,-8,3,17,-15,-36,998,43,1,0
252477,0,idle,21,-7,3,22,-14,-36,998,44,1,0
252503,0,idle,22,-6,3,23,-12,-36,998,44,1,0
252529,0,idle,21,-5,3,19,-9,-35,998,41,1,0
252555,0,idle,21,-5,3,12,-6,-37,998,39,1,0
252581,0,idle,22,-5,3,5,-4,-38,998,39,1,0
252607,0,idle,22,-6,3,-1,-5,-38,998,39,1,0
252633,0,idle,20,-6,2,-5,-4,-36,998,36,1,0
252659,0,idle,18,-6,2,-7,-2,-35,998,36,1,0
252685,0,idle,18,-6,2,-7,1,-38,998,38,1,0
252711,0,idle,17,-5,2,-5,2,-40,998,40,1,0
252736,0,idle,17,-5,2,-4,2,-42,998,42,1,0
252761,0,idle,17,-6,2,-4,5,-43,999,43,1,0
252787,0,idle,15,-6,2,-3,10,-41,998,43,1,0
252813,0,idle,16,-4,2,-2,14,-40,999,42,1,0
252839,0,idle,16,-4,2,-6,19,-37,999,42,1,0
252873,0,idle,14,-4,2,-14,21,-36,999,44,1,0
252899,0,idle,12,-4,2,-21,22,-35,999,46,1,0
252925,0,idle,10,-5,2,-26,19,-34,999,46,1,0
252951,0,idle,8,-6,1,-29,13,-34,998,47,1,0
252977,0,idle,7,-7,1,-28,7,-33,998,44,1,0
253003,0,idle,7,-9,1,-23,1,-33,998,40,1,0
253029,0,idle,6,-10,1,-16,-3,-34,998,38,1,0
253055,0,idle,5,-9,1,-7,-7,-36,999,37,1,0
253081,0,idle,6,-9,1,0,-8,-38,998,39,1,0
253107,0,idle,7,-9,1,3,-7,-39,998,40,1,0
253132,0,idle,9,-8,1,3,-7,-39,998,40,1,0
253157,0,idle,10,-8,2,0,-4,-39,999,39,1,0
253183,0,idle,8,-8,1,-6,2,-38,999,38,1,0
253209,0,idle,6,-8,1,-11,3,-37,998,38,1,0
253235,0,idle,5,-8,1,-14,1,-35,999,37,1,0
253261,0,idle,3,-9,1,-15,-1,-32,999,35,1,0
253287,0,idle,2,-10,1,-11,-9,-30,998,33,1,0
253313,0,idle,3,-9,1,-4,-19,-28,998,34,1,0
253339,0,idle,4,-10,1,2,-27,-27,998,38,1,0
253365,0,idle,5,-10,1,7,-33,-27,998,43,1,0
253391,0,idle,6,-9,1,11,-38,-28,998,49,1,0
253417,0,idle,8,-8,1,12,-40,-29,999,51,1,0
253443,0,idle,8,-6,1,9,-39,-32,998,51,1,0
253469,0,idle,8,-5,1,1,-34,-36,998,50,1,0
253495,0,idle,10,-5,1,-8,-25,-42,998,50,1,0
253521,0,idle,11,-5,1,-17,-14,-48,998,53,1,0
253547,0,idle,12,-8,1,-25,-4,-53,998,58,1,0
253573,0,idle,12,-10,2,-24,11,-52,998,59,1,0
253599,0,idle,9,-12,1,-17,23,-46,998,54,1,0
253625,0,idle,9,-12,1,-5,28,-37,998,47,1,0
253651,0,idle,7,-12,1,9,32,-30,998,46,1,0
253677,0,idle,6,-12,1,21,34,-28,998,49,1,0
253703,0,idle,5,-10,1,30,35,-29,998,54,1,0
253729,0,idle,6,-8,1,35,35,-31,998,58,1,0
253755,0,idle,5,-6,1,35,36,-33,998,60,1,0
253781,0,idle,4,-5,0,34,35,-36,998,61,1,0
253807,0,idle,4,-2,1,35,33,-37,998,60,1,0
253833,0,idle,2,0,0,36,32,-36,998,60,1,0
253859,0,idle,1,2,0,35,25,-36,998,56,1,0
253884,0,idle,1,4,0,31,18,-35,998,50,1,0
253910,0,idle,0,5,0,24,11,-34,998,42,1,0
253936,0,idle,0,5,0,16,3,-32,998,36,1,0
253962,0,idle,-1,5,0,9,-5,-30,998,31,1,0
253988,0,idle,-1,4,0,1,-16,-26,998,31,1,0
254014,0,idle,0,2,0,-7,-24,-23,998,34,1,0
254040,0,idle,0,1,0,-14,-28,-24,998,39,1,0
254066,0,idle,1,-2,0,-20,-32,-25,998,45,1,0
254092,0,idle,2,-4,0,-25,-30,-26,998,47,1,0
254118,0,idle,4,-6,1,-27,-22,-28,998,44,1,0
254144,0,idle,5,-7,1,-24,-17,-30,998,42,1,0
254170,0,idle,5,-7,1,-20,-11,-32,998,40,1,0
254196,0,idle,6,-7,1,-14,-6,-35,998,38,1,0
254222,0,idle,6,-9,1,-11,2,-39,998,40,1,0
254248,0,idle,4,-9,1,-7,7,-42,998,44,1,0
254273,0,idle,3,-8,1,-2,10,-45,998,46,1,0
254299,0,idle,2,-7,1,3,11,-46,999,47,1,0
254325,0,idle,0,-6,0,5,11,-47,999,48,1,0
254351,0,idle,-1,-6,0,6,12,-50,998,52,1,0
254377,0,idle,-1,-4,0,11,13,-53,999,55,1,0
254403,0,idle,-1,-2,0,17,15,-55,998,60,1,0
254429,0,idle,-2,0,0,22,16,-57,998,63,1,0
254455,0,idle,-3,1,0,23,14,-58,998,64,1,0
254481,0,idle,-4,2,0,22,11,-57,999,62,1,0
254507,0,idle,-5,3,0,21,7,-54,999,59,1,0
254540,0,idle,-5,4,0,18,2,-53,999,56,1,0
254566,0,idle,-5,4,0,15,0,-52,999,55,1,0
254591,0,idle,-3,4,0,13,-3,-53,999,54,1,0
254617,0,idle,-4,3,0,12,-4,-52,999,54,1,0
254643,0,idle,-3,3,0,11,-5,-52,998,53,1,0
254669,0,idle,-2,3,0,11,-6,-51,999,53,1,0
254695,0,idle,-2,3,0,11,-4,-51,998,52,1,0
254721,0,idle,-3,2,0,11,0,-49,998,50,1,0
254747,0,idle,-3,3,0,13,4,-46,998,48,1,0
254773,0,idle,-2,5,0,16,9,-43,998,47,1,0
254799,0,idle,-2,5,0,15,11,-40,998,44,1,0
254825,0,idle,-2,5,0,11,11,-35,998,38,1,0
254851,0,idle,-2,6,0,4,14,-30,998,33,1,0
254877,0,idle,-2,5,0,-3,17,-23,998,29,1,0
254903,0,idle,-3,4,0,-11,18,-17,998,27,1,0
254929,0,idle,-4,3,0,-17,19,-12,998,28,1,0
254955,0,idle,-6,1,-1,-20,18,-9,998,28,1,0
254981,0,idle,-5,0,-1,-19,12,-9,998,24,1,0
255007,0,idle,-4,-2,0,-15,8,-10,998,20,1,0
255033,0,idle,-4,-4,0,-10,5,-11,998,15,1,0
255059,0,idle,-3,-5,0,-5,7,-12,999,14,1,0
255085,0,idle,-3,-6,0,-2,11,-14,998,18,1,0
255111,0,idle,-3,-6,0,1,16,-18,998,24,1,0
255137,0,idle,-3,-6,0,6,19,-21,998,29,1,0
255163,0,idle,-4,-6,0,7,20,-23,998,31,1,0
255189,0,idle,-4,-5,0,11,20,-22,998,32,1,0
255215,0,idle,-6,-5,-1,13,19,-21,998,31,1,0
255241,0,idle,-8,-5,-1,11,21,-22,998,33,1,0
255267,0,idle,-10,-3,-1,6,20,-29,998,35,1,0
255293,0,idle,-11,-4,-1,-2,16,-39,998,42,1,0
255319,0,idle,-12,-5,-1,-8,11,-53,998,54,1,0
255345,0,idle,-13,-6,-1,-11,2,-65,998,66,1,0
255371,0,idle,-14,-6,-2,-11,-4,-73,998,74,1,0
255397,0,idle,-14,-6,-2,-9,-13,-77,998,79,1,0
255423,0,idle,-14,-4,-1,-4,-21,-80,998,82,1,0
255449,0,idle,-13,-3,-1,-3,-29,-80,998,85,1,0
255475,0,idle,-11,-2,-1,-4,-33,-80,998,86,1,0
255501,0,idle,-11,-1,-1,-7,-30,-81,998,87,1,0
255527,0,idle,-9,-1,-1,-10,-24,-83,998,87,1,0
255553,0,idle,-7,-2,-1,-15,-15,-86,998,88,1,0
255579,0,idle,-4,-2,0,-16,-4,-87,998,89,1,0
255605,0,idle,-4,-2,0,-14,5,-84,998,86,1,0
255631,0,idle,-5,-2,0,-11,17,-80,998,82,1,0
255657,0,idle,-7,-2,-1,-13,27,-75,999,81,1,0
255683,0,idle,-9,-2,-1,-9,33,-70,998,78,1,0
255709,0,idle,-10,-2,-1,-7,36,-65,999,75,1,0
255735,0,idle,-14,-2,-1,-6,39,-62,999,73,1,0
255761,0,idle,-15,-2,-1,-7,30,-60,999,67,1,0
255787,0,idle,-15,-4,-2,-11,18,-60,998,63,1,0
255813,0,idle,-15,-6,-2,-13,0,-60,998,62,1,0
255839,0,idle,-12,-6,-1,-6,-19,-62,999,65,1,0
255865,0,idle,-9,-8,-1,5,-29,-62,998,69,1,0
255891,0,idle,-5,-8,0,12,-37,-63,998,74,1,0
255917,0,idle,-1,-9,0,14,-42,-62,998,76,1,0
255943,0,idle,0,-8,0,10,-45,-59,998,75,1,0
255969,0,idle,-1,-7,0,1,-43,-57,998,71,1,0
255995,0,idle,-1,-5,0,-4,-38,-56,998,68,1,0
256021,0,idle,-2,-3,0,-5,-31,-58,998,66,1,0
256047,0,idle,-3,-2,0,0,-21,-61,998,65,1,0
256073,0,idle,-1,-1,0,7,-17,-64,998,66,1,0
256099,0,idle,2,1,0,16,-14,-63,998,66,1,0
256125,0,idle,4,2,0,24,-11,-58,998,64,1,0
256151,0,idle,5,3,1,30,-10,-50,998,60,1,0
256177,0,idle,5,4,0,32,-6,-42,998,54,1,0
256210,0,idle,5,4,0,29,-2,-37,998,47,1,0
256236,0,idle,4,3,0,23,4,-34,998,41,1,0
256261,0,idle,2,2,0,20,12,-33,998,40,1,0
256287,0,idle,1,2,0,19,18,-30,998,40,1,0
256313,0,idle,1,3,0,21,23,-26,999,41,1,0
256339,0,idle,1,4,0,26,22,-22,999,40,1,0
256364,0,idle,2,5,0,32,18,-17,998,40,1,0
256389,0,idle,4,6,0,40,18,-11,998,45,1,0
256414,0,idle,5,5,1,47,20,-6,999,51,1,0
256439,0,idle,6,6,1,52,22,0,999,56,1,0
256464,0,idle,5,7,1,50,25,3,999,56,1,0
256489,0,idle,4,6,0,42,27,3,999,50,1,0
256514,0,idle,1,6,0,30,29,0,998,42,1,0
256539,0,idle,0,5,0,21,28,-3,998,35,1,0
256564,0,idle,-1,4,0,14,28,-9,998,32,1,0
256590,0,idle,-1,2,0,12,23,-14,998,29,1,0
256615,0,idle,0,2,0,16,16,-19,998,30,1,0
256641,0,idle,1,2,0,22,7,-21,998,31,1,0
256667,0,idle,1,4,0,28,-1,-20,998,35,1,0
256693,0,idle,2,7,0,35,-7,-20,998,41,1,0
256719,0,idle,1,9,0,37,-9,-19,998,43,1,0
256745,0,idle,0,9,0,31,-9,-19,998,37,1,0
256771,0,idle,0,10,0,22,-9,-19,998,30,1,0
256797,0,idle,-1,10,0,13,-4,-20,998,24,1,0
256823,0,idle,-2,9,0,5,0,-22,998,23,1,0
256849,0,idle,-1,8,0,2,3,-24,998,24,1,0
256874,0,idle,-3,7,0,2,7,-27,998,28,1,0
256899,0,idle,-4,6,-1,3,6,-28,998,29,1,0
256924,0,idle,-3,6,0,8,5,-30,999,32,1,0
256949,0,idle,-2,6,0,12,1,-33,999,35,1,0
256975,0,idle,-1,6,0,13,-7,-36,999,39,1,0
257001,0,idle,1,5,0,8,-12,-39,998,42,1,0
257027,0,idle,1,5,0,1,-16,-42,998,45,1,0
257053,0,idle,2,4,0,-9,-16,-46,998,50,1,0
257079,0,idle,2,3,0,-21,-15,-50,998,56,1,0
257105,0,idle,2,2,0,-29,-14,-54,998,63,1,0
257131,0,idle,2,1,0,-32,-13,-56,998,66,1,0
257157,0,idle,2,0,0,-31,-13,-58,998,67,1,0
257183,0,idle,2,0,0,-25,-13,-58,998,65,1,0
257209,0,idle,2,0,0,-19,-10,-56,998,60,1,0
257235,0,idle,2,0,0,-14,-6,-54,998,57,1,0
257260,0,idle,3,0,0,-13,-5,-54,998,56,1,0
257286,0,idle,3,-1,0,-17,-4,-54,998,57,1,0
257312,0,idle,4,-3,0,-25,-9,-54,998,60,1,0
257338,0,idle,5,-4,1,-31,-17,-54,998,64,1,0
257364,0,idle,6,-6,1,-34,-25,-53,998,68,1,0
257390,0,idle,6,-8,1,-32,-30,-52,998,68,1,0
257416,0,idle,5,-10,1,-26,-30,-53,998,66,1,0
257442,0,idle,6,-11,1,-19,-34,-55,998,67,1,0
257468,0,idle,7,-11,1,-10,-34,-59,998,69,1,0
257494,0,idle,8,-10,1,0,-33,-63,998,71,1,0
257520,0,idle,9,-9,1,8,-32,-66,998,74,1,0
257546,0,idle,10,-8,1,13,-26,-67,998,73,1,0
257572,0,idle,9,-7,1,14,-18,-66,998,70,1,0
257598,0,idle,7,-5,1,13,-10,-66,998,68,1,0
257624,0,idle,7,-3,1,12,-4,-65,998,66,1,0
257650,0,idle,6,-1,1,13,0,-65,998,66,1,0
257676,0,idle,5,-1,1,15,2,-63,998,65,1,0
257701,0,idle,6,0,1,19,2,-61,998,64,1,0
257726,0,idle,6,1,1,24,-1,-57,998,62,1,0
257752,0,idle,6,1,1,26,-3,-51,998,57,1,0
257778,0,idle,6,2,1,27,-4,-45,999,53,1,0
257804,0,idle,6,2,1,28,-6,-39,999,48,1,0
257830,0,idle,5,3,1,28,-6,-32,998,43,1,0
257863,0,idle,5,4,1,24,-7,-29,999,38,1,0
257889,0,idle,5,4,1,19,-6,-27,999,33,1,0
257914,0,idle,3,4,0,12,-3,-26,998,29,1,0
257939,0,idle,3,4,0,9,-1,-25,998,26,1,0
257964,0,idle,2,4,0,8,5,-23,998,25,1,0
257989,0,idle,-1,4,0,9,8,-19,998,22,1,0
258014,0,idle,-1,5,0,13,9,-15,998,22,1,0
258039,0,idle,-2,6,0,16,12,-11,998,22,1,0
258065,0,idle,-1,5,0,15,11,-6,998,20,1,0
258090,0,idle,0,4,0,11,9,-1,999,15,1,0
258115,0,idle,-1,2,0,6,9,4,998,11,1,0
258140,0,idle,-1,1,0,-1,6,8,998,10,1,0
258165,0,idle,-3,-1,0,-6,3,11,999,13,1,0
258191,0,idle,-4,-1,0,-7,-1,14,998,16,1,0
258217,0,idle,-4,-2,0,-5,-5,15,998,17,1,0
258243,0,idle,-5,-2,-1,-2,-6,14,998,16,1,0
258269,0,idle,-5,-2,0,1,-8,14,998,16,1,0
258294,0,idle,-2,-2,0,3,-9,14,998,17,1,0
258320,0,idle,-1,-1,0,3,-7,14,998,16,1,0
258345,0,idle,0,-1,0,1,-3,14,998,14,1,0
258370,0,idle,0,-1,0,-4,5,13,998,14,1,0
258395,0,idle,0,-2,0,-10,12,12,998,20,1,0
258421,0,idle,-1,-4,0,-16,17,9,998,25,1,0
258447,0,idle,-2,-4,0,-19,20,7,998,28,1,0
258473,0,idle,-3,-5,0,-17,17,6,998,25,1,0
258499,0,idle,-3,-6,0,-13,17,3,998,21,1,0
258524,0,idle,-5,-6,0,-8,14,1,998,16,1,0
258549,0,idle,-5,-6,0,-1,8,-1,999,8,1,0
258574,0,idle,-4,-5,0,5,7,-3,999,9,1,0
258599,0,idle,-5,-4,0,9,4,-5,999,11,1,0
258624,0,idle,-3,-3,0,12,-1,-7,998,13,1,0
258650,0,idle,-2,-2,0,11,-2,-9,998,14,1,0
258676,0,idle,-1,-3,0,7,1,-11,998,13,1,0
258702,0,idle,0,-4,0,3,8,-14,998,17,1,0
258727,0,idle,-1,-3,0,3,16,-16,998,23,1,0
258753,0,idle,-1,-3,0,1,23,-20,998,31,1,0
258779,0,idle,-2,-3,0,-1,29,-25,998,38,1,0
258805,0,idle,-2,-3,0,-2,30,-29,998,42,1,0
258831,0,idle,-4,-5,0,-3,33,-34,998,48,1,0
258857,0,idle,-5,-5,-1,-2,37,-38,998,53,1,0
258883,0,idle,-6,-4,-1,2,36,-41,998,55,1,0
258909,0,idle,-6,-3,-1,6,32,-44,998,55,1,0
258935,0,idle,-8,-3,-1,7,29,-46,998,55,1,0
258961,0,idle,-9,-2,-1,8,23,-48,998,54,1,0
258987,0,idle,-7,-1,-1,9,17,-51,998,55,1,0
259013,0,idle,-9,-2,-1,7,16,-54,998,57,1,0
259039,0,idle,-9,-1,-1,7,13,-56,998,58,1,0
259065,0,idle,-10,1,-1,11,15,-57,998,60,1,0
259091,0,idle,-11,2,-1,14,12,-56,998,59,1,0
259117,0,idle,-10,3,-1,17,10,-54,998,58,1,0
259143,0,idle,-9,4,-1,21,9,-54,998,58,1,0
259169,0,idle,-9,4,-1,24,10,-53,999,59,1,0
259195,0,idle,-8,4,-1,26,16,-50,999,58,1,0
259221,0,idle,-8,5,-1,25,25,-46,999,58,1,0
259247,0,idle,-9,6,-1,22,32,-43,998,58,1,0
259273,0,idle,-10,7,-1,17,38,-39,998,57,1,0
259299,0,idle,-10,7,-1,12,41,-37,998,57,1,0
259325,0,idle,-11,6,-1,6,42,-37,998,56,1,0
259351,0,idle,-12,6,-1,4,42,-36,999,55,1,0
259377,0,idle,-12,5,-1,5,39,-33,999,52,1,0
259403,0,idle,-12,4,-1,8,34,-31,998,47,1,0
259429,0,idle,-12,4,-1,10,30,-30,998,43,1,0
259455,0,idle,-12,4,-1,9,25,-28,998,39,1,0
259481,0,idle,-12,3,-1,6,23,-27,998,36,1,0
259515,0,idle,-13,3,-2,4,22,-24,998,33,1,0
259541,0,idle,-12,3,-2,2,22,-22,998,31,1,0
259567,0,idle,-12,3,-2,1,21,-21,998,30,1,0
259593,0,idle,-13,1,-1,0,20,-21,999,29,1,0
259619,0,idle,-13,1,-1,-1,22,-21,999,30,1,0
259645,0,idle,-15,0,-2,0,20,-22,999,30,1,0
259671,0,idle,-14,0,-2,3,16,-22,999,27,1,0
259697,0,idle,-14,0,-2,6,14,-21,998,26,1,0
259723,0,idle,-14,1,-2,8,9,-21,999,24,1,0
259749,0,idle,-13,1,-1,7,9,-21,999,24,1,0
259774,0,idle,-13,1,-1,2,9,-22,999,24,1,0
259800,0,idle,-13,1,-1,-3,7,-23,999,24,1,0
259826,0,idle,-13,-1,-1,-7,6,-23,999,25,1,0
259852,0,idle,-12,-1,-1,-7,3,-24,999,25,1,0
259878,0,idle,-11,-1,-1,-3,-1,-26,998,26,1,0
259904,0,idle,-10,-1,-1,1,-2,-27,998,28,1,0
259930,0,idle,-9,-2,-1,5,0,-29,998,30,1,0
259956,0,idle,-9,-1,-1,7,5,-31,998,32,1,0
259982,0,idle,-9,0,-1,9,10,-31,998,33,1,0
260008,0,idle,-10,1,-1,8,15,-33,998,37,1,0
260034,0,idle,-9,2,-1,5,18,-36,998,40,1,0
260060,0,idle,-9,1,-1,0,20,-38,998,43,1,0
260086,0,idle,-9,0,-1,-3,22,-39,998,45,1,0
260112,0,idle,-9,0,-1,-3,23,-38,998,44,1,0
260138,0,idle,-10,0,-1,-3,24,-38,998,45,1,0
260164,0,idle,-11,0,-1,-2,22,-39,998,45,1,0
260190,0,idle,-12,-1,-1,-1,19,-40,998,44,1,0
260216,0,idle,-12,-1,-2,-2,12,-40,998,42,1,0
260242,0,idle,-10,-1,-1,0,3,-40,998,40,1,0
260268,0,idle,-10,-1,-1,2,-2,-40,999,40,1,0
260294,0,idle,-9,-1,-1,3,-8,-41,998,42,1,0
260320,0,idle,-8,-1,-1,1,-7,-40,999,41,1,0
260346,0,idle,-9,-2,-1,-2,-5,-40,999,40,1,0
260372,0,idle,-9,-1,-1,-5,-1,-40,999,40,1,0
260398,0,idle,-9,-2,-1,-8,2,-40,999,41,1,0
260424,0,idle,-10,-2,-1,-9,6,-41,998,42,1,0
260450,0,idle,-10,-3,-1,-7,7,-41,998,42,1,0
260476,0,idle,-10,-3,-1,-4,5,-40,998,40,1,0
260502,0,idle,-11,-3,-1,-1,3,-40,998,40,1,0
260528,0,idle,-11,-2,-1,1,-2,-39,998,39,1,0
260554,0,idle,-11,-1,-1,4,-6,-39,998,40,1,0
260580,0,idle,-11,-1,-1,5,-10,-39,998,41,1,0
260606,0,idle,-10,-1,-1,4,-15,-38,999,41,1,0
260632,0,idle,-9,-1,-1,3,-18,-36,999,40,1,0
260658,0,idle,-7,-1,-1,2,-20,-36,999,41,1,0
260684,0,idle,-5,-2,-1,2,-19,-35,998,40,1,0
260710,0,idle,-6,-2,-1,2,-14,-34,998,37,1,0
260736,0,idle,-5,-1,-1,3,-11,-33,998,35,1,0
260762,0,idle,-4,-1,-1,4,-5,-30,998,31,1,0
260788,0,idle,-7,0,-1,3,-1,-29,998,29,1,0
260814,0,idle,-5,0,-1,3,1,-30,998,30,1,0
260839,0,idle,-6,-1,-1,4,5,-32,998,32,1,0
260865,0,idle,-7,-2,-1,5,2,-33,998,33,1,0
260891,0,idle,-6,-2,-1,7,0,-32,998,33,1,0
260917,0,idle,-6,-3,-1,7,0,-31,998,32,1,0
260942,0,idle,-7,-3,-1,4,3,-31,998,31,1,0
260968,0,idle,-6,-2,-1,3,3,-31,998,31,1,0
260993,0,idle,-5,-1,-1,4,1,-31,998,31,1,0
261019,0,idle,-5,-1,-1,4,2,-32,998,32,1,0
261044,0,idle,-5,-2,-1,5,4,-32,998,33,1,0
261069,0,idle,-3,-2,-1,7,5,-32,998,33,1,0
261095,0,idle,-3,-1,0,10,7,-31,998,34,1,0
261121,0,idle,-4,-1,-1,9,10,-32,998,35,1,0
261147,0,idle,-4,-1,0,6,10,-34,998,36,1,0
261180,0,idle,-5,-1,-1,4,12,-36,998,38,1,0
261206,0,idle,-6,-2,-1,5,14,-37,998,39,1,0
261232,0,idle,-6,-2,-1,5,16,-38,998,42,1,0
261258,0,idle,-6,-2,-1,6,19,-41,998,46,1,0
261284,0,idle,-5,-2,-1,6,24,-43,998,50,1,0
261310,0,idle,-5,0,-1,5,29,-43,998,52,1,0
261336,0,idle,-6,0,-1,-3,35,-43,998,56,1,0
261362,0,idle,-8,1,-1,-12,33,-44,998,56,1,0
261388,0,idle,-8,1,-1,-18,31,-46,998,59,1,0
261414,0,idle,-8,-1,-1,-20,30,-49,998,61,1,0
261440,0,idle,-7,-4,-1,-18,25,-53,998,61,1,0
261466,0,idle,-5,-5,0,-6,25,-55,998,60,1,0
261492,0,idle,-5,-4,-1,16,25,-54,998,61,1,0
261518,0,idle,-5,-3,-1,35,24,-51,998,66,1,0
261544,0,idle,-7,-1,-1,50,29,-48,998,75,1,0
261570,0,idle,-10,1,-1,57,34,-44,998,80,1,0
261596,0,idle,-12,3,-2,53,36,-44,998,78,1,0
261622,0,idle,-13,5,-2,40,34,-44,998,69,1,0
261648,0,idle,-12,4,-2,25,27,-43,998,57,1,0
261674,0,idle,-12,3,-2,11,16,-40,998,44,1,0
261700,0,idle,-11,1,-2,3,7,-35,998,36,1,0
261726,0,idle,-11,1,-2,3,-1,-32,998,32,1,0
261752,0,idle,-10,1,-2,7,-5,-31,998,32,1,0
261778,0,idle,-10,1,-2,14,-6,-32,998,35,1,0
261804,0,idle,-9,2,-1,22,-4,-34,998,40,1,0
261830,0,idle,-7,3,-1,27,0,-36,998,45,1,0
261856,0,idle,-7,5,-1,29,4,-37,998,47,1,0
261882,0,idle,-6,6,-1,26,9,-37,998,46,1,0
261908,0,idle,-7,7,-1,20,14,-36,998,44,1,0
261934,0,idle,-8,8,-1,14,15,-34,998,40,1,0
261960,0,idle,-7,8,-1,9,16,-32,998,37,1,0
261986,0,idle,-7,8,-1,3,18,-33,998,37,1,0
262012,0,idle,-7,7,-1,-2,21,-34,998,40,1,0
262038,0,idle,-7,5,-1,-6,27,-34,998,44,1,0
262064,0,idle,-9,4,-1,-8,36,-34,998,50,1,0
262090,0,idle,-11,4,-2,-9,41,-33,998,54,1,0
262116,0,idle,-12,3,-2,-10,42,-34,998,55,1,0
262142,0,idle,-12,2,-2,-11,38,-36,998,53,1,0
262168,0,idle,-12,1,-1,-7,31,-37,999,49,1,0
262194,0,idle,-12,0,-2,-3,24,-37,998,44,1,0
262220,0,idle,-13,0,-2,2,15,-36,998,39,1,0
262246,0,idle,-12,0,-2,6,7,-35,998,36,1,0
262272,0,idle,-12,0,-2,6,1,-36,998,37,1,0
262298,0,idle,-11,0,-2,6,-4,-37,998,38,1,0
262324,0,idle,-10,1,-1,7,-5,-39,998,40,1,0
262350,0,idle,-10,1,-1,9,-2,-38,998,39,1,0
262376,0,idle,-9,0,-1,8,0,-36,998,37,1,0
262401,0,idle,-8,0,-1,9,4,-34,998,35,1,0
262427,0,idle,-9,1,-1,10,7,-33,998,36,1,0
262453,0,idle,-8,1,-1,10,9,-34,998,36,1,0
262479,0,idle,-9,0,-1,9,12,-36,998,39,1,0
262505,0,idle,-10,1,-1,11,9,-37,998,40,1,0
262531,0,idle,-9,1,-1,15,7,-36,998,39,1,0
262557,0,idle,-9,1,-1,16,4,-33,998,37,1,0
262583,0,idle,-9,1,-1,14,4,-32,998,35,1,0
262608,0,idle,-8,2,-1,12,4,-30,998,33,1,0
262633,0,idle,-7,3,-1,7,2,-30,998,30,1,0
262659,0,idle,-9,2,-1,1,3,-30,999,30,1,0
262685,0,idle,-8,3,-1,-4,0,-30,998,30,1,0
262711,0,idle,-7,1,-1,-6,-3,-29,998,30,1,0
262737,0,idle,-7,0,-1,-7,-5,-28,998,30,1,0
262763,0,idle,-7,0,-1,-5,-7,-27,998,28,1,0
262789,0,idle,-7,0,-1,-3,-7,-25,999,26,1,0
262815,0,idle,-7,1,-1,-2,-7,-25,999,25,1,0
262849,0,idle,-6,2,-1,-3,-8,-22,999,24,1,0
262875,0,idle,-6,2,-1,-5,-9,-21,999,23,1,0
262901,0,idle,-6,1,-1,-5,-11,-20,998,23,1,0
262927,0,idle,-6,0,-1,-6,-12,-18,999,22,1,0
262953,0,idle,-5,0,-1,-5,-12,-17,998,22,1,0
262979,0,idle,-5,-1,-1,-5,-10,-17,998,20,1,0
263005,0,idle,-3,-1,0,-2,-10,-17,999,20,1,0
263031,0,idle,-4,-2,0,1,-4,-18,999,19,1,0
263057,0,idle,-4,-1,0,4,-3,-19,999,20,1,0
263083,0,idle,-3,-1,0,6,-4,-20,999,21,1,0
263109,0,idle,-3,-1,0,6,0,-20,999,21,1,0
263134,0,idle,-3,-1,0,7,0,-20,999,22,1,0
263159,0,idle,-2,-1,0,5,0,-20,999,20,1,0
263184,0,idle,-4,-1,0,0,3,-19,999,19,1,0
263210,0,idle,-4,-1,0,-4,3,-18,999,19,1,0
263236,0,idle,-5,0,-1,-6,4,-20,998,21,1,0
263262,0,idle,-4,-1,-1,-6,3,-26,998,27,1,0
263288,0,idle,-5,-2,0,-4,5,-27,999,28,1,0
263314,0,idle,-5,-2,0,1,6,-28,999,28,1,0
263340,0,idle,-6,-2,-1,5,8,-28,999,30,1,0
263366,0,idle,-6,-2,-1,6,10,-28,998,31,1,0
263392,0,idle,-6,-1,-1,5,10,-29,998,31,1,0
263418,0,idle,-6,0,-1,3,10,-30,998,32,1,0
263444,0,idle,-6,-1,-1,1,10,-31,998,33,1,0
263470,0,idle,-6,-1,-1,-2,10,-31,998,33,1,0
263496,0,idle,-7,-1,-1,-3,10,-30,998,32,1,0
263522,0,idle,-5,-1,-1,-4,10,-30,998,31,1,0
263548,0,idle,-5,-2,-1,-5,12,-31,998,34,1,0
263574,0,idle,-4,-3,-1,-6,15,-32,998,36,1,0
263600,0,idle,-5,-3,-1,-7,22,-31,998,39,1,0
263626,0,idle,-7,-4,-1,-7,26,-31,998,41,1,0
263652,0,idle,-7,-3,-1,-6,30,-30,998,43,1,0
263678,0,idle,-9,-4,-1,-5,34,-30,998,46,1,0
263704,0,idle,-10,-5,-1,-3,38,-31,998,49,1,0
263730,0,idle,-9,-5,-1,-3,41,-30,998,51,1,0
263756,0,idle,-9,-5,-1,-4,43,-29,998,52,1,0
263782,0,idle,-10,-5,-1,-8,46,-31,998,56,1,0
263808,0,idle,-9,-5,-1,-13,45,-32,998,56,1,0
263834,0,idle,-10,-6,-1,-14,44,-34,998,57,1,0
263860,0,idle,-12,-6,-2,-13,41,-36,998,56,1,0
263886,0,idle,-12,-6,-2,-10,32,-38,998,51,1,0
263912,0,idle,-13,-6,-2,-9,23,-40,998,47,1,0
263938,0,idle,-14,-6,-2,-6,15,-41,998,44,1,0
263964,0,idle,-13,-6,-2,-2,9,-42,998,43,1,0
263990,0,idle,-13,-5,-2,3,6,-42,998,43,1,0
264016,0,idle,-12,-4,-2,6,6,-41,998,42,1,0
264042,0,idle,-11,-4,-2,6,10,-39,998,40,1,0
264068,0,idle,-10,-4,-2,3,15,-37,998,40,1,0
264094,0,idle,-10,-3,-2,1,23,-36,998,42,1,0
264120,0,idle,-10,-3,-1,-2,27,-34,998,44,1,0
264146,0,idle,-10,-4,-1,-4,29,-34,998,45,1,0
264172,0,idle,-13,-5,-2,-5,32,-33,998,47,1,0
264198,0,idle,-14,-5,-2,-3,26,-32,998,41,1,0
264224,0,idle,-13,-5,-2,1,17,-32,998,36,1,0
264250,0,idle,-14,-6,-2,5,11,-32,998,34,1,0
264276,0,idle,-14,-6,-2,9,2,-33,998,34,1,0
264302,0,idle,-12,-5,-2,11,-3,-34,998,36,1,0
264328,0,idle,-11,-5,-1,10,-6,-35,998,37,1,0
264354,0,idle,-11,-4,-2,8,-3,-35,998,36,1,0
264380,0,idle,-11,-3,-1,7,0,-36,998,37,1,0
264406,0,idle,-10,-2,-1,7,2,-36,998,37,1,0
264432,0,idle,-10,-2,-2,7,6,-37,998,38,1,0
264458,0,idle,-11,-3,-2,8,9,-36,998,38,1,0
264484,0,idle,-9,-2,-1,8,13,-35,998,38,1,0
264518,0,idle,-9,-2,-1,8,16,-36,998,40,1,0
264544,0,idle,-9,-2,-1,6,19,-37,998,42,1,0
264570,0,idle,-10,-2,-1,4,20,-39,998,44,1,0
264596,0,idle,-11,-2,-2,2,19,-39,998,43,1,0
264622,0,idle,-11,-2,-2,2,16,-38,998,42,1,0
264648,0,idle,-11,-2,-2,2,11,-40,998,42,1,0
264674,0,idle,-11,-2,-2,3,6,-42,998,43,1,0
264700,0,idle,-11,-2,-1,5,1,-44,998,44,1,0
264726,0,idle,-11,-2,-2,7,-1,-44,998,45,1,0
264752,0,idle,-10,-1,-2,10,-7,-43,998,45,1,0
264778,0,idle,-9,0,-1,13,-11,-42,998,46,1,0
264804,0,idle,-9,0,-1,13,-11,-40,998,43,1,0
264830,0,idle,-8,0,-1,10,-10,-38,998,41,1,0
264856,0,idle,-7,0,-1,6,-7,-38,998,39,1,0
264882,0,idle,-6,-1,-1,2,-4,-37,998,37,1,0
264908,0,idle,-6,-1,-1,-1,-1,-37,998,37,1,0
264934,0,idle,-6,-2,-1,-2,1,-36,998,36,1,0
264960,0,idle,-6,-2,-1,-1,2,-36,999,36,1,0
264986,0,idle,-5,-3,-1,2,0,-35,998,35,1,0
265012,0,idle,-5,-3,-1,7,0,-35,998,36,1,0
265038,0,idle,-5,-3,-1,12,-1,-36,998,38,1,0
265064,0,idle,-5,-2,-1,13,-2,-36,998,38,1,0
265090,0,idle,-4,-2,-1,12,-1,-37,998,39,1,0
265116,0,idle,-4,-2,-1,11,0,-37,998,39,1,0
265142,0,idle,-4,-2,-1,12,4,-36,998,38,1,0
265168,0,idle,-4,-2,-1,12,7,-35,998,38,1,0
265194,0,idle,-4,-1,0,11,10,-37,998,40,1,0
265220,0,idle,-4,-1,0,9,11,-40,998,43,1,0
265246,0,idle,-5,-1,0,7,9,-43,999,45,1,0
265271,0,idle,-6,-1,-1,9,9,-44,999,46,1,0
265297,0,idle,-7,0,-1,14,4,-44,999,46,1,0
265323,0,idle,-7,1,-1,20,-4,-42,998,47,1,0
265349,0,idle,-6,2,-1,23,-12,-42,998,49,1,0
265375,0,idle,-5,3,-1,21,-18,-42,998,50,1,0
265401,0,idle,-3,3,-1,17,-22,-42,998,50,1,0
265427,0,idle,-2,3,0,12,-21,-41,998,48,1,0
265453,0,idle,-1,4,0,8,-20,-41,998,46,1,0
265479,0,idle,-2,4,0,3,-16,-40,998,43,1,0
265505,0,idle,-2,4,0,2,-14,-38,998,41,1,0
265531,0,idle,-2,4,0,2,-13,-37,998,40,1,0
265557,0,idle,-2,3,0,2,-13,-37,998,40,1,0
265583,0,idle,-2,2,0,4,-12,-37,998,39,1,0
265609,0,idle,-1,2,0,6,-14,-36,998,39,1,0
265635,0,idle,0,3,0,7,-17,-35,998,40,1,0
265661,0,idle,-1,3,0,6,-22,-32,998,39,1,0
265687,0,idle,-1,2,0,3,-29,-30,998,42,1,0
265713,0,idle,-1,2,0,2,-34,-27,998,44,1,0
265739,0,idle,-1,2,0,3,-39,-25,998,47,1,0
265765,0,idle,0,2,0,4,-42,-25,998,49,1,0
265791,0,idle,2,2,0,3,-41,-28,998,49,1,0
265817,0,idle,4,2,1,4,-39,-29,998,49,1,0
265843,0,idle,5,1,1,5,-33,-27,998,43,1,0
265869,0,idle,4,1,1,5,-27,-25,998,37,1,0
265895,0,idle,7,2,1,6,-27,-24,999,36,1,0
265921,0,idle,9,3,1,6,-25,-24,998,35,1,0
265947,0,idle,8,2,1,3,-24,-24,998,34,1,0
265973,0,idle,10,1,2,0,-23,-22,998,32,1,0
265999,0,idle,12,1,2,-2,-23,-19,998,30,1,0
266025,0,idle,13,0,2,-7,-22,-17,998,29,1,0
266051,0,idle,13,-2,2,-12,-21,-15,998,28,1,0
266077,0,idle,13,-2,2,-11,-17,-14,999,24,1,0
266103,0,idle,12,-2,2,-7,-12,-13,998,19,1,0
266129,0,idle,12,-2,2,-4,-8,-13,998,16,1,0
266155,0,idle,12,-3,2,0,-5,-14,998,15,1,0
266188,0,idle,12,-3,2,2,0,-14,999,15,1,0
266213,0,idle,11,-3,2,4,3,-14,998,15,1,0
266239,0,idle,10,-4,2,3,4,-12,998,13,1,0
266264,0,idle,8,-3,1,0,6,-12,998,13,1,0
266290,0,idle,7,-3,1,-6,6,-14,998,16,1,0
266316,0,idle,7,-4,1,-11,3,-18,998,21,1,0
266342,0,idle,8,-5,1,-14,2,-22,998,26,1,0
266368,0,idle,8,-7,1,-12,0,-25,998,27,1,0
266394,0,idle,8,-7,1,-7,0,-26,998,27,1,0
266419,0,idle,6,-7,1,-1,0,-28,998,28,1,0
266444,0,idle,6,-6,1,6,-4,-30,998,30,1,0
266470,0,idle,5,-5,1,10,-5,-31,998,33,1,0
266496,0,idle,5,-5,1,11,-6,-33,999,35,1,0
266522,0,idle,6,-4,1,10,-7,-34,999,36,1,0
266548,0,idle,6,-4,1,8,-7,-35,998,36,1,0
266573,0,idle,6,-4,1,4,-5,-34,998,34,1,0
266598,0,idle,5,-4,1,1,-1,-34,998,34,1,0
266624,0,idle,5,-4,1,1,1,-36,998,36,1,0
266649,0,idle,5,-4,1,3,4,-39,998,39,1,0
266674,0,idle,4,-4,1,7,6,-42,998,43,1,0
266699,0,idle,4,-4,1,11,6,-42,998,44,1,0
266724,0,idle,4,-3,1,16,8,-42,998,46,1,0
266750,0,idle,4,-3,1,19,8,-43,998,47,1,0
266776,0,idle,3,-2,0,21,11,-43,998,49,1,0
266802,0,idle,2,0,0,21,13,-44,998,51,1,0
266828,0,idle,2,1,0,20,15,-44,998,51,1,0
266854,0,idle,2,1,0,18,14,-45,999,50,1,0
266879,0,idle,3,1,1,14,14,-46,999,50,1,0
266904,0,idle,3,1,1,12,14,-46,999,50,1,0
266929,0,idle,4,1,1,12,12,-45,998,48,1,0
266954,0,idle,3,1,0,14,16,-43,998,48,1,0
266980,0,idle,0,1,0,16,17,-42,998,48,1,0
267006,0,idle,0,2,0,20,16,-43,998,50,1,0
267032,0,idle,0,3,0,23,16,-44,998,52,1,0
267058,0,idle,-1,3,0,24,15,-43,998,51,1,0
267084,0,idle,-1,3,0,22,15,-41,998,49,1,0
267110,0,idle,-1,3,0,19,17,-39,998,46,1,0
267136,0,idle,-1,4,0,14,18,-40,998,46,1,0
267162,0,idle,-3,3,-1,8,21,-41,998,47,1,0
267188,0,idle,-5,3,-1,3,21,-43,998,48,1,0
267214,0,idle,-4,2,-1,4,19,-44,999,48,1,0
267240,0,idle,-4,3,0,7,14,-45,999,48,1,0
267265,0,idle,-5,2,-1,10,9,-46,998,48,1,0
267291,0,idle,-5,2,-1,14,7,-46,998,48,1,0
267317,0,idle,-4,4,-1,17,3,-46,998,50,1,0
267343,0,idle,-4,4,-1,16,1,-48,999,50,1,0
267369,0,idle,-4,4,-1,14,0,-47,998,49,1,0
267395,0,idle,-4,5,-1,13,-2,-46,998,48,1,0
267421,0,idle,-4,4,-1,10,-2,-43,998,44,1,0
267447,0,idle,-2,4,0,7,-3,-42,998,43,1,0
267473,0,idle,-3,4,0,6,-2,-42,998,43,1,0
267498,0,idle,-3,3,-1,7,0,-42,998,43,1,0
267523,0,idle,-5,3,-1,10,2,-41,998,42,1,0
267549,0,idle,-5,3,-1,15,1,-39,998,42,1,0
267575,0,idle,-5,4,-1,19,0,-38,998,42,1,0
267601,0,idle,-4,4,-1,20,-3,-38,998,44,1,0
267627,0,idle,-3,5,0,19,-4,-38,998,43,1,0
267653,0,idle,-2,4,0,16,-2,-37,998,41,1,0
267678,0,idle,-2,4,0,10,2,-37,999,39,1,0
267704,0,idle,-3,4,0,4,8,-39,998,40,1,0
267730,0,idle,-3,3,-1,1,10,-41,998,42,1,0
267756,0,idle,-4,2,-1,0,12,-42,998,43,1,0
267782,0,idle,-4,2,-1,4,12,-42,998,44,1,0
267808,0,idle,-4,2,-1,9,12,-42,998,44,1,0
267841,0,idle,-3,2,-1,9,11,-42,998,44,1,0
267867,0,idle,-3,3,0,8,8,-43,998,45,1,0
267892,0,idle,-3,3,-1,7,7,-43,998,44,1,0
267917,0,idle,-3,4,-1,6,4,-43,998,43,1,0
267942,0,idle,-3,4,0,6,0,-40,998,41,1,0
267967,0,idle,-3,3,-1,6,-3,-38,998,38,1,0
267993,0,idle,-3,4,-1,6,-5,-36,998,37,1,0
268019,0,idle,-2,4,0,7,-7,-35,998,37,1,0
268045,0,idle,-2,4,0,7,-8,-35,998,37,1,0
268071,0,idle,-1,4,0,5,-8,-35,998,37,1,0
268096,0,idle,-2,4,0,5,-8,-34,998,35,1,0
268122,0,idle,-1,4,0,8,-11,-30,998,33,1,0
268148,0,idle,0,4,0,11,-11,-28,998,32,1,0
268174,0,idle,-1,4,0,11,-11,-26,998,31,1,0
268200,0,idle,-1,4,0,10,-11,-24,998,29,1,0
268226,0,idle,-1,5,0,7,-8,-23,998,26,1,0
268251,0,idle,0,5,0,5,-8,-22,998,23,1,0
268276,0,idle,0,4,0,1,-8,-21,998,22,1,0
268301,0,idle,0,3,0,0,-9,-20,999,22,1,0
268327,0,idle,0,3,0,3,-11,-20,998,24,1,0
268353,0,idle,1,3,0,6,-14,-20,998,25,1,0
268379,0,idle,1,3,0,7,-17,-20,998,27,1,0
268405,0,idle,0,3,0,7,-19,-20,998,28,1,0
268431,0,idle,1,4,0,6,-19,-20,998,29,1,0
268457,0,idle,2,4,0,5,-20,-22,999,30,1,0
268483,0,idle,2,3,0,1,-20,-21,998,29,1,0
268509,0,idle,2,3,0,-4,-19,-20,998,28,1,0
268535,0,idle,3,2,0,-8,-20,-19,998,29,1,0
268561,0,idle,4,1,1,-12,-19,-19,998,30,1,0
268587,0,idle,4,-1,1,-15,-21,-22,998,34,1,0
268613,0,idle,4,-2,1,-12,-17,-25,998,32,1,0
268639,0,idle,3,-3,1,-7,-15,-27,999,32,1,0
268665,0,idle,3,-4,1,-1,-16,-29,999,33,1,0
268691,0,idle,4,-3,1,6,-15,-30,998,34,1,0
268717,0,idle,3,-4,1,8,-13,-33,998,36,1,0
268743,0,idle,4,-4,1,8,-10,-33,998,35,1,0
268768,0,idle,4,-3,1,7,-1,-33,999,34,1,0
268793,0,idle,3,-1,1,6,7,-32,998,34,1,0
268818,0,idle,2,-1,0,4,16,-31,998,35,1,0
268844,0,idle,1,-1,0,2,24,-30,998,38,1,0
268870,0,idle,1,0,0,4,29,-27,998,40,1,0
268895,0,idle,1,0,0,6,33,-26,998,43,1,0
268920,0,idle,0,-1,0,5,36,-26,998,45,1,0
268945,0,idle,-1,-1,0,3,36,-26,998,45,1,0
268971,0,idle,-2,-1,-1,1,35,-27,998,44,1,0
268997,0,idle,-3,-2,-1,0,30,-29,998,42,1,0
269023,0,idle,-3,-2,-1,1,25,-30,998,39,1,0
269049,0,idle,-4,-2,-1,3,20,-31,998,37,1,0
269075,0,idle,-4,-2,-1,5,16,-32,998,36,1,0
269101,0,idle,-3,-2,0,7,12,-32,998,35,1,0
269127,0,idle,-3,-1,-1,9,11,-33,998,36,1,0
269153,0,idle,-1,-1,0,10,8,-35,998,38,1,0
269179,0,idle,-1,0,0,10,10,-36,998,39,1,0
269205,0,idle,-3,-1,0,8,10,-36,998,38,1,0
269231,0,idle,-1,-1,0,9,8,-35,998,37,1,0
269256,0,idle,-2,0,0,10,8,-35,998,37,1,0
269281,0,idle,-2,-1,0,11,6,-35,998,37,1,0
269307,0,idle,-2,-1,0,11,5,-35,998,37,1,0
269333,0,idle,-1,-2,0,10,5,-35,998,37,1,0
269358,0,idle,-1,-2,0,8,5,-35,998,36,1,0
269383,0,idle,-1,-2,0,6,8,-37,998,38,1,0
269408,0,idle,-2,-2,0,7,11,-38,999,40,1,0
269434,0,idle,-2,-2,0,11,14,-41,998,45,1,0
269460,0,idle,-3,-1,0,16,17,-42,998,48,1,0
269493,0,idle,-3,1,-1,17,15,-42,998,48,1,0
269519,0,idle,-3,2,0,12,11,-42,998,45,1,0
269545,0,idle,-2,3,0,4,7,-41,998,41,1,0
269571,0,idle,-2,3,0,-3,5,-41,998,41,1,0
269597,0,idle,-1,2,0,-6,4,-41,998,42,1,0
269623,0,idle,-3,0,0,-6,5,-42,998,42,1,0
269648,0,idle,-4,-1,0,-4,4,-42,998,43,1,0
269673,0,idle,-4,-2,-1,-1,5,-43,998,43,1,0
269699,0,idle,-4,-2,0,5,3,-44,999,44,1,0
269725,0,idle,-3,-2,0,10,4,-44,999,45,1,0
269751,0,idle,-4,-1,-1,14,5,-43,998,46,1,0
269777,0,idle,-4,1,-1,18,5,-42,998,47,1,0
269803,0,idle,-4,2,-1,19,8,-41,998,46,1,0
269829,0,idle,-5,2,-1,17,9,-41,998,46,1,0
269855,0,idle,-6,2,-1,15,11,-40,998,44,1,0
269881,0,idle,-6,2,-1,14,13,-40,999,44,1,0
269907,0,idle,-6,2,-1,13,16,-41,999,46,1,0
269933,0,idle,-7,2,-1,13,19,-42,999,48,1,0
269959,0,idle,-7,2,-1,15,20,-42,998,49,1,0
269985,0,idle,-8,3,-1,17,21,-42,998,50,1,0
270011,0,idle,-8,3,-1,20,23,-42,998,52,1,0
270037,0,idle,-8,4,-1,22,22,-42,998,52,1,0
270063,0,idle,-8,4,-1,22,21,-41,998,51,1,0
270089,0,idle,-8,4,-1,19,21,-39,998,48,1,0
270115,0,idle,-9,5,-1,18,20,-37,999,46,1,0
270141,0,idle,-10,5,-2,17,19,-36,998,44,1,0
270167,0,idle,-10,5,-2,17,17,-36,998,43,1,0
270193,0,idle,-10,4,-2,16,15,-35,998,42,1,0
270219,0,idle,-10,4,-2,16,14,-35,999,41,1,0
270245,0,idle,-10,4,-1,15,13,-36,999,41,1,0
270271,0,idle,-9,5,-1,14,13,-36,999,41,1,0
270297,0,idle,-10,5,-2,12,15,-35,999,40,1,0
270323,0,idle,-10,5,-2,14,12,-33,998,37,1,0
270349,0,idle,-10,5,-2,16,11,-30,998,36,1,0
270375,0,idle,-10,5,-2,14,9,-29,998,33,1,0
270401,0,idle,-10,5,-2,10,5,-29,998,31,1,0
270427,0,idle,-9,5,-1,6,1,-29,999,30,1,0
270453,0,idle,-9,4,-2,1,-1,-33,998,33,1,0
270479,0,idle,-10,3,-2,-3,-2,-32,998,33,1,0
270505,0,idle,-9,3,-2,-4,-6,-32,998,33,1,0
270531,0,idle,-9,3,-2,-2,-9,-32,998,33,1,0
270557,0,idle,-9,3,-2,-1,-10,-33,998,34,1,0
270583,0,idle,-8,2,-1,-2,-11,-32,998,34,1,0
270609,0,idle,-7,2,-1,-3,-12,-32,998,34,1,0
270635,0,idle,-7,2,-1,-4,-12,-30,998,33,1,0
270661,0,idle,-6,1,-1,-5,-13,-28,998,31,1,0
270687,0,idle,-6,1,-1,-8,-15,-27,998,32,1,0
270713,0,idle,-5,0,-1,-11,-18,-27,998,34,1,0
270739,0,idle,-4,-1,-1,-14,-20,-28,998,37,1,0
270765,0,idle,-2,-2,0,-15,-20,-30,998,39,1,0
270791,0,idle,0,-2,0,-13,-20,-31,998,39,1,0
270817,0,idle,1,-2,0,-11,-19,-29,998,36,1,0
270843,0,idle,1,-3,0,-11,-13,-26,998,31,1,0
270869,0,idle,1,-2,0,-7,-11,-21,998,25,1,0
270895,0,idle,2,-1,0,-4,-8,-17,998,19,1,0
270920,0,idle,1,-1,0,-6,-5,-13,998,15,1,0
270945,0,idle,2,-1,0,-11,-9,-7,998,16,1,0
270971,0,idle,2,-2,0,-16,-13,-2,998,21,1,0
270997,0,idle,1,-3,0,-21,-17,1,998,27,1,0
271023,0,idle,2,-5,0,-26,-22,0,998,34,1,0
271049,0,idle,4,-7,1,-28,-25,-2,998,37,1,0
271075,0,idle,5,-10,1,-23,-25,-6,998,35,1,0
271101,0,idle,5,-11,1,-13,-23,-8,998,28,1,0
271127,0,idle,5,-10,1,-2,-19,-10,998,22,1,0
271161,0,idle,4,-8,1,7,-13,-8,999,17,1,0
271186,0,idle,3,-5,1,11,-8,-7,999,15,1,0
271211,0,idle,3,-3,1,9,-3,-6,998,12,1,0
271236,0,idle,3,-2,1,4,0,-6,999,7,1,0
271261,0,idle,3,-2,1,-3,4,-6,998,8,1,0
271286,0,idle,2,-3,0,-9,4,-6,998,11,1,0
271311,0,idle,3,-4,1,-12,4,-6,998,14,1,0
271336,0,idle,3,-6,1,-13,2,-7,998,15,1,0
271362,0,idle,4,-6,1,-11,2,-9,998,14,1,0
271387,0,idle,3,-7,1,-8,3,-11,998,14,1,0
271412,0,idle,2,-7,0,-5,2,-12,998,13,1,0
271437,0,idle,1,-6,0,-1,6,-14,998,15,1,0
271463,0,idle,0,-6,0,-1,7,-15,998,17,1,0
271488,0,idle,0,-6,0,-3,8,-17,998,19,1,0
271514,0,idle,0,-6,0,-6,10,-19,998,22,1,0
271540,0,idle,0,-6,0,-10,10,-21,998,25,1,0
271566,0,idle,0,-6,0,-12,12,-24,998,30,1,0
271592,0,idle,-1,-6,0,-12,12,-26,998,31,1,0
271618,0,idle,-1,-7,0,-8,12,-29,998,32,1,0
271644,0,idle,-1,-7,0,-1,11,-32,998,34,1,0
271670,0,idle,-2,-7,0,5,11,-34,998,37,1,0
271696,0,idle,-2,-6,0,10,11,-38,999,40,1,0
271722,0,idle,-2,-6,0,13,11,-39,998,43,1,0
271748,0,idle,-2,-4,0,15,11,-41,999,45,1,0
271774,0,idle,-2,-4,0,15,11,-43,998,47,1,0
271800,0,idle,-3,-3,0,15,12,-44,998,48,1,0
271826,0,idle,-2,-3,0,16,9,-45,998,48,1,0
271852,0,idle,-1,-3,0,17,9,-46,998,50,1,0
271878,0,idle,-1,-3,0,17,8,-48,998,52,1,0
271904,0,idle,0,-2,0,19,10,-49,998,53,1,0
271930,0,idle,0,-2,0,20,12,-49,998,54,1,0
271956,0,idle,-1,-1,0,20,9,-48,999,53,1,0
271982,0,idle,-1,-1,0,19,6,-46,999,51,1,0
272008,0,idle,0,0,0,19,1,-45,998,48,1,0
272034,0,idle,0,-1,0,16,-2,-44,998,46,1,0
272060,0,idle,0,-1,0,13,-1,-43,998,45,1,0
272085,0,idle,1,-1,0,10,-1,-43,998,44,1,0
272110,0,idle,1,-1,0,6,3,-43,998,44,1,0
272135,0,idle,-1,-1,0,3,5,-43,998,43,1,0
272161,0,idle,-1,-1,0,4,6,-42,998,42,1,0
272186,0,idle,-1,-1,0,6,5,-41,998,42,1,0
272211,0,idle,-2,0,0,9,5,-41,998,42,1,0
272236,0,idle,-2,0,0,12,4,-40,999,42,1,0
272261,0,idle,-2,1,0,12,3,-41,999,43,1,0
272286,0,idle,-2,1,0,10,3,-41,999,42,1,0
272311,0,idle,-2,1,0,8,4,-40,999,41,1,0
272336,0,idle,-2,1,0,5,5,-39,998,39,1,0
272361,0,idle,-3,0,0,2,5,-37,998,37,1,0
272386,0,idle,-3,0,-1,2,5,-38,998,38,1,0
272411,0,idle,-4,-1,-1,2,5,-39,998,40,1,0
272436,0,idle,-4,-2,0,4,4,-41,998,41,1,0
272461,0,idle,-3,-2,0,7,6,-42,998,43,1,0
272487,0,idle,-4,-1,0,12,6,-41,999,43,1,0
272513,0,idle,-3,0,-1,16,5,-39,998,42,1,0
272539,0,idle,-4,1,-1,17,7,-38,998,42,1,0
272565,0,idle,-4,1,-1,17,6,-37,998,41,1,0
272591,0,idle,-3,2,0,13,8,-36,998,40,1,0
272616,0,idle,-3,2,0,9,12,-36,999,39,1,0
272642,0,idle,-3,1,0,5,16,-36,998,39,1,0
272668,0,idle,-4,1,-1,1,20,-34,998,39,1,0
272694,0,idle,-5,1,-1,-1,23,-33,998,40,1,0
272720,0,idle,-6,1,-1,-1,24,-36,998,43,1,0
272746,0,idle,-7,1,-1,1,20,-38,998,43,1,0
272772,0,idle,-8,1,-1,3,16,-38,998,42,1,0
272805,0,idle,-7,1,-1,4,11,-38,998,39,1,0
272831,0,idle,-7,1,-1,3,5,-36,998,36,1,0
272857,0,idle,-6,1,-1,2,0,-35,999,36,1,0
272883,0,idle,-6,1,-1,1,-5,-36,999,37,1,0
272909,0,idle,-7,0,-1,1,-9,-37,999,38,1,0
272935,0,idle,-6,0,-1,2,-12,-36,999,38,1,0
272961,0,idle,-5,0,-1,3,-13,-35,999,38,1,0
272987,0,idle,-5,0,-1,4,-12,-35,998,37,1,0
273013,0,idle,-4,0,-1,4,-10,-34,998,35,1,0
273039,0,idle,-5,0,-1,4,-8,-33,998,34,1,0
273065,0,idle,-4,0,-1,5,-11,-32,998,34,1,0
273091,0,idle,-4,1,-1,6,-12,-30,998,33,1,0
273117,0,idle,-4,0,-1,6,-14,-28,998,32,1,0
273143,0,idle,-3,-1,-1,4,-15,-26,998,30,1,0
273169,0,idle,-2,0,0,1,-15,-24,998,28,1,0
273195,0,idle,-2,-1,0,-4,-13,-25,998,28,1,0
273221,0,idle,-3,-2,-1,-6,-9,-26,998,28,1,0
273247,0,idle,-2,-2,0,-5,-8,-26,998,27,1,0
273273,0,idle,-1,-3,0,-2,-8,-27,998,28,1,0
273299,0,idle,-1,-3,0,2,-8,-28,998,29,1,0
273325,0,idle,-1,-4,0,5,-8,-30,998,31,1,0
273351,0,idle,0,-3,0,7,-8,-30,998,32,1,0
273377,0,idle,1,-3,0,6,-10,-30,998,33,1,0
273403,0,idle,1,-3,0,4,-12,-30,998,33,1,0
273429,0,idle,1,-3,0,2,-15,-29,998,33,1,0
273455,0,idle,0,-3,0,2,-19,-27,998,33,1,0
273481,0,idle,1,-3,0,1,-23,-29,998,37,1,0
273507,0,idle,1,-3,0,3,-28,-31,998,42,1,0
273533,0,idle,2,-3,0,7,-32,-34,998,47,1,0
273559,0,idle,2,-3,0,11,-31,-36,998,48,1,0
273585,0,idle,3,-2,0,13,-33,-36,998,51,1,0
273611,0,idle,4,-1,1,16,-34,-35,998,51,1,0
273637,0,idle,3,0,1,17,-31,-34,998,49,1,0
273663,0,idle,5,0,1,14,-30,-32,998,46,1,0
273689,0,idle,6,1,1,8,-26,-31,998,41,1,0
273715,0,idle,7,0,1,2,-21,-30,998,37,1,0
273741,0,idle,8,0,1,-2,-13,-29,998,32,1,0
273767,0,idle,8,-1,1,-3,-6,-27,998,28,1,0
273793,0,idle,8,-1,1,-1,3,-26,998,26,1,0
273818,0,idle,8,-1,1,1,9,-26,998,28,1,0
273843,0,idle,7,-1,1,1,14,-27,998,30,1,0
273868,0,idle,6,-1,1,0,16,-28,998,33,1,0
273894,0,idle,5,-1,1,1,14,-29,998,32,1,0
273919,0,idle,5,-1,1,1,11,-29,998,31,1,0
273944,0,idle,4,0,0,2,7,-30,998,30,1,0
273969,0,idle,4,0,0,2,4,-29,998,29,1,0
273994,0,idle,4,-1,0,1,2,-28,998,28,1,0
274019,0,idle,4,-1,1,0,3,-29,998,29,1,0
274044,0,idle,4,-1,1,-1,5,-31,998,31,1,0
274070,0,idle,5,-1,1,-2,7,-31,998,32,1,0
274096,0,idle,4,-1,1,0,12,-32,998,34,1,0
274121,0,idle,3,-2,1,1,13,-32,998,34,1,0
274146,0,idle,4,-2,1,0,13,-31,998,33,1,0
274172,0,idle,3,-2,1,0,16,-30,998,34,1,0
274198,0,idle,2,-3,0,-1,16,-31,998,35,1,0
274224,0,idle,2,-3,0,-2,18,-32,998,37,1,0
274250,0,idle,1,-4,0,-5,17,-34,998,38,1,0
274276,0,idle,0,-4,0,-6,17,-35,998,40,1,0
274302,0,idle,-1,-5,0,-4,17,-37,998,41,1,0
274328,0,idle,-1,-4,0,2,16,-39,998,42,1,0
274354,0,idle,-1,-3,0,9,15,-41,998,44,1,0
274380,0,idle,-1,-2,0,14,12,-43,998,46,1,0
274406,0,idle,-1,-2,0,18,12,-42,998,47,1,0
274432,0,idle,-1,0,0,22,11,-41,999,48,1,0
274465,0,idle,-1,1,0,22,10,-37,998,45,1,0
274491,0,idle,-2,2,0,21,5,-35,998,40,1,0
274517,0,idle,-3,2,0,17,-1,-32,998,36,1,0
274543,0,idle,-2,0,0,11,-7,-33,998,35,1,0
274569,0,idle,-1,0,0,7,-12,-34,998,37,1,0
274595,0,idle,0,-1,0,7,-16,-35,998,39,1,0
274621,0,idle,1,-1,0,8,-14,-37,998,41,1,0
274647,0,idle,0,-2,0,11,-13,-38,998,42,1,0
274673,0,idle,1,0,0,15,-12,-38,998,43,1,0
274699,0,idle,1,1,0,19,-9,-38,998,44,1,0
274724,0,idle,0,2,0,20,-6,-37,998,42,1,0
274749,0,idle,2,3,0,15,-3,-37,999,40,1,0
274774,0,idle,2,2,0,6,3,-38,998,38,1,0
274799,0,idle,1,2,0,-2,7,-38,998,39,1,0
274825,0,idle,0,1,0,-9,14,-38,999,42,1,0
274851,0,idle,0,0,0,-13,15,-38,999,43,1,0
274877,0,idle,0,-2,0,-11,16,-39,999,43,1,0
274903,0,idle,-1,-2,0,-3,15,-41,999,44,1,0
274929,0,idle,0,-3,0,7,12,-42,998,44,1,0
274954,0,idle,0,-2,0,14,11,-42,998,46,1,0
274980,0,idle,0,0,0,17,10,-42,999,47,1,0
275005,0,idle,-1,1,0,17,11,-42,998,47,1,0
275031,0,idle,-2,2,0,17,11,-42,998,47,1,0
275057,0,idle,-2,3,0,18,9,-40,999,44,1,0
275082,0,idle,-2,3,0,17,9,-37,998,41,1,0
275107,0,idle,-2,4,0,17,6,-34,999,39,1,0
275133,0,idle,-1,3,0,16,2,-32,998,35,1,0
275159,0,idle,-1,3,0,14,0,-30,999,33,1,0
275184,0,idle,-1,3,0,13,-1,-29,998,31,1,0
275210,0,idle,-1,3,0,12,-4,-28,998,30,1,0
275236,0,idle,-1,2,0,13,-2,-27,999,30,1,0
275262,0,idle,-1,1,0,11,0,-26,999,29,1,0
275287,0,idle,-1,1,0,9,2,-26,999,28,1,0
275312,0,idle,-1,1,0,4,5,-29,999,29,1,0
275337,0,idle,-1,0,0,1,9,-31,999,33,1,0
275363,0,idle,-2,-1,0,-1,11,-34,999,36,1,0
275389,0,idle,-2,-1,0,0,11,-35,999,36,1,0
275415,0,idle,-2,-1,0,4,9,-35,999,36,1,0
275440,0,idle,-2,0,0,8,6,-36,998,38,1,0
275465,0,idle,-2,1,-1,11,2,-38,998,40,1,0
275491,0,idle,-2,1,0,10,-1,-40,998,41,1,0
275517,0,idle,-2,2,0,11,-3,-41,998,42,1,0
275543,0,idle,-2,2,0,10,-4,-41,998,43,1,0
275569,0,idle,-2,2,0,9,-5,-41,998,42,1,0
275594,0,idle,-2,2,0,8,-5,-39,998,40,1,0
275619,0,idle,-2,2,0,8,-4,-39,998,40,1,0
275644,0,idle,-2,2,0,6,-2,-39,998,40,1,0
275669,0,idle,-2,2,-1,6,-3,-40,998,40,1,0
275695,0,idle,-2,2,-1,4,-5,-40,998,40,1,0
275721,0,idle,-4,2,-1,4,-5,-39,998,40,1,0
275747,0,idle,-3,3,-1,4,-13,-39,998,41,1,0
275773,0,idle,-2,3,-1,7,-17,-39,998,43,1,0
275799,0,idle,-2,2,-1,8,-21,-38,998,44,1,0
275825,0,idle,0,3,0,7,-28,-36,998,46,1,0
275851,0,idle,0,3,0,5,-28,-34,998,44,1,0
275877,0,idle,1,2,0,0,-29,-32,998,43,1,0
275903,0,idle,1,2,0,-5,-27,-30,998,41,1,0
275929,0,idle,2,2,0,-8,-27,-29,998,40,1,0
275955,0,idle,3,1,0,-9,-27,-27,998,40,1,0
275981,0,idle,3,0,0,-8,-25,-25,998,36,1,0
276007,0,idle,3,-2,0,-5,-22,-22,998,32,1,0
276033,0,idle,4,-1,1,-1,-20,-20,998,29,1,0
276059,0,idle,4,0,0,3,-19,-19,998,26,1,0
276085,0,idle,3,-1,0,3,-19,-17,998,26,1,0
276118,0,idle,3,-2,0,3,-17,-16,998,24,1,0
276144,0,idle,3,-3,0,1,-17,-17,998,24,1,0
276170,0,idle,4,-3,1,0,-16,-19,998,25,1,0
276196,0,idle,4,-2,1,2,-15,-21,998,26,1,0
276222,0,idle,5,-2,1,3,-16,-23,998,28,1,0
276248,0,idle,5,-3,1,2,-12,-24,998,27,1,0
276274,0,idle,6,-3,1,4,-13,-24,998,28,1,0
276300,0,idle,7,-1,1,8,-13,-23,998,27,1,0
276326,0,idle,7,-2,1,9,-8,-22,998,25,1,0
276351,0,idle,7,-2,1,8,-2,-21,998,23,1,0
276376,0,idle,6,-1,1,7,3,-20,998,21,1,0
276401,0,idle,4,-1,1,2,9,-19,998,22,1,0
276427,0,idle,2,-2,0,-2,14,-20,998,24,1,0
276453,0,idle,2,-1,1,-2,13,-19,998,24,1,0
276479,0,idle,3,0,1,1,13,-20,999,24,1,0
276504,0,idle,3,-1,0,1,12,-22,998,25,1,0
276529,0,idle,3,-1,1,4,11,-24,999,27,1,0
276554,0,idle,3,0,1,4,10,-25,999,27,1,0
276579,0,idle,2,0,0,3,9,-25,998,27,1,0
276604,0,idle,1,0,0,2,10,-26,998,28,1,0
276629,0,idle,1,0,0,2,10,-27,998,28,1,0
276654,0,idle,1,-1,0,0,9,-29,998,30,1,0
276679,0,idle,1,-3,0,-2,9,-30,998,32,1,0
276705,0,idle,1,-3,0,-3,11,-32,998,34,1,0
276731,0,idle,1,-3,0,-1,14,-35,998,38,1,0
276757,0,idle,1,-2,0,1,19,-37,998,42,1,0
276782,0,idle,-2,-2,0,3,28,-40,998,49,1,0
276808,0,idle,-3,-2,-1,5,30,-42,998,52,1,0
276834,0,idle,-2,-1,0,9,31,-43,998,54,1,0
276860,0,idle,-2,-1,-1,11,31,-42,998,54,1,0
276886,0,idle,-2,-1,0,10,33,-40,998,52,1,0
276912,0,idle,-3,0,-1,6,35,-39,998,53,1,0
276938,0,idle,-4,0,-1,0,35,-41,998,54,1,0
276964,0,idle,-6,-1,-1,-6,35,-42,998,55,1,0
276990,0,idle,-7,-2,-1,-8,33,-42,998,54,1,0
277016,0,idle,-7,-2,-1,-4,28,-41,998,50,1,0
277042,0,idle,-7,-3,-1,3,24,-40,998,47,1,0
277068,0,idle,-6,-4,-1,8,18,-39,998,44,1,0
277094,0,idle,-7,-3,-1,12,15,-38,998,43,1,0
277120,0,idle,-7,-2,-1,12,13,-38,999,42,1,0
277146,0,idle,-6,-1,-1,11,13,-36,998,40,1,0
277172,0,idle,-6,-1,-1,9,14,-35,999,38,1,0
277198,0,idle,-6,-1,-1,9,13,-32,999,36,1,0
277224,0,idle,-6,-2,-1,6,14,-31,999,34,1,0
277250,0,idle,-7,-3,-1,4,14,-31,998,34,1,0
277276,0,idle,-6,-2,-1,6,13,-32,998,35,1,0
277302,0,idle,-7,-2,-1,8,15,-34,998,38,1,0
277328,0,idle,-7,-2,-1,11,14,-35,998,39,1,0
277354,0,idle,-6,-1,-1,14,15,-34,998,39,1,0
277380,0,idle,-7,-1,-1,15,15,-34,998,40,1,0
277406,0,idle,-9,-1,-1,13,17,-35,998,41,1,0
277432,0,idle,-8,0,-1,9,16,-36,998,41,1,0
277458,0,idle,-8,0,-1,5,16,-37,998,41,1,0
277484,0,idle,-9,0,-2,1,19,-38,998,42,1,0
277510,0,idle,-10,-1,-2,-1,18,-38,998,42,1,0
277536,0,idle,-9,0,-2,0,17,-39,998,43,1,0
277562,0,idle,-10,0,-2,3,18,-41,998,45,1,0
277588,0,idle,-10,0,-2,6,17,-42,998,46,1,0
277614,0,idle,-10,1,-2,10,16,-42,998,46,1,0
277640,0,idle,-11,0,-2,9,16,-42,998,46,1,0
277666,0,idle,-11,1,-2,10,15,-41,998,45,1,0
277692,0,idle,-12,1,-2,16,14,-40,998,45,1,0
277718,0,idle,-12,1,-2,15,12,-39,998,44,1,0
277744,0,idle,-12,1,-2,12,12,-38,998,42,1,0
277778,0,idle,-12,1,-2,10,10,-39,998,41,1,0
277804,0,idle,-11,1,-2,7,8,-39,998,40,1,0
277829,0,idle,-11,-1,-2,6,7,-40,998,41,1,0
277855,0,idle,-11,-1,-2,7,3,-39,998,40,1,0
277881,0,idle,-11,0,-2,10,0,-38,998,40,1,0
277907,0,idle,-12,-1,-2,12,-1,-37,998,39,1,0
277933,0,idle,-11,0,-2,11,-3,-36,998,38,1,0
277959,0,idle,-9,1,-2,9,-3,-36,998,38,1,0
277985,0,idle,-9,0,-1,5,-1,-37,998,37,1,0
278011,0,idle,-9,-1,-1,2,4,-35,998,35,1,0
278037,0,idle,-9,0,-1,3,6,-33,998,33,1,0
278062,0,idle,-8,0,-1,6,8,-30,998,32,1,0
278088,0,idle,-9,0,-1,7,8,-30,999,32,1,0
278113,0,idle,-8,0,-1,9,5,-31,999,33,1,0
278139,0,idle,-8,0,-1,10,6,-32,998,34,1,0
278165,0,idle,-8,0,-1,11,6,-32,998,34,1,0
278191,0,idle,-8,0,-1,12,6,-31,998,34,1,0
278217,0,idle,-9,1,-1,12,5,-31,998,33,1,0
278243,0,idle,-8,0,-1,10,3,-30,998,31,1,0
278269,0,idle,-7,0,-1,9,1,-29,998,31,1,0
278294,0,idle,-6,0,-1,9,1,-30,998,32,1,0
278319,0,idle,-6,0,-1,8,2,-32,998,33,1,0
278344,0,idle,-7,0,-1,7,4,-32,999,33,1,0
278369,0,idle,-8,1,-1,8,1,-32,999,33,1,0
278394,0,idle,-8,1,-1,10,-4,-32,999,34,1,0
278420,0,idle,-8,1,-1,10,-8,-32,999,35,1,0
278446,0,idle,-7,1,-1,11,-15,-33,999,38,1,0
278472,0,idle,-4,1,-1,11,-19,-33,999,40,1,0
278498,0,idle,-3,0,0,8,-20,-35,999,41,1,0
278524,0,idle,-2,1,0,5,-21,-35,999,41,1,0
278550,0,idle,-2,1,0,4,-21,-35,998,41,1,0
278576,0,idle,-2,1,0,6,-18,-35,998,40,1,0
278602,0,idle,-1,2,0,9,-17,-35,998,40,1,0
278628,0,idle,0,2,0,10,-17,-35,998,40,1,0
278654,0,idle,1,2,0,9,-17,-34,998,39,1,0
278680,0,idle,2,3,0,9,-16,-33,998,38,1,0
278706,0,idle,2,3,0,6,-14,-33,998,36,1,0
278732,0,idle,1,2,0,5,-13,-30,998,33,1,0
278757,0,idle,1,2,0,5,-11,-29,998,31,1,0
278782,0,idle,1,3,0,5,-10,-27,998,30,1,0
278807,0,idle,2,2,0,4,-12,-26,998,28,1,0
278833,0,idle,3,2,0,4,-10,-24,998,26,1,0
278858,0,idle,2,2,0,4,-12,-23,998,26,1,0
278884,0,idle,3,2,0,6,-15,-21,998,26,1,0
278910,0,idle,2,2,0,8,-14,-19,998,25,1,0
278936,0,idle,3,2,0,8,-18,-18,998,26,1,0
278962,0,idle,4,1,1,7,-18,-17,998,26,1,0
278988,0,idle,5,1,1,5,-18,-16,998,25,1,0
279014,0,idle,5,1,1,2,-16,-15,998,23,1,0
279040,0,idle,4,0,1,0,-14,-15,998,21,1,0
279066,0,idle,4,-1,1,-2,-13,-14,998,19,1,0
279092,0,idle,4,-1,1,-1,-12,-15,998,19,1,0
279118,0,idle,3,-1,1,2,-13,-17,998,21,1,0
279144,0,idle,3,-1,1,6,-11,-20,998,24,1,0
279170,0,idle,4,-2,1,7,-12,-22,998,26,1,0
279196,0,idle,5,-1,1,9,-13,-24,999,29,1,0
279222,0,idle,4,-1,1,11,-10,-25,999,29,1,0
279248,0,idle,3,-1,1,9,-10,-28,999,31,1,0
279274,0,idle,5,-1,1,8,-8,-30,998,32,1,0
279299,0,idle,5,-1,1,6,-7,-32,999,33,1,0
279324,0,idle,6,-1,1,4,-6,-34,999,35,1,0
279350,0,idle,5,-1,1,4,-1,-37,998,37,1,0
279375,0,idle,4,0,1,6,1,-39,998,39,1,0
279400,0,idle,4,1,1,12,3,-40,998,42,1,0
279433,0,idle,4,1,1,14,3,-40,998,43,1,0
279458,0,idle,5,1,1,15,3,-41,998,44,1,0
279483,0,idle,5,2,1,14,5,-42,998,44,1,0
279508,0,idle,5,2,1,11,9,-42,998,44,1,0
279533,0,idle,5,2,1,6,12,-41,998,43,1,0
279558,0,idle,4,2,0,3,15,-40,998,43,1,0
279583,0,idle,3,2,0,2,15,-39,998,42,1,0
279608,0,idle,3,2,0,5,14,-39,998,41,1,0
279633,0,idle,3,2,0,7,11,-38,998,40,1,0
279658,0,idle,2,2,0,10,10,-37,998,40,1,0
279683,0,idle,2,2,0,10,8,-35,998,38,1,0
279708,0,idle,3,2,0,11,5,-33,998,35,1,0
279733,0,idle,1,2,0,10,7,-31,998,33,1,0
279758,0,idle,2,2,0,8,5,-29,998,30,1,0
279783,0,idle,3,2,0,4,5,-29,998,29,1,0
279808,0,idle,2,2,0,1,5,-29,998,30,1,0
279833,0,idle,2,1,0,0,5,-28,998,29,1,0
279858,0,idle,2,0,0,-1,7,-27,998,28,1,0
279883,0,idle,0,0,0,-1,6,-26,998,27,1,0
279908,0,idle,0,0,0,2,4,-26,998,26,1,0
279933,0,idle,0,0,0,4,3,-26,998,26,1,0
279958,0,idle,0,-1,0,5,1,-26,999,27,1,0
279983,0,idle,0,-1,0,5,2,-27,998,27,1,0
280008,0,idle,0,-1,0,5,3,-28,998,28,1,0
280033,0,idle,0,-1,0,2,5,-29,998,29,1,0
280058,0,idle,-1,-2,0,-2,6,-30,998,31,1,0
280084,0,idle,-1,-1,0,-2,7,-31,999,32,1,0
280110,0,idle,-1,-1,0,0,8,-32,999,33,1,0
280135,0,idle,-1,-2,0,4,6,-35,999,35,1,0
280160,0,idle,-1,-2,0,8,5,-35,999,36,1,0
280185,0,idle,-1,-1,0,10,5,-37,999,38,1,0
280211,0,idle,-1,-1,0,11,7,-37,999,39,1,0
280237,0,idle,-2,-1,0,8,9,-37,999,39,1,0
280262,0,idle,-1,0,0,6,10,-38,999,40,1,0
280287,0,idle,-2,0,0,5,11,-40,998,42,1,0
280312,0,idle,-3,0,0,5,14,-41,999,44,1,0
280337,0,idle,-3,0,0,5,15,-42,999,45,1,0
280362,0,idle,-3,0,0,6,16,-42,999,45,1,0
280388,0,idle,-4,0,-1,7,14,-41,998,44,1,0
280414,0,idle,-4,1,-1,11,9,-40,998,43,1,0
280440,0,idle,-4,1,-1,12,6,-41,998,43,1,0
280466,0,idle,-4,1,-1,12,3,-41,998,43,1,0
280492,0,idle,-4,1,-1,11,2,-41,998,42,1,0
280517,0,idle,-4,1,-1,8,2,-40,998,41,1,0
280542,0,idle,-3,1,-1,4,2,-39,998,40,1,0
280567,0,idle,-4,0,-1,2,3,-38,998,39,1,0
280592,0,idle,-4,1,-1,4,4,-37,998,37,1,0
280617,0,idle,-4,1,-1,8,4,-35,998,36,1,0
280642,0,idle,-4,2,-1,10,5,-33,998,35,1,0
280668,0,idle,-3,2,-1,11,6,-32,998,35,1,0
280694,0,idle,-3,2,-1,10,8,-31,998,34,1,0
280720,0,idle,-4,2,-1,8,11,-30,998,33,1,0
280746,0,idle,-4,2,-1,7,13,-29,999,32,1,0
280772,0,idle,-5,2,-1,5,14,-28,998,31,1,0
280798,0,idle,-6,1,-1,3,13,-28,998,31,1,0
280824,0,idle,-7,1,-1,2,11,-28,998,30,1,0
280850,0,idle,-6,1,-1,4,7,-27,999,29,1,0
280875,0,idle,-5,1,-1,6,3,-27,998,28,1,0
280901,0,idle,-6,0,-1,7,1,-25,998,26,1,0
280926,0,idle,-6,1,-1,9,-5,-24,998,26,1,0
280952,0,idle,-5,2,-1,11,-10,-24,998,28,1,0
280978,0,idle,-5,1,-1,9,-12,-23,998,28,1,0
281004,0,idle,-4,1,-1,7,-13,-22,998,27,1,0
281030,0,idle,-2,1,0,4,-11,-22,998,25,1,0
281063,0,idle,-3,1,0,-1,-5,-22,998,22,1,0
281089,0,idle,-3,0,0,-7,2,-23,998,24,1,0
281115,0,idle,-3,-1,0,-8,5,-24,999,26,1,0
281141,0,idle,-3,-1,0,-7,5,-26,999,28,1,0
281167,0,idle,-3,-1,0,-4,2,-28,999,28,1,0
281193,0,idle,-3,-1,0,-1,-2,-28,999,28,1,0
281219,0,idle,-2,-2,0,0,-6,-29,998,30,1,0
281245,0,idle,-2,-1,0,2,-13,-30,998,33,1,0
281271,0,idle,-1,-1,0,2,-19,-31,998,37,1,0
281297,0,idle,-1,-1,0,1,-26,-32,998,41,1,0
281323,0,idle,0,-1,0,1,-32,-32,998,45,1,0
281349,0,idle,1,-1,0,0,-35,-32,998,47,1,0
281375,0,idle,2,-2,0,0,-36,-33,998,48,1,0
281401,0,idle,4,-2,1,-1,-37,-33,998,50,1,0
281427,0,idle,5,-1,1,-1,-33,-34,998,47,1,0
281453,0,idle,4,-1,1,-2,-30,-34,998,45,1,0
281479,0,idle,5,0,1,-1,-28,-33,998,44,1,0
281505,0,idle,6,-1,1,0,-25,-31,998,40,1,0
281531,0,idle,5,-2,1,0,-23,-29,998,37,1,0
281557,0,idle,6,-2,1,0,-21,-26,998,33,1,0
281583,0,idle,7,-3,1,-4,-18,-25,998,31,1,0
281609,0,idle,7,-3,1,-7,-16,-24,998,29,1,0
281635,0,idle,7,-4,1,-8,-17,-23,999,30,1,0
281661,0,idle,6,-4,1,-7,-17,-23,999,30,1,0
281687,0,idle,6,-5,1,-3,-18,-23,999,30,1,0
281713,0,idle,7,-5,1,2,-21,-25,998,32,1,0
281739,0,idle,7,-5,1,7,-23,-25,998,34,1,0
281765,0,idle,7,-4,1,10,-22,-25,998,34,1,0
281791,0,idle,7,-3,1,11,-19,-25,998,34,1,0
281817,0,idle,7,-3,1,10,-17,-26,998,32,1,0
281843,0,idle,7,-2,1,7,-17,-26,998,32,1,0
281869,0,idle,7,-3,1,5,-15,-27,998,31,1,0
281895,0,idle,7,-3,1,4,-14,-27,998,31,1,0
281921,0,idle,8,-3,1,5,-10,-28,998,30,1,0
281946,0,idle,9,-3,1,6,-8,-28,998,30,1,0
281972,0,idle,10,-2,2,7,-4,-29,998,30,1,0
281997,0,idle,8,-3,1,4,1,-31,998,31,1,0
282022,0,idle,8,-3,1,3,1,-32,998,32,1,0
282047,0,idle,7,-2,1,2,2,-33,998,33,1,0
282072,0,idle,6,-2,1,2,0,-35,998,35,1,0
282097,0,idle,6,-2,1,-1,-2,-37,998,38,1,0
282123,0,idle,6,-3,1,-3,-3,-38,998,39,1,0
282149,0,idle,6,-3,1,-6,-2,-39,998,39,1,0
282175,0,idle,7,-3,1,-6,0,-39,998,40,1,0
282200,0,idle,6,-3,1,-6,2,-40,998,41,1,0
282225,0,idle,5,-3,1,-3,5,-41,998,41,1,0
282250,0,idle,5,-3,1,2,8,-41,998,42,1,0
282275,0,idle,6,-2,1,5,9,-40,998,41,1,0
282300,0,idle,4,-2,1,5,13,-40,998,42,1,0
282325,0,idle,4,-2,0,4,15,-39,998,42,1,0
282350,0,idle,4,-1,1,4,15,-38,998,41,1,0
282375,0,idle,3,-2,1,3,13,-37,998,40,1,0
282400,0,idle,2,-2,0,2,12,-36,998,38,1,0
282425,0,idle,1,-3,0,1,9,-35,998,36,1,0
282450,0,idle,2,-4,0,1,5,-35,998,36,1,0
282475,0,idle,2,-3,0,2,3,-37,998,37,1,0
282500,0,idle,2,-3,0,4,1,-38,998,38,1,0
282525,0,idle,2,-3,0,7,2,-38,998,39,1,0
282550,0,idle,1,-3,0,11,3,-38,998,39,1,0
282575,0,idle,2,-1,0,16,-1,-36,999,39,1,0
282601,0,idle,1,0,0,20,1,-34,998,39,1,0
282626,0,idle,1,1,0,19,2,-31,998,37,1,0
282651,0,idle,3,1,0,16,3,-28,998,33,1,0
282676,0,idle,2,0,0,9,5,-26,998,28,1,0
282709,0,idle,2,0,0,2,8,-25,998,26,1,0
282734,0,idle,2,-1,0,-3,11,-24,998,27,1,0
282760,0,idle,1,-2,0,-3,13,-24,998,28,1,0
282786,0,idle,1,-1,0,-1,12,-26,998,28,1,0
282811,0,idle,1,-2,0,2,9,-27,998,29,1,0
282836,0,idle,0,-2,0,3,8,-28,998,29,1,0
282861,0,idle,1,-3,0,3,4,-30,998,30,1,0
282886,0,idle,2,-3,0,2,1,-32,998,32,1,0
282911,0,idle,2,-3,0,-2,-2,-35,998,35,1,0
282937,0,idle,2,-3,0,-5,-5,-39,998,39,1,0
282963,0,idle,1,-3,0,-4,-8,-41,998,42,1,0
282989,0,idle,1,-3,0,-2,-10,-42,998,43,1,0
283015,0,idle,2,-3,0,1,-11,-41,998,43,1,0
283041,0,idle,2,-3,0,4,-10,-41,998,43,1,0
283067,0,idle,4,-2,0,5,-8,-41,998,42,1,0
283092,0,idle,3,-3,0,3,-3,-42,998,42,1,0
283118,0,idle,3,-3,1,0,0,-42,998,42,1,0
283143,0,idle,3,-3,1,-2,4,-42,998,42,1,0
283169,0,idle,3,-3,1,-5,7,-41,998,42,1,0
283195,0,idle,3,-4,1,-10,9,-40,998,42,1,0
283221,0,idle,2,-5,0,-14,13,-39,998,44,1,0
283247,0,idle,1,-5,0,-17,14,-40,998,46,1,0
283273,0,idle,0,-6,0,-18,15,-40,998,46,1,0
283299,0,idle,-1,-6,0,-16,13,-39,998,44,1,0
283325,0,idle,-2,-6,0,-10,10,-39,998,42,1,0
283351,0,idle,-2,-6,0,-2,6,-39,998,39,1,0
283377,0,idle,-2,-5,0,4,1,-38,998,38,1,0
283403,0,idle,-1,-5,0,9,-3,-37,998,38,1,0
283429,0,idle,0,-4,0,12,-2,-35,999,37,1,0
283455,0,idle,0,-4,0,13,-1,-34,999,37,1,0
283481,0,idle,0,-4,0,13,2,-32,998,35,1,0
283507,0,idle,-1,-3,0,11,6,-31,998,33,1,0
283533,0,idle,-2,-4,0,9,8,-30,998,32,1,0
283558,0,idle,-2,-4,0,7,9,-29,998,32,1,0
283583,0,idle,-3,-4,0,7,9,-30,998,33,1,0
283608,0,idle,-3,-5,0,9,7,-32,998,34,1,0
283634,0,idle,-3,-4,0,11,3,-33,998,35,1,0
283660,0,idle,-5,-4,-1,14,0,-34,998,37,1,0
283686,0,idle,-5,-3,-1,18,-6,-34,998,39,1,0
283712,0,idle,-6,-2,-1,22,-11,-34,998,42,1,0
283738,0,idle,-6,-1,-1,26,-13,-34,998,45,1,0
283764,0,idle,-5,1,-1,30,-12,-33,998,46,1,0
283790,0,idle,-4,2,-1,29,-10,-33,998,45,1,0
283816,0,idle,-2,2,0,25,-6,-33,998,42,1,0
283842,0,idle,-2,2,0,19,-5,-33,998,38,1,0
283868,0,idle,-3,2,-1,14,0,-33,998,36,1,0
283894,0,idle,-3,3,0,13,3,-33,998,35,1,0
283920,0,idle,-4,3,-1,12,4,-32,998,34,1,0
283946,0,idle,-4,3,-1,11,1,-31,998,33,1,0
283972,0,idle,-3,2,-1,9,-2,-31,998,33,1,0
283998,0,idle,-3,2,0,7,-6,-34,998,35,1,0
284024,0,idle,-1,2,0,7,-12,-36,998,39,1,0
284050,0,idle,-1,2,0,7,-16,-38,998,42,1,0
284076,0,idle,-1,2,0,7,-18,-37,998,42,1,0
284102,0,idle,1,1,0,6,-20,-37,998,43,1,0
284128,0,idle,3,1,0,3,-19,-40,998,44,1,0
284154,0,idle,4,1,1,-2,-22,-44,998,49,1,0
284180,0,idle,6,0,1,-7,-22,-47,998,53,1,0
284206,0,idle,6,0,1,-9,-21,-47,998,53,1,0
284232,0,idle,5,0,1,-9,-24,-46,998,52,1,0
284258,0,idle,6,1,1,-5,-24,-44,998,50,1,0
284284,0,idle,6,0,1,-6,-26,-43,999,50,1,0
284310,0,idle,7,-1,1,-9,-28,-43,999,52,1,0
284336,0,idle,7,-1,1,-12,-27,-43,999,52,1,0
284370,0,idle,8,-2,1,-13,-28,-42,998,52,1,0
284396,0,idle,7,-2,1,-14,-24,-41,998,50,1,0
284422,0,idle,7,-3,1,-11,-23,-39,998,46,1,0
284448,0,idle,7,-2,1,-5,-21,-37,998,43,1,0
284474,0,idle,8,-2,1,0,-20,-35,998,40,1,0
284500,0,idle,8,-2,1,2,-18,-33,998,37,1,0
284526,0,idle,7,-1,1,5,-12,-28,998,31,1,0
284552,0,idle,7,0,1,6,-8,-24,998,26,1,0
284577,0,idle,7,0,1,6,-5,-20,998,22,1,0
284602,0,idle,5,0,1,6,-1,-16,998,17,1,0
284627,0,idle,4,-1,1,4,0,-14,998,14,1,0
284652,0,idle,5,-2,1,5,-1,-12,999,13,1,0
284677,0,idle,5,-3,1,6,-2,-11,999,12,1,0
284702,0,idle,5,-3,1,7,-4,-10,998,13,1,0
284728,0,idle,5,-3,1,9,-6,-11,998,15,1,0
284754,0,idle,4,-3,1,10,-7,-12,999,17,1,0
284780,0,idle,3,-3,1,10,-10,-13,999,19,1,0
284806,0,idle,4,-2,1,14,-15,-12,999,24,1,0
284832,0,idle,4,-1,1,17,-16,-10,998,26,1,0
284858,0,idle,4,-1,1,18,-16,-7,999,25,1,0
284884,0,idle,6,-1,1,16,-12,-7,998,21,1,0
284910,0,idle,6,-1,1,11,-8,-8,998,16,1,0
284935,0,idle,6,-1,1,7,-3,-12,998,14,1,0
284961,0,idle,6,-1,1,6,1,-14,998,15,1,0
284986,0,idle,6,-1,1,9,4,-14,998,17,1,0
285011,0,idle,6,-1,1,13,8,-14,999,21,1,0
285037,0,idle,6,0,1,16,10,-14,999,24,1,0
285063,0,idle,6,-1,1,15,13,-15,999,25,1,0
285089,0,idle,5,-1,1,12,17,-16,999,27,1,0
285115,0,idle,5,0,1,9,19,-19,999,28,1,0
285140,0,idle,5,0,1,6,21,-22,998,31,1,0
285165,0,idle,4,-1,1,5,22,-24,998,33,1,0
285190,0,idle,2,-2,0,7,23,-26,999,35,1,0
285216,0,idle,2,-1,0,9,24,-28,998,38,1,0
285242,0,idle,2,0,0,11,24,-32,998,41,1,0
285268,0,idle,2,0,0,12,22,-36,998,44,1,0
285294,0,idle,0,0,0,12,24,-39,998,48,1,0
285320,0,idle,-1,0,0,12,20,-41,998,48,1,0
285346,0,idle,-1,1,0,15,15,-42,998,47,1,0
285372,0,idle,-2,1,0,18,12,-44,998,49,1,0
285398,0,idle,-2,1,0,18,8,-46,998,50,1,0
285424,0,idle,-2,2,0,17,9,-48,999,51,1,0
285450,0,idle,-2,2,0,13,11,-51,998,54,1,0
285476,0,idle,-2,3,0,9,12,-54,999,56,1,0
285502,0,idle,-3,3,0,7,14,-54,998,56,1,0
285527,0,idle,-5,3,-1,9,16,-53,998,56,1,0
285553,0,idle,-5,3,-1,14,18,-51,999,56,1,0
285579,0,idle,-5,4,-1,18,18,-50,998,57,1,0
285605,0,idle,-5,5,-1,18,19,-51,999,58,1,0
285631,0,idle,-5,5,-1,16,19,-52,999,58,1,0
285657,0,idle,-5,5,-1,15,20,-50,999,56,1,0
285683,0,idle,-6,4,-1,14,21,-48,998,55,1,0
285709,0,idle,-6,4,-1,14,21,-46,999,53,1,0
285735,0,idle,-6,5,-1,14,20,-45,998,51,1,0
285761,0,idle,-6,5,-1,15,20,-45,998,51,1,0
285787,0,idle,-6,5,-1,15,21,-45,998,51,1,0
285813,0,idle,-6,5,-1,16,20,-43,998,50,1,0
285839,0,idle,-7,5,-1,18,22,-40,998,49,1,0
285865,0,idle,-8,6,-1,21,20,-38,998,48,1,0
285891,0,idle,-7,7,-1,24,17,-34,998,46,1,0
285917,0,idle,-8,6,-1,23,17,-31,998,42,1,0
285943,0,idle,-7,7,-1,18,17,-28,998,38,1,0
285969,0,idle,-7,7,-1,13,19,-27,998,35,1,0
285995,0,idle,-7,6,-1,9,22,-26,998,35,1,0
286028,0,idle,-8,4,-1,4,26,-25,998,37,1,0
286054,0,idle,-9,3,-2,3,28,-25,998,38,1,0
286080,0,idle,-9,4,-2,6,28,-21,998,35,1,0
286106,0,idle,-9,4,-2,8,24,-24,998,35,1,0
286132,0,idle,-10,4,-2,10,19,-26,998,34,1,0
286158,0,idle,-9,4,-2,10,17,-27,998,33,1,0
286184,0,idle,-10,4,-2,9,18,-27,998,34,1,0
286210,0,idle,-10,5,-2,6,19,-29,998,35,1,0
286236,0,idle,-10,5,-2,2,19,-30,998,35,1,0
286262,0,idle,-11,4,-2,-2,17,-31,998,36,1,0
286288,0,idle,-12,2,-2,-4,15,-34,998,37,1,0
286314,0,idle,-12,1,-2,-3,14,-36,998,39,1,0
286340,0,idle,-12,0,-2,1,13,-39,998,41,1,0
286366,0,idle,-11,0,-2,6,11,-43,998,45,1,0
286392,0,idle,-11,1,-2,10,12,-48,998,50,1,0
286418,0,idle,-12,2,-2,14,8,-52,998,55,1,0
286444,0,idle,-12,3,-2,19,4,-54,998,58,1,0
286470,0,idle,-13,4,-2,20,1,-55,998,58,1,0
286496,0,idle,-13,4,-2,18,-4,-55,998,58,1,0
286522,0,idle,-11,5,-2,16,-8,-55,998,58,1,0
286548,0,idle,-10,4,-2,11,-9,-56,998,58,1,0
286574,0,idle,-10,4,-2,6,-8,-57,998,58,1,0
286600,0,idle,-9,4,-1,3,-10,-57,999,58,1,0
286626,0,idle,-8,4,-1,4,-11,-56,999,57,1,0
286652,0,idle,-8,4,-1,8,-13,-53,999,56,1,0
286678,0,idle,-8,5,-1,12,-14,-51,999,54,1,0
286704,0,idle,-8,5,-1,14,-15,-50,998,54,1,0
286730,0,idle,-7,5,-1,13,-17,-48,998,52,1,0
286756,0,idle,-6,5,-1,10,-20,-45,999,51,1,0
286782,0,idle,-5,5,-1,8,-24,-42,999,49,1,0
286808,0,idle,-5,4,-1,4,-26,-39,999,47,1,0
286834,0,idle,-4,3,-1,2,-26,-36,999,44,1,0
286860,0,idle,-3,3,-1,3,-25,-33,998,42,1,0
286886,0,idle,-2,3,0,4,-25,-31,998,40,1,0
286912,0,idle,0,2,0,5,-22,-28,998,36,1,0
286938,0,idle,-1,2,0,6,-19,-25,998,32,1,0
286964,0,idle,1,3,0,8,-20,-22,998,31,1,0
286990,0,idle,2,3,0,8,-18,-20,998,28,1,0
287016,0,idle,2,2,0,6,-18,-17,998,25,1,0
287042,0,idle,3,1,0,1,-18,-14,998,23,1,0
287068,0,idle,2,1,0,-5,-17,-13,998,21,1,0
287094,0,idle,2,0,0,-8,-17,-13,998,23,1,0
287120,0,idle,2,-1,0,-9,-20,-14,998,26,1,0
287146,0,idle,2,-2,0,-8,-24,-15,998,29,1,0
287172,0,idle,3,-2,0,-2,-26,-16,998,31,1,0
287198,0,idle,3,-2,1,3,-30,-18,998,35,1,0
287224,0,idle,5,-2,1,6,-32,-19,998,37,1,0
287250,0,idle,6,-1,1,8,-29,-20,998,36,1,0
287276,0,idle,7,-1,1,8,-27,-21,998,35,1,0
287302,0,idle,7,-1,1,5,-22,-22,998,31,1,0
287328,0,idle,7,-1,1,2,-17,-23,998,28,1,0
287354,0,idle,8,-1,1,1,-14,-24,998,28,1,0
287380,0,idle,9,-2,1,1,-11,-26,998,28,1,0
287406,0,idle,10,-2,2,3,-10,-26,998,28,1,0
287432,0,idle,10,-1,2,6,-7,-28,998,30,1,0
287458,0,idle,10,-2,2,6,-4,-30,998,30,1,0
287483,0,idle,10,-1,1,6,-3,-31,998,32,1,0
287509,0,idle,9,-1,1,6,-2,-32,998,33,1,0
287534,0,idle,7,0,1,8,-3,-33,998,34,1,0
287559,0,idle,8,0,1,8,-4,-34,998,35,1,0
287584,0,idle,9,0,1,6,-4,-34,998,35,1,0
287609,0,idle,9,0,1,4,-2,-36,998,36,1,0
287634,0,idle,8,0,1,3,4,-39,998,39,1,0
287659,0,idle,9,1,1,4,10,-39,998,41,1,0
287692,0,idle,9,1,2,7,18,-40,998,44,1,0
287717,0,idle,7,1,1,8,25,-40,999,48,1,0
287742,0,idle,6,1,1,7,29,-39,998,49,1,0
287767,0,idle,4,1,1,4,30,-39,998,50,1,0
287792,0,idle,2,1,0,1,27,-40,998,48,1,0
287817,0,idle,-1,0,0,0,20,-41,998,45,1,0
287843,0,idle,-3,-1,0,1,10,-42,999,44,1,0
287869,0,idle,-3,-2,0,6,-4,-43,998,44,1,0
287895,0,idle,-2,-2,0,11,-14,-45,998,48,1,0
287921,0,idle,-1,-1,0,18,-20,-46,998,53,1,0
287947,0,idle,2,-1,0,23,-21,-46,999,56,1,0
287973,0,idle,3,1,1,26,-14,-46,998,55,1,0
287999,0,idle,3,2,1,26,-8,-45,999,53,1,0
288024,0,idle,4,3,1,25,-2,-44,998,51,1,0
288050,0,idle,4,2,1,20,5,-44,998,48,1,0
288075,0,idle,3,2,0,15,10,-42,998,46,1,0
288101,0,idle,2,2,0,11,17,-42,998,47,1,0
288126,0,idle,1,2,0,8,18,-43,998,48,1,0
288151,0,idle,0,1,0,6,18,-44,998,48,1,0
288176,0,idle,-1,1,0,6,15,-45,998,48,1,0
288201,0,idle,-3,1,-1,10,14,-45,998,48,1,0
288227,0,idle,-2,2,0,15,11,-44,998,48,1,0
288253,0,idle,-2,4,0,20,8,-44,998,49,1,0
288279,0,idle,-2,5,-1,22,6,-44,998,49,1,0
288305,0,idle,-2,5,-1,20,7,-43,998,48,1,0
288331,0,idle,-2,6,0,17,6,-41,998,44,1,0
288356,0,idle,-2,6,0,12,6,-38,998,40,1,0
288381,0,idle,-3,5,-1,7,8,-35,998,37,1,0
288407,0,idle,-3,4,-1,2,9,-34,998,35,1,0
288433,0,idle,-3,4,0,-1,11,-34,998,36,1,0
288459,0,idle,-3,3,-1,-2,11,-35,998,37,1,0
288485,0,idle,-3,3,0,-1,10,-36,998,38,1,0
288510,0,idle,-4,2,-1,-1,8,-37,998,38,1,0
288535,0,idle,-4,2,-1,3,2,-38,998,38,1,0
288561,0,idle,-5,1,-1,6,-2,-37,998,38,1,0
288587,0,idle,-5,1,-1,9,-5,-36,998,38,1,0
288613,0,idle,-3,1,-1,11,-9,-36,998,39,1,0
288639,0,idle,-3,2,0,11,-10,-36,998,39,1,0
288665,0,idle,-2,2,0,9,-9,-36,998,38,1,0
288690,0,idle,-2,1,0,4,-6,-35,998,36,1,0
288715,0,idle,-1,2,0,1,-8,-35,998,36,1,0
288741,0,idle,-1,2,0,0,-10,-35,998,37,1,0
288767,0,idle,-2,1,0,1,-13,-34,998,37,1,0
288793,0,idle,-3,0,0,6,-13,-33,998,36,1,0
288819,0,idle,-1,0,0,11,-15,-31,998,36,1,0
288845,0,idle,0,0,0,14,-16,-32,998,38,1,0
288871,0,idle,1,0,0,14,-16,-34,998,40,1,0
288897,0,idle,1,0,0,14,-13,-35,998,40,1,0
288923,0,idle,2,0,1,13,-10,-33,999,37,1,0
288948,0,idle,3,0,1,11,-7,-33,999,35,1,0
288973,0,idle,3,0,1,9,-5,-32,998,34,1,0
288998,0,idle,2,0,0,9,-2,-32,998,34,1,0
289023,0,idle,1,-1,0,10,-1,-33,999,34,1,0
289049,0,idle,3,0,1,15,-6,-34,998,38,1,0
289075,0,idle,3,2,0,20,-8,-34,998,40,1,0
289101,0,idle,4,2,1,20,-12,-34,998,41,1,0
289127,0,idle,5,2,1,16,-13,-31,998,37,1,0
289153,0,idle,5,4,1,9,-15,-30,998,35,1,0
289179,0,idle,6,4,1,1,-15,-30,998,34,1,0
289205,0,idle,4,3,1,-5,-14,-30,998,34,1,0
289231,0,idle,5,3,1,-4,-15,-27,998,31,1,0
289257,0,idle,6,3,1,1,-13,-25,998,28,1,0
289283,0,idle,5,3,1,4,-11,-25,998,28,1,0
289309,0,idle,5,3,1,5,-9,-25,998,27,1,0
289342,0,idle,4,3,1,5,-5,-25,998,26,1,0
289367,0,idle,3,3,0,2,-4,-25,998,26,1,0
289392,0,idle,4,2,1,-3,-7,-25,998,26,1,0
289418,0,idle,4,1,1,-6,-11,-25,998,28,1,0
289444,0,idle,5,0,1,-4,-13,-25,998,29,1,0
289470,0,idle,6,-1,1,0,-14,-26,998,30,1,0
289496,0,idle,7,-1,1,4,-13,-27,999,30,1,0
289522,0,idle,6,0,1,9,-9,-28,999,31,1,0
289547,0,idle,5,1,1,13,-8,-29,998,33,1,0
289573,0,idle,5,2,1,16,-6,-31,998,35,1,0
289598,0,idle,6,3,1,17,-5,-32,998,37,1,0
289623,0,idle,7,3,1,17,-2,-32,999,36,1,0
289648,0,idle,7,3,1,15,2,-32,999,35,1,0
289673,0,idle,7,3,1,12,7,-30,998,33,1,0
289698,0,idle,6,3,1,9,10,-28,998,31,1,0
289723,0,idle,5,2,1,7,14,-27,998,31,1,0
289748,0,idle,4,3,1,9,15,-26,998,32,1,0
289773,0,idle,4,2,1,14,15,-26,998,33,1,0
289799,0,idle,5,2,1,17,13,-28,998,35,1,0
289824,0,idle,5,1,1,17,14,-29,998,36,1,0
289850,0,idle,5,1,1,15,15,-29,998,36,1,0
289875,0,idle,3,2,0,14,17,-28,998,36,1,0
289901,0,idle,2,2,0,12,19,-30,998,37,1,0
289926,0,idle,2,1,0,7,17,-32,998,37,1,0
289951,0,idle,1,0,0,4,14,-34,998,37,1,0
289976,0,idle,1,0,0,5,11,-34,998,36,1,0
290001,0,idle,1,-1,0,6,8,-35,998,36,1,0
290026,0,idle,-1,-1,0,9,6,-35,998,37,1,0
290051,0,idle,-2,0,0,15,2,-36,999,39,1,0
290077,0,idle,-2,0,0,17,-1,-39,998,43,1,0
290103,0,idle,-2,0,0,16,-2,-41,998,44,1,0
290129,0,idle,0,0,0,13,-3,-41,998,43,1,0
290154,0,idle,0,1,0,11,2,-42,999,43,1,0
290179,0,idle,-1,2,0,8,9,-43,999,44,1,0
290204,0,idle,-3,1,0,4,14,-43,998,46,1,0
290230,0,idle,-4,1,-1,2,18,-45,998,48,1,0
290256,0,idle,-5,2,-1,1,19,-46,998,50,1,0
290282,0,idle,-5,1,-1,2,18,-47,998,50,1,0
290308,0,idle,-6,1,-1,4,17,-47,998,50,1,0
290334,0,idle,-7,2,-1,6,17,-46,998,49,1,0
290360,0,idle,-7,3,-1,6,13,-45,998,48,1,0
290385,0,idle,-7,3,-1,3,9,-45,998,46,1,0
290411,0,idle,-7,3,-1,1,3,-46,998,46,1,0
290437,0,idle,-7,3,-1,3,3,-46,998,46,1,0
290462,0,idle,-7,3,-1,7,-1,-45,998,45,1,0
290488,0,idle,-6,4,-1,9,-4,-43,999,44,1,0
290514,0,idle,-6,4,-1,12,-2,-41,999,43,1,0
290540,0,idle,-6,6,-1,14,-3,-38,998,40,1,0
290566,0,idle,-5,7,-1,15,-5,-34,998,37,1,0
290592,0,idle,-5,7,-1,11,-2,-31,998,33,1,0
290618,0,idle,-6,6,-1,6,-2,-28,999,28,1,0
290644,0,idle,-6,5,-1,0,1,-25,998,25,1,0
290670,0,idle,-5,4,-1,-8,3,-22,998,24,1,0
290696,0,idle,-5,2,-1,-13,2,-21,998,25,1,0
290722,0,idle,-6,0,-1,-14,1,-20,998,24,1,0
290748,0,idle,-7,-2,-1,-9,-1,-19,998,21,1,0
290774,0,idle,-6,-2,-1,-2,-7,-19,998,20,1,0
290800,0,idle,-4,-2,-1,4,-10,-20,998,23,1,0
290826,0,idle,-4,-3,0,7,-13,-22,999,26,1,0
290852,0,idle,-3,-3,0,7,-13,-23,998,27,1,0
290878,0,idle,-2,-2,0,7,-12,-24,998,28,1,0
290904,0,idle,-2,-2,0,5,-10,-24,998,27,1,0
290930,0,idle,-3,-2,-1,5,-7,-24,998,26,1,0
290956,0,idle,-2,-1,0,7,-7,-27,998,28,1,0
290989,0,idle,-1,-2,0,8,-5,-29,998,31,1,0
291015,0,idle,-2,-2,0,9,-3,-29,998,31,1,0
291041,0,idle,-2,-1,0,11,-5,-29,998,32,1,0
291067,0,idle,-1,-1,0,12,-5,-29,998,32,1,0
291093,0,idle,-2,0,0,13,-4,-29,998,32,1,0
291119,0,idle,-1,0,0,12,-6,-29,998,32,1,0
291145,0,idle,0,0,0,8,-5,-29,998,30,1,0
291170,0,idle,1,0,0,2,-2,-29,998,29,1,0
291195,0,idle,1,-1,0,-3,3,-31,998,31,1,0
291221,0,idle,1,-2,0,-4,5,-30,998,31,1,0
291247,0,idle,0,-2,0,-3,8,-30,998,31,1,0
291272,0,idle,-1,-2,0,0,9,-30,998,32,1,0
291297,0,idle,0,-1,0,2,8,-31,998,32,1,0
291322,0,idle,-1,-1,0,3,9,-32,998,34,1,0
291347,0,idle,-1,-1,0,2,10,-33,998,35,1,0
291373,0,idle,-1,-2,0,0,11,-33,998,35,1,0
291399,0,idle,-2,-2,0,-2,12,-33,998,35,1,0
291425,0,idle,-2,-2,0,-4,14,-33,998,36,1,0
291451,0,idle,-2,-2,-1,-6,17,-34,998,39,1,0
291477,0,idle,-2,-2,0,-5,17,-36,998,40,1,0
291503,0,idle,-2,-3,0,-3,19,-36,998,41,1,0
291529,0,idle,-3,-4,0,-1,21,-37,998,42,1,0
291555,0,idle,-3,-3,0,4,20,-36,998,42,1,0
291581,0,idle,-4,-3,-1,8,21,-37,998,43,1,0
291607,0,idle,-4,-3,-1,9,21,-37,998,44,1,0
291633,0,idle,-4,-3,-1,9,24,-37,998,45,1,0
291659,0,idle,-4,-2,-1,7,24,-39,998,46,1,0
291685,0,idle,-4,-2,-1,5,24,-39,998,46,1,0
291711,0,idle,-5,-2,-1,3,26,-39,998,47,1,0
291737,0,idle,-6,-2,-1,4,23,-39,998,45,1,0
291763,0,idle,-6,-1,-1,8,21,-39,998,45,1,0
291789,0,idle,-6,-1,-1,11,18,-40,998,45,1,0
291815,0,idle,-6,-1,-1,13,14,-41,998,46,1,0
291841,0,idle,-6,-1,-1,15,11,-41,998,45,1,0
291867,0,idle,-6,0,-1,17,7,-41,999,45,1,0
291893,0,idle,-6,1,-1,18,5,-41,998,45,1,0
291919,0,idle,-7,0,-1,17,4,-39,998,43,1,0
291945,0,idle,-6,1,-1,16,5,-39,998,42,1,0
291971,0,idle,-6,2,-1,15,6,-40,999,43,1,0
291997,0,idle,-6,1,-1,13,5,-40,999,43,1,0
292022,0,idle,-6,1,-1,12,8,-41,998,44,1,0
292048,0,idle,-7,2,-1,12,8,-41,999,44,1,0
292074,0,idle,-7,2,-1,14,5,-41,998,44,1,0
292100,0,idle,-7,2,-1,16,5,-39,998,43,1,0
292126,0,idle,-6,2,-1,15,4,-38,998,41,1,0
292152,0,idle,-6,3,-1,12,7,-37,998,40,1,0
292178,0,idle,-6,3,-1,6,10,-38,998,40,1,0
292204,0,idle,-6,4,-1,0,12,-41,998,43,1,0
292230,0,idle,-7,2,-1,-5,11,-41,998,43,1,0
292256,0,idle,-8,1,-1,-5,9,-39,999,41,1,0
292282,0,idle,-7,1,-1,-1,4,-37,998,38,1,0
292308,0,idle,-7,1,-1,5,-1,-36,999,36,1,0
292334,0,idle,-6,2,-1,11,-5,-36,998,38,1,0
292360,0,idle,-6,2,-1,13,-9,-36,998,39,1,0
292386,0,idle,-6,2,-1,14,-9,-36,998,39,1,0
292412,0,idle,-4,3,-1,14,-9,-34,998,38,1,0
292438,0,idle,-4,3,-1,12,-7,-32,998,35,1,0
292464,0,idle,-4,3,-1,8,-4,-30,998,32,1,0
292490,0,idle,-4,2,-1,5,0,-30,998,30,1,0
292516,0,idle,-4,1,-1,2,4,-29,998,30,1,0
292542,0,idle,-3,0,0,1,9,-29,998,30,1,0
292567,0,idle,-4,0,-1,5,9,-28,998,30,1,0
292593,0,idle,-4,1,-1,11,6,-28,998,31,1,0
292619,0,idle,-4,1,-1,13,2,-28,998,31,1,0
292652,0,idle,-4,2,-1,12,-5,-26,998,29,1,0
292678,0,idle,-3,2,0,7,-10,-26,999,29,1,0
292704,0,idle,-3,1,0,2,-14,-25,999,29,1,0
292730,0,idle,-2,0,0,-4,-16,-26,999,31,1,0
292756,0,idle,-2,-1,0,-7,-19,-25,999,32,1,0
292782,0,idle,-2,-1,0,-8,-21,-25,999,34,1,0
292808,0,idle,-1,-2,0,-7,-22,-26,998,35,1,0
292834,0,idle,0,-2,0,-6,-23,-28,998,36,1,0
292860,0,idle,1,-2,0,-3,-21,-30,999,37,1,0
292886,0,idle,1,-2,0,-1,-20,-32,998,37,1,0
292912,0,idle,1,-2,0,-2,-17,-32,998,36,1,0
292938,0,idle,1,-2,0,-5,-15,-33,998,37,1,0
292964,0,idle,1,-2,0,-7,-18,-34,998,39,1,0
292990,0,idle,1,-2,0,-8,-21,-34,998,41,1,0
293016,0,idle,1,-3,0,-9,-24,-35,998,43,1,0
293042,0,idle,3,-3,0,-9,-29,-35,998,46,1,0
293068,0,idle,3,-4,0,-7,-29,-34,998,46,1,0
293094,0,idle,3,-4,0,-5,-30,-35,998,46,1,0
293120,0,idle,5,-3,1,0,-33,-34,998,47,1,0
293146,0,idle,4,-3,1,2,-32,-33,998,46,1,0
293172,0,idle,4,-4,1,1,-32,-31,998,45,1,0
293198,0,idle,6,-3,1,0,-31,-29,998,42,1,0
293224,0,idle,6,-3,1,-1,-28,-28,998,39,1,0
293250,0,idle,7,-3,1,-2,-25,-26,999,36,1,0
293276,0,idle,8,-3,1,-4,-23,-24,998,34,1,0
293302,0,idle,8,-3,2,-4,-21,-22,999,31,1,0
293328,0,idle,8,-3,2,-3,-19,-20,999,28,1,0
293354,0,idle,8,-3,2,-1,-20,-20,999,28,1,0
293380,0,idle,8,-3,2,0,-22,-19,999,29,1,0
293406,0,idle,7,-3,2,1,-23,-18,999,29,1,0
293432,0,idle,8,-4,2,2,-25,-18,999,31,1,0
293458,0,idle,8,-4,2,2,-26,-18,999,32,1,0
293484,0,idle,8,-4,2,2,-26,-18,999,32,1,0
293510,0,idle,8,-5,1,1,-25,-19,998,32,1,0
293536,0,idle,8,-5,1,1,-22,-20,998,30,1,0
293562,0,idle,9,-6,2,3,-22,-22,999,31,1,0
293588,0,idle,11,-5,2,6,-18,-23,999,30,1,0
293614,0,idle,11,-6,2,7,-13,-23,998,28,1,0
293640,0,idle,12,-5,2,10,-10,-24,998,27,1,0
293666,0,idle,11,-4,2,12,-1,-24,998,26,1,0
293692,0,idle,11,-3,2,9,1,-25,998,27,1,0
293717,0,idle,11,-3,2,5,1,-26,998,27,1,0
293742,0,idle,10,-3,2,1,1,-26,998,26,1,0
293768,0,idle,10,-3,2,0,-2,-26,998,26,1,0
293794,0,idle,11,-3,2,0,-2,-24,998,24,1,0
293820,0,idle,10,-3,2,0,-1,-23,999,24,1,0
293845,0,idle,11,-2,2,4,3,-23,999,24,1,0
293871,0,idle,11,-2,2,8,7,-22,999,24,1,0
293897,0,idle,11,-2,2,7,12,-20,999,24,1,0
293923,0,idle,10,-2,2,3,19,-17,998,26,1,0
293949,0,idle,8,-2,1,-1,26,-15,998,30,1,0
293975,0,idle,7,-2,1,-4,30,-13,999,33,1,0
294001,0,idle,6,-2,1,-6,31,-12,999,34,1,0
294027,0,idle,5,-3,1,-7,29,-12,999,32,1,0
294053,0,idle,4,-4,1,-6,26,-13,998,30,1,0
294079,0,idle,3,-4,1,-2,23,-14,998,27,1,0
294105,0,idle,4,-5,1,3,19,-16,998,25,1,0
294130,0,idle,3,-5,1,6,18,-17,998,25,1,0
294156,0,idle,1,-4,0,9,14,-19,999,25,1,0
294181,0,idle,2,-3,0,12,8,-20,999,25,1,0
294207,0,idle,1,-4,0,14,6,-21,998,26,1,0
294233,0,idle,1,-3,0,14,3,-20,998,24,1,0
294259,0,idle,1,-3,0,11,2,-20,998,23,1,0
294284,0,idle,2,-2,0,6,3,-24,998,25,1,0
294317,0,idle,1,-3,0,1,6,-28,998,29,1,0
294343,0,idle,0,-4,0,0,7,-31,998,32,1,0
294368,0,idle,0,-3,0,5,8,-32,998,34,1,0
294393,0,idle,0,-3,0,10,8,-35,998,37,1,0
294418,0,idle,1,-2,0,16,5,-37,998,40,1,0
294444,0,idle,1,-1,0,18,6,-38,998,43,1,0
294469,0,idle,0,-1,0,18,10,-40,998,45,1,0
294495,0,idle,0,1,0,17,13,-41,998,46,1,0
294521,0,idle,0,1,0,13,15,-41,998,46,1,0
294546,0,idle,-1,0,0,9,17,-42,998,47,1,0
294572,0,idle,-2,0,0,7,17,-43,999,47,1,0
294597,0,idle,-2,0,0,6,17,-45,999,49,1,0
294622,0,idle,-2,0,0,6,16,-48,999,51,1,0
294647,0,idle,-3,0,0,8,15,-52,998,54,1,0
294673,0,idle,-4,1,-1,9,15,-56,998,59,1,0
294699,0,idle,-5,2,-1,11,10,-59,999,61,1,0
294725,0,idle,-5,3,-1,11,5,-60,998,61,1,0
294751,0,idle,-5,4,-1,9,2,-57,998,58,1,0
294776,0,idle,-5,3,-1,7,-3,-54,998,55,1,0
294802,0,idle,-4,3,-1,3,-5,-52,998,52,1,0
294828,0,idle,-3,2,-1,-4,-3,-49,998,50,1,0
294854,0,idle,-4,2,-1,-10,1,-49,998,50,1,0
294880,0,idle,-4,1,-1,-13,5,-49,998,51,1,0
294906,0,idle,-5,0,-1,-12,9,-47,999,49,1,0
294932,0,idle,-6,0,-1,-6,12,-44,998,46,1,0
294958,0,idle,-6,0,-1,1,15,-41,998,44,1,0
294984,0,idle,-5,1,-1,8,14,-39,999,42,1,0
295010,0,idle,-5,1,-1,11,16,-36,998,41,1,0
295036,0,idle,-5,2,-1,12,17,-34,998,40,1,0
295062,0,idle,-5,1,-1,9,17,-31,998,36,1,0
295088,0,idle,-6,0,-1,4,18,-29,998,34,1,0
295114,0,idle,-8,0,-1,1,17,-27,998,32,1,0
295140,0,idle,-9,-1,-1,-1,14,-28,998,32,1,0
295166,0,idle,-10,-2,-2,-1,10,-31,998,33,1,0
295192,0,idle,-10,-4,-2,2,3,-34,998,34,1,0
295218,0,idle,-9,-4,-1,6,-4,-35,999,36,1,0
295244,0,idle,-9,-4,-1,12,-12,-37,998,41,1,0
295270,0,idle,-6,-3,-1,21,-19,-39,998,48,1,0
295296,0,idle,-6,-2,-1,25,-20,-41,999,51,1,0
295322,0,idle,-6,-1,-1,23,-19,-42,999,52,1,0
295348,0,idle,-5,0,-1,18,-19,-43,998,50,1,0
295374,0,idle,-5,0,-1,10,-17,-45,998,49,1,0
295400,0,idle,-5,0,-1,2,-17,-47,998,50,1,0
295426,0,idle,-5,0,-1,-2,-19,-48,998,52,1,0
295452,0,idle,-5,0,-1,-1,-22,-48,998,53,1,0
295478,0,idle,-4,0,-1,2,-24,-48,998,54,1,0
295504,0,idle,-3,0,0,8,-28,-48,999,56,1,0
295530,0,idle,-1,1,0,13,-31,-48,998,59,1,0
295556,0,idle,0,1,0,12,-32,-47,998,58,1,0
295582,0,idle,0,2,0,10,-32,-45,998,56,1,0
295608,0,idle,2,3,0,7,-33,-43,998,55,1,0
295634,0,idle,2,2,0,3,-33,-40,998,52,1,0
295660,0,idle,3,2,0,0,-34,-36,998,50,1,0
295686,0,idle,4,1,1,-1,-33,-32,998,45,1,0
295712,0,idle,4,0,1,-2,-28,-28,998,40,1,0
295738,0,idle,5,1,1,-1,-24,-25,998,34,1,0
295764,0,idle,5,0,1,-1,-15,-23,998,28,1,0
295790,0,idle,4,-1,1,-2,-12,-20,998,24,1,0
295816,0,idle,4,-1,1,-1,-9,-17,998,19,1,0
295841,0,idle,3,-2,1,-2,-8,-13,999,15,1,0
295867,0,idle,3,-3,1,-6,-9,-9,998,14,1,0
295893,0,idle,3,-4,1,-8,-9,-7,998,14,1,0
295919,0,idle,5,-4,1,-12,-10,-6,998,16,1,0
295945,0,idle,5,-5,1,-12,-6,-8,998,16,1,0
295978,0,idle,6,-6,1,-9,-2,-11,998,14,1,0
296003,0,idle,8,-6,1,-4,0,-14,998,14,1,0
296028,0,idle,9,-6,2,-3,4,-16,998,16,1,0
296053,0,idle,8,-7,1,-3,8,-18,998,20,1,0
296078,0,idle,8,-7,2,-3,9,-21,999,23,1,0
296104,0,idle,8,-6,1,-3,11,-23,998,26,1,0
296130,0,idle,7,-6,1,-3,11,-26,999,29,1,0
296156,0,idle,6,-7,1,-4,8,-29,999,30,1,0
296181,0,idle,5,-7,1,0,4,-31,999,31,1,0
296206,0,idle,5,-7,1,6,2,-32,999,33,1,0
296231,0,idle,5,-6,1,14,1,-34,999,37,1,0
296256,0,idle,5,-5,1,20,2,-36,998,42,1,0
296281,0,idle,6,-3,1,25,5,-38,999,46,1,0
296307,0,idle,6,-2,1,24,9,-40,998,48,1,0
296333,0,idle,5,0,1,22,11,-40,998,47,1,0
296359,0,idle,5,1,1,21,15,-39,998,47,1,0
296385,0,idle,4,1,1,19,18,-37,998,45,1,0
296411,0,idle,4,1,1,17,16,-35,998,42,1,0
296436,0,idle,4,2,1,15,14,-36,998,41,1,0
296461,0,idle,3,1,0,11,14,-38,998,42,1,0
296486,0,idle,2,0,0,8,13,-41,998,43,1,0
296511,0,idle,1,0,0,8,11,-40,998,42,1,0
296536,0,idle,1,1,0,14,10,-39,998,42,1,0
296561,0,idle,0,2,0,21,8,-39,998,45,1,0
296586,0,idle,0,2,0,27,5,-40,998,48,1,0
296611,0,idle,-1,3,0,30,4,-40,998,50,1,0
296636,0,idle,-1,5,0,30,3,-41,999,51,1,0
296662,0,idle,-1,6,0,27,2,-39,999,48,1,0
296687,0,idle,0,6,0,24,1,-38,998,45,1,0
296712,0,idle,-1,6,0,20,2,-37,999,42,1,0
296737,0,idle,-1,5,0,17,3,-36,999,40,1,0
296762,0,idle,-1,5,0,16,6,-34,998,39,1,0
296788,0,idle,-1,5,0,16,10,-34,999,39,1,0
296814,0,idle,-1,5,0,16,10,-36,999,41,1,0
296840,0,idle,-2,5,0,16,13,-39,999,44,1,0
296866,0,idle,-3,5,-1,19,6,-40,999,45,1,0
296892,0,idle,-3,6,0,24,3,-39,999,46,1,0
296918,0,idle,-3,7,0,26,1,-38,999,46,1,0
296944,0,idle,-2,8,0,25,0,-36,999,44,1,0
296970,0,idle,-1,8,0,20,3,-36,999,41,1,0
296995,0,idle,-1,7,0,12,8,-36,999,38,1,0
297021,0,idle,-2,7,0,4,14,-35,998,38,1,0
297047,0,idle,-3,6,-1,-1,17,-33,998,38,1,0
297073,0,idle,-3,5,-1,-2,18,-32,998,37,1,0
297099,0,idle,-4,5,-1,0,18,-31,998,36,1,0
297125,0,idle,-4,4,-1,4,15,-31,998,34,1,0
297151,0,idle,-4,3,-1,7,11,-30,998,33,1,0
297177,0,idle,-4,4,-1,11,9,-30,998,33,1,0
297203,0,idle,-4,4,-1,12,6,-31,998,33,1,0
297229,0,idle,-4,4,-1,10,5,-32,998,34,1,0
297254,0,idle,-4,4,-1,9,3,-32,998,33,1,0
297279,0,idle,-4,3,-1,7,0,-32,998,33,1,0
297304,0,idle,-4,2,-1,5,0,-33,998,33,1,0
297329,0,idle,-3,1,-1,5,1,-34,998,35,1,0
297354,0,idle,-2,2,0,6,0,-35,998,36,1,0
297379,0,idle,-3,2,-1,9,3,-37,998,38,1,0
297405,0,idle,-4,3,-1,12,3,-37,999,40,1,0
297431,0,idle,-3,4,-1,15,0,-37,998,40,1,0
297457,0,idle,-3,4,-1,16,-3,-34,998,38,1,0
297483,0,idle,-2,4,0,15,-6,-32,998,36,1,0
297509,0,idle,-1,5,0,13,-9,-30,998,34,1,0
297535,0,idle,0,5,0,6,-9,-29,998,31,1,0
297561,0,idle,0,5,0,-2,-8,-29,998,30,1,0
297587,0,idle,0,5,0,-9,-7,-28,998,30,1,0
297620,0,idle,0,3,0,-10,-9,-26,999,29,1,0
297646,0,idle,-1,2,0,-9,-11,-23,998,28,1,0
297672,0,idle,-1,1,0,-7,-15,-22,999,28,1,0
297698,0,idle,-1,1,0,-6,-18,-22,998,29,1,0
297724,0,idle,-1,1,0,-7,-19,-24,998,31,1,0
297750,0,idle,0,2,0,-10,-24,-25,998,36,1,0
297776,0,idle,0,0,0,-15,-29,-25,998,41,1,0
297802,0,idle,0,-1,0,-18,-32,-24,998,44,1,0
297828,0,idle,0,-2,0,-18,-34,-24,998,46,1,0
297854,0,idle,1,-3,0,-16,-33,-24,998,44,1,0
297880,0,idle,2,-3,0,-12,-32,-26,998,42,1,0
297906,0,idle,4,-3,1,-7,-29,-26,998,40,1,0
297932,0,idle,4,-4,1,-2,-25,-29,998,38,1,0
297958,0,idle,5,-2,1,5,-24,-29,998,38,1,0
297984,0,idle,6,-2,1,9,-21,-29,998,37,1,0
298010,0,idle,5,-2,1,9,-17,-27,998,33,1,0
298036,0,idle,6,0,1,8,-14,-26,998,30,1,0
298061,0,idle,7,0,1,3,-12,-26,998,28,1,0
298087,0,idle,6,-1,1,-4,-7,-27,998,28,1,0
298113,0,idle,6,-2,1,-8,-5,-28,999,29,1,0
298139,0,idle,6,-3,1,-6,-5,-27,998,28,1,0
298165,0,idle,5,-4,1,-3,-7,-27,998,28,1,0
298191,0,idle,6,-4,1,1,-12,-29,998,31,1,0
298217,0,idle,6,-4,1,5,-16,-30,998,34,1,0
298243,0,idle,7,-4,1,6,-21,-31,998,37,1,0
298269,0,idle,6,-4,1,5,-22,-32,998,39,1,0
298295,0,idle,6,-3,1,4,-23,-32,998,40,1,0
298321,0,idle,6,-2,1,3,-23,-32,998,39,1,0
298347,0,idle,6,-3,1,0,-23,-31,998,38,1,0
298373,0,idle,7,-3,1,-2,-20,-30,998,37,1,0
298399,0,idle,8,-3,1,-4,-16,-31,998,36,1,0
298425,0,idle,8,-3,1,-6,-11,-32,998,35,1,0
298451,0,idle,7,-4,1,-6,-3,-33,998,33,1,0
298477,0,idle,7,-4,1,-3,-1,-32,998,32,1,0
298502,0,idle,7,-4,1,1,2,-31,998,31,1,0
298527,0,idle,6,-3,1,4,5,-30,998,31,1,0
298552,0,idle,6,-3,1,4,6,-29,998,30,1,0
298577,0,idle,7,-3,1,1,10,-29,999,31,1,0
298603,0,idle,6,-2,1,0,14,-29,998,32,1,0
298629,0,idle,5,-2,1,-1,15,-29,998,32,1,0
298655,0,idle,4,-3,1,-1,17,-26,998,31,1,0
298681,0,idle,3,-3,0,1,17,-25,998,31,1,0
298706,0,idle,4,-4,1,3,16,-25,998,30,1,0
298731,0,idle,4,-4,1,3,17,-25,999,31,1,0
298756,0,idle,4,-4,1,3,22,-27,998,35,1,0
298781,0,idle,4,-5,1,2,26,-29,998,39,1,0
298806,0,idle,3,-5,0,1,32,-30,998,44,1,0
298832,0,idle,1,-5,0,0,36,-31,998,48,1,0
298858,0,idle,-1,-5,0,-1,39,-33,998,51,1,0
298884,0,idle,-2,-6,0,-1,36,-36,998,51,1,0
298910,0,idle,-3,-6,0,1,36,-37,998,52,1,0
298936,0,idle,-3,-6,0,4,35,-39,999,53,1,0
298962,0,idle,-3,-6,0,8,32,-40,999,52,1,0
298988,0,idle,-4,-6,0,11,31,-43,999,54,1,0
299014,0,idle,-6,-5,-1,18,27,-45,999,55,1,0
299040,0,idle,-6,-4,-1,26,22,-48,998,58,1,0
299066,0,idle,-7,-3,-1,30,21,-49,999,62,1,0
299092,0,idle,-8,-2,-1,32,20,-50,999,62,1,0
299118,0,idle,-7,0,-1,31,19,-51,999,62,1,0
299144,0,idle,-6,1,-1,28,20,-52,999,62,1,0
299170,0,idle,-7,1,-1,23,25,-53,999,63,1,0
299196,0,idle,-8,2,-1,21,29,-53,999,64,1,0
299222,0,idle,-9,2,-2,23,34,-54,999,68,1,0
299248,0,idle,-10,2,-2,28,35,-54,999,70,1,0
299282,0,idle,-11,2,-2,30,34,-55,999,71,1,0
299308,0,idle,-11,3,-2,31,33,-56,999,72,1,0
299334,0,idle,-11,5,-2,32,32,-56,998,72,1,0
299360,0,idle,-12,5,-2,32,32,-55,998,71,1,0
299386,0,idle,-13,6,-2,30,32,-54,998,69,1,0
299412,0,idle,-13,6,-3,29,30,-52,998,66,1,0
299438,0,idle,-13,7,-3,26,27,-51,998,63,1,0
299464,0,idle,-14,7,-3,24,27,-50,998,62,1,0
299490,0,idle,-14,7,-3,25,25,-49,998,60,1,0
299516,0,idle,-14,7,-3,26,24,-46,998,59,1,0
299542,0,idle,-15,8,-3,26,21,-44,998,56,1,0
299568,0,idle,-15,9,-3,27,18,-43,998,54,1,0
299594,0,idle,-15,9,-3,25,15,-40,998,49,1,0
299620,0,idle,-16,8,-3,20,13,-38,998,45,1,0
299646,0,idle,-15,8,-3,15,8,-36,998,40,1,0
299672,0,idle,-15,8,-3,10,6,-35,998,37,1,0
299698,0,idle,-14,7,-3,5,4,-35,998,35,1,0
299724,0,idle,-14,6,-3,2,4,-35,998,35,1,0
299750,0,idle,-14,6,-2,2,2,-36,998,36,1,0
299776,0,idle,-13,6,-2,4,0,-35,998,35,1,0
299802,0,idle,-13,6,-2,6,1,-34,999,34,1,0
299828,0,idle,-13,7,-2,6,2,-34,999,35,1,0
299853,0,idle,-12,7,-2,6,3,-34,998,35,1,0
299878,0,idle,-11,6,-2,4,5,-33,998,34,1,0
299904,0,idle,-10,5,-2,4,7,-31,998,32,1,0
299930,0,idle,-10,4,-2,5,9,-28,998,29,1,0
299956,0,idle,-10,4,-2,5,9,-27,998,29,1,0
299982,0,idle,-11,4,-2,6,10,-28,998,30,1,0
300008,0,idle,-11,4,-2,6,10,-29,999,32,1,0
300034,0,idle,-10,3,-2,5,6,-32,998,33,1,0
300060,0,idle,-9,3,-2,7,2,-33,998,34,1,0
300086,0,idle,-10,3,-2,11,-4,-32,998,34,1,0
300112,0,idle,-10,4,-2,18,-14,-30,998,38,1,0
300138,0,idle,-9,4,-2,26,-21,-29,998,44,1,0
300164,0,idle,-8,5,-2,29,-28,-27,998,49,1,0
300190,0,idle,-5,5,-1,27,-30,-28,998,49,1,0
300216,0,idle,-4,6,-1,20,-28,-29,998,44,1,0
300242,0,idle,-2,6,-1,11,-26,-29,998,41,1,0
300268,0,idle,-2,6,0,6,-24,-28,998,37,1,0
300294,0,idle,-2,5,0,2,-22,-27,998,35,1,0
300320,0,idle,-3,5,0,3,-20,-26,998,33,1,0
300346,0,idle,-2,5,0,4,-23,-25,999,35,1,0
300372,0,idle,-1,4,0,3,-28,-27,999,39,1,0
300398,0,idle,-1,4,0,1,-28,-29,999,40,1,0
300424,0,idle,0,4,0,2,-31,-29,999,43,1,0
300450,0,idle,1,4,0,2,-33,-29,998,44,1,0
300476,0,idle,1,4,0,1,-35,-28,999,45,1,0
300502,0,idle,1,4,0,0,-38,-28,999,47,1,0
300528,0,idle,3,4,1,1,-40,-29,999,49,1,0
300554,0,idle,4,3,1,1,-42,-29,998,51,1,0
300580,0,idle,7,3,1,1,-41,-27,998,50,1,0
300606,0,idle,7,2,1,1,-36,-26,998,44,1,0
300632,0,idle,7,3,1,3,-35,-25,998,43,1,0
300658,0,idle,9,3,1,5,-33,-24,998,41,1,0
300684,0,idle,8,2,1,3,-31,-23,998,38,1,0
300710,0,idle,9,1,2,2,-30,-22,998,37,1,0
300736,0,idle,11,2,2,1,-28,-21,998,36,1,0
300762,0,idle,11,1,2,-1,-28,-21,998,35,1,0
300788,0,idle,10,0,2,-4,-28,-19,998,34,1,0
300814,0,idle,10,0,1,-1,-30,-18,998,36,1,0
300840,0,idle,11,-1,2,5,-33,-18,998,38,1,0
300866,0,idle,12,-1,2,9,-34,-19,998,40,1,0
300892,0,idle,13,-1,2,12,-31,-22,998,40,1,0
300918,0,idle,14,-1,2,14,-25,-23,998,37,1,0
300952,0,idle,14,0,2,13,-17,-24,998,32,1,0
300978,0,idle,15,0,2,10,-10,-24,998,27,1,0
301004,0,idle,13,0,2,6,-2,-24,998,25,1,0
301030,0,idle,12,0,2,3,0,-25,998,25,1,0
301055,0,idle,12,-1,2,-2,3,-25,998,26,1,0
301081,0,idle,12,-2,2,-4,5,-28,998,29,1,0
301107,0,idle,12,-2,2,-4,5,-31,998,32,1,0
301133,0,idle,11,-2,2,0,9,-33,998,34,1,0
301159,0,idle,9,-2,1,3,10,-35,998,37,1,0
301185,0,idle,10,0,1,9,6,-36,998,38,1,0
301210,0,idle,9,0,1,12,5,-37,998,40,1,0
301235,0,idle,9,0,1,10,4,-38,998,40,1,0
301260,0,idle,9,1,1,6,7,-38,998,39,1,0
301285,0,idle,9,0,1,0,10,-39,998,40,1,0
301311,0,idle,9,1,1,-4,13,-41,998,43,1,0
301337,0,idle,8,0,1,-7,14,-43,998,46,1,0
301363,0,idle,6,-1,1,-6,15,-44,998,47,1,0
301389,0,idle,5,-1,1,-2,16,-43,998,46,1,0
301415,0,idle,5,0,1,4,14,-44,998,46,1,0
301440,0,idle,4,0,1,8,12,-44,998,46,1,0
301465,0,idle,4,0,0,10,11,-44,998,46,1,0
301490,0,idle,4,1,0,10,10,-43,998,46,1,0
301515,0,idle,2,1,0,9,10,-43,998,44,1,0
301540,0,idle,1,1,0,5,10,-42,998,44,1,0
301565,0,idle,1,0,0,3,8,-43,998,44,1,0
301590,0,idle,2,0,0,4,5,-42,998,43,1,0
301615,0,idle,2,-1,0,5,3,-42,998,43,1,0
301640,0,idle,1,-1,0,10,4,-41,998,43,1,0
301665,0,idle,2,0,0,14,4,-38,998,41,1,0
301690,0,idle,1,0,0,19,6,-36,998,41,1,0
301715,0,idle,-1,2,0,22,5,-35,998,42,1,0
301740,0,idle,0,2,0,25,6,-35,998,43,1,0
301765,0,idle,0,2,0,23,5,-34,998,42,1,0
301790,0,idle,0,2,0,19,5,-33,998,38,1,0
301815,0,idle,1,2,0,15,5,-32,998,36,1,0
301840,0,idle,1,2,0,13,8,-32,998,36,1,0
301865,0,idle,1,1,0,10,10,-32,998,35,1,0
301890,0,idle,0,1,0,9,11,-33,998,36,1,0
301915,0,idle,-1,1,0,10,12,-33,998,36,1,0
301941,0,idle,-1,2,0,12,12,-33,998,37,1,0
301967,0,idle,-1,2,0,15,11,-33,998,38,1,0
301993,0,idle,-1,2,0,14,9,-34,998,38,1,0
302018,0,idle,0,2,0,13,10,-32,998,36,1,0
302044,0,idle,-1,2,0,12,9,-31,998,34,1,0
302069,0,idle,-1,2,0,9,10,-30,998,33,1,0
302094,0,idle,-2,2,0,6,9,-31,998,33,1,0
302119,0,idle,-2,2,0,3,6,-33,998,34,1,0
302144,0,idle,-2,1,-1,0,4,-36,998,36,1,0
302170,0,idle,-2,0,-1,0,2,-38,998,38,1,0
302196,0,idle,-1,0,0,1,0,-39,998,39,1,0
302221,0,idle,-2,1,0,3,3,-39,998,39,1,0
302246,0,idle,-3,2,-1,8,2,-40,998,41,1,0
302272,0,idle,-3,3,-1,12,1,-40,998,42,1,0
302298,0,idle,-3,3,-1,12,1,-40,998,42,1,0
302324,0,idle,-3,3,-1,11,1,-40,998,42,1,0
302349,0,idle,-3,2,-1,10,3,-39,998,40,1,0
302375,0,idle,-2,2,0,8,5,-37,998,38,1,0
302400,0,idle,-3,1,0,7,9,-35,998,37,1,0
302425,0,idle,-3,2,0,9,10,-36,998,38,1,0
302451,0,idle,-3,2,0,12,11,-37,998,41,1,0
302477,0,idle,-4,2,0,16,11,-38,998,43,1,0
302503,0,idle,-3,3,0,19,8,-38,998,43,1,0
302528,0,idle,-3,3,-1,20,8,-36,998,42,1,0
302554,0,idle,-2,4,-1,21,7,-34,998,41,1,0
302587,0,idle,-2,5,-1,21,8,-34,998,40,1,0
302613,0,idle,-2,5,0,18,7,-33,998,38,1,0
302638,0,idle,-4,5,-1,14,7,-31,998,35,1,0
302663,0,idle,-4,4,-1,11,6,-26,998,29,1,0
302688,0,idle,-4,4,-1,10,5,-27,999,30,1,0
302713,0,idle,-4,4,-1,10,3,-29,998,31,1,0
302739,0,idle,-4,4,-1,10,0,-30,998,32,1,0
302765,0,idle,-4,3,-1,9,1,-31,998,32,1,0
302790,0,idle,-5,3,-1,9,-2,-29,998,31,1,0
302816,0,idle,-4,4,-1,11,-5,-27,998,30,1,0
302842,0,idle,-4,3,-1,10,-6,-27,998,29,1,0
302868,0,idle,-3,3,-1,7,-9,-27,998,29,1,0
302894,0,idle,-3,3,-1,3,-10,-29,998,30,1,0
302920,0,idle,-3,2,0,-2,-8,-30,998,31,1,0
302946,0,idle,-3,2,-1,-5,-7,-31,998,32,1,0
302972,0,idle,-4,1,-1,-6,-6,-32,998,33,1,0
302998,0,idle,-3,1,-1,-6,-8,-32,998,34,1,0
303024,0,idle,-3,1,-1,0,-12,-33,998,35,1,0
303050,0,idle,-3,0,-1,-2,-16,-34,998,37,1,0
303076,0,idle,-1,0,0,-5,-19,-36,998,41,1,0
303102,0,idle,-1,0,0,-7,-18,-37,998,42,1,0
303128,0,idle,-1,0,0,-5,-17,-38,998,42,1,0
303154,0,idle,0,-1,0,-2,-19,-38,998,43,1,0
303180,0,idle,0,-2,0,1,-18,-37,998,42,1,0
303206,0,idle,-1,-2,0,4,-17,-35,998,39,1,0
303232,0,idle,1,-1,0,5,-15,-34,998,37,1,0
303258,0,idle,1,-1,0,6,-10,-34,998,36,1,0
303283,0,idle,1,-1,0,5,-7,-35,998,36,1,0
303308,0,idle,2,-2,0,5,-3,-34,998,35,1,0
303333,0,idle,1,-2,0,5,0,-34,998,35,1,0
303358,0,idle,1,-1,0,7,-1,-34,998,35,1,0
303384,0,idle,1,-1,0,11,0,-33,998,35,1,0
303409,0,idle,0,-1,0,12,1,-32,998,34,1,0
303434,0,idle,0,-1,0,10,1,-33,998,34,1,0
303459,0,idle,1,-1,0,6,4,-34,998,35,1,0
303484,0,idle,0,-1,0,2,8,-36,998,37,1,0
303509,0,idle,0,-2,0,-1,14,-37,998,40,1,0
303535,0,idle,-1,-2,0,0,18,-38,998,42,1,0
303561,0,idle,-1,-2,0,5,22,-39,998,45,1,0
303587,0,idle,-2,-2,0,10,22,-39,998,46,1,0
303613,0,idle,-2,-1,0,13,23,-39,998,47,1,0
303639,0,idle,-3,-1,0,14,23,-39,999,47,1,0
303665,0,idle,-2,-1,0,10,22,-38,998,45,1,0
303691,0,idle,-2,0,0,9,20,-39,999,45,1,0
303716,0,idle,-2,0,0,6,20,-39,999,45,1,0
303742,0,idle,-3,0,0,2,19,-39,999,44,1,0
303768,0,idle,-4,-1,0,1,19,-39,999,43,1,0
303794,0,idle,-4,0,-1,3,19,-38,998,43,1,0
303820,0,idle,-4,0,-1,5,15,-40,998,43,1,0
303845,0,idle,-4,0,-1,5,11,-40,998,42,1,0
303870,0,idle,-5,0,-1,6,10,-39,998,41,1,0
303895,0,idle,-5,0,-1,6,6,-38,998,39,1,0
303920,0,idle,-3,0,-1,7,3,-38,998,39,1,0
303945,0,idle,-4,0,-1,7,4,-38,998,38,1,0
303970,0,idle,-4,0,-1,6,6,-36,998,37,1,0
303995,0,idle,-2,0,0,6,8,-34,998,36,1,0
304020,0,idle,-2,0,0,7,11,-32,998,35,1,0
304046,0,idle,-2,0,0,8,15,-29,999,34,1,0
304072,0,idle,-4,0,0,9,22,-26,999,35,1,0
304098,0,idle,-4,0,-1,9,24,-26,998,36,1,0
304124,0,idle,-5,1,-1,9,25,-27,998,38,1,0
304150,0,idle,-5,0,-1,8,23,-29,998,38,1,0
304176,0,idle,-6,0,-1,6,20,-30,998,37,1,0
304202,0,idle,-7,0,-1,8,18,-31,998,37,1,0
304235,0,idle,-7,0,-1,9,11,-33,998,36,1,0
304261,0,idle,-7,0,-1,11,6,-35,998,37,1,0
304287,0,idle,-7,0,-1,14,0,-36,998,39,1,0
304313,0,idle,-7,0,-1,15,-4,-37,998,40,1,0
304339,0,idle,-6,1,-1,16,-5,-36,998,40,1,0
304365,0,idle,-5,2,-1,18,-4,-37,998,41,1,0
304391,0,idle,-5,1,-1,18,-6,-40,998,44,1,0
304417,0,idle,-5,1,-1,17,-2,-42,998,46,1,0
304443,0,idle,-6,2,-1,16,-2,-44,998,47,1,0
304469,0,idle,-5,3,-1,17,-9,-46,998,50,1,0
304495,0,idle,-4,4,-1,16,-13,-46,998,50,1,0
304521,0,idle,-4,3,-1,14,-19,-46,998,51,1,0
304547,0,idle,-2,3,-1,12,-22,-45,998,52,1,0
304573,0,idle,-1,3,0,9,-17,-46,998,50,1,0
304599,0,idle,-1,4,0,7,-12,-47,998,49,1,0
304624,0,idle,0,4,0,4,-4,-48,998,48,1,0
304649,0,idle,-1,4,0,4,3,-48,998,48,1,0
304674,0,idle,-1,4,0,7,10,-44,998,46,1,0
304700,0,idle,-1,4,0,11,17,-40,998,44,1,0
304726,0,idle,-2,5,-1,14,21,-35,998,44,1,0
304752,0,idle,-3,5,-1,16,24,-32,998,43,1,0
304778,0,idle,-4,5,-1,14,24,-30,998,41,1,0
304804,0,idle,-6,5,-1,10,24,-27,998,37,1,0
304830,0,idle,-7,5,-1,6,21,-25,998,33,1,0
304856,0,idle,-7,4,-1,4,17,-25,998,31,1,0
304882,0,idle,-7,2,-1,2,12,-25,999,28,1,0
304908,0,idle,-7,1,-1,2,10,-24,999,27,1,0
304933,0,idle,-7,0,-1,4,13,-27,998,30,1,0
304959,0,idle,-6,-1,-1,7,17,-30,999,35,1,0
304985,0,idle,-7,0,-1,10,23,-33,999,41,1,0
305011,0,idle,-9,0,-1,13,25,-35,999,46,1,0
305037,0,idle,-10,0,-2,17,26,-37,998,48,1,0
305063,0,idle,-11,1,-2,20,27,-37,998,50,1,0
305089,0,idle,-10,1,-2,18,25,-37,999,48,1,0
305115,0,idle,-10,2,-2,13,24,-38,999,47,1,0
305141,0,idle,-11,2,-2,8,23,-40,999,46,1,0
305167,0,idle,-12,1,-2,5,24,-40,998,47,1,0
305193,0,idle,-13,1,-2,4,23,-42,998,48,1,0
305219,0,idle,-13,2,-3,6,20,-44,998,49,1,0
305245,0,idle,-14,3,-3,10,18,-45,998,50,1,0
305271,0,idle,-14,2,-3,13,16,-44,998,49,1,0
305297,0,idle,-13,3,-2,17,15,-41,998,47,1,0
305323,0,idle,-12,5,-2,18,15,-40,998,46,1,0
305349,0,idle,-12,5,-2,15,17,-38,998,44,1,0
305375,0,idle,-13,4,-3,10,20,-34,998,41,1,0
305401,0,idle,-13,5,-3,5,19,-31,998,37,1,0
305427,0,idle,-15,4,-3,2,18,-30,998,34,1,0
305453,0,idle,-16,3,-3,-2,11,-30,998,32,1,0
305479,0,idle,-14,2,-3,-1,1,-31,998,31,1,0
305505,0,idle,-14,1,-3,3,-6,-30,998,31,1,0
305531,0,idle,-12,1,-2,9,-14,-28,998,32,1,0
305557,0,idle,-11,0,-2,15,-17,-25,998,34,1,0
305583,0,idle,-11,2,-2,20,-22,-23,998,37,1,0
305609,0,idle,-9,3,-2,22,-25,-21,998,39,1,0
305635,0,idle,-9,4,-2,20,-22,-20,998,36,1,0
305661,0,idle,-7,4,-1,15,-24,-20,998,34,1,0
305687,0,idle,-4,4,-1,8,-24,-19,998,31,1,0
305713,0,idle,-3,2,-1,-2,-21,-19,998,29,1,0
305739,0,idle,-3,1,-1,-8,-17,-20,998,27,1,0
305765,0,idle,-2,0,0,-8,-16,-20,998,27,1,0
305791,0,idle,-1,0,0,-6,-16,-22,998,28,1,0
305817,0,idle,-1,-1,0,-1,-17,-24,998,29,1,0
305843,0,idle,0,-1,0,4,-20,-26,998,33,1,0
305869,0,idle,1,0,0,11,-24,-29,998,39,1,0
305903,0,idle,2,1,0,15,-30,-30,998,45,1,0
305929,0,idle,4,2,1,14,-35,-29,998,47,1,0
305955,0,idle,6,3,1,9,-41,-25,998,49,1,0
305981,0,idle,7,4,1,4,-45,-20,998,50,1,0
306007,0,idle,8,5,1,-1,-46,-15,998,49,1,0
306033,0,idle,8,5,1,-7,-42,-13,998,44,1,0
306059,0,idle,9,4,2,-10,-36,-11,998,39,1,0
306085,0,idle,11,3,2,-11,-29,-9,999,32,1,0
306111,0,idle,11,1,2,-13,-22,-8,999,27,1,0
306137,0,idle,11,0,2,-13,-16,-7,999,22,1,0
306163,0,idle,10,-1,2,-11,-10,-5,999,16,1,0
306189,0,idle,9,-2,2,-10,-10,-4,998,14,1,0
306215,0,idle,9,-2,2,-9,-12,-5,998,16,1,0
306241,0,idle,8,-3,1,-12,-16,-5,998,21,1,0
306267,0,idle,8,-5,1,-16,-22,-8,998,28,1,0
306293,0,idle,7,-6,1,-17,-25,-11,998,33,1,0
306319,0,idle,7,-6,2,-13,-28,-14,998,33,1,0
306345,0,idle,8,-6,2,-3,-27,-17,998,32,1,0
306371,0,idle,10,-6,2,7,-29,-20,999,36,1,0
306397,0,idle,11,-6,2,16,-26,-22,999,37,1,0
306423,0,idle,10,-5,2,17,-18,-23,999,34,1,0
306449,0,idle,12,-3,2,15,-10,-26,999,32,1,0
306475,0,idle,12,-2,2,10,-3,-30,998,32,1,0
306501,0,idle,11,-2,2,5,4,-35,998,35,1,0
306527,0,idle,9,-4,2,-1,9,-38,998,39,1,0
306553,0,idle,8,-5,2,-2,11,-38,998,39,1,0
306579,0,idle,8,-4,1,-1,13,-38,998,40,1,0
306605,0,idle,7,-4,1,1,13,-41,998,43,1,0
306630,0,idle,7,-4,1,4,11,-47,998,48,1,0
306655,0,idle,6,-4,1,7,9,-50,998,51,1,0
306680,0,idle,5,-3,1,10,4,-51,998,52,1,0
306706,0,idle,6,-2,1,14,1,-48,998,50,1,0
306732,0,idle,6,0,1,16,-1,-46,999,48,1,0
306758,0,idle,8,0,1,14,-4,-44,998,46,1,0
306784,0,idle,9,1,1,9,-4,-42,998,43,1,0
306809,0,idle,8,1,1,3,-3,-40,998,40,1,0
306834,0,idle,8,1,1,-3,-2,-38,998,38,1,0
306860,0,idle,7,-1,1,-7,1,-36,998,37,1,0
306886,0,idle,7,-1,1,-7,2,-34,998,35,1,0
306911,0,idle,7,-2,1,-3,1,-32,998,32,1,0
306937,0,idle,7,-3,1,1,1,-30,998,30,1,0
306962,0,idle,7,-4,1,3,1,-27,998,28,1,0
306987,0,idle,7,-4,1,7,3,-26,998,27,1,0
307012,0,idle,8,-4,1,8,4,-27,998,28,1,0
307037,0,idle,8,-3,1,9,5,-27,998,29,1,0
307062,0,idle,5,-4,1,10,10,-27,998,31,1,0
307088,0,idle,4,-3,1,10,13,-26,998,31,1,0
307114,0,idle,4,-3,1,10,16,-25,999,31,1,0
307140,0,idle,4,-3,1,7,17,-28,999,33,1,0
307166,0,idle,3,-3,1,5,16,-30,998,35,1,0
307191,0,idle,3,-3,1,7,16,-30,998,35,1,0
307217,0,idle,2,-3,1,11,17,-29,998,35,1,0
307243,0,idle,0,-2,0,14,16,-28,998,35,1,0
307269,0,idle,-1,-1,0,14,13,-29,998,35,1,0
307295,0,idle,-1,-1,0,12,9,-32,999,35,1,0
307321,0,idle,-1,-1,0,10,5,-34,999,36,1,0
307347,0,idle,0,-1,0,8,3,-35,999,36,1,0
307372,0,idle,0,0,0,6,5,-35,998,36,1,0
307397,0,idle,0,0,0,3,9,-36,999,37,1,0
307422,0,idle,-2,0,0,-1,15,-38,999,41,1,0
307448,0,idle,-3,0,0,-2,20,-41,999,45,1,0
307474,0,idle,-4,-1,-1,-2,24,-42,998,48,1,0
307500,0,idle,-6,-2,-1,-1,24,-42,998,49,1,0
307526,0,idle,-7,-2,-1,1,24,-42,998,48,1,0
307559,0,idle,-6,-2,-1,3,18,-44,998,48,1,0
307585,0,idle,-7,-2,-1,6,13,-46,998,48,1,0
307611,0,idle,-7,-1,-1,10,7,-47,998,48,1,0
307637,0,idle,-7,-1,-1,12,1,-47,998,48,1,0
307663,0,idle,-7,0,-1,14,-3,-46,998,48,1,0
307689,0,idle,-6,1,-1,15,-6,-45,998,48,1,0
307715,0,idle,-6,2,-1,16,-5,-45,998,48,1,0
307741,0,idle,-5,1,-1,17,-2,-45,998,48,1,0
307767,0,idle,-5,1,-1,19,3,-44,998,48,1,0
307793,0,idle,-5,3,-1,22,6,-42,998,48,1,0
307819,0,idle,-4,4,-1,25,6,-39,998,47,1,0
307845,0,idle,-5,4,-1,23,9,-37,998,45,1,0
307871,0,idle,-6,4,-1,18,11,-34,998,40,1,0
307897,0,idle,-4,4,-1,14,11,-33,998,37,1,0
307923,0,idle,-4,4,-1,8,10,-33,998,36,1,0
307949,0,idle,-6,2,-1,1,8,-34,999,35,1,0
307975,0,idle,-7,2,-1,-1,5,-34,998,34,1,0
308001,0,idle,-8,1,-1,2,1,-33,998,33,1,0
308027,0,idle,-7,2,-1,7,-4,-35,998,36,1,0
308053,0,idle,-6,3,-1,12,-10,-36,998,39,1,0
308079,0,idle,-5,3,-1,17,-15,-37,998,43,1,0
308105,0,idle,-4,3,-1,19,-17,-35,998,44,1,0
308131,0,idle,-3,4,-1,17,-16,-34,998,41,1,0
308157,0,idle,-3,5,-1,13,-13,-33,999,38,1,0
308183,0,idle,-3,5,-1,10,-10,-32,998,35,1,0
308209,0,idle,-4,4,-1,5,-9,-31,998,33,1,0
308235,0,idle,-4,2,-1,2,-8,-30,998,31,1,0
308261,0,idle,-3,2,-1,1,-8,-29,998,30,1,0
308287,0,idle,-3,2,-1,2,-10,-29,998,31,1,0
308313,0,idle,-2,2,0,4,-11,-28,998,31,1,0
308339,0,idle,-3,2,-1,4,-9,-29,998,31,1,0
308365,0,idle,-3,2,0,6,-13,-29,998,32,1,0
308391,0,idle,-2,3,0,8,-15,-27,998,32,1,0
308417,0,idle,-2,2,0,6,-18,-26,999,32,1,0
308443,0,idle,-1,3,0,4,-19,-24,998,31,1,0
308469,0,idle,-1,2,0,-1,-19,-22,998,29,1,0
308495,0,idle,-1,1,0,-6,-16,-21,998,27,1,0
308521,0,idle,0,1,0,-9,-13,-20,998,26,1,0
308547,0,idle,0,0,0,-9,-11,-20,998,24,1,0
308573,0,idle,1,-2,0,-8,-9,-18,998,22,1,0
308599,0,idle,2,-3,0,-5,-8,-19,998,21,1,0
308625,0,idle,2,-3,1,-2,-9,-21,998,23,1,0
308651,0,idle,2,-4,1,0,-6,-23,999,24,1,0
308676,0,idle,1,-4,0,2,-9,-24,999,25,1,0
308702,0,idle,1,-4,0,3,-8,-23,998,24,1,0
308727,0,idle,2,-4,0,2,-8,-23,998,25,1,0
308752,0,idle,2,-4,0,1,-7,-23,999,25,1,0
308778,0,idle,2,-6,1,0,-6,-24,999,24,1,0
308804,0,idle,3,-6,1,1,-3,-23,999,24,1,0
308829,0,idle,4,-6,1,3,2,-25,999,25,1,0
308854,0,idle,5,-6,1,6,5,-27,998,28,1,0
308879,0,idle,5,-5,1,11,7,-28,999,30,1,0
308905,0,idle,3,-4,1,13,10,-28,998,33,1,0
308931,0,idle,4,-3,1,14,5,-28,998,31,1,0
308957,0,idle,3,-2,1,16,3,-27,999,32,1,0
308983,0,idle,3,-2,1,15,1,-28,999,32,1,0
309009,0,idle,4,-1,1,13,-2,-28,999,31,1,0
309035,0,idle,4,-1,1,8,-1,-30,998,31,1,0
309060,0,idle,4,-1,1,4,1,-31,999,31,1,0
309085,0,idle,3,-1,1,-1,3,-32,999,32,1,0
309111,0,idle,2,-1,0,-2,4,-34,998,34,1,0
309136,0,idle,2,-1,0,2,3,-35,998,35,1,0
309161,0,idle,2,0,0,9,0,-36,998,37,1,0
309186,0,idle,1,0,0,12,-1,-36,998,38,1,0
309219,0,idle,1,1,0,12,0,-37,998,39,1,0
309244,0,idle,1,2,0,10,0,-39,998,40,1,0
309269,0,idle,0,2,0,8,0,-41,998,41,1,0
309294,0,idle,0,2,0,7,1,-40,998,41,1,0
309319,0,idle,0,2,0,9,-1,-40,998,41,1,0
309344,0,idle,1,2,0,9,-2,-38,998,39,1,0
309369,0,idle,1,2,0,7,-3,-38,999,39,1,0
309394,0,idle,1,2,0,7,-3,-40,999,41,1,0
309419,0,idle,2,2,0,8,-3,-42,999,43,1,0
309444,0,idle,2,1,0,10,0,-42,999,43,1,0
309469,0,idle,1,2,0,13,0,-41,998,43,1,0
309494,0,idle,2,4,0,18,-2,-40,998,44,1,0
309520,0,idle,2,4,0,19,-2,-39,999,43,1,0
309546,0,idle,2,4,0,17,-4,-38,999,42,1,0
309572,0,idle,3,4,0,16,-3,-36,998,39,1,0
309597,0,idle,3,4,0,15,0,-33,998,36,1,0
309622,0,idle,4,4,0,14,2,-27,998,30,1,0
309647,0,idle,3,3,0,10,5,-27,998,30,1,0
309672,0,idle,2,3,0,9,5,-28,998,30,1,0
309697,0,idle,3,3,0,10,4,-28,998,30,1,0
309722,0,idle,4,3,0,12,1,-28,998,30,1,0
309747,0,idle,3,3,0,14,1,-27,998,31,1,0
309772,0,idle,4,2,0,15,-1,-27,998,31,1,0
309798,0,idle,4,2,1,15,-2,-29,998,32,1,0
309824,0,idle,4,2,1,13,-1,-31,998,33,1,0
309849,0,idle,3,3,0,14,1,-31,998,34,1,0
309874,0,idle,2,3,0,13,3,-31,998,34,1,0
309899,0,idle,0,2,0,11,6,-30,998,33,1,0
309924,0,idle,0,2,0,10,6,-32,998,34,1,0
309949,0,idle,1,2,0,7,3,-35,998,36,1,0
309974,0,idle,1,1,0,5,2,-38,998,39,1,0
309999,0,idle,1,1,0,6,2,-40,999,40,1,0
310024,0,idle,0,1,0,9,1,-40,998,41,1,0
310049,0,idle,-1,2,0,14,-3,-38,998,41,1,0
310075,0,idle,-2,3,0,16,-6,-38,998,42,1,0
310101,0,idle,-2,3,0,14,-8,-39,998,42,1,0
310127,0,idle,0,3,0,10,-12,-40,998,43,1,0
310153,0,idle,1,2,0,4,-12,-41,998,42,1,0
310179,0,idle,1,2,0,0,-7,-40,998,40,1,0
310204,0,idle,2,1,0,-2,-1,-40,998,40,1,0
310230,0,idle,2,2,0,-2,1,-39,998,40,1,0
310255,0,idle,1,2,0,0,4,-40,998,40,1,0
310280,0,idle,0,2,0,3,6,-39,998,40,1,0
310305,0,idle,-1,1,0,6,5,-37,998,38,1,0
310330,0,idle,1,1,0,6,6,-36,998,37,1,0
310355,0,idle,1,2,0,5,6,-35,998,36,1,0
310380,0,idle,2,1,0,4,3,-36,998,36,1,0
310405,0,idle,0,1,0,3,4,-35,998,36,1,0
310430,0,idle,0,0,0,3,1,-34,998,34,1,0
310455,0,idle,0,0,0,4,-3,-31,998,31,1,0
310480,0,idle,0,0,0,5,-5,-29,998,30,1,0
310505,0,idle,0,0,0,6,-7,-29,998,30,1,0
310530,0,idle,0,-1,0,7,-6,-29,998,31,1,0
310556,0,idle,1,0,0,9,-7,-30,998,32,1,0
310582,0,idle,0,0,0,11,-7,-33,998,35,1,0
310608,0,idle,0,1,0,13,-11,-31,998,36,1,0
310634,0,idle,0,1,0,14,-14,-29,998,35,1,0
310660,0,idle,0,1,0,11,-14,-28,998,33,1,0
310686,0,idle,1,1,0,7,-16,-27,998,32,1,0
310712,0,idle,1,0,0,1,-17,-28,998,33,1,0
310738,0,idle,1,-1,0,-4,-17,-30,998,34,1,0
310764,0,idle,1,-1,0,-7,-18,-30,998,36,1,0
310790,0,idle,0,-2,0,-7,-19,-31,999,37,1,0
310816,0,idle,1,-1,0,-4,-23,-33,998,40,1,0
310849,0,idle,1,-1,0,0,-25,-36,998,43,1,0
310875,0,idle,2,-1,0,5,-27,-37,998,46,1,0
310901,0,idle,3,0,1,8,-29,-37,999,47,1,0
310927,0,idle,3,1,1,8,-29,-36,998,47,1,0
310953,0,idle,3,2,1,6,-29,-36,998,46,1,0
310979,0,idle,4,2,0,4,-27,-37,998,46,1,0
311005,0,idle,4,1,1,1,-25,-38,998,45,1,0
311031,0,idle,5,1,1,-2,-25,-37,998,44,1,0
311057,0,idle,5,1,1,-1,-24,-34,998,42,1,0
311083,0,idle,6,0,1,3,-23,-32,998,40,1,0
311109,0,idle,7,0,1,6,-23,-31,998,39,1,0
311135,0,idle,7,0,1,10,-19,-31,998,38,1,0
311161,0,idle,7,0,1,13,-19,-31,999,39,1,0
311187,0,idle,8,2,1,17,-19,-28,998,38,1,0
311213,0,idle,7,2,1,18,-19,-27,998,38,1,0
311239,0,idle,8,1,1,16,-18,-25,998,35,1,0
311265,0,idle,8,1,1,13,-15,-23,998,30,1,0
311291,0,idle,8,2,1,10,-10,-23,998,27,1,0
311316,0,idle,8,1,1,6,-5,-24,998,25,1,0
311341,0,idle,9,0,2,4,0,-23,999,24,1,0
311366,0,idle,8,0,1,6,6,-22,998,24,1,0
311391,0,idle,8,0,1,8,10,-21,998,25,1,0
311416,0,idle,7,0,1,8,12,-22,998,26,1,0
311441,0,idle,7,0,1,5,10,-25,998,28,1,0
311466,0,idle,6,0,1,3,9,-29,998,31,1,0
311491,0,idle,6,0,1,2,5,-32,998,33,1,0
311516,0,idle,6,-1,1,3,0,-34,998,34,1,0
311541,0,idle,6,0,1,4,-3,-35,998,35,1,0
311567,0,idle,5,0,1,6,-6,-35,998,36,1,0
311593,0,idle,5,0,1,8,-6,-35,998,36,1,0
311618,0,idle,6,1,1,9,-3,-36,998,38,1,0
311643,0,idle,6,1,1,9,1,-38,998,39,1,0
311668,0,idle,6,1,1,9,6,-40,998,42,1,0
311693,0,idle,6,1,1,8,12,-41,998,44,1,0
311718,0,idle,5,1,1,7,14,-40,998,43,1,0
311743,0,idle,4,1,1,7,14,-38,999,42,1,0
311768,0,idle,3,1,1,7,14,-38,998,41,1,0
311793,0,idle,2,2,0,7,11,-38,998,40,1,0
311818,0,idle,3,2,0,6,8,-37,998,38,1,0
311843,0,idle,3,1,0,2,6,-36,998,36,1,0
311868,0,idle,2,1,0,0,7,-36,998,36,1,0
311893,0,idle,1,0,0,-1,8,-37,998,38,1,0
311918,0,idle,2,0,0,3,7,-36,998,37,1,0
311943,0,idle,2,0,0,6,10,-36,998,38,1,0
311968,0,idle,1,0,0,10,10,-35,999,38,1,0
311994,0,idle,2,0,0,11,10,-34,998,37,1,0
312019,0,idle,2,0,0,10,15,-34,998,38,1,0
312044,0,idle,1,0,0,7,20,-32,998,38,1,0
312069,0,idle,1,1,0,6,24,-32,998,40,1,0
312094,0,idle,0,0,0,4,26,-31,998,40,1,0
312119,0,idle,-3,0,0,1,28,-30,998,41,1,0
312145,0,idle,-3,-1,0,-2,24,-30,998,39,1,0
312171,0,idle,-3,-1,0,-3,19,-32,998,37,1,0
312197,0,idle,-4,-2,-1,-2,16,-35,998,38,1,0
312223,0,idle,-4,-2,-1,3,11,-36,998,38,1,0
312249,0,idle,-4,-2,0,8,8,-37,999,39,1,0
312274,0,idle,-5,-2,-1,12,3,-37,998,39,1,0
312300,0,idle,-4,-1,-1,17,0,-36,998,40,1,0
312326,0,idle,-4,0,0,18,0,-36,999,40,1,0
312351,0,idle,-3,0,0,16,1,-36,998,39,1,0
312376,0,idle,-2,0,0,12,5,-36,998,38,1,0
312401,0,idle,-3,0,0,6,10,-36,999,38,1,0
312427,0,idle,-4,-1,-1,-2,16,-38,999,41,1,0
312453,0,idle,-5,-1,-1,-9,21,-40,999,46,1,0
312487,0,idle,-6,-2,-1,-9,19,-42,999,47,1,0
312513,0,idle,-6,-2,-1,-5,16,-44,998,47,1,0
312539,0,idle,-6,-2,-1,1,11,-42,998,44,1,0
312565,0,idle,-5,-2,-1,7,6,-41,999,42,1,0
312591,0,idle,-5,0,-1,12,2,-41,999,43,1,0
312617,0,idle,-4,1,-1,15,-2,-41,998,44,1,0
312643,0,idle,-4,1,-1,16,-2,-39,998,42,1,0
312669,0,idle,-5,1,-1,15,-1,-36,998,39,1,0
312695,0,idle,-4,2,-1,15,1,-34,998,37,1,0
312721,0,idle,-4,2,-1,16,4,-31,998,35,1,0
312747,0,idle,-4,1,-1,17,8,-30,998,35,1,0
312773,0,idle,-4,2,-1,20,12,-29,998,37,1,0
312799,0,idle,-4,2,-1,23,16,-29,998,40,1,0
312825,0,idle,-6,2,-1,25,18,-28,998,41,1,0
312851,0,idle,-6,4,-1,27,15,-27,998,41,1,0
312877,0,idle,-6,4,-1,27,10,-27,998,40,1,0
312903,0,idle,-7,4,-1,25,6,-28,998,38,1,0
312929,0,idle,-6,4,-1,22,4,-28,998,36,1,0
312955,0,idle,-4,5,-1,19,3,-30,998,36,1,0
312981,0,idle,-4,4,-1,16,4,-31,998,36,1,0
313006,0,idle,-5,3,-1,14,7,-31,998,35,1,0
313032,0,idle,-5,4,-1,13,10,-31,998,35,1,0
313058,0,idle,-5,5,-1,13,8,-33,998,36,1,0
313084,0,idle,-5,5,-1,12,7,-35,998,38,1,0
313110,0,idle,-5,4,-1,10,9,-35,998,38,1,0
313136,0,idle,-4,4,-1,9,8,-35,998,37,1,0
313161,0,idle,-3,5,-1,7,6,-35,998,36,1,0
313186,0,idle,-4,6,-1,4,4,-36,998,36,1,0
313212,0,idle,-5,5,-1,0,0,-37,998,37,1,0
313238,0,idle,-5,5,-1,-1,-4,-38,998,38,1,0
313264,0,idle,-6,4,-1,0,-6,-36,998,37,1,0
313290,0,idle,-5,3,-1,3,-7,-35,998,36,1,0
313316,0,idle,-4,4,-1,6,-7,-36,998,37,1,0
313342,0,idle,-3,4,-1,7,-7,-36,998,37,1,0
313368,0,idle,-4,4,-1,7,-4,-34,998,35,1,0
313393,0,idle,-5,4,-1,8,-5,-31,998,33,1,0
313419,0,idle,-4,5,-1,10,-8,-28,998,31,1,0
313445,0,idle,-4,5,-1,10,-10,-25,998,29,1,0
313471,0,idle,-4,5,-1,6,-10,-23,998,26,1,0
313497,0,idle,-4,4,-1,1,-11,-22,998,24,1,0
313523,0,idle,-4,3,-1,-6,-10,-22,998,25,1,0
313549,0,idle,-5,1,-1,-11,-8,-23,998,27,1,0
313575,0,idle,-6,0,-1,-14,-8,-24,998,29,1,0
313601,0,idle,-5,-1,-1,-11,-7,-28,998,31,1,0
313627,0,idle,-5,-1,-1,-4,-7,-31,999,32,1,0
313653,0,idle,-5,-2,-1,1,-5,-35,998,35,1,0
313679,0,idle,-4,0,-1,7,-2,-37,998,38,1,0
313705,0,idle,-4,1,-1,10,-1,-37,998,39,1,0
313731,0,idle,-3,1,0,7,-1,-37,998,38,1,0
313756,0,idle,-4,1,-1,1,1,-37,998,37,1,0
313782,0,idle,-4,1,-1,-5,0,-36,998,36,1,0
313808,0,idle,-4,0,-1,-8,-4,-34,998,35,1,0
313834,0,idle,-3,-1,-1,-7,-4,-33,998,34,1,0
313860,0,idle,-4,-2,-1,-4,-5,-31,998,32,1,0
313886,0,idle,-3,-3,0,-1,-6,-30,998,31,1,0
313912,0,idle,-2,-2,0,0,-2,-30,998,30,1,0
313937,0,idle,-3,-3,0,1,-1,-31,998,31,1,0
313962,0,idle,-2,-3,0,3,-2,-30,998,30,1,0
313988,0,idle,-2,-2,0,4,-1,-27,998,27,1,0
314013,0,idle,-3,-3,0,3,0,-24,998,24,1,0
314038,0,idle,-3,-3,0,0,0,-22,998,22,1,0
314064,0,idle,-2,-3,0,-5,0,-22,998,23,1,0
314090,0,idle,-3,-4,-1,-8,2,-23,998,25,1,0
314116,0,idle,-3,-5,0,-9,4,-23,998,25,1,0
314149,0,idle,-2,-4,0,-5,5,-22,998,23,1,0
314174,0,idle,-2,-5,0,0,7,-22,998,23,1,0
314200,0,idle,-2,-4,0,3,8,-22,998,24,1,0
314226,0,idle,-2,-4,0,3,10,-22,998,25,1,0
314252,0,idle,-2,-4,0,1,12,-23,998,26,1,0
314278,0,idle,-2,-4,0,-1,14,-25,998,29,1,0
314304,0,idle,-3,-5,0,-2,16,-26,998,31,1,0
314330,0,idle,-3,-6,0,-2,16,-26,998,30,1,0
314356,0,idle,-4,-6,0,-1,15,-25,999,29,1,0
314382,0,idle,-3,-6,0,-1,13,-30,999,33,1,0
314408,0,idle,-4,-6,0,-1,14,-32,998,35,1,0
314434,0,idle,-3,-6,0,1,13,-35,998,37,1,0
314459,0,idle,-2,-6,0,4,12,-37,999,39,1,0
314485,0,idle,-4,-5,0,5,12,-38,999,40,1,0
314511,0,idle,-5,-4,0,9,9,-40,999,42,1,0
314537,0,idle,-5,-3,-1,11,7,-41,999,43,1,0
314563,0,idle,-6,-3,-1,11,5,-41,999,43,1,0
314589,0,idle,-4,-3,-1,11,1,-42,999,43,1,0
314615,0,idle,-3,-2,0,9,0,-42,999,42,1,0
314640,0,idle,-3,-2,-1,5,0,-43,998,43,1,0
314666,0,idle,-3,-2,-1,4,0,-43,998,43,1,0
314692,0,idle,-4,-2,-1,7,0,-42,998,42,1,0
314718,0,idle,-4,-1,-1,11,0,-41,998,42,1,0
314744,0,idle,-2,0,-1,14,-1,-40,998,43,1,0
314770,0,idle,-1,-1,0,15,-4,-40,998,43,1,0
314796,0,idle,-1,0,0,15,-5,-39,998,42,1,0
314822,0,idle,0,0,0,14,-7,-37,998,40,1,0
314848,0,idle,0,1,0,13,-8,-34,998,38,1,0
314874,0,idle,-1,1,0,10,-10,-32,998,35,1,0
314900,0,idle,0,1,0,8,-12,-31,998,34,1,0
314926,0,idle,0,0,0,7,-13,-30,998,33,1,0
314952,0,idle,1,0,0,5,-12,-30,998,33,1,0
314978,0,idle,2,-1,0,5,-11,-30,998,32,1,0
315004,0,idle,3,-1,0,8,-8,-30,998,32,1,0
315029,0,idle,2,-1,0,11,-4,-30,998,32,1,0
315055,0,idle,2,0,0,16,-5,-29,998,33,1,0
315081,0,idle,2,1,0,19,-4,-28,998,34,1,0
315107,0,idle,1,1,0,19,-2,-27,998,33,1,0
315132,0,idle,2,1,0,16,0,-26,998,31,1,0
315157,0,idle,3,1,0,11,2,-27,998,29,1,0
315182,0,idle,3,1,1,6,5,-28,998,29,1,0
315207,0,idle,2,1,0,1,8,-30,998,31,1,0
315232,0,idle,1,0,0,-3,10,-31,998,32,1,0
315258,0,idle,1,1,0,-2,11,-32,998,34,1,0
315283,0,idle,1,0,0,1,11,-35,998,36,1,0
315308,0,idle,1,0,0,6,11,-35,998,37,1,0
315333,0,idle,-1,0,0,9,10,-35,998,37,1,0
315358,0,idle,0,1,0,12,7,-33,998,36,1,0
315383,0,idle,0,1,0,12,4,-34,998,36,1,0
315408,0,idle,-1,2,0,11,1,-35,998,37,1,0
315433,0,idle,0,1,0,10,-2,-37,998,38,1,0
315459,0,idle,-1,1,0,11,-4,-37,998,39,1,0
315485,0,idle,-1,1,0,14,-6,-36,998,39,1,0
315511,0,idle,0,1,0,16,-5,-37,998,41,1,0
315536,0,idle,0,2,0,17,-4,-38,998,42,1,0
315562,0,idle,1,3,0,16,-2,-39,998,43,1,0
315587,0,idle,0,3,0,17,0,-40,998,43,1,0
315612,0,idle,-1,4,0,22,-2,-38,998,44,1,0
315638,0,idle,-1,5,0,25,-2,-36,998,44,1,0
315664,0,idle,-1,5,0,23,-2,-34,998,42,1,0
315690,0,idle,-1,5,0,20,-2,-34,998,40,1,0
315716,0,idle,0,5,0,16,0,-35,998,38,1,0
315741,0,idle,-1,4,0,11,1,-37,998,38,1,0
315766,0,idle,-1,3,0,8,2,-37,999,38,1,0
315799,0,idle,-1,4,0,9,0,-37,999,38,1,0
315824,0,idle,-1,4,0,12,-1,-36,999,38,1,0
315850,0,idle,-2,4,0,15,0,-34,999,37,1,0
315875,0,idle,-1,5,0,17,-1,-32,998,36,1,0
315901,0,idle,0,6,0,15,1,-31,998,35,1,0
315926,0,idle,0,6,0,13,4,-30,998,33,1,0
315951,0,idle,0,5,0,9,7,-30,998,32,1,0
315976,0,idle,0,4,0,5,6,-28,998,29,1,0
316001,0,idle,-1,4,0,1,5,-27,998,27,1,0
316026,0,idle,-2,3,0,-1,4,-26,998,26,1,0
316051,0,idle,-2,2,-1,-1,2,-26,998,26,1,0
316077,0,idle,-2,1,0,0,-1,-27,998,27,1,0
316102,0,idle,-2,1,0,0,-4,-29,998,29,1,0
316128,0,idle,-2,1,0,1,-7,-31,998,32,1,0
316154,0,idle,-2,1,-1,3,-12,-32,998,34,1,0
316180,0,idle,-1,2,0,7,-19,-31,998,37,1,0
316206,0,idle,-1,1,0,9,-20,-29,998,36,1,0
316232,0,idle,0,1,0,8,-20,-27,998,34,1,0
316258,0,idle,1,2,0,4,-20,-27,998,33,1,0
316284,0,idle,2,1,0,-2,-17,-28,998,33,1,0
316310,0,idle,2,0,0,-8,-13,-29,998,32,1,0
316336,0,idle,1,-1,0,-11,-9,-29,998,32,1,0
316362,0,idle,2,-1,0,-10,-9,-29,999,32,1,0
316388,0,idle,2,-1,0,-5,-8,-30,998,31,1,0
316414,0,idle,1,-1,0,1,-8,-32,998,33,1,0
316440,0,idle,1,-1,0,6,-7,-31,998,33,1,0
316466,0,idle,1,-1,0,5,-9,-31,999,33,1,0
316492,0,idle,1,-1,0,2,-9,-32,998,33,1,0
316518,0,idle,1,-1,0,0,-11,-33,998,35,1,0
316544,0,idle,2,-2,0,-1,-13,-33,998,36,1,0
316570,0,idle,1,-2,0,0,-14,-32,998,35,1,0
316596,0,idle,0,-2,0,1,-14,-30,999,34,1,0
316622,0,idle,1,-1,0,3,-14,-30,999,34,1,0
316648,0,idle,3,0,1,5,-14,-31,999,35,1,0
316674,0,idle,3,0,1,7,-13,-32,999,35,1,0
316700,0,idle,3,0,1,8,-13,-32,998,35,1,0
316726,0,idle,3,1,1,10,-13,-31,998,35,1,0
316752,0,idle,3,1,0,12,-12,-29,998,34,1,0
316778,0,idle,3,1,1,10,-12,-27,998,32,1,0
316804,0,idle,4,1,1,7,-11,-26,998,29,1,0
316830,0,idle,4,0,1,2,-10,-26,998,27,1,0
316856,0,idle,4,-1,1,-3,-8,-26,998,28,1,0
316882,0,idle,3,-2,1,-4,-7,-27,998,28,1,0
316908,0,idle,3,-1,1,-1,-7,-26,998,27,1,0
316934,0,idle,3,-1,1,4,-8,-26,999,27,1,0
316960,0,idle,3,-1,1,7,-7,-26,999,28,1,0
316986,0,idle,4,-1,1,8,-4,-26,998,28,1,0
317011,0,idle,5,-1,1,7,-1,-26,999,26,1,0
317036,0,idle,5,0,1,7,3,-25,999,26,1,0
317061,0,idle,4,0,1,4,9,-25,999,27,1,0
317086,0,idle,4,-1,1,0,13,-24,999,27,1,0
317112,0,idle,3,-1,1,-2,16,-23,998,28,1,0
317138,0,idle,3,-1,1,-4,18,-23,998,30,1,0
317164,0,idle,2,-2,0,-3,18,-25,998,31,1,0
317190,0,idle,1,-2,0,-2,15,-27,998,31,1,0
317215,0,idle,0,-3,0,-3,12,-28,998,31,1,0
317241,0,idle,-1,-3,0,-4,6,-29,998,29,1,0
317267,0,idle,0,-3,0,-3,-2,-29,998,29,1,0
317293,0,idle,1,-3,0,-4,-6,-30,998,31,1,0
317319,0,idle,2,-4,0,-6,-9,-31,998,33,1,0
317345,0,idle,3,-5,1,-8,-6,-32,998,34,1,0
317371,0,idle,3,-5,1,-10,0,-35,998,36,1,0
317397,0,idle,2,-5,0,-11,8,-38,998,40,1,0
317423,0,idle,1,-6,0,-12,14,-41,998,45,1,0
317457,0,idle,1,-6,0,-7,18,-45,998,49,1,0
317483,0,idle,0,-6,0,2,19,-47,998,51,1,0
317509,0,idle,0,-6,0,9,19,-48,999,52,1,0
317535,0,idle,0,-5,0,15,18,-48,998,53,1,0
317561,0,idle,0,-3,0,17,17,-48,998,53,1,0
317587,0,idle,-1,-2,0,17,14,-48,998,53,1,0
317613,0,idle,-1,-2,0,16,12,-49,998,53,1,0
317639,0,idle,-2,-1,0,17,10,-48,998,52,1,0
317665,0,idle,-2,-1,0,17,9,-46,999,50,1,0
317691,0,idle,-2,0,0,18,8,-45,999,49,1,0
317716,0,idle,-3,1,0,20,9,-44,998,49,1,0
317742,0,idle,-3,1,0,22,9,-43,999,49,1,0
317768,0,idle,-3,1,0,23,11,-42,999,49,1,0
317794,0,idle,-4,2,-1,24,9,-40,999,48,1,0
317820,0,idle,-4,3,-1,25,4,-38,999,46,1,0
317846,0,idle,-4,3,-1,24,0,-36,999,43,1,0
317872,0,idle,-4,3,-1,22,-5,-34,998,41,1,0
317898,0,idle,-3,3,-1,18,-7,-33,998,38,1,0
317924,0,idle,-2,3,-1,13,-7,-33,998,36,1,0
317950,0,idle,-2,2,0,9,-6,-33,998,35,1,0
317976,0,idle,-3,2,-1,8,-2,-33,998,34,1,0
318001,0,idle,-2,2,0,8,-1,-32,998,33,1,0
318026,0,idle,-2,3,0,10,0,-30,998,32,1,0
318051,0,idle,-1,3,0,12,1,-30,998,32,1,0
318076,0,idle,0,3,0,12,4,-29,998,32,1,0
318101,0,idle,0,3,0,12,10,-28,998,32,1,0
318127,0,idle,-1,3,0,10,15,-27,998,33,1,0
318153,0,idle,-1,4,0,7,17,-27,998,33,1,0
318179,0,idle,-1,3,0,2,18,-26,998,32,1,0
318205,0,idle,-2,2,-1,-1,16,-24,998,29,1,0
318231,0,idle,-2,1,0,-1,14,-23,998,27,1,0
318257,0,idle,-2,1,0,0,11,-22,998,25,1,0
318282,0,idle,-2,0,0,1,8,-24,998,25,1,0
318307,0,idle,-2,0,0,4,6,-24,998,26,1,0
318332,0,idle,-3,0,0,6,6,-25,999,26,1,0
318357,0,idle,-4,1,-1,8,3,-25,998,26,1,0
318383,0,idle,-4,1,-1,9,2,-26,998,27,1,0
318409,0,idle,-3,1,-1,8,-2,-27,998,29,1,0
318435,0,idle,-3,1,-1,6,-2,-29,998,30,1,0
318461,0,idle,-2,0,0,4,-1,-28,998,28,1,0
318486,0,idle,-2,0,0,2,2,-27,998,27,1,0
318511,0,idle,-3,0,0,-2,7,-28,998,29,1,0
318537,0,idle,-3,0,-1,-5,9,-30,998,32,1,0
318563,0,idle,-4,-1,-1,-5,10,-33,998,35,1,0
318589,0,idle,-5,-1,-1,-2,11,-35,998,37,1,0
318615,0,idle,-5,-1,-1,2,9,-35,998,36,1,0
318641,0,idle,-4,-1,-1,6,7,-35,998,37,1,0
318667,0,idle,-4,-1,-1,7,5,-37,998,38,1,0
318692,0,idle,-3,0,-1,7,2,-37,998,38,1,0
318717,0,idle,-3,0,-1,5,-1,-38,998,39,1,0
318743,0,idle,-4,0,-1,2,-4,-38,998,38,1,0
318769,0,idle,-5,-1,-1,0,-7,-36,998,37,1,0
318795,0,idle,-5,0,-1,1,-10,-36,998,37,1,0
318821,0,idle,-4,0,-1,1,-11,-35,998,37,1,0
318847,0,idle,-3,0,-1,2,-15,-35,998,38,1,0
318873,0,idle,-2,0,0,3,-12,-34,998,36,1,0
318899,0,idle,-4,0,-1,2,-9,-31,998,32,1,0
318924,0,idle,-3,1,0,4,-8,-29,998,30,1,0
318949,0,idle,-1,2,0,2,-6,-27,998,28,1,0
318974,0,idle,-2,0,0,-3,-6,-27,998,28,1,0
319000,0,idle,-1,-2,0,-9,-5,-25,998,27,1,0
319026,0,idle,-1,-2,0,-13,-4,-24,998,28,1,0
319052,0,idle,-1,-2,0,-14,-4,-23,998,27,1,0
319078,0,idle,-2,-3,0,-12,-4,-22,998,26,1,0
319112,0,idle,-2,-3,0,-7,-6,-21,998,23,1,0
319138,0,idle,-1,-3,0,-1,-10,-20,998,23,1,0
319164,0,idle,0,-3,0,3,-12,-21,998,24,1,0
319190,0,idle,0,-3,0,4,-11,-21,998,25,1,0
319216,0,idle,1,-3,0,4,-10,-23,998,25,1,0
319242,0,idle,1,-3,0,2,-9,-23,998,25,1,0
319268,0,idle,0,-3,0,0,-6,-22,998,23,1,0
319293,0,idle,0,-2,0,0,-4,-20,998,20,1,0
319318,0,idle,1,-2,0,1,-6,-19,998,20,1,0
319344,0,idle,0,-3,0,0,-8,-17,998,19,1,0
319370,0,idle,-1,-3,0,-2,-7,-18,998,19,1,0
319396,0,idle,0,-3,0,-3,-10,-19,998,22,1,0
319422,0,idle,1,-3,0,-4,-8,-20,998,22,1,0
319448,0,idle,0,-4,0,-7,-6,-22,998,24,1,0
319474,0,idle,0,-5,0,-9,-10,-23,998,27,1,0
319500,0,idle,0,-5,0,-8,-11,-24,998,27,1,0
319526,0,idle,-1,-6,0,-7,-14,-25,998,29,1,0
319552,0,idle,0,-7,0,-6,-17,-26,998,32,1,0
319578,0,idle,0,-7,0,-4,-17,-30,998,35,1,0
319604,0,idle,1,-7,0,-1,-17,-32,998,36,1,0
319630,0,idle,0,-7,0,0,-12,-35,998,37,1,0
319655,0,idle,1,-6,0,2,-6,-37,999,37,1,0
319680,0,idle,2,-6,1,6,0,-38,998,39,1,0
319705,0,idle,2,-5,1,10,8,-40,998,41,1,0
319731,0,idle,1,-4,0,10,14,-42,998,45,1,0
319757,0,idle,1,-4,0,8,18,-42,998,46,1,0
319782,0,idle,0,-3,0,6,22,-43,998,48,1,0
319808,0,idle,-1,-4,0,3,22,-43,998,49,1,0
319834,0,idle,-1,-4,0,3,23,-44,998,50,1,0
319860,0,idle,-3,-4,0,6,23,-45,998,51,1,0
319886,0,idle,-4,-3,0,10,21,-46,998,52,1,0
319912,0,idle,-4,-2,-1,14,19,-47,998,53,1,0
319938,0,idle,-4,-1,-1,17,18,-48,998,54,1,0
319964,0,idle,-3,0,-1,19,16,-47,998,53,1,0
319990,0,idle,-3,1,-1,18,16,-44,998,50,1,0
320016,0,idle,-4,1,-1,15,13,-41,998,46,1,0
320042,0,idle,-5,2,-1,13,10,-38,998,42,1,0
320068,0,idle,-5,1,-1,12,8,-35,998,38,1,0
320093,0,idle,-4,0,-1,9,4,-33,998,34,1,0
320118,0,idle,-4,-1,0,4,2,-31,999,31,1,0
320144,0,idle,-3,-2,0,-1,4,-31,999,31,1,0
320170,0,idle,-3,-3,0,-5,6,-32,999,32,1,0
320196,0,idle,-4,-4,0,-4,9,-32,999,33,1,0
320222,0,idle,-4,-4,0,-1,10,-32,999,34,1,0
320248,0,idle,-4,-4,0,3,10,-34,999,36,1,0
320274,0,idle,-5,-4,-1,4,11,-36,998,38,1,0
320300,0,idle,-5,-3,-1,3,10,-37,998,38,1,0
320326,0,idle,-4,-2,-1,1,9,-39,998,40,1,0
320352,0,idle,-3,-2,0,-1,7,-39,998,40,1,0
320378,0,idle,-3,-3,0,-1,9,-40,999,41,1,0
320404,0,idle,-5,-4,-1,-1,11,-40,998,41,1,0
320430,0,idle,-4,-3,-1,1,12,-40,998,41,1,0
320456,0,idle,-4,-3,-1,4,11,-40,998,41,1,0
320482,0,idle,-4,-3,-1,6,12,-41,998,43,1,0
320508,0,idle,-4,-4,-1,8,12,-40,999,42,1,0
320534,0,idle,-5,-4,-1,10,14,-40,998,43,1,0
320560,0,idle,-5,-3,-1,11,13,-39,998,42,1,0
320586,0,idle,-5,-2,-1,12,8,-39,998,41,1,0
320612,0,idle,-5,-2,-1,14,8,-38,999,41,1,0
320638,0,idle,-4,-2,-1,15,4,-37,999,40,1,0
320664,0,idle,-3,-1,-1,16,4,-35,998,39,1,0
320690,0,idle,-3,-1,0,14,4,-34,998,37,1,0
320716,0,idle,-3,0,0,12,5,-34,998,36,1,0
320741,0,idle,-3,0,-1,10,8,-33,998,35,1,0
320774,0,idle,-3,0,-1,10,9,-31,998,33,1,0
320800,0,idle,-2,0,-1,11,8,-28,998,31,1,0
320826,0,idle,-2,0,0,14,8,-26,998,30,1,0
320851,0,idle,-2,0,0,15,8,-23,998,29,1,0
320876,0,idle,-2,1,0,14,9,-22,998,27,1,0
320902,0,idle,-2,1,0,13,8,-22,998,27,1,0
320927,0,idle,-3,1,-1,11,6,-24,998,27,1,0
320952,0,idle,-3,1,-1,10,2,-25,999,27,1,0
320978,0,idle,-3,-1,0,11,-1,-25,999,27,1,0
321004,0,idle,-4,0,0,14,-3,-24,999,28,1,0
321030,0,idle,-4,1,-1,15,-4,-26,998,30,1,0
321056,0,idle,-3,1,-1,13,-4,-29,999,32,1,0
321082,0,idle,-4,1,-1,12,-1,-33,998,35,1,0
321108,0,idle,-4,2,-1,12,-1,-35,998,37,1,0
321134,0,idle,-4,2,-1,12,-2,-36,999,38,1,0
321160,0,idle,-4,2,-1,12,-2,-35,999,37,1,0
321186,0,idle,-4,3,-1,12,-4,-36,999,38,1,0
321212,0,idle,-3,3,0,11,-2,-39,999,41,1,0
321238,0,idle,-3,3,-1,10,0,-41,998,42,1,0
321263,0,idle,-4,2,-1,6,3,-44,998,44,1,0
321289,0,idle,-5,3,-1,4,4,-46,998,46,1,0
321314,0,idle,-5,3,-1,6,4,-47,999,47,1,0
321339,0,idle,-5,3,-1,9,1,-48,999,49,1,0
321365,0,idle,-5,3,-1,13,-2,-48,999,50,1,0
321391,0,idle,-5,4,-1,17,-6,-47,998,51,1,0
321417,0,idle,-4,4,-1,17,-7,-47,999,50,1,0
321443,0,idle,-3,5,-1,16,-8,-47,999,50,1,0
321469,0,idle,-3,5,0,14,-7,-46,999,49,1,0
321495,0,idle,-3,4,-1,12,-6,-43,999,45,1,0
321521,0,idle,-3,4,-1,10,-4,-40,998,41,1,0
321547,0,idle,-2,4,0,8,1,-37,998,38,1,0
321572,0,idle,-2,4,0,7,7,-37,999,38,1,0
321597,0,idle,-2,2,0,5,12,-35,999,37,1,0
321623,0,idle,-2,2,0,3,18,-33,999,38,1,0
321649,0,idle,-3,2,0,2,21,-32,999,38,1,0
321675,0,idle,-4,2,0,3,19,-31,999,37,1,0
321700,0,idle,-5,1,-1,3,17,-30,999,35,1,0
321726,0,idle,-6,0,-1,4,14,-28,998,31,1,0
321751,0,idle,-4,1,-1,6,6,-26,998,27,1,0
321777,0,idle,-3,1,-1,6,-1,-26,998,27,1,0
321803,0,idle,-3,0,-1,4,-6,-22,998,23,1,0
321829,0,idle,-2,0,0,1,-9,-22,998,24,1,0
321855,0,idle,-2,0,-1,0,-9,-21,998,23,1,0
321881,0,idle,-3,0,-1,2,-9,-21,998,23,1,0
321907,0,idle,-3,0,-1,4,-10,-21,998,24,1,0
321933,0,idle,-2,-1,0,6,-11,-22,998,25,1,0
321959,0,idle,-1,0,0,7,-10,-22,998,25,1,0
321985,0,idle,-1,0,0,6,-7,-23,998,25,1,0
322010,0,idle,0,0,0,4,-6,-24,998,25,1,0
322035,0,idle,-1,0,0,1,-4,-25,998,26,1,0
322060,0,idle,-1,0,0,-1,-2,-26,998,26,1,0
322086,0,idle,0,-1,0,-1,-2,-28,998,28,1,0
322112,0,idle,0,-1,0,0,-2,-28,998,29,1,0
322137,0,idle,0,-1,0,2,0,-30,998,30,1,0
322162,0,idle,-1,-1,0,4,4,-31,998,32,1,0
322188,0,idle,-2,0,0,8,4,-33,998,34,1,0
322213,0,idle,-2,0,0,11,3,-33,998,35,1,0
322239,0,idle,-3,0,-1,11,4,-35,998,37,1,0
322265,0,idle,-2,0,-1,10,4,-35,998,37,1,0
322290,0,idle,-1,0,0,8,4,-36,998,37,1,0
322315,0,idle,-1,0,0,4,2,-36,998,36,1,0
322340,0,idle,-1,-1,0,0,3,-36,999,36,1,0
322366,0,idle,-2,-1,0,1,6,-38,998,38,1,0
322391,0,idle,-3,-1,-1,5,5,-39,998,40,1,0
322424,0,idle,-2,0,0,12,6,-42,998,45,1,0
322450,0,idle,-2,1,0,18,2,-45,998,48,1,0
322476,0,idle,-2,1,0,21,-2,-44,998,49,1,0
322502,0,idle,-2,2,-1,17,-1,-43,998,47,1,0
322528,0,idle,-1,3,-1,11,-1,-42,998,44,1,0
322554,0,idle,-2,3,-1,2,-2,-41,998,41,1,0
322580,0,idle,-1,2,-1,-5,-3,-41,998,42,1,0
322606,0,idle,-1,0,0,-7,-3,-42,998,42,1,0
322632,0,idle,-2,-1,0,-6,-2,-41,998,42,1,0
322658,0,idle,0,-2,0,-2,-3,-40,998,40,1,0
322684,0,idle,0,-1,0,3,-2,-39,998,39,1,0
322709,0,idle,-1,0,0,7,-4,-39,998,40,1,0
322735,0,idle,-1,1,0,10,-6,-37,998,39,1,0
322761,0,idle,-1,2,0,10,-7,-33,998,35,1,0
322787,0,idle,-1,2,0,7,-7,-28,998,30,1,0
322813,0,idle,0,2,0,2,-8,-23,998,25,1,0
322839,0,idle,0,2,0,-3,-8,-20,998,22,1,0
322865,0,idle,-1,0,0,-9,-8,-17,998,20,1,0
322891,0,idle,-2,-1,0,-12,-11,-13,998,21,1,0
322917,0,idle,-1,-3,0,-11,-15,-10,998,21,1,0
322943,0,idle,0,-4,0,-7,-20,-9,998,23,1,0
322969,0,idle,0,-4,0,1,-24,-9,998,26,1,0
322995,0,idle,1,-5,0,5,-27,-10,998,29,1,0
323021,0,idle,2,-5,1,8,-28,-11,999,31,1,0
323047,0,idle,3,-4,1,10,-29,-12,999,34,1,0
323073,0,idle,4,-4,1,11,-29,-13,999,34,1,0
323099,0,idle,4,-4,1,8,-26,-13,999,30,1,0
323125,0,idle,5,-4,1,4,-20,-15,999,25,1,0
323151,0,idle,6,-5,1,1,-17,-19,999,25,1,0
323177,0,idle,6,-4,1,3,-12,-23,999,26,1,0
323202,0,idle,6,-4,1,5,-5,-26,999,27,1,0
323228,0,idle,6,-3,1,10,-4,-25,999,27,1,0
323254,0,idle,6,-2,1,12,-2,-25,998,28,1,0
323280,0,idle,6,-1,1,9,-2,-26,999,28,1,0
323305,0,idle,5,-1,1,7,-2,-28,999,29,1,0
323330,0,idle,5,-1,1,4,-2,-29,999,30,1,0
323356,0,idle,5,-1,1,1,-3,-31,999,31,1,0
323382,0,idle,3,-1,1,1,-5,-32,999,33,1,0
323408,0,idle,3,-1,1,3,-9,-32,999,34,1,0
323434,0,idle,4,-1,1,6,-11,-32,999,35,1,0
323460,0,idle,4,-1,1,10,-12,-33,999,36,1,0
323486,0,idle,5,0,1,13,-11,-34,998,38,1,0
323512,0,idle,5,0,1,12,-8,-35,998,38,1,0
323537,0,idle,5,0,1,9,-3,-36,998,37,1,0
323562,0,idle,5,1,1,8,0,-37,999,37,1,0
323587,0,idle,4,1,1,6,2,-38,998,38,1,0
323612,0,idle,3,0,0,5,4,-39,998,39,1,0
323637,0,idle,3,0,0,4,6,-41,998,41,1,0
323662,0,idle,4,1,0,6,5,-44,998,45,1,0
323687,0,idle,3,1,0,9,4,-45,998,46,1,0
323712,0,idle,3,0,0,10,4,-45,998,46,1,0
323737,0,idle,2,0,0,11,5,-44,998,46,1,0
323762,0,idle,3,2,0,14,3,-43,998,45,1,0
323787,0,idle,2,2,0,16,6,-42,998,45,1,0
323812,0,idle,2,2,0,15,9,-42,998,46,1,0
323837,0,idle,3,2,0,13,12,-42,998,46,1,0
323862,0,idle,3,2,1,10,16,-42,998,46,1,0
323888,0,idle,2,2,0,5,21,-42,999,47,1,0
323914,0,idle,1,2,0,1,27,-43,999,51,1,0
323940,0,idle,1,1,0,-1,28,-45,998,53,1,0
323966,0,idle,-1,0,0,-1,31,-45,999,55,1,0
323992,0,idle,-2,0,0,2,29,-44,998,53,1,0
324018,0,idle,-2,0,0,4,22,-43,998,49,1,0
324043,0,idle,-3,0,-1,6,19,-41,998,45,1,0
324076,0,idle,-3,0,-1,7,14,-39,998,42,1,0
324101,0,idle,-3,0,-1,5,11,-38,998,40,1,0
324126,0,idle,-3,0,0,4,9,-37,999,38,1,0
324151,0,idle,-3,-1,0,2,8,-37,999,38,1,0
324176,0,idle,-2,-2,0,1,11,-38,999,40,1,0
324202,0,idle,-1,-3,0,2,12,-38,999,40,1,0
324228,0,idle,0,-3,0,8,15,-38,999,42,1,0
324254,0,idle,-2,-3,0,13,20,-37,998,44,1,0
324280,0,idle,-4,-1,-1,20,22,-35,999,46,1,0
324306,0,idle,-5,0,-1,25,22,-35,998,48,1,0
324332,0,idle,-7,2,-1,25,19,-34,998,47,1,0
324358,0,idle,-7,2,-2,19,13,-33,998,41,1,0
324384,0,idle,-6,4,-1,9,6,-33,998,35,1,0
324410,0,idle,-6,3,-1,0,0,-34,998,34,1,0
324436,0,idle,-6,2,-1,-8,-5,-35,998,36,1,0
324462,0,idle,-5,0,-1,-13,-10,-35,998,38,1,0
324488,0,idle,-3,-2,-1,-14,-13,-35,998,39,1,0
324514,0,idle,-3,-2,0,-12,-12,-37,998,41,1,0
324540,0,idle,-2,-2,0,-9,-8,-38,998,40,1,0
324566,0,idle,-3,-2,0,-6,0,-40,998,41,1,0
324592,0,idle,-3,-2,-1,-4,6,-40,998,41,1,0
324618,0,idle,-4,-2,-1,-4,10,-39,998,40,1,0
324644,0,idle,-4,-2,-1,-4,12,-38,998,40,1,0
324670,0,idle,-4,-3,-1,-2,10,-36,998,38,1,0
324696,0,idle,-3,-3,0,1,7,-36,999,36,1,0
324721,0,idle,-3,-3,-1,4,4,-35,998,36,1,0
324747,0,idle,-2,-3,0,9,2,-35,998,36,1,0
324773,0,idle,-4,-3,-1,12,2,-35,998,37,1,0
324799,0,idle,-3,-2,-1,17,0,-34,998,38,1,0
324825,0,idle,-4,-1,-1,18,2,-34,998,39,1,0
324851,0,idle,-4,-1,-1,16,1,-33,998,37,1,0
324877,0,idle,-3,0,-1,14,1,-32,998,35,1,0
324902,0,idle,-4,-1,-1,11,3,-30,998,33,1,0
324928,0,idle,-3,-1,0,7,5,-30,999,31,1,0
324953,0,idle,-3,-1,0,2,6,-30,998,31,1,0
324979,0,idle,-4,-1,-1,-1,6,-31,998,32,1,0
325005,0,idle,-4,-2,-1,0,2,-32,998,32,1,0
325031,0,idle,-4,-3,-1,2,0,-31,998,31,1,0
325057,0,idle,-3,-2,0,4,-3,-32,998,32,1,0
325083,0,idle,-1,-1,0,5,-4,-33,998,34,1,0
325109,0,idle,-2,-1,0,5,-4,-34,998,35,1,0
325135,0,idle,-2,-1,0,3,-4,-34,998,35,1,0
325161,0,idle,-2,-2,0,-1,-4,-33,998,34,1,0
325187,0,idle,-2,-1,0,-3,-6,-31,998,32,1,0
325213,0,idle,-2,-2,0,-4,-8,-30,998,31,1,0
325239,0,idle,-1,-2,0,-5,-11,-30,998,32,1,0
325265,0,idle,0,-2,0,-2,-13,-29,998,32,1,0
325291,0,idle,-1,-3,0,1,-11,-29,998,31,1,0
325317,0,idle,-2,-2,0,6,-13,-28,998,32,1,0
325343,0,idle,-1,-1,0,10,-16,-28,998,34,1,0
325369,0,idle,0,-1,0,13,-20,-27,998,36,1,0
325395,0,idle,1,-2,0,13,-25,-25,998,38,1,0
325421,0,idle,2,-2,0,11,-26,-24,998,37,1,0
325447,0,idle,2,-1,0,9,-25,-24,998,36,1,0
325473,0,idle,3,-1,0,6,-23,-26,998,35,1,0
325499,0,idle,2,-2,0,5,-22,-27,998,35,1,0
325525,0,idle,2,-1,0,6,-19,-27,998,34,1,0
325551,0,idle,3,0,1,9,-19,-27,999,35,1,0
325577,0,idle,3,0,1,12,-19,-27,998,35,1,0
325603,0,idle,3,0,0,12,-19,-26,998,34,1,0
325629,0,idle,3,0,0,9,-18,-27,998,34,1,0
325655,0,idle,3,1,0,2,-18,-28,998,34,1,0
325681,0,idle,3,0,0,-4,-19,-32,998,37,1,0
325707,0,idle,3,-2,1,-7,-21,-34,998,41,1,0
325741,0,idle,4,-2,1,-4,-20,-34,998,40,1,0
325767,0,idle,4,-2,1,1,-19,-34,999,39,1,0
325793,0,idle,5,-1,1,4,-16,-35,998,38,1,0
325819,0,idle,4,0,1,6,-11,-36,998,38,1,0
325844,0,idle,5,1,1,9,-11,-37,998,39,1,0
325870,0,idle,5,0,1,10,-7,-37,998,39,1,0
325895,0,idle,4,0,1,9,-4,-35,998,36,1,0
325920,0,idle,4,0,1,6,-1,-32,998,33,1,0
325945,0,idle,3,0,0,3,2,-31,998,32,1,0
325970,0,idle,3,0,0,-2,1,-32,998,32,1,0
325996,0,idle,2,-1,0,-4,-1,-33,998,33,1,0
326022,0,idle,1,-2,0,-1,-2,-33,998,33,1,0
326048,0,idle,3,-2,0,7,-6,-34,998,35,1,0
326074,0,idle,4,-1,1,14,-9,-35,998,39,1,0
326100,0,idle,4,-1,1,18,-10,-35,998,41,1,0
326126,0,idle,4,0,1,19,-7,-35,999,40,1,0
326151,0,idle,4,1,1,18,-5,-32,999,37,1,0
326176,0,idle,4,0,1,14,-1,-31,999,34,1,0
326201,0,idle,3,0,1,10,5,-30,998,32,1,0
326226,0,idle,3,0,1,7,7,-30,998,31,1,0
326251,0,idle,3,-1,1,5,11,-30,998,33,1,0
326276,0,idle,2,-1,0,5,14,-31,999,34,1,0
326301,0,idle,3,-1,1,4,12,-32,998,34,1,0
326326,0,idle,2,-1,0,3,12,-34,998,36,1,0
326352,0,idle,0,-1,0,4,8,-36,998,37,1,0
326377,0,idle,0,-1,0,8,4,-34,999,36,1,0
326403,0,idle,-1,-1,0,11,1,-33,999,35,1,0
326429,0,idle,0,-1,0,12,-2,-33,998,35,1,0
326455,0,idle,2,0,0,11,-3,-33,998,35,1,0
326480,0,idle,2,0,0,8,1,-33,998,34,1,0
326505,0,idle,2,0,0,5,8,-33,998,34,1,0
326530,0,idle,1,0,0,1,15,-33,998,36,1,0
326556,0,idle,1,0,0,5,19,-32,998,38,1,0
326581,0,idle,1,0,0,5,21,-33,998,39,1,0
326606,0,idle,0,0,0,5,20,-34,999,39,1,0
326631,0,idle,-1,-1,0,4,19,-34,999,39,1,0
326657,0,idle,-1,-1,0,4,17,-34,999,38,1,0
326683,0,idle,-1,-1,0,4,17,-34,999,38,1,0
326709,0,idle,-1,-1,0,3,15,-35,999,38,1,0
326735,0,idle,-1,-2,0,4,13,-34,999,37,1,0
326760,0,idle,-2,-2,0,4,15,-34,999,37,1,0
326786,0,idle,-2,-2,0,6,18,-35,998,40,1,0
326812,0,idle,-2,-1,0,7,18,-36,999,41,1,0
326838,0,idle,-3,0,-1,8,18,-38,998,43,1,0
326864,0,idle,-4,0,-1,9,17,-37,998,42,1,0
326890,0,idle,-4,0,-1,10,13,-37,998,41,1,0
326916,0,idle,-3,0,-1,11,7,-36,998,39,1,0
326942,0,idle,-3,0,-1,11,4,-34,998,36,1,0
326968,0,idle,-2,0,-1,11,1,-34,998,35,1,0
326994,0,idle,-2,0,0,8,1,-34,998,35,1,0
327019,0,idle,-2,0,0,5,1,-36,999,36,1,0
327044,0,idle,-2,-1,0,1,2,-36,999,37,1,0
327070,0,idle,-3,-2,0,0,6,-35,999,36,1,0
327096,0,idle,-4,-1,0,4,6,-35,999,35,1,0
327121,0,idle,-3,0,0,8,4,-36,999,37,1,0
327146,0,idle,-4,0,0,11,4,-36,999,38,1,0
327171,0,idle,-4,0,-1,11,1,-37,999,39,1,0
327197,0,idle,-4,0,-1,10,1,-38,999,39,1,0
327222,0,idle,-3,1,-1,8,0,-37,998,38,1,0
327247,0,idle,-3,1,-1,5,-1,-37,998,37,1,0
327273,0,idle,-3,1,-1,4,-2,-37,998,38,1,0
327299,0,idle,-3,0,-1,3,-2,-37,998,37,1,0
327325,0,idle,-4,0,-1,4,-1,-36,998,36,1,0
327350,0,idle,-3,1,-1,5,-1,-36,998,36,1,0
327383,0,idle,-3,1,-1,7,2,-35,998,36,1,0
327408,0,idle,-3,1,-1,10,3,-35,998,36,1,0
327434,0,idle,-4,2,-1,12,1,-34,999,36,1,0
327460,0,idle,-4,2,-1,12,0,-34,999,36,1,0
327486,0,idle,-4,2,-1,9,-4,-34,999,35,1,0
327512,0,idle,-4,1,-1,5,-7,-33,998,34,1,0
327538,0,idle,-3,1,0,2,-8,-32,999,33,1,0
327564,0,idle,-2,1,0,0,-8,-31,998,32,1,0
327590,0,idle,-2,0,-1,-2,-8,-31,998,32,1,0
327616,0,idle,-2,1,-1,0,-8,-32,998,33,1,0
327642,0,idle,-2,1,-1,4,-7,-32,998,33,1,0
327668,0,idle,0,1,0,8,-9,-31,998,33,1,0
327694,0,idle,1,1,0,7,-10,-31,998,33,1,0
327720,0,idle,2,1,0,6,-10,-31,998,33,1,0
327746,0,idle,3,1,0,4,-12,-30,998,32,1,0
327772,0,idle,3,0,0,1,-14,-28,998,31,1,0
327798,0,idle,3,0,0,-1,-19,-27,998,33,1,0
327824,0,idle,3,-1,1,-2,-25,-25,998,35,1,0
327850,0,idle,4,-2,1,-2,-27,-24,998,37,1,0
327876,0,idle,5,-2,1,-1,-31,-25,999,40,1,0
327902,0,idle,8,-2,1,-1,-33,-24,998,41,1,0
327928,0,idle,6,-2,1,1,-30,-23,998,38,1,0
327954,0,idle,7,-1,1,5,-34,-21,998,40,1,0
327980,0,idle,8,-1,2,8,-33,-19,998,39,1,0
328006,0,idle,7,-1,1,8,-32,-17,998,37,1,0
328032,0,idle,8,-1,2,3,-29,-15,999,33,1,0
328058,0,idle,9,-1,2,-4,-24,-16,999,29,1,0
328084,0,idle,8,-2,1,-12,-22,-18,998,31,1,0
328110,0,idle,7,-4,1,-19,-22,-21,998,36,1,0
328136,0,idle,6,-4,1,-18,-27,-23,998,40,1,0
328162,0,idle,6,-5,1,-11,-35,-24,998,43,1,0
328188,0,idle,7,-5,1,-2,-42,-25,998,49,1,0
328214,0,idle,8,-4,1,4,-49,-27,998,56,1,0
328240,0,idle,9,-4,2,6,-52,-32,998,61,1,0
328266,0,idle,10,-3,2,7,-53,-34,998,63,1,0
328292,0,idle,11,-3,2,5,-50,-35,998,61,1,0
328318,0,idle,11,-2,2,4,-47,-35,998,59,1,0
328344,0,idle,12,-2,2,3,-44,-36,998,57,1,0
328370,0,idle,12,-2,2,4,-40,-37,998,55,1,0
328396,0,idle,12,-3,2,5,-37,-37,998,53,1,0
328422,0,idle,13,-3,2,6,-35,-37,998,51,1,0
328448,0,idle,14,-2,2,7,-30,-36,998,47,1,0
328474,0,idle,14,-2,2,6,-30,-36,998,47,1,0
328500,0,idle,14,-1,2,8,-29,-34,998,46,1,0
328526,0,idle,13,-1,2,8,-27,-33,998,44,1,0
328552,0,idle,12,-3,2,6,-27,-31,998,42,1,0
328578,0,idle,12,-3,2,3,-23,-30,998,38,1,0
328604,0,idle,12,-2,2,-2,-20,-31,998,37,1,0
328630,0,idle,13,-2,2,-6,-18,-33,998,38,1,0
328656,0,idle,14,-4,3,-8,-19,-35,998,41,1,0
328682,0,idle,15,-4,3,-2,-16,-33,998,37,1,0
328708,0,idle,14,-4,2,4,-11,-29,998,31,1,0
328734,0,idle,15,-4,3,6,-9,-27,998,29,1,0
328760,0,idle,16,-2,3,4,-10,-29,998,31,1,0
328786,0,idle,18,-2,3,-2,-17,-33,998,37,1,0
328812,0,idle,18,-1,3,-5,-26,-32,998,41,1,0
328838,0,idle,18,-2,3,-4,-35,-23,998,42,1,0
328864,0,idle,18,-3,3,-4,-41,-9,998,42,1,0
328890,0,idle,17,-4,3,-5,-41,-1,998,41,1,0
328916,0,idle,18,-5,3,-7,-37,-3,998,38,1,0
328942,0,idle,21,-7,4,-9,-36,-11,998,38,1,0
328968,0,idle,22,-7,4,-10,-28,-19,998,35,1,0
328994,0,idle,20,-8,3,-9,-19,-24,998,32,1,0
329020,0,idle,20,-7,4,-4,-15,-24,998,28,1,0
329054,0,idle,21,-6,4,3,-8,-25,998,26,1,0
329080,0,idle,22,-6,4,3,-6,-29,998,29,1,0
329105,0,idle,22,-6,4,-2,-2,-33,998,33,1,0
329131,0,idle,22,-7,4,-11,3,-37,998,39,1,0
329157,0,idle,21,-7,3,-19,6,-39,998,44,1,0
329183,0,idle,19,-7,3,-22,8,-41,998,47,1,0
329209,0,idle,18,-8,3,-21,8,-42,998,48,1,0
329235,0,idle,18,-8,3,-15,8,-42,998,46,1,0
329261,0,idle,17,-7,3,-10,9,-43,998,45,1,0
329287,0,idle,16,-7,3,-7,9,-44,998,46,1,0
329312,0,idle,16,-7,3,-7,10,-46,998,47,1,0
329338,0,idle,14,-6,2,-7,13,-48,998,51,1,0
329364,0,idle,13,-7,2,-7,16,-49,998,52,1,0
329390,0,idle,12,-6,2,-6,17,-48,998,51,1,0
329416,0,idle,12,-7,2,-5,18,-47,998,50,1,0
329442,0,idle,10,-7,2,-5,21,-49,998,53,1,0
329468,0,idle,8,-8,1,-5,25,-52,998,58,1,0
329494,0,idle,7,-8,1,-5,30,-56,998,64,1,0
329520,0,idle,3,-8,1,-1,41,-62,998,74,1,0
329546,0,idle,0,-8,0,7,46,-68,998,82,1,0
329572,0,idle,-1,-7,0,14,48,-73,998,89,1,0
329598,0,idle,-3,-7,-1,17,50,-77,998,93,1,0
329624,0,idle,-4,-5,-1,21,50,-77,998,94,1,0
329650,0,idle,-5,-4,-1,24,52,-72,998,92,1,0
329676,0,idle,-6,-2,-1,21,54,-66,998,88,1,0
329702,0,idle,-7,-1,-1,10,55,-66,998,87,1,0
329728,0,idle,-9,-2,-1,1,56,-71,998,90,1,0
329754,0,idle,-12,-2,-2,-1,52,-78,998,94,1,0
329780,0,idle,-14,-4,-2,5,50,-84,998,97,1,0
329806,0,idle,-16,-4,-3,17,42,-84,998,96,1,0
329832,0,idle,-16,-3,-3,32,33,-82,998,94,1,0
329858,0,idle,-16,-1,-3,45,22,-77,998,92,1,0
329884,0,idle,-14,1,-2,52,13,-70,998,89,1,0
329910,0,idle,-14,3,-3,52,10,-64,998,83,1,0
329936,0,idle,-13,5,-2,46,8,-57,998,74,1,0
329962,0,idle,-12,5,-2,36,7,-54,998,65,1,0
329988,0,idle,-12,5,-2,28,7,-49,998,57,1,0
330014,0,idle,-12,4,-2,23,8,-44,998,51,1,0
330040,0,idle,-12,4,-2,22,9,-39,998,46,1,0
330066,0,idle,-12,3,-2,22,10,-36,998,43,1,0
330092,0,idle,-12,4,-2,23,8,-33,999,41,1,0
330118,0,idle,-12,4,-2,23,7,-32,998,40,1,0
330144,0,idle,-12,3,-2,19,8,-32,998,38,1,0
330170,0,idle,-11,2,-2,13,7,-29,998,33,1,0
330196,0,idle,-10,1,-2,6,8,-27,998,29,1,0
330222,0,idle,-8,-1,-1,-1,10,-25,998,27,1,0
330248,0,idle,-8,-1,-1,-5,14,-24,998,29,1,0
330274,0,idle,-9,-1,-2,-4,18,-24,998,31,1,0
330300,0,idle,-9,-1,-2,-1,21,-23,998,31,1,0
330326,0,idle,-10,-1,-2,4,23,-22,998,32,1,0
330352,0,idle,-11,0,-2,10,21,-21,998,31,1,0
330378,0,idle,-11,0,-2,15,17,-20,998,30,1,0
330404,0,idle,-11,1,-2,17,17,-19,998,31,1,0
330430,0,idle,-12,3,-2,18,14,-18,998,29,1,0
330456,0,idle,-12,5,-2,16,9,-19,998,26,1,0
330482,0,idle,-13,5,-2,11,4,-20,998,23,1,0
330508,0,idle,-13,4,-2,4,-3,-21,998,21,1,0
330534,0,idle,-12,4,-2,0,-8,-22,998,24,1,0
330560,0,idle,-11,3,-2,-1,-12,-24,998,27,1,0
330586,0,idle,-10,2,-2,0,-13,-26,998,30,1,0
330612,0,idle,-11,2,-2,3,-14,-28,998,32,1,0
330638,0,idle,-10,3,-2,7,-19,-27,998,34,1,0
330664,0,idle,-10,3,-2,11,-18,-26,998,33,1,0
330690,0,idle,-9,2,-2,11,-18,-26,998,34,1,0
330724,0,idle,-7,3,-1,11,-18,-25,998,32,1,0
330750,0,idle,-5,3,-1,8,-19,-24,998,32,1,0
330776,0,idle,-6,2,-1,4,-16,-23,998,28,1,0
330802,0,idle,-6,1,-1,2,-13,-22,999,25,1,0
330828,0,idle,-5,1,-1,4,-10,-20,999,23,1,0
330854,0,idle,-4,1,0,7,-8,-20,999,22,1,0
330879,0,idle,-4,1,-1,10,-4,-21,998,24,1,0
330905,0,idle,-3,0,0,11,-1,-23,998,26,1,0
330931,0,idle,-3,0,0,10,0,-25,999,27,1,0
330956,0,idle,-3,1,0,10,-2,-26,998,28,1,0
330982,0,idle,-2,1,0,10,-8,-26,998,29,1,0
331008,0,idle,-1,0,0,8,-15,-26,998,31,1,0
331034,0,idle,0,0,0,6,-21,-28,998,35,1,0
331060,0,idle,2,1,0,6,-27,-31,998,42,1,0
331086,0,idle,4,0,1,8,-31,-33,998,46,1,0
331112,0,idle,4,0,1,9,-31,-33,998,46,1,0
331138,0,idle,3,1,1,10,-27,-32,998,43,1,0
331164,0,idle,4,2,1,11,-26,-30,998,41,1,0
331190,0,idle,4,3,1,11,-20,-30,998,38,1,0
331216,0,idle,3,3,1,9,-14,-30,998,34,1,0
331241,0,idle,4,3,1,6,-10,-29,998,32,1,0
331266,0,idle,5,4,1,5,-2,-29,998,29,1,0
331291,0,idle,4,4,1,2,5,-29,998,30,1,0
331316,0,idle,5,2,1,-2,11,-30,998,32,1,0
331342,0,idle,5,0,1,-5,15,-30,998,34,1,0
331368,0,idle,4,1,1,-2,17,-30,998,35,1,0
331393,0,idle,4,1,1,3,16,-31,998,35,1,0
331418,0,idle,3,0,0,8,14,-32,998,36,1,0
331443,0,idle,2,1,1,11,11,-33,998,37,1,0
331468,0,idle,3,1,1,14,11,-34,998,38,1,0
331494,0,idle,3,3,1,17,11,-35,999,41,1,0
331520,0,idle,3,4,1,19,15,-34,999,41,1,0
331546,0,idle,2,5,0,19,21,-32,999,43,1,0
331572,0,idle,1,5,0,15,27,-31,998,44,1,0
331597,0,idle,-1,6,0,11,33,-30,998,46,1,0
331623,0,idle,-2,5,0,6,34,-30,998,46,1,0
331649,0,idle,-2,5,0,2,34,-32,998,47,1,0
331675,0,idle,-5,4,-1,0,34,-33,998,47,1,0
331701,0,idle,-6,3,-1,1,28,-34,998,44,1,0
331726,0,idle,-6,3,-1,5,24,-35,998,43,1,0
331752,0,idle,-7,2,-1,7,20,-36,998,41,1,0
331778,0,idle,-6,1,-1,8,14,-35,998,39,1,0
331804,0,idle,-6,2,-1,8,13,-35,998,38,1,0
331829,0,idle,-6,1,-1,4,12,-36,998,38,1,0
331855,0,idle,-6,1,-1,1,15,-37,998,40,1,0
331881,0,idle,-6,1,-1,0,17,-39,998,42,1,0
331907,0,idle,-6,0,-1,2,21,-39,998,45,1,0
331933,0,idle,-6,0,-1,6,24,-40,999,47,1,0
331959,0,idle,-6,0,-1,8,26,-38,999,47,1,0
331985,0,idle,-6,-1,-1,8,30,-38,999,49,1,0
332011,0,idle,-7,-1,-1,7,34,-39,999,52,1,0
332037,0,idle,-8,0,-1,7,37,-40,999,55,1,0
332063,0,idle,-9,0,-1,8,37,-40,999,55,1,0
332089,0,idle,-10,-1,-2,7,37,-38,998,54,1,0
332115,0,idle,-11,-2,-2,8,36,-37,998,52,1,0
332141,0,idle,-11,-1,-2,9,36,-36,998,52,1,0
332167,0,idle,-12,0,-2,12,36,-37,998,53,1,0
332193,0,idle,-12,0,-2,13,35,-38,998,53,1,0
332219,0,idle,-14,-1,-3,14,35,-38,998,53,1,0
332245,0,idle,-16,0,-3,17,30,-36,998,50,1,0
332271,0,idle,-15,1,-3,20,26,-35,998,48,1,0
332297,0,idle,-17,1,-3,19,22,-34,998,45,1,0
332323,0,idle,-17,1,-3,17,19,-34,998,42,1,0
332349,0,idle,-17,1,-3,15,17,-35,998,41,1,0
332383,0,idle,-16,0,-3,11,16,-37,998,42,1,0
332409,0,idle,-17,-1,-3,10,17,-38,998,43,1,0
332435,0,idle,-18,-1,-3,12,18,-39,998,44,1,0
332461,0,idle,-19,0,-3,17,18,-38,998,46,1,0
332487,0,idle,-19,1,-4,21,17,-39,998,48,1,0
332513,0,idle,-18,2,-4,25,16,-39,998,49,1,0
332539,0,idle,-17,2,-3,25,15,-39,998,49,1,0
332565,0,idle,-17,4,-3,24,19,-38,998,49,1,0
332591,0,idle,-16,5,-3,24,23,-36,998,49,1,0
332617,0,idle,-16,6,-3,22,25,-35,999,49,1,0
332643,0,idle,-16,6,-3,18,25,-34,999,46,1,0
332669,0,idle,-18,6,-3,16,26,-33,999,45,1,0
332695,0,idle,-18,6,-3,16,24,-33,999,44,1,0
332721,0,idle,-16,6,-3,15,17,-35,999,42,1,0
332747,0,idle,-16,6,-3,16,13,-37,999,42,1,0
332773,0,idle,-15,6,-3,20,5,-36,999,41,1,0
332799,0,idle,-15,7,-3,24,-3,-33,998,41,1,0
332825,0,idle,-15,7,-3,26,-9,-31,998,41,1,0
332851,0,idle,-14,8,-3,25,-16,-30,998,42,1,0
332877,0,idle,-12,9,-3,21,-19,-30,998,41,1,0
332903,0,idle,-11,8,-2,16,-19,-30,998,39,1,0
332929,0,idle,-10,8,-2,13,-16,-30,998,36,1,0
332955,0,idle,-10,7,-2,9,-13,-31,998,34,1,0
332981,0,idle,-9,6,-2,8,-12,-31,998,34,1,0
333007,0,idle,-8,7,-2,10,-13,-31,998,35,1,0
333033,0,idle,-8,7,-2,14,-14,-32,998,38,1,0
333059,0,idle,-7,7,-1,17,-18,-32,998,40,1,0
333085,0,idle,-6,7,-1,16,-21,-32,998,42,1,0
333111,0,idle,-5,7,-1,14,-22,-34,998,43,1,0
333137,0,idle,-4,6,-1,11,-24,-36,998,45,1,0
333163,0,idle,-3,6,-1,9,-26,-37,998,46,1,0
333189,0,idle,-2,6,0,8,-26,-36,999,46,1,0
333215,0,idle,-2,5,0,9,-26,-35,999,44,1,0
333241,0,idle,0,5,0,9,-26,-33,999,43,1,0
333267,0,idle,2,5,0,8,-24,-33,999,42,1,0
333293,0,idle,1,6,0,7,-20,-35,999,41,1,0
333318,0,idle,1,5,0,7,-20,-35,999,41,1,0
333344,0,idle,2,6,1,10,-19,-33,999,39,1,0
333370,0,idle,2,6,1,12,-17,-29,999,36,1,0
333396,0,idle,3,5,0,11,-18,-26,999,33,1,0
333422,0,idle,3,4,1,6,-16,-25,999,30,1,0
333448,0,idle,4,3,1,0,-15,-24,999,29,1,0
333474,0,idle,4,3,1,-4,-14,-24,998,28,1,0
333500,0,idle,3,2,1,-5,-13,-24,998,27,1,0
333526,0,idle,3,1,1,1,-14,-22,998,26,1,0
333552,0,idle,2,2,0,7,-16,-21,998,28,1,0
333578,0,idle,2,2,0,10,-19,-21,998,30,1,0
333604,0,idle,3,2,1,10,-20,-23,998,32,1,0
333630,0,idle,3,2,1,12,-18,-24,998,32,1,0
333656,0,idle,3,2,0,14,-16,-24,998,32,1,0
333682,0,idle,3,2,0,13,-14,-24,998,31,1,0
333708,0,idle,3,3,1,13,-10,-25,998,29,1,0
333734,0,idle,4,2,1,11,-6,-26,999,29,1,0
333759,0,idle,4,2,1,9,1,-28,999,29,1,0
333784,0,idle,4,1,1,8,9,-29,999,31,1,0
333809,0,idle,5,2,1,6,12,-30,998,33,1,0
333834,0,idle,4,2,1,4,16,-33,998,37,1,0
333859,0,idle,2,1,1,3,13,-36,999,38,1,0
333884,0,idle,2,1,0,5,11,-37,998,39,1,0
333909,0,idle,2,1,0,8,10,-36,998,39,1,0
333934,0,idle,3,2,1,11,6,-36,998,38,1,0
333959,0,idle,4,2,1,10,6,-38,998,39,1,0
333984,0,idle,3,1,1,7,11,-37,998,40,1,0
334009,0,idle,4,1,1,3,18,-37,998,41,1,0
334043,0,idle,3,1,0,0,26,-35,998,43,1,0
334068,0,idle,1,2,0,0,32,-33,998,46,1,0
334093,0,idle,0,2,0,0,32,-34,998,46,1,0
334118,0,idle,-1,1,0,2,29,-34,998,45,1,0
334143,0,idle,-1,0,0,4,21,-34,998,40,1,0
334168,0,idle,-1,0,0,6,12,-31,998,34,1,0
334194,0,idle,-2,0,-1,9,6,-29,998,31,1,0
334220,0,idle,-2,0,0,12,-1,-26,998,29,1,0
334246,0,idle,-2,0,0,12,-5,-26,998,29,1,0
334272,0,idle,-2,0,-1,12,-6,-28,998,31,1,0
334298,0,idle,-1,0,0,14,-8,-30,998,34,1,0
334324,0,idle,0,0,0,18,-5,-32,998,37,1,0
334349,0,idle,0,1,0,22,0,-32,998,39,1,0
334374,0,idle,1,2,0,26,8,-30,998,41,1,0
334399,0,idle,0,3,0,28,17,-30,998,44,1,0
334425,0,idle,-1,4,0,29,21,-30,998,47,1,0
334451,0,idle,-2,5,-1,28,23,-33,998,49,1,0
334477,0,idle,-3,5,-1,25,24,-33,998,48,1,0
334503,0,idle,-3,4,-1,21,24,-32,999,45,1,0
334529,0,idle,-4,5,-1,16,23,-33,999,44,1,0
334555,0,idle,-4,5,-1,12,21,-35,999,42,1,0
334581,0,idle,-5,4,-1,10,19,-38,998,44,1,0
334607,0,idle,-6,4,-1,9,16,-41,999,46,1,0
334632,0,idle,-6,5,-1,14,11,-43,998,47,1,0
334658,0,idle,-6,6,-1,21,5,-44,998,49,1,0
334684,0,idle,-5,6,-1,25,-1,-44,998,51,1,0
334710,0,idle,-5,7,-1,28,0,-43,998,52,1,0
334736,0,idle,-5,8,-1,29,4,-44,998,53,1,0
334762,0,idle,-5,9,-1,25,8,-44,998,52,1,0
334788,0,idle,-5,10,-1,21,14,-43,998,50,1,0
334814,0,idle,-7,9,-2,21,19,-43,998,51,1,0
334840,0,idle,-8,9,-2,17,21,-41,998,49,1,0
334866,0,idle,-9,9,-2,14,22,-41,998,49,1,0
334892,0,idle,-9,9,-2,14,22,-41,998,48,1,0
334918,0,idle,-10,8,-2,14,23,-41,998,49,1,0
334944,0,idle,-10,8,-2,17,22,-41,999,50,1,0
334970,0,idle,-11,8,-2,19,18,-41,998,48,1,0
334996,0,idle,-11,9,-3,21,11,-40,998,46,1,0
335022,0,idle,-12,8,-3,20,5,-38,998,43,1,0
335048,0,idle,-11,8,-2,17,1,-36,998,40,1,0
335074,0,idle,-10,8,-2,14,-1,-34,998,37,1,0
335100,0,idle,-9,7,-2,9,0,-33,998,35,1,0
335125,0,idle,-8,7,-2,4,2,-33,998,33,1,0
335151,0,idle,-9,6,-2,0,6,-32,998,32,1,0
335177,0,idle,-10,5,-2,-2,10,-29,999,31,1,0
335203,0,idle,-9,5,-2,-1,11,-28,998,30,1,0
335229,0,idle,-9,4,-2,1,9,-28,998,29,1,0
335254,0,idle,-9,3,-2,0,7,-27,998,28,1,0
335279,0,idle,-8,3,-2,-1,5,-27,998,28,1,0
335305,0,idle,-8,2,-1,-5,3,-28,998,28,1,0
335331,0,idle,-8,2,-1,-7,-1,-28,998,29,1,0
335357,0,idle,-8,0,-2,-8,-4,-28,998,29,1,0
335383,0,idle,-8,-1,-2,-6,-6,-27,998,29,1,0
335409,0,idle,-6,-1,-1,-4,-11,-27,998,30,1,0
335435,0,idle,-4,-2,-1,-2,-13,-28,998,31,1,0
335461,0,idle,-4,-2,-1,-1,-9,-30,998,31,1,0
335487,0,idle,-3,-1,-1,0,-5,-31,998,31,1,0
335513,0,idle,-3,-1,-1,0,0,-31,998,31,1,0
335539,0,idle,-4,0,-1,0,0,-32,998,32,1,0
335565,0,idle,-3,0,-1,1,-3,-33,998,33,1,0
335591,0,idle,-3,-1,-1,2,-6,-32,998,33,1,0
335617,0,idle,-2,-1,0,2,-10,-30,998,32,1,0
335643,0,idle,-2,-1,0,1,-11,-29,998,31,1,0
335669,0,idle,-2,-1,0,-3,-11,-30,998,32,1,0
335703,0,idle,-2,-2,0,-6,-12,-32,998,35,1,0
335729,0,idle,-2,-2,0,-6,-14,-34,998,37,1,0
335755,0,idle,-2,-2,0,-4,-17,-35,998,39,1,0
335781,0,idle,-1,-1,0,1,-22,-36,998,42,1,0
335807,0,idle,0,-1,0,5,-29,-37,998,47,1,0
335833,0,idle,1,0,0,9,-33,-35,998,49,1,0
335859,0,idle,2,1,0,10,-36,-33,998,50,1,0
335885,0,idle,4,1,1,9,-37,-31,998,49,1,0
335911,0,idle,5,1,1,7,-38,-31,998,50,1,0
335937,0,idle,7,1,1,3,-38,-31,998,50,1,0
335963,0,idle,6,0,1,1,-36,-31,998,47,1,0
335989,0,idle,6,0,1,1,-34,-29,998,45,1,0
336015,0,idle,8,0,2,2,-33,-29,998,44,1,0
336041,0,idle,9,-1,2,2,-32,-29,998,43,1,0
336067,0,idle,9,-1,2,4,-30,-28,998,41,1,0
336093,0,idle,10,0,2,5,-29,-27,998,40,1,0
336119,0,idle,11,1,2,6,-30,-24,998,39,1,0
336145,0,idle,11,1,2,5,-29,-23,998,37,1,0
336171,0,idle,10,0,2,2,-28,-22,998,36,1,0
336197,0,idle,11,-1,2,-1,-27,-21,998,34,1,0
336223,0,idle,12,-1,2,-5,-26,-20,998,33,1,0
336249,0,idle,13,-1,2,-8,-23,-19,998,31,1,0
336275,0,idle,11,-1,2,-9,-20,-20,998,29,1,0
336301,0,idle,11,-2,2,-8,-18,-19,998,27,1,0
336327,0,idle,11,-2,2,-7,-14,-18,998,24,1,0
336353,0,idle,11,-2,2,-7,-15,-19,998,25,1,0
336379,0,idle,11,-3,2,-6,-16,-20,998,26,1,0
336405,0,idle,10,-4,2,-7,-15,-21,998,27,1,0
336431,0,idle,11,-4,2,-7,-17,-22,998,29,1,0
336457,0,idle,11,-5,2,-7,-17,-22,998,29,1,0
336483,0,idle,9,-6,2,-7,-18,-23,998,30,1,0
336509,0,idle,9,-6,2,-7,-20,-25,998,33,1,0
336535,0,idle,9,-6,2,-5,-20,-28,999,34,1,0
336561,0,idle,10,-6,2,-2,-17,-30,998,35,1,0
336587,0,idle,11,-7,2,2,-13,-32,999,34,1,0
336613,0,idle,12,-6,3,4,-7,-32,999,33,1,0
336639,0,idle,11,-5,3,4,-1,-34,999,34,1,0
336665,0,idle,10,-5,2,2,2,-34,999,35,1,0
336691,0,idle,10,-4,2,1,3,-35,998,35,1,0
336716,0,idle,9,-5,2,1,3,-35,998,35,1,0
336741,0,idle,9,-6,2,3,3,-35,998,35,1,0
336766,0,idle,9,-6,2,4,2,-33,998,33,1,0
336791,0,idle,9,-6,2,4,3,-32,999,33,1,0
336816,0,idle,8,-5,2,2,5,-33,999,33,1,0
336841,0,idle,7,-5,2,0,6,-35,999,36,1,0
336866,0,idle,7,-5,2,1,6,-36,999,36,1,0
336891,0,idle,7,-5,2,3,5,-37,999,37,1,0
336916,0,idle,7,-5,1,7,5,-35,998,36,1,0
336941,0,idle,7,-4,1,8,7,-34,998,36,1,0
336966,0,idle,7,-4,1,9,9,-33,998,35,1,0
336991,0,idle,6,-4,1,6,9,-34,998,35,1,0
337016,0,idle,5,-4,1,4,11,-35,998,37,1,0
337042,0,idle,4,-5,1,4,12,-36,998,38,1,0
337067,0,idle,3,-5,1,5,12,-37,998,39,1,0
337093,0,idle,3,-5,1,7,9,-38,998,40,1,0
337118,0,idle,4,-4,1,7,8,-41,998,43,1,0
337143,0,idle,2,-4,0,5,9,-45,998,46,1,0
337168,0,idle,1,-4,0,4,10,-47,998,48,1,0
337194,0,idle,1,-3,0,2,11,-49,998,51,1,0
337220,0,idle,0,-3,0,3,9,-52,998,53,1,0
337245,0,idle,0,-2,0,9,5,-52,998,53,1,0
337270,0,idle,0,-2,0,16,2,-46,998,48,1,0
337296,0,idle,1,-2,0,20,1,-44,998,48,1,0
337322,0,idle,2,-2,0,22,3,-41,998,47,1,0
337355,0,idle,2,0,0,19,9,-41,998,46,1,0
337380,0,idle,1,0,0,14,16,-43,998,48,1,0
337405,0,idle,0,1,0,11,22,-42,998,49,1,0
337430,0,idle,0,2,0,10,22,-40,998,47,1,0
337455,0,idle,-1,2,0,9,22,-37,998,44,1,0
337480,0,idle,-1,2,0,10,20,-34,998,41,1,0
337506,0,idle,-1,2,0,12,17,-31,998,38,1,0
337532,0,idle,-2,2,0,15,14,-30,998,36,1,0
337558,0,idle,-2,3,0,14,10,-30,998,34,1,0
337584,0,idle,-2,2,0,11,5,-29,998,31,1,0
337609,0,idle,-3,1,0,7,2,-26,999,27,1,0
337634,0,idle,-2,1,0,5,1,-23,998,24,1,0
337659,0,idle,-1,1,0,5,3,-22,998,23,1,0
337684,0,idle,-1,1,0,1,10,-23,999,25,1,0
337710,0,idle,-3,0,0,-3,18,-25,998,31,1,0
337736,0,idle,-4,1,-1,-5,25,-26,999,37,1,0
337762,0,idle,-6,1,-1,-8,30,-28,999,42,1,0
337788,0,idle,-8,0,-1,-11,29,-29,999,43,1,0
337814,0,idle,-8,0,-1,-10,26,-28,999,39,1,0
337840,0,idle,-10,-2,-2,-6,21,-27,998,35,1,0
337866,0,idle,-10,-4,-2,-5,15,-26,999,31,1,0
337892,0,idle,-9,-5,-1,-6,8,-28,998,29,1,0
337918,0,idle,-7,-6,-1,-8,2,-31,998,32,1,0
337944,0,idle,-6,-7,-1,-9,-2,-34,998,35,1,0
337970,0,idle,-5,-7,-1,-6,0,-38,999,38,1,0
337996,0,idle,-5,-5,-1,-2,3,-40,998,41,1,0
338022,0,idle,-5,-4,-1,2,6,-44,998,44,1,0
338048,0,idle,-6,-3,-1,5,10,-45,998,46,1,0
338074,0,idle,-6,-3,-1,7,9,-44,998,45,1,0
338100,0,idle,-5,-3,-1,8,8,-43,998,44,1,0
338126,0,idle,-6,-2,-1,6,7,-42,998,43,1,0
338151,0,idle,-6,-2,-1,3,3,-41,998,41,1,0
338177,0,idle,-7,-3,-1,-1,0,-41,998,41,1,0
338203,0,idle,-7,-4,-1,-4,-7,-41,998,42,1,0
338229,0,idle,-6,-4,-1,-4,-14,-40,998,43,1,0
338255,0,idle,-5,-4,-1,0,-19,-40,998,44,1,0
338281,0,idle,-4,-4,-1,6,-25,-38,998,46,1,0
338307,0,idle,-4,-3,-1,11,-27,-36,998,46,1,0
338333,0,idle,-3,-2,-1,15,-30,-34,998,47,1,0
338359,0,idle,-1,0,0,16,-33,-32,998,48,1,0
338385,0,idle,-1,-1,0,13,-31,-30,998,45,1,0
338411,0,idle,0,-1,0,6,-30,-28,998,41,1,0
338437,0,idle,1,-1,0,-1,-28,-24,998,37,1,0
338463,0,idle,2,-1,0,-8,-26,-22,998,35,1,0
338489,0,idle,2,-2,0,-13,-24,-21,998,34,1,0
338515,0,idle,2,-3,1,-14,-21,-21,998,33,1,0
338541,0,idle,3,-4,1,-11,-20,-20,998,31,1,0
338567,0,idle,3,-4,1,-5,-20,-21,999,29,1,0
338593,0,idle,3,-5,1,-1,-19,-21,998,29,1,0
338619,0,idle,3,-4,1,2,-20,-22,998,29,1,0
338645,0,idle,4,-4,1,3,-20,-22,998,30,1,0
338671,0,idle,4,-3,1,2,-20,-23,998,31,1,0
338697,0,idle,4,-3,1,-1,-21,-22,999,30,1,0
338723,0,idle,4,-3,1,-2,-21,-22,999,31,1,0
338749,0,idle,4,-4,1,-4,-21,-21,999,30,1,0
338775,0,idle,4,-4,1,-4,-20,-22,999,30,1,0
338801,0,idle,5,-5,1,-3,-19,-24,998,31,1,0
338827,0,idle,6,-5,1,-1,-19,-27,998,33,1,0
338853,0,idle,5,-5,1,1,-16,-31,998,35,1,0
338879,0,idle,4,-4,1,4,-17,-32,998,37,1,0
338905,0,idle,5,-4,1,9,-18,-32,998,38,1,0
338931,0,idle,5,-3,1,10,-18,-31,998,37,1,0
338957,0,idle,6,-3,1,9,-18,-29,998,35,1,0
338983,0,idle,7,-3,1,5,-15,-28,998,32,1,0
339017,0,idle,7,-3,1,-1,-10,-29,999,31,1,0
339043,0,idle,6,-4,1,-6,-4,-28,998,29,1,0
339069,0,idle,6,-5,1,-7,1,-28,998,29,1,0
339095,0,idle,6,-5,1,-6,6,-28,998,29,1,0
339121,0,idle,6,-5,1,-4,8,-28,998,30,1,0
339146,0,idle,7,-5,1,-2,10,-29,998,31,1,0
339172,0,idle,6,-6,1,-3,12,-29,998,31,1,0
339198,0,idle,6,-6,1,-2,13,-28,998,31,1,0
339224,0,idle,5,-5,1,0,13,-27,998,30,1,0
339249,0,idle,3,-5,1,1,12,-26,998,29,1,0
339274,0,idle,2,-6,0,0,11,-26,998,28,1,0
339299,0,idle,2,-6,0,0,10,-26,998,28,1,0
339324,0,idle,3,-6,1,1,11,-26,998,28,1,0
339349,0,idle,4,-6,1,2,10,-26,998,28,1,0
339374,0,idle,4,-6,1,3,16,-26,998,30,1,0
339399,0,idle,1,-5,0,3,23,-26,998,35,1,0
339424,0,idle,1,-5,0,4,26,-27,998,37,1,0
339449,0,idle,1,-5,0,5,28,-27,998,39,1,0
339474,0,idle,0,-5,0,5,29,-27,998,40,1,0
339499,0,idle,-1,-6,0,5,28,-27,998,39,1,0
339525,0,idle,-1,-6,0,2,28,-28,998,40,1,0
339551,0,idle,-1,-5,0,-1,27,-30,998,40,1,0
339577,0,idle,-1,-5,0,-4,27,-33,998,42,1,0
339603,0,idle,-3,-5,0,-3,26,-34,998,43,1,0
339629,0,idle,-3,-5,-1,3,26,-35,998,44,1,0
339655,0,idle,-4,-5,-1,9,25,-36,998,45,1,0
339681,0,idle,-4,-4,-1,14,22,-38,998,46,1,0
339707,0,idle,-5,-3,-1,17,21,-39,998,47,1,0
339733,0,idle,-5,-2,-1,17,22,-39,998,48,1,0
339759,0,idle,-5,-1,-1,17,20,-39,998,47,1,0
339785,0,idle,-5,-1,-1,14,20,-39,998,46,1,0
339811,0,idle,-6,-1,-1,12,18,-39,998,44,1,0
339837,0,idle,-5,-1,-1,11,15,-38,998,43,1,0
339863,0,idle,-6,-2,-1,11,15,-37,998,42,1,0
339889,0,idle,-6,-1,-1,14,10,-37,998,41,1,0
339915,0,idle,-6,0,-1,19,8,-36,998,41,1,0
339941,0,idle,-8,1,-1,24,5,-35,998,43,1,0
339967,0,idle,-7,2,-1,28,0,-34,998,44,1,0
339993,0,idle,-6,3,-1,28,-2,-33,998,44,1,0
340019,0,idle,-7,2,-1,25,-4,-33,999,41,1,0
340045,0,idle,-5,3,-1,21,-6,-31,999,38,1,0
340071,0,idle,-5,3,-1,16,-4,-32,999,36,1,0
340097,0,idle,-5,2,-1,10,1,-34,999,35,1,0
340123,0,idle,-5,1,-1,7,7,-36,999,37,1,0
340149,0,idle,-4,1,-1,8,9,-38,998,40,1,0
340175,0,idle,-4,1,-1,14,10,-40,998,43,1,0
340201,0,idle,-6,1,-1,18,12,-40,998,46,1,0
340227,0,idle,-6,2,-1,22,12,-42,998,49,1,0
340253,0,idle,-6,3,-1,23,15,-44,998,52,1,0
340279,0,idle,-6,4,-1,23,16,-46,998,54,1,0
340305,0,idle,-6,5,-1,22,15,-47,998,54,1,0
340331,0,idle,-7,5,-1,19,15,-46,998,52,1,0
340357,0,idle,-8,5,-2,18,14,-46,998,52,1,0
340383,0,idle,-8,5,-2,16,12,-47,998,51,1,0
340409,0,idle,-8,5,-2,16,8,-47,998,50,1,0
340435,0,idle,-8,4,-2,15,6,-48,998,50,1,0
340461,0,idle,-10,5,-2,16,5,-47,998,50,1,0
340487,0,idle,-9,7,-2,20,-1,-46,998,50,1,0
340513,0,idle,-9,7,-2,23,-2,-44,998,50,1,0
340539,0,idle,-10,7,-2,23,-3,-41,998,47,1,0
340565,0,idle,-8,7,-2,22,-4,-37,998,43,1,0
340591,0,idle,-7,8,-2,19,-1,-34,998,39,1,0
340617,0,idle,-6,7,-2,12,2,-32,998,35,1,0
340643,0,idle,-6,7,-1,7,5,-30,998,31,1,0
340677,0,idle,-7,6,-1,3,7,-26,998,27,1,0
340703,0,idle,-8,5,-2,3,10,-22,998,25,1,0
340729,0,idle,-8,5,-1,4,10,-21,998,24,1,0
340755,0,idle,-7,5,-1,6,8,-22,998,24,1,0
340780,0,idle,-7,4,-1,6,6,-23,998,25,1,0
340805,0,idle,-8,4,-2,5,5,-24,999,25,1,0
340830,0,idle,-8,3,-2,3,4,-23,998,24,1,0
340855,0,idle,-8,3,-1,2,3,-21,998,22,1,0
340881,0,idle,-8,3,-1,0,1,-23,999,23,1,0
340907,0,idle,-8,2,-2,1,1,-24,998,24,1,0
340932,0,idle,-8,1,-2,3,2,-25,998,26,1,0
340957,0,idle,-7,1,-1,6,4,-26,998,27,1,0
340983,0,idle,-8,1,-2,9,7,-27,998,29,1,0
341009,0,idle,-8,2,-2,10,5,-28,998,30,1,0
341035,0,idle,-8,2,-2,11,4,-29,998,31,1,0
341061,0,idle,-8,2,-2,10,2,-28,998,30,1,0
341087,0,idle,-7,1,-1,6,-2,-28,998,29,1,0
341113,0,idle,-6,1,-1,2,-3,-30,998,30,1,0
341139,0,idle,-6,1,-1,-1,-4,-33,998,34,1,0
341165,0,idle,-6,0,-1,-4,-6,-38,998,38,1,0
341191,0,idle,-5,-1,-1,-5,-9,-40,998,41,1,0
341217,0,idle,-4,-1,-1,-2,-13,-40,998,42,1,0
341243,0,idle,-4,-2,-1,4,-16,-39,998,42,1,0
341269,0,idle,-3,-2,-1,9,-15,-38,998,42,1,0
341295,0,idle,-2,0,0,12,-13,-39,998,43,1,0
341321,0,idle,-2,2,0,13,-10,-43,998,45,1,0
341347,0,idle,-1,3,0,10,-8,-44,998,46,1,0
341373,0,idle,-1,2,0,4,-9,-43,998,44,1,0
341399,0,idle,0,2,0,-1,-12,-39,998,40,1,0
341425,0,idle,0,1,0,-4,-15,-34,998,38,1,0
341451,0,idle,0,1,0,-3,-17,-31,998,35,1,0
341477,0,idle,1,0,0,0,-19,-30,999,35,1,0
341503,0,idle,2,-1,1,3,-19,-31,999,37,1,0
341529,0,idle,3,-1,1,5,-23,-32,999,40,1,0
341555,0,idle,4,-1,1,9,-24,-30,999,40,1,0
341581,0,idle,3,0,1,13,-22,-27,999,37,1,0
341607,0,idle,4,1,1,14,-20,-24,999,34,1,0
341633,0,idle,5,3,1,12,-18,-21,998,30,1,0
341659,0,idle,6,2,1,3,-14,-22,998,27,1,0
341685,0,idle,6,1,1,-6,-11,-23,998,27,1,0
341711,0,idle,7,0,1,-10,-10,-24,998,28,1,0
341737,0,idle,7,-1,1,-8,-6,-23,998,25,1,0
341763,0,idle,7,-2,1,-5,-6,-24,998,25,1,0
341789,0,idle,8,-1,2,-1,-7,-27,998,28,1,0
341815,0,idle,8,-1,1,1,-9,-31,998,32,1,0
341841,0,idle,7,-1,1,3,-12,-33,998,35,1,0
341867,0,idle,7,0,1,3,-14,-34,998,37,1,0
341893,0,idle,8,0,2,3,-17,-35,998,39,1,0
341919,0,idle,7,0,1,1,-20,-35,998,40,1,0
341945,0,idle,7,0,1,0,-25,-35,998,43,1,0
341971,0,idle,8,0,1,-2,-32,-35,998,48,1,0
341997,0,idle,8,-1,1,-2,-35,-35,998,49,1,0
342023,0,idle,7,-2,1,0,-36,-36,998,51,1,0
342049,0,idle,7,-1,1,4,-39,-37,998,54,1,0
342075,0,idle,9,0,2,8,-39,-38,998,55,1,0
342101,0,idle,9,-1,2,7,-40,-39,999,56,1,0
342127,0,idle,11,0,2,6,-39,-38,998,55,1,0
342153,0,idle,12,0,2,2,-36,-37,999,52,1,0
342179,0,idle,12,0,2,-4,-30,-36,999,47,1,0
342205,0,idle,12,-1,2,-9,-25,-37,999,45,1,0
342231,0,idle,12,-1,2,-9,-21,-37,998,43,1,0
342257,0,idle,12,-2,2,-5,-18,-37,999,41,1,0
342283,0,idle,12,-2,2,-1,-17,-36,998,40,1,0
342309,0,idle,13,-1,2,5,-18,-35,998,40,1,0
342343,0,idle,12,-1,2,8,-20,-33,998,40,1,0
342369,0,idle,10,-1,2,8,-19,-30,998,36,1,0
342395,0,idle,10,0,2,8,-21,-26,998,35,1,0
342421,0,idle,11,-1,2,6,-25,-22,999,34,1,0
342447,0,idle,10,-1,2,2,-26,-21,999,34,1,0
342473,0,idle,11,-2,2,1,-29,-20,999,36,1,0
342499,0,idle,13,-2,2,1,-28,-21,998,35,1,0
342525,0,idle,12,-2,2,1,-24,-20,998,31,1,0
342551,0,idle,12,-3,2,2,-22,-19,998,29,1,0
342577,0,idle,13,-3,3,3,-15,-18,999,23,1,0
342603,0,idle,13,-3,3,3,-7,-17,999,19,1,0
342629,0,idle,14,-3,3,2,1,-17,999,17,1,0
342655,0,idle,14,-4,3,-2,9,-16,998,19,1,0
342681,0,idle,12,-5,2,-8,21,-15,998,27,1,0
342707,0,idle,9,-5,2,-14,28,-17,998,36,1,0
342733,0,idle,9,-5,2,-14,29,-20,998,38,1,0
342759,0,idle,8,-6,2,-13,25,-23,998,36,1,0
342785,0,idle,7,-7,2,-9,20,-25,999,33,1,0
342810,0,idle,9,-8,2,-3,13,-27,998,30,1,0
342836,0,idle,8,-8,2,3,11,-26,998,29,1,0
342861,0,idle,7,-7,1,5,14,-27,998,31,1,0
342887,0,idle,6,-6,1,4,16,-29,998,33,1,0
342912,0,idle,6,-6,1,0,16,-32,998,36,1,0
342938,0,idle,4,-6,1,-2,17,-34,998,38,1,0
342964,0,idle,3,-7,1,-2,18,-34,998,39,1,0
342990,0,idle,3,-8,1,-2,14,-36,998,39,1,0
343016,0,idle,2,-7,1,0,11,-39,998,40,1,0
343041,0,idle,1,-7,0,3,6,-41,998,42,1,0
343067,0,idle,1,-6,0,10,1,-43,998,44,1,0
343093,0,idle,2,-5,1,16,0,-44,998,47,1,0
343119,0,idle,3,-4,1,19,2,-45,998,48,1,0
343144,0,idle,3,-3,1,18,6,-45,998,49,1,0
343170,0,idle,2,-2,0,13,14,-45,998,49,1,0
343196,0,idle,1,-1,0,7,19,-44,999,48,1,0
343222,0,idle,0,-2,0,2,23,-43,998,49,1,0
343248,0,idle,-1,-2,0,1,23,-41,998,47,1,0
343274,0,idle,-2,-2,0,4,22,-40,998,46,1,0
343300,0,idle,-1,-2,0,9,19,-41,998,46,1,0
343326,0,idle,-1,-2,0,13,14,-41,998,45,1,0
343352,0,idle,-1,-2,0,15,14,-40,999,45,1,0
343378,0,idle,-2,-1,0,18,14,-38,998,44,1,0
343404,0,idle,-1,0,0,20,14,-38,999,45,1,0
343430,0,idle,-3,1,0,21,17,-36,998,45,1,0
343456,0,idle,-3,1,-1,19,17,-35,999,43,1,0
343482,0,idle,-3,1,-1,17,20,-34,998,43,1,0
343508,0,idle,-4,2,-1,16,21,-34,999,43,1,0
343534,0,idle,-3,2,-1,14,21,-34,998,43,1,0
343560,0,idle,-5,2,-1,15,24,-34,998,44,1,0
343586,0,idle,-7,2,-1,16,22,-34,998,43,1,0
343612,0,idle,-8,3,-2,18,20,-34,998,44,1,0
343638,0,idle,-10,3,-2,18,17,-35,998,43,1,0
343664,0,idle,-9,3,-2,16,14,-37,998,43,1,0
343690,0,idle,-9,3,-2,14,15,-40,998,44,1,0
343716,0,idle,-9,3,-2,12,15,-43,998,47,1,0
343742,0,idle,-10,2,-2,10,19,-45,998,50,1,0
343768,0,idle,-10,3,-2,11,20,-46,999,52,1,0
343794,0,idle,-10,3,-2,14,18,-47,998,53,1,0
343820,0,idle,-11,4,-2,19,16,-48,999,54,1,0
343846,0,idle,-11,4,-2,22,13,-48,999,55,1,0
343872,0,idle,-10,5,-2,22,10,-49,998,55,1,0
343898,0,idle,-9,5,-2,21,7,-48,998,53,1,0
343924,0,idle,-9,5,-2,19,7,-46,998,50,1,0
343950,0,idle,-9,5,-2,17,8,-44,998,47,1,0
343976,0,idle,-8,5,-2,15,7,-41,998,45,1,0
344009,0,idle,-7,5,-1,14,13,-39,998,44,1,0
344035,0,idle,-6,4,-1,12,17,-32,998,38,1,0
344061,0,idle,-7,5,-1,12,26,-30,998,41,1,0
344087,0,idle,-8,5,-2,10,34,-28,998,46,1,0
344113,0,idle,-11,5,-2,6,36,-27,998,45,1,0
344139,0,idle,-12,4,-2,1,26,-25,998,36,1,0
344165,0,idle,-12,2,-2,-4,14,-23,998,27,1,0
344191,0,idle,-11,0,-2,-8,-1,-20,998,22,1,0
344217,0,idle,-9,-1,-2,-8,-15,-19,998,26,1,0
344243,0,idle,-7,-2,-2,-10,-28,-20,998,35,1,0
344269,0,idle,-7,-3,-1,-12,-34,-21,998,42,1,0
344295,0,idle,-7,-3,-1,-12,-37,-21,998,44,1,0
344321,0,idle,-6,-2,-1,-9,-38,-20,998,44,1,0
344347,0,idle,-4,-2,-1,-4,-36,-20,998,41,1,0
344373,0,idle,-3,-2,0,-2,-32,-19,998,37,1,0
344399,0,idle,-1,-2,0,0,-27,-18,998,32,1,0
344425,0,idle,0,-1,0,-2,-20,-17,998,26,1,0
344451,0,idle,-1,-2,0,-6,-14,-17,998,23,1,0
344477,0,idle,-1,-2,0,-11,-10,-18,998,24,1,0
344503,0,idle,-1,-4,0,-14,-11,-20,998,27,1,0
344529,0,idle,-1,-5,0,-13,-14,-24,999,30,1,0
344555,0,idle,-1,-5,0,-7,-16,-26,999,31,1,0
344581,0,idle,0,-5,0,0,-19,-27,999,33,1,0
344607,0,idle,1,-5,0,6,-22,-29,998,37,1,0
344633,0,idle,2,-4,1,11,-22,-30,999,39,1,0
344659,0,idle,1,-3,0,12,-22,-32,998,41,1,0
344685,0,idle,2,-2,0,13,-24,-34,998,43,1,0
344711,0,idle,2,-1,0,15,-23,-32,998,43,1,0
344737,0,idle,2,-2,0,15,-24,-30,998,41,1,0
344763,0,idle,3,-1,1,12,-25,-29,998,40,1,0
344789,0,idle,4,0,1,8,-29,-30,998,43,1,0
344815,0,idle,5,-1,1,4,-28,-32,998,43,1,0
344841,0,idle,5,-2,1,2,-26,-35,998,43,1,0
344867,0,idle,5,-3,1,5,-24,-34,998,42,1,0
344893,0,idle,5,-2,1,11,-21,-33,998,41,1,0
344919,0,idle,5,-1,1,17,-18,-34,998,43,1,0
344945,0,idle,6,0,1,18,-16,-37,998,44,1,0
344971,0,idle,7,1,1,16,-10,-38,998,43,1,0
344997,0,idle,6,1,1,14,-3,-38,998,40,1,0
345022,0,idle,7,2,1,11,2,-36,998,37,1,0
345047,0,idle,6,2,1,7,8,-34,998,36,1,0
345072,0,idle,5,2,1,4,12,-34,998,37,1,0
345097,0,idle,4,1,1,1,12,-35,998,37,1,0
345122,0,idle,4,0,1,0,11,-38,998,39,1,0
345147,0,idle,4,-1,1,3,11,-38,998,40,1,0
345173,0,idle,5,-1,1,9,8,-38,998,40,1,0
345198,0,idle,5,-1,1,14,11,-37,998,41,1,0
345224,0,idle,3,1,1,16,12,-36,998,42,1,0
345250,0,idle,4,2,1,17,10,-37,998,42,1,0
345275,0,idle,3,2,0,18,13,-36,998,43,1,0
345301,0,idle,2,2,0,16,14,-35,998,41,1,0
345326,0,idle,3,2,0,13,14,-34,998,39,1,0
345351,0,idle,2,2,0,8,17,-34,998,39,1,0
345376,0,idle,1,1,0,4,19,-34,998,39,1,0
345401,0,idle,0,1,0,3,21,-33,998,40,1,0
345426,0,idle,-2,1,0,6,22,-34,998,41,1,0
345452,0,idle,-2,1,0,11,19,-34,999,41,1,0
345478,0,idle,-2,2,0,15,15,-36,999,42,1,0
345504,0,idle,-1,2,0,17,11,-36,998,42,1,0
345530,0,idle,-1,2,0,18,11,-35,998,41,1,0
345556,0,idle,-2,2,0,17,14,-34,998,41,1,0
345582,0,idle,-2,3,0,15,15,-33,998,40,1,0
345608,0,idle,-3,4,-1,11,15,-35,998,40,1,0
345634,0,idle,-4,3,-1,7,15,-36,998,39,1,0
345667,0,idle,-4,2,-1,5,15,-34,998,37,1,0
345693,0,idle,-4,2,-1,5,16,-32,998,36,1,0
345719,0,idle,-4,2,-1,6,19,-33,998,38,1,0
345745,0,idle,-5,1,-1,6,20,-34,998,40,1,0
345771,0,idle,-5,1,-1,6,22,-36,999,43,1,0
345797,0,idle,-6,0,-1,7,20,-37,999,42,1,0
345823,0,idle,-7,2,-1,11,15,-35,998,40,1,0
345849,0,idle,-7,1,-1,12,13,-34,998,39,1,0
345875,0,idle,-7,0,-1,10,10,-34,998,37,1,0
345901,0,idle,-6,0,-1,8,11,-34,999,36,1,0
345927,0,idle,-6,0,-1,5,11,-35,998,37,1,0
345953,0,idle,-6,0,-1,2,12,-36,998,38,1,0
345979,0,idle,-7,0,-1,0,15,-37,998,40,1,0
346005,0,idle,-7,-1,-1,1,15,-38,998,41,1,0
346031,0,idle,-8,-1,-1,5,17,-38,999,41,1,0
346057,0,idle,-8,0,-1,7,15,-38,998,42,1,0
346083,0,idle,-8,1,-1,11,12,-39,998,42,1,0
346109,0,idle,-8,0,-1,13,11,-38,998,42,1,0
346135,0,idle,-6,1,-1,12,11,-37,998,40,1,0
346161,0,idle,-6,1,-1,10,12,-36,998,39,1,0
346187,0,idle,-6,2,-1,7,11,-36,998,39,1,0
346213,0,idle,-7,1,-1,5,11,-37,998,38,1,0
346239,0,idle,-8,1,-2,6,10,-35,998,37,1,0
346264,0,idle,-7,0,-2,7,6,-32,998,34,1,0
346290,0,idle,-6,0,-1,7,6,-32,998,33,1,0
346315,0,idle,-6,0,-1,9,5,-33,998,35,1,0
346340,0,idle,-5,0,-1,12,6,-34,998,36,1,0
346366,0,idle,-6,0,-1,14,5,-34,998,37,1,0
346392,0,idle,-6,1,-1,17,1,-34,998,38,1,0
346418,0,idle,-7,2,-1,18,1,-34,998,38,1,0
346444,0,idle,-7,2,-1,16,-1,-33,999,37,1,0
346470,0,idle,-5,3,-1,15,-3,-32,998,35,1,0
346496,0,idle,-4,3,-1,12,-4,-32,998,35,1,0
346522,0,idle,-4,2,-1,9,-3,-32,999,34,1,0
346548,0,idle,-5,2,-1,8,0,-32,999,32,1,0
346573,0,idle,-5,2,-1,9,1,-33,999,34,1,0
346598,0,idle,-4,3,-1,12,0,-35,999,37,1,0
346624,0,idle,-4,3,-1,13,-1,-37,998,40,1,0
346650,0,idle,-4,3,-1,15,-3,-38,998,41,1,0
346676,0,idle,-3,3,-1,17,-4,-37,998,41,1,0
346702,0,idle,-3,4,-1,16,-6,-37,998,41,1,0
346728,0,idle,-3,4,-1,14,-6,-36,998,40,1,0
346754,0,idle,-3,4,-1,11,-10,-38,998,41,1,0
346780,0,idle,-3,3,-1,8,-12,-39,998,42,1,0
346806,0,idle,-3,3,0,7,-15,-40,998,44,1,0
346832,0,idle,-1,3,0,10,-16,-40,998,45,1,0
346858,0,idle,-1,3,0,12,-15,-40,998,45,1,0
346884,0,idle,-1,3,0,15,-12,-40,998,44,1,0
346910,0,idle,0,4,0,14,-11,-39,998,43,1,0
346936,0,idle,0,4,0,13,-12,-39,998,42,1,0
346962,0,idle,0,5,0,12,-16,-38,998,43,1,0
346988,0,idle,0,5,0,12,-17,-36,998,42,1,0
347014,0,idle,0,5,0,10,-20,-34,998,40,1,0
347040,0,idle,0,5,0,4,-22,-32,998,39,1,0
347066,0,idle,1,4,0,-3,-25,-32,999,40,1,0
347092,0,idle,2,3,0,-8,-28,-32,999,43,1,0
347118,0,idle,2,2,1,-10,-31,-32,999,45,1,0
347144,0,idle,3,1,1,-6,-31,-31,999,45,1,0
347170,0,idle,3,1,1,2,-31,-30,999,43,1,0
347196,0,idle,4,1,1,9,-32,-29,998,44,1,0
347222,0,idle,4,2,1,13,-29,-27,998,42,1,0
347248,0,idle,5,3,1,14,-26,-26,999,39,1,0
347274,0,idle,6,3,1,12,-22,-24,999,35,1,0
347300,0,idle,7,3,1,7,-19,-22,999,30,1,0
347333,0,idle,7,2,1,1,-15,-19,998,24,1,0
347359,0,idle,6,2,1,-3,-11,-17,998,20,1,0
347385,0,idle,6,0,1,-8,-10,-16,998,20,1,0
347411,0,idle,6,-2,1,-11,-9,-17,999,22,1,0
347437,0,idle,6,-3,1,-8,-8,-20,999,23,1,0
347463,0,idle,6,-3,1,-3,-8,-21,999,22,1,0
347489,0,idle,6,-3,2,1,-8,-21,999,23,1,0
347515,0,idle,5,-3,1,0,-11,-24,999,26,1,0
347541,0,idle,6,-2,1,2,-13,-26,999,29,1,0
347567,0,idle,4,-2,1,4,-10,-26,998,28,1,0
347593,0,idle,4,-2,1,5,-9,-25,998,27,1,0
347618,0,idle,6,-2,1,1,-8,-23,998,25,1,0
347644,0,idle,7,-2,1,-5,-6,-24,998,25,1,0
347670,0,idle,6,-3,1,-11,0,-27,998,29,1,0
347696,0,idle,5,-4,1,-12,6,-29,998,32,1,0
347722,0,idle,6,-4,1,-10,8,-31,998,33,1,0
347748,0,idle,6,-4,1,-6,10,-34,998,36,1,0
347774,0,idle,5,-5,1,-1,9,-36,998,37,1,0
347799,0,idle,4,-5,1,4,10,-36,998,38,1,0
347825,0,idle,3,-5,1,5,11,-37,998,39,1,0
347850,0,idle,4,-4,1,7,11,-39,998,41,1,0
347876,0,idle,4,-4,1,8,9,-40,998,42,1,0
347901,0,idle,3,-4,1,8,8,-40,998,42,1,0
347926,0,idle,3,-5,1,9,11,-40,998,42,1,0
347952,0,idle,3,-4,1,11,14,-39,998,43,1,0
347978,0,idle,4,-3,1,14,18,-40,998,46,1,0
348004,0,idle,3,-4,1,18,24,-43,998,52,1,0
348030,0,idle,3,-3,1,24,27,-45,999,58,1,0
348056,0,idle,2,-3,1,33,32,-47,999,66,1,0
348082,0,idle,-2,-3,0,42,32,-47,998,70,1,0
348108,0,idle,-2,-2,0,49,28,-46,998,73,1,0
348134,0,idle,-3,0,-1,52,23,-46,998,73,1,0
348160,0,idle,-4,0,-1,51,16,-47,999,71,1,0
348186,0,idle,-2,2,0,48,8,-48,999,69,1,0
348212,0,idle,-1,3,0,45,2,-50,998,67,1,0
348238,0,idle,-1,5,0,41,-1,-52,998,67,1,0
348264,0,idle,-2,5,0,40,-3,-53,998,67,1,0
348290,0,idle,-1,8,0,43,-4,-51,998,67,1,0
348316,0,idle,-1,9,0,45,-4,-50,998,67,1,0
348342,0,idle,-1,10,-1,45,-3,-48,998,66,1,0
348368,0,idle,-1,12,-1,45,-3,-47,998,65,1,0
348394,0,idle,-1,13,-1,41,-2,-46,998,61,1,0
348420,0,idle,-1,13,-1,34,0,-44,998,55,1,0
348446,0,idle,-1,13,-1,28,1,-42,998,51,1,0
348472,0,idle,-2,13,-1,27,1,-41,998,49,1,0
348498,0,idle,-2,13,-1,27,0,-39,998,47,1,0
348524,0,idle,-2,14,-1,27,0,-39,999,48,1,0
348550,0,idle,-2,13,-1,25,2,-39,999,46,1,0
348576,0,idle,-3,13,-1,23,6,-39,999,46,1,0
348602,0,idle,-2,14,-1,23,8,-39,999,46,1,0
348628,0,idle,-3,14,-1,23,10,-39,999,46,1,0
348654,0,idle,-4,14,-1,23,9,-39,999,46,1,0
348680,0,idle,-4,14,-1,27,6,-37,999,46,1,0
348706,0,idle,-4,13,-1,30,3,-35,999,46,1,0
348732,0,idle,-5,14,-1,31,1,-32,999,45,1,0
348758,0,idle,-4,14,-1,31,-2,-31,999,44,1,0
348784,0,idle,-4,15,-1,29,-4,-32,998,43,1,0
348810,0,idle,-3,14,-1,24,-6,-34,998,42,1,0
348836,0,idle,-3,13,-1,21,-10,-35,998,42,1,0
348862,0,idle,-2,13,-1,21,-13,-35,998,43,1,0
348888,0,idle,-3,12,-1,26,-13,-35,998,45,1,0
348914,0,idle,-3,12,-1,29,-14,-35,999,48,1,0
348940,0,idle,-2,12,-1,32,-11,-36,999,49,1,0
348966,0,idle,-1,12,-1,32,-9,-36,999,49,1,0
349000,0,idle,0,12,0,29,-6,-37,999,47,1,0
349026,0,idle,0,12,0,27,-4,-35,998,45,1,0
349052,0,idle,-1,11,-1,25,-3,-35,998,43,1,0
349078,0,idle,-1,11,-1,24,-4,-34,998,42,1,0
349104,0,idle,-1,11,-1,24,-8,-35,998,43,1,0
349130,0,idle,0,12,0,23,-12,-38,998,46,1,0
349156,0,idle,1,11,0,23,-17,-40,998,49,1,0
349182,0,idle,2,12,0,25,-21,-41,999,52,1,0
349208,0,idle,1,12,0,28,-23,-41,999,55,1,0
349234,0,idle,2,13,0,32,-30,-39,999,59,1,0
349260,0,idle,3,14,0,34,-35,-37,998,61,1,0
349286,0,idle,3,14,0,31,-40,-35,998,62,1,0
349312,0,idle,6,14,0,26,-45,-34,998,62,1,0
349338,0,idle,7,14,1,17,-44,-35,998,59,1,0
349364,0,idle,7,13,1,8,-41,-35,998,55,1,0
349390,0,idle,7,12,1,2,-38,-35,998,52,1,0
349416,0,idle,8,12,1,1,-37,-33,998,50,1,0
349442,0,idle,8,12,1,3,-36,-31,998,48,1,0
349468,0,idle,9,11,1,6,-36,-32,998,48,1,0
349494,0,idle,9,11,1,8,-35,-31,998,47,1,0
349520,0,idle,10,11,1,11,-32,-31,998,45,1,0
349546,0,idle,10,11,1,12,-30,-29,998,43,1,0
349572,0,idle,10,11,1,10,-29,-28,998,42,1,0
349598,0,idle,10,11,1,8,-27,-27,998,39,1,0
349624,0,idle,10,10,1,6,-27,-28,998,39,1,0
349650,0,idle,11,9,2,5,-29,-27,998,40,1,0
349676,0,idle,11,8,2,6,-31,-27,998,41,1,0
349702,0,idle,12,7,2,9,-34,-26,998,44,1,0
349728,0,idle,13,8,2,12,-33,-25,998,43,1,0
349754,0,idle,11,8,2,13,-29,-25,998,40,1,0
349780,0,idle,12,8,2,16,-29,-23,998,41,1,0
349806,0,idle,13,9,2,19,-28,-23,998,41,1,0
349832,0,idle,13,8,2,20,-27,-22,998,40,1,0
349858,0,idle,13,8,2,20,-26,-21,998,39,1,0
349884,0,idle,13,8,2,18,-25,-21,998,38,1,0
349910,0,idle,13,8,2,15,-22,-23,998,35,1,0
349936,0,idle,12,8,2,14,-19,-22,998,33,1,0
349962,0,idle,12,9,2,16,-17,-21,998,31,1,0
349988,0,idle,14,9,2,17,-15,-20,998,30,1,0
350014,0,idle,15,8,2,17,-13,-21,998,30,1,0
350040,0,idle,15,7,2,15,-9,-23,998,29,1,0
350066,0,idle,14,6,2,13,-3,-25,998,28,1,0
350092,0,idle,13,6,2,11,0,-28,998,30,1,0
350117,0,idle,13,6,2,10,-1,-30,998,32,1,0
350143,0,idle,13,5,2,7,-6,-35,998,36,1,0
350169,0,idle,14,4,2,5,-9,-42,998,43,1,0
350195,0,idle,14,2,2,2,-12,-50,998,52,1,0
350221,0,idle,15,0,3,-2,-13,-61,998,63,1,0
350247,0,idle,14,0,3,-5,-14,-72,998,73,1,0
350273,0,idle,13,0,3,-7,-13,-82,999,83,1,0
350299,0,idle,12,0,2,-6,-10,-89,998,89,1,0
350325,0,idle,13,1,2,-6,-13,-93,999,94,1,0
350351,0,idle,15,2,3,-7,-13,-99,999,100,1,0
350377,0,idle,13,1,2,-8,-7,-104,998,105,1,0
350403,0,idle,12,1,2,-7,-3,-107,998,107,1,0
350429,0,idle,13,2,2,-5,0,-106,998,107,1,0
350455,0,idle,13,4,2,-5,-2,-106,998,106,1,0
350481,0,idle,11,3,2,-7,-3,-105,998,106,1,0
350507,0,idle,10,3,2,-6,-4,-103,998,104,1,0
350533,0,idle,10,4,2,-2,-7,-100,999,100,1,0
350559,0,idle,10,4,2,0,-9,-96,999,97,1,0
350585,0,idle,10,4,2,3,-11,-91,998,92,1,0
350611,0,idle,9,4,1,7,-13,-85,998,86,1,0
350637,0,idle,11,4,2,11,-14,-77,998,79,1,0
350671,0,idle,10,5,1,14,-12,-69,998,72,1,0
350697,0,idle,10,5,1,15,-11,-61,998,64,1,0
350723,0,idle,10,6,1,15,-8,-53,998,56,1,0
350749,0,idle,10,5,1,16,-6,-47,998,50,1,0
350775,0,idle,10,4,2,15,-3,-40,998,43,1,0
350801,0,idle,9,3,2,15,-2,-35,998,38,1,0
350826,0,idle,10,3,2,15,-4,-31,999,34,1,0
350852,0,idle,9,2,2,14,-4,-29,999,32,1,0
350878,0,idle,9,2,2,19,-8,-28,999,35,1,0
350904,0,idle,8,2,1,20,-11,-27,998,36,1,0
350930,0,idle,8,2,1,21,-14,-27,999,37,1,0
350956,0,idle,8,1,1,20,-15,-25,998,35,1,0
350982,0,idle,9,1,1,17,-13,-25,998,32,1,0
351008,0,idle,10,1,2,11,-11,-25,998,29,1,0
351034,0,idle,9,0,2,4,-5,-24,998,25,1,0
351060,0,idle,9,0,2,-1,-1,-23,998,24,1,0
351086,0,idle,8,-1,2,-4,2,-23,998,24,1,0
351112,0,idle,7,-1,1,-3,2,-24,999,24,1,0
351137,0,idle,7,-2,1,-3,1,-24,998,24,1,0
351163,0,idle,7,-3,1,-5,-1,-24,998,24,1,0
351189,0,idle,7,-3,1,-6,-3,-24,998,25,1,0
351215,0,idle,6,-2,1,-7,-6,-22,999,24,1,0
351241,0,idle,5,-2,1,-8,-10,-22,998,25,1,0
351267,0,idle,4,-3,1,-10,-13,-22,998,27,1,0
351293,0,idle,5,-3,1,-11,-15,-22,998,29,1,0
351319,0,idle,6,-3,1,-11,-16,-22,998,30,1,0
351345,0,idle,6,-4,1,-11,-15,-22,998,29,1,0
351371,0,idle,8,-4,1,-9,-12,-21,998,26,1,0
351397,0,idle,8,-5,2,-11,-7,-21,998,24,1,0
351423,0,idle,8,-4,2,-11,-3,-20,998,23,1,0
351449,0,idle,8,-4,1,-9,3,-19,998,21,1,0
351475,0,idle,7,-5,1,-8,7,-18,998,21,1,0
351501,0,idle,7,-5,1,-8,5,-17,998,19,1,0
351526,0,idle,6,-6,1,-8,5,-16,998,19,1,0
351552,0,idle,4,-6,1,-9,4,-17,998,19,1,0
351578,0,idle,3,-7,1,-9,3,-17,998,20,1,0
351604,0,idle,3,-7,1,-7,-1,-19,998,20,1,0
351630,0,idle,4,-7,1,-4,-5,-20,998,21,1,0
351656,0,idle,4,-7,1,2,-8,-21,998,23,1,0
351682,0,idle,5,-7,1,7,-9,-21,998,24,1,0
351708,0,idle,6,-6,1,7,-7,-18,998,21,1,0
351734,0,idle,5,-5,1,6,-3,-15,998,17,1,0
351759,0,idle,4,-5,1,2,0,-15,998,15,1,0
351784,0,idle,4,-6,1,-4,-2,-15,998,15,1,0
351810,0,idle,4,-6,1,-6,-3,-15,998,17,1,0
351836,0,idle,4,-7,1,-6,-6,-17,998,19,1,0
351862,0,idle,3,-7,1,-2,-9,-19,998,21,1,0
351888,0,idle,3,-7,1,4,-13,-19,998,23,1,0
351914,0,idle,3,-5,1,11,-14,-17,998,24,1,0
351940,0,idle,2,-3,0,17,-17,-15,998,28,1,0
351966,0,idle,2,-1,1,21,-17,-12,998,30,1,0
351992,0,idle,2,0,1,22,-17,-9,998,29,1,0
352017,0,idle,4,0,1,19,-16,-5,999,25,1,0
352042,0,idle,5,0,1,15,-12,0,999,19,1,0
352067,0,idle,5,0,1,9,-7,4,999,12,1,0
352092,0,idle,3,-1,1,4,3,5,998,7,1,0
352117,0,idle,3,-2,1,1,11,5,999,12,1,0
352142,0,idle,3,-2,1,1,16,6,999,17,1,0
352167,0,idle,2,-2,1,5,23,6,998,24,1,0
352192,0,idle,2,-3,1,9,25,7,999,27,1,0
352217,0,idle,2,-3,1,10,25,6,998,28,1,0
352242,0,idle,2,-2,1,10,28,5,999,30,1,0
352267,0,idle,0,-2,0,8,28,2,999,30,1,0
352292,0,idle,-1,-2,0,6,28,-2,999,28,1,0
352325,0,idle,-3,-3,0,3,25,-6,998,26,1,0
352351,0,idle,-5,-3,-1,6,23,-10,998,25,1,0
352377,0,idle,-6,-3,-1,14,23,-13,998,30,1,0
352403,0,idle,-5,-1,-1,21,23,-16,999,35,1,0
352429,0,idle,-4,0,-1,24,24,-19,998,39,1,0
352455,0,idle,-5,0,-1,22,31,-23,998,44,1,0
352481,0,idle,-6,1,-1,20,33,-26,998,47,1,0
352507,0,idle,-6,2,-1,19,38,-28,999,51,1,0
352533,0,idle,-8,1,-1,15,40,-31,998,53,1,0
352559,0,idle,-9,0,-2,12,42,-34,998,55,1,0
352585,0,idle,-10,0,-2,11,44,-34,998,57,1,0
352611,0,idle,-9,0,-2,9,43,-35,998,56,1,0
352637,0,idle,-10,0,-2,10,43,-39,998,59,1,0
352663,0,idle,-12,0,-2,13,42,-42,998,61,1,0
352689,0,idle,-13,0,-2,19,39,-44,998,62,1,0
352715,0,idle,-14,1,-2,24,36,-43,998,61,1,0
352741,0,idle,-13,3,-3,29,29,-43,998,59,1,0
352767,0,idle,-14,4,-3,29,25,-42,998,57,1,0
352793,0,idle,-16,5,-3,28,24,-40,999,55,1,0
352819,0,idle,-16,6,-3,25,23,-40,998,52,1,0
352845,0,idle,-17,6,-3,22,25,-38,999,51,1,0
352871,0,idle,-17,5,-3,19,23,-38,999,48,1,0
352897,0,idle,-17,5,-3,16,25,-37,998,47,1,0
352923,0,idle,-19,4,-4,16,32,-35,999,50,1,0
352949,0,idle,-19,4,-4,18,32,-34,999,50,1,0
352975,0,idle,-19,6,-3,20,33,-33,999,51,1,0
353001,0,idle,-20,6,-4,19,30,-33,999,48,1,0
353027,0,idle,-20,6,-4,17,24,-31,999,43,1,0
353053,0,idle,-20,5,-4,15,21,-28,999,38,1,0
353079,0,idle,-18,5,-4,12,15,-26,998,33,1,0
353105,0,idle,-17,5,-3,7,11,-25,998,29,1,0
353131,0,idle,-17,4,-3,1,11,-25,998,28,1,0
353157,0,idle,-17,3,-3,0,13,-24,998,27,1,0
353183,0,idle,-17,3,-3,0,15,-23,998,28,1,0
353209,0,idle,-16,3,-3,3,16,-25,998,30,1,0
353235,0,idle,-15,3,-3,7,17,-26,998,32,1,0
353261,0,idle,-16,3,-3,12,17,-27,998,34,1,0
353287,0,idle,-15,3,-3,13,18,-28,999,36,1,0
353313,0,idle,-14,4,-3,13,17,-29,998,36,1,0
353339,0,idle,-14,5,-3,11,16,-32,998,38,1,0
353365,0,idle,-14,4,-3,11,14,-33,998,38,1,0
353391,0,idle,-14,3,-3,14,11,-33,998,37,1,0
353417,0,idle,-14,3,-3,17,12,-32,998,38,1,0
353443,0,idle,-14,4,-3,24,10,-31,998,41,1,0
353469,0,idle,-14,5,-3,29,8,-34,998,45,1,0
353495,0,idle,-13,6,-3,29,7,-38,998,49,1,0
353521,0,idle,-13,7,-3,28,6,-42,998,51,1,0
353547,0,idle,-13,8,-3,29,1,-44,998,53,1,0
353573,0,idle,-12,8,-3,31,-6,-44,998,54,1,0
353599,0,idle,-11,9,-2,30,-12,-43,998,53,1,0
353625,0,idle,-9,9,-2,27,-16,-41,998,51,1,0
353651,0,idle,-7,9,-2,23,-16,-41,998,50,1,0
353677,0,idle,-6,9,-1,19,-12,-41,998,47,1,0
353703,0,idle,-5,8,-1,13,-9,-41,998,44,1,0
353729,0,idle,-4,8,-1,10,-6,-42,998,44,1,0
353755,0,idle,-5,8,-1,10,-4,-41,998,42,1,0
353781,0,idle,-6,8,-1,12,-2,-39,998,41,1,0
353807,0,idle,-5,8,-1,15,-4,-39,998,41,1,0
353833,0,idle,-3,8,-1,14,-7,-41,998,44,1,0
353859,0,idle,-3,8,-1,12,-7,-41,998,43,1,0
353885,0,idle,-4,7,-1,11,-4,-39,998,41,1,0
353911,0,idle,-3,8,-1,11,-5,-35,998,37,1,0
353937,0,idle,-3,8,-1,7,-3,-34,998,34,1,0
353963,0,idle,-4,7,-1,3,-4,-33,998,34,1,0
353997,0,idle,-2,6,-1,2,-6,-33,998,34,1,0
354023,0,idle,-1,6,-1,3,-6,-33,998,34,1,0
354049,0,idle,-1,6,-1,7,-7,-32,998,34,1,0
354075,0,idle,-1,6,-1,10,-9,-31,998,34,1,0
354101,0,idle,-2,7,-1,12,-12,-30,998,35,1,0
354127,0,idle,-1,7,-1,13,-15,-29,998,35,1,0
354153,0,idle,0,6,-1,11,-17,-27,998,34,1,0
354179,0,idle,0,6,0,8,-17,-26,998,33,1,0
354205,0,idle,1,6,0,4,-16,-26,998,31,1,0
354231,0,idle,1,6,0,0,-16,-25,998,29,1,0
354257,0,idle,1,5,0,-2,-15,-24,998,29,1,0
354283,0,idle,0,4,0,1,-12,-25,998,27,1,0
354308,0,idle,0,4,0,6,-11,-24,998,27,1,0
354334,0,idle,1,4,0,9,-12,-25,998,29,1,0
354360,0,idle,2,4,0,9,-13,-26,998,31,1,0
354386,0,idle,2,4,0,7,-14,-28,998,32,1,0
354412,0,idle,2,4,0,4,-15,-28,998,33,1,0
354438,0,idle,2,4,0,2,-17,-28,999,33,1,0
354464,0,idle,2,3,0,1,-21,-27,999,35,1,0
354490,0,idle,1,2,0,0,-25,-27,999,37,1,0
354516,0,idle,3,2,1,2,-28,-28,999,40,1,0
354542,0,idle,4,2,1,2,-29,-30,998,42,1,0
354568,0,idle,5,2,1,3,-28,-32,998,43,1,0
354594,0,idle,6,2,1,2,-26,-33,998,42,1,0
354620,0,idle,5,2,1,0,-25,-33,998,41,1,0
354646,0,idle,6,2,1,1,-26,-32,998,41,1,0
354672,0,idle,5,2,1,3,-24,-30,998,39,1,0
354698,0,idle,5,1,1,3,-25,-29,998,38,1,0
354724,0,idle,6,1,1,0,-24,-27,999,36,1,0
354750,0,idle,7,1,1,-5,-25,-26,999,37,1,0
354776,0,idle,7,0,1,-8,-24,-26,999,36,1,0
354802,0,idle,5,-2,1,-10,-22,-25,998,34,1,0
354828,0,idle,5,-2,1,-8,-22,-25,999,34,1,0
354854,0,idle,6,-1,1,-3,-24,-25,998,35,1,0
354880,0,idle,6,-1,1,2,-25,-27,998,37,1,0
354906,0,idle,6,-1,1,5,-26,-27,998,38,1,0
354932,0,idle,7,-1,1,5,-22,-28,999,36,1,0
354958,0,idle,8,-1,2,5,-18,-27,999,33,1,0
354984,0,idle,8,-2,2,4,-14,-28,999,32,1,0
355010,0,idle,7,-2,1,3,-10,-29,999,31,1,0
355035,0,idle,6,-2,1,3,-5,-30,999,31,1,0
355060,0,idle,7,-2,1,3,-3,-32,999,32,1,0
355085,0,idle,6,-3,1,4,1,-33,998,34,1,0
355110,0,idle,6,-3,1,6,3,-36,998,37,1,0
355135,0,idle,7,-3,2,9,6,-39,999,41,1,0
355160,0,idle,6,-3,1,11,12,-43,999,46,1,0
355186,0,idle,5,-3,1,13,12,-45,999,49,1,0
355212,0,idle,4,-2,1,18,12,-47,999,51,1,0
355238,0,idle,2,-1,1,22,10,-47,999,53,1,0
355264,0,idle,3,-1,1,23,6,-47,999,53,1,0
355290,0,idle,3,0,1,22,3,-47,998,52,1,0
355315,0,idle,3,1,1,21,2,-49,998,53,1,0
355340,0,idle,3,1,1,19,3,-50,999,54,1,0
355365,0,idle,3,1,1,20,4,-50,999,54,1,0
355390,0,idle,3,2,1,24,5,-49,999,55,1,0
355415,0,idle,2,3,0,27,7,-47,999,54,1,0
355440,0,idle,2,4,0,28,7,-45,998,54,1,0
355465,0,idle,2,5,0,27,7,-45,998,53,1,0
355490,0,idle,1,5,0,24,8,-45,999,51,1,0
355515,0,idle,2,5,0,22,7,-43,999,49,1,0
355540,0,idle,2,5,0,19,6,-40,999,45,1,0
355565,0,idle,2,5,0,17,4,-37,998,41,1,0
355590,0,idle,2,4,0,15,3,-34,998,37,1,0
355615,0,idle,2,3,0,14,3,-32,998,35,1,0
355648,0,idle,3,3,0,13,4,-31,998,34,1,0
355673,0,idle,3,3,0,14,8,-31,998,35,1,0
355698,0,idle,3,3,0,14,12,-31,998,36,1,0
355724,0,idle,2,3,0,13,16,-31,998,37,1,0
355750,0,idle,1,4,0,14,16,-29,998,36,1,0
355776,0,idle,1,5,0,16,13,-28,998,35,1,0
355801,0,idle,0,6,0,16,11,-26,998,32,1,0
355826,0,idle,0,5,0,15,8,-24,998,30,1,0
355851,0,idle,2,5,0,12,6,-24,998,27,1,0
355876,0,idle,3,5,0,8,6,-24,998,26,1,0
355901,0,idle,2,5,0,5,8,-25,998,27,1,0
355926,0,idle,0,4,0,4,10,-24,998,27,1,0
355951,0,idle,-1,4,-1,5,12,-24,998,27,1,0
355977,0,idle,-2,5,-1,8,10,-24,998,27,1,0
356003,0,idle,-2,5,-1,10,7,-25,998,28,1,0
356029,0,idle,-3,5,-1,11,4,-27,999,29,1,0
356055,0,idle,-2,6,-1,14,-1,-27,998,31,1,0
356081,0,idle,-1,6,-1,15,-5,-28,998,32,1,0
356107,0,idle,-1,6,0,15,-8,-28,998,33,1,0
356133,0,idle,-1,7,-1,12,-9,-28,998,32,1,0
356159,0,idle,-1,7,-1,11,-8,-29,998,32,1,0
356185,0,idle,-1,6,0,9,-8,-32,998,34,1,0
356210,0,idle,-1,6,0,9,-7,-33,998,35,1,0
356235,0,idle,-1,6,0,9,-4,-35,999,36,1,0
356260,0,idle,-1,6,0,10,-2,-37,999,38,1,0
356286,0,idle,0,5,0,10,3,-37,998,39,1,0
356311,0,idle,-1,5,-1,10,8,-36,998,39,1,0
356337,0,idle,-2,6,-1,11,8,-36,998,38,1,0
356363,0,idle,-2,6,-1,11,8,-35,999,38,1,0
356389,0,idle,-2,5,0,7,8,-37,999,38,1,0
356414,0,idle,-1,4,0,5,6,-37,998,38,1,0
356439,0,idle,0,4,0,4,8,-36,998,37,1,0
356464,0,idle,-1,3,-1,2,12,-35,998,37,1,0
356490,0,idle,-2,3,-1,1,15,-34,998,37,1,0
356516,0,idle,-3,3,-1,1,16,-34,998,37,1,0
356542,0,idle,-4,2,-1,3,16,-33,998,37,1,0
356568,0,idle,-3,2,-1,5,15,-33,998,36,1,0
356594,0,idle,-3,2,-1,8,14,-30,998,34,1,0
356620,0,idle,-3,2,-1,9,13,-28,998,32,1,0
356646,0,idle,-3,2,-1,7,11,-26,999,29,1,0
356671,0,idle,-4,2,-1,4,9,-25,999,26,1,0
356696,0,idle,-6,2,-1,2,6,-25,999,26,1,0
356722,0,idle,-6,1,-1,-1,-2,-25,999,25,1,0
356748,0,idle,-6,1,-1,-2,-9,-24,999,25,1,0
356774,0,idle,-6,0,-1,-1,-14,-24,999,28,1,0
356800,0,idle,-6,0,-1,0,-17,-24,999,29,1,0
356826,0,idle,-5,0,-1,1,-19,-25,999,31,1,0
356852,0,idle,-5,0,-1,2,-20,-26,998,33,1,0
356878,0,idle,-5,0,-1,2,-17,-28,999,33,1,0
356904,0,idle,-6,0,-1,2,-17,-30,999,35,1,0
356930,0,idle,-5,1,-1,3,-19,-32,998,37,1,0
356956,0,idle,-5,1,-1,5,-21,-33,999,39,1,0
356982,0,idle,-5,0,-1,4,-24,-34,998,42,1,0
357008,0,idle,-3,1,-1,3,-25,-35,998,43,1,0
357034,0,idle,-2,1,0,0,-24,-35,998,43,1,0
357060,0,idle,-1,1,0,-2,-22,-34,998,41,1,0
357086,0,idle,-1,0,0,-5,-18,-33,998,38,1,0
357112,0,idle,0,-1,0,-6,-16,-33,998,37,1,0
357138,0,idle,1,-2,0,-6,-14,-34,998,38,1,0
357164,0,idle,0,-2,0,-4,-13,-35,998,37,1,0
357190,0,idle,1,-2,0,-3,-15,-35,998,38,1,0
357216,0,idle,2,-2,1,-2,-15,-35,999,39,1,0
357242,0,idle,2,-2,0,-3,-15,-35,998,38,1,0
357268,0,idle,2,-3,1,-4,-17,-34,999,38,1,0
357302,0,idle,3,-3,1,-8,-20,-32,998,39,1,0
357328,0,idle,4,-3,1,-11,-23,-33,998,41,1,0
357354,0,idle,4,-4,1,-13,-25,-32,998,42,1,0
357380,0,idle,5,-5,1,-14,-27,-30,998,43,1,0
357406,0,idle,5,-6,1,-14,-24,-30,998,41,1,0
357432,0,idle,7,-6,1,-13,-23,-29,998,40,1,0
357458,0,idle,8,-6,2,-11,-22,-30,998,39,1,0
357484,0,idle,7,-7,1,-11,-21,-29,998,38,1,0
357510,0,idle,8,-7,1,-9,-23,-28,998,37,1,0
357536,0,idle,8,-7,2,-6,-20,-27,998,35,1,0
357562,0,idle,8,-7,2,-5,-18,-27,998,33,1,0
357588,0,idle,9,-7,2,-5,-17,-25,998,31,1,0
357614,0,idle,10,-6,2,-8,-16,-25,998,30,1,0
357640,0,idle,9,-6,2,-10,-13,-25,998,30,1,0
357666,0,idle,8,-6,2,-11,-10,-24,999,28,1,0
357692,0,idle,9,-6,2,-9,-9,-23,998,27,1,0
357718,0,idle,9,-6,2,-6,-7,-23,998,25,1,0
357743,0,idle,10,-7,2,-3,-6,-24,999,25,1,0
357769,0,idle,10,-7,2,0,-7,-25,999,26,1,0
357795,0,idle,11,-7,2,2,-6,-26,998,26,1,0
357821,0,idle,10,-6,2,1,-4,-26,998,27,1,0
357846,0,idle,10,-5,2,1,-4,-27,998,28,1,0
357872,0,idle,9,-6,2,1,-5,-29,998,30,1,0
357898,0,idle,8,-6,2,2,-11,-30,998,32,1,0
357924,0,idle,8,-6,2,6,-17,-30,998,35,1,0
357950,0,idle,9,-5,2,9,-21,-32,998,39,1,0
357976,0,idle,10,-5,2,14,-25,-33,998,43,1,0
358002,0,idle,11,-5,2,17,-24,-33,998,44,1,0
358028,0,idle,11,-4,2,19,-21,-32,998,43,1,0
358054,0,idle,12,-3,2,19,-15,-33,998,41,1,0
358080,0,idle,10,-3,2,18,-12,-34,998,40,1,0
358106,0,idle,9,-2,2,17,-13,-35,998,41,1,0
358132,0,idle,8,-1,1,15,-13,-37,998,42,1,0
358158,0,idle,8,-2,2,12,-18,-39,998,44,1,0
358184,0,idle,9,-2,2,10,-21,-40,999,46,1,0
358210,0,idle,10,-2,2,8,-25,-41,998,48,1,0
358236,0,idle,10,-2,2,6,-25,-42,998,50,1,0
358262,0,idle,9,-2,2,6,-22,-44,998,49,1,0
358288,0,idle,9,-1,2,9,-20,-44,998,50,1,0
358314,0,idle,9,0,2,10,-17,-45,999,49,1,0
358340,0,idle,9,0,2,11,-16,-46,998,50,1,0
358366,0,idle,10,1,2,12,-14,-45,998,49,1,0
358392,0,idle,11,2,2,11,-10,-44,999,47,1,0
358418,0,idle,12,2,2,8,-7,-42,999,43,1,0
358443,0,idle,12,2,2,4,-2,-41,998,41,1,0
358469,0,idle,11,2,2,0,3,-40,998,40,1,0
358495,0,idle,11,1,2,-3,5,-38,998,39,1,0
358521,0,idle,10,0,2,-4,6,-37,998,37,1,0
358546,0,idle,9,-1,2,-3,5,-35,998,35,1,0
358571,0,idle,8,-2,2,-3,4,-33,998,34,1,0
358596,0,idle,8,-2,1,-3,3,-34,998,34,1,0
358621,0,idle,9,-2,1,-2,1,-36,998,36,1,0
358646,0,idle,7,-3,1,-2,1,-35,998,35,1,0
358671,0,idle,5,-3,1,-1,-1,-34,998,34,1,0
358697,0,idle,7,-2,1,4,-7,-32,998,33,1,0
358723,0,idle,7,-3,1,4,-8,-33,998,35,1,0
358749,0,idle,8,-3,2,3,-10,-32,998,34,1,0
358775,0,idle,10,-4,2,-1,-9,-31,998,33,1,0
358801,0,idle,9,-4,2,-8,-3,-33,998,34,1,0
358827,0,idle,8,-5,2,-15,-1,-37,998,40,1,0
358853,0,idle,6,-6,1,-18,2,-41,998,45,1,0
358879,0,idle,5,-6,1,-15,-1,-45,999,47,1,0
358905,0,idle,6,-5,1,-5,-5,-45,998,46,1,0
358931,0,idle,5,-4,1,6,-7,-43,999,43,1,0
358965,0,idle,7,-3,1,10,-11,-41,998,43,1,0
358991,0,idle,8,-2,2,10,-9,-40,999,42,1,0
359017,0,idle,7,-2,1,7,-5,-39,998,40,1,0
359042,0,idle,8,-2,1,5,-2,-38,998,38,1,0
359067,0,idle,7,-1,1,4,1,-36,998,36,1,0
359092,0,idle,7,-1,1,5,4,-32,998,33,1,0
359117,0,idle,6,-2,1,8,7,-29,998,31,1,0
359142,0,idle,4,-3,1,10,11,-25,998,28,1,0
359168,0,idle,5,-2,1,11,11,-20,998,26,1,0
359194,0,idle,4,-2,1,12,11,-19,998,25,1,0
359220,0,idle,3,-3,1,11,8,-18,998,22,1,0
359245,0,idle,2,-4,1,9,4,-17,998,20,1,0
359270,0,idle,0,-3,0,8,-2,-15,998,17,1,0
359296,0,idle,-1,-3,0,9,-11,-13,998,19,1,0
359322,0,idle,0,-3,0,9,-17,-12,999,23,1,0
359348,0,idle,2,-3,1,6,-24,-12,999,27,1,0
359374,0,idle,3,-3,1,1,-23,-13,999,27,1,0
359400,0,idle,4,-4,1,-2,-20,-13,999,24,1,0
359426,0,idle,4,-4,1,-7,-12,-14,999,20,1,0
359452,0,idle,2,-5,1,-10,-5,-18,998,21,1,0
359478,0,idle,2,-5,1,-11,-3,-22,999,25,1,0
359504,0,idle,1,-6,1,-10,-1,-26,999,28,1,0
359530,0,idle,1,-6,1,-8,-1,-28,999,29,1,0
359556,0,idle,1,-6,1,-7,-1,-29,999,30,1,0
359582,0,idle,3,-6,1,-7,-3,-32,998,33,1,0
359608,0,idle,4,-6,1,-7,-4,-34,998,35,1,0
359634,0,idle,3,-6,1,-5,-4,-36,998,37,1,0
359660,0,idle,2,-6,1,-3,-6,-39,998,39,1,0
359686,0,idle,1,-6,1,3,-7,-41,999,41,1,0
359712,0,idle,0,-5,0,11,-9,-42,999,45,1,0
359738,0,idle,1,-4,0,18,-14,-42,999,48,1,0
359764,0,idle,2,-2,0,22,-17,-41,998,50,1,0
359790,0,idle,2,-1,0,23,-18,-39,999,49,1,0
359816,0,idle,3,1,1,22,-18,-36,999,46,1,0
359842,0,idle,3,1,1,18,-18,-33,999,42,1,0
359868,0,idle,4,2,1,15,-20,-32,998,40,1,0
359894,0,idle,3,2,1,14,-18,-30,999,37,1,0
359920,0,idle,4,2,1,14,-17,-28,998,35,1,0
359946,0,idle,5,2,1,13,-15,-25,998,32,1,0
359972,0,idle,5,3,1,11,-12,-23,998,28,1,0
359998,0,idle,4,3,1,6,-8,-23,998,25,1,0
360023,0,idle,3,2,0,2,-2,-23,998,23,1,0
360049,0,idle,1,2,0,-1,3,-23,998,23,1,0
360074,0,idle,2,2,0,0,5,-24,998,25,1,0
360099,0,idle,2,2,0,3,8,-25,998,27,1,0
360124,0,idle,0,1,0,5,11,-25,998,28,1,0
360149,0,idle,1,0,0,5,13,-24,998,28,1,0
360174,0,idle,2,0,0,3,16,-25,998,30,1,0
360199,0,idle,2,0,0,1,17,-27,998,31,1,0
360224,0,idle,1,0,0,0,18,-28,998,34,1,0
360249,0,idle,-1,-1,0,-1,18,-30,998,35,1,0
360275,0,idle,-1,-1,0,-2,13,-31,999,33,1,0
360301,0,idle,-2,-2,0,0,10,-31,998,33,1,0
360326,0,idle,-1,-2,0,1,5,-34,999,34,1,0
360351,0,idle,-1,-2,0,4,6,-36,998,36,1,0
360376,0,idle,-1,-2,0,7,5,-38,998,39,1,0
360401,0,idle,0,-2,0,9,7,-40,998,41,1,0
360426,0,idle,-2,-2,0,8,13,-40,998,43,1,0
360452,0,idle,-1,-2,0,8,12,-40,998,43,1,0
360478,0,idle,-1,-2,0,9,17,-41,998,45,1,0
360504,0,idle,-2,-2,0,7,18,-42,998,46,1,0
360530,0,idle,-1,-2,0,3,17,-43,998,46,1,0
360556,0,idle,-2,-2,0,-2,17,-42,998,45,1,0
360582,0,idle,-2,-3,0,-5,16,-41,998,45,1,0
360616,0,idle,-3,-3,0,-5,16,-42,998,46,1,0
360642,0,idle,-4,-3,-1,-2,12,-43,998,44,1,0
360668,0,idle,-4,-3,-1,4,7,-43,998,44,1,0
360694,0,idle,-4,-3,-1,10,2,-42,998,43,1,0
360720,0,idle,-3,-2,-1,14,-1,-39,998,41,1,0
360746,0,idle,-2,0,-1,12,-2,-35,998,37,1,0
360772,0,idle,-2,0,0,7,-1,-32,998,33,1,0
360797,0,idle,-2,1,0,3,0,-28,998,28,1,0
360822,0,idle,-1,1,0,-1,0,-24,998,24,1,0
360848,0,idle,-2,0,0,-4,2,-20,998,20,1,0
360873,0,idle,-2,0,0,-5,3,-16,998,17,1,0
360898,0,idle,-2,-1,0,-7,2,-15,999,16,1,0
360924,0,idle,-1,-2,0,-8,4,-14,999,17,1,0
360950,0,idle,-1,-3,0,-8,7,-15,998,18,1,0
360976,0,idle,-1,-4,0,-7,9,-15,999,19,1,0
361002,0,idle,-3,-4,0,-7,14,-15,998,22,1,0
361028,0,idle,-4,-4,-1,-6,12,-18,998,22,1,0
361054,0,idle,-5,-4,-1,-2,9,-20,999,22,1,0
361080,0,idle,-6,-5,-1,1,6,-21,999,22,1,0
361106,0,idle,-4,-5,0,2,2,-20,999,20,1,0
361132,0,idle,-3,-4,0,1,1,-21,998,21,1,0
361158,0,idle,-4,-4,0,-2,1,-25,998,25,1,0
361184,0,idle,-3,-5,0,-7,4,-30,998,31,1,0
361210,0,idle,-4,-5,0,-8,5,-34,998,35,1,0
361236,0,idle,-4,-5,0,-6,7,-37,998,38,1,0
361262,0,idle,-3,-5,0,1,9,-39,998,40,1,0
361288,0,idle,-3,-4,0,7,8,-41,998,43,1,0
361313,0,idle,-4,-4,-1,8,10,-43,998,45,1,0
361339,0,idle,-4,-3,-1,8,11,-46,998,48,1,0
361365,0,idle,-4,-2,0,6,10,-47,999,48,1,0
361390,0,idle,-5,-2,-1,4,10,-47,998,48,1,0
361416,0,idle,-5,-2,-1,1,8,-47,998,48,1,0
361442,0,idle,-4,-2,-1,-2,5,-48,998,48,1,0
361468,0,idle,-4,-2,-1,-3,4,-49,998,49,1,0
361494,0,idle,-4,-2,-1,-1,3,-49,998,49,1,0
361520,0,idle,-4,-2,-1,2,5,-48,998,48,1,0
361545,0,idle,-3,-2,0,3,5,-46,998,46,1,0
361570,0,idle,-4,-2,-1,1,8,-44,998,44,1,0
361596,0,idle,-5,-1,-1,1,6,-42,998,42,1,0
361621,0,idle,-4,-1,-1,0,2,-39,998,39,1,0
361647,0,idle,-5,-2,-1,-1,-1,-36,998,36,1,0
361673,0,idle,-5,-3,-1,-3,-7,-33,999,33,1,0
361699,0,idle,-3,-3,0,-6,-13,-30,999,33,1,0
361725,0,idle,-2,-4,0,-9,-16,-28,998,34,1,0
361751,0,idle,-2,-4,0,-10,-17,-26,998,33,1,0
361777,0,idle,-3,-5,0,-10,-18,-23,998,31,1,0
361803,0,idle,-3,-4,0,-8,-20,-22,998,30,1,0
361829,0,idle,-2,-4,0,-6,-25,-20,998,32,1,0
361855,0,idle,-2,-4,0,-4,-29,-19,998,35,1,0
361881,0,idle,-2,-5,0,-5,-31,-19,998,36,1,0
361907,0,idle,0,-5,0,-6,-31,-18,998,36,1,0
361933,0,idle,1,-5,0,-7,-30,-17,998,35,1,0
361959,0,idle,1,-6,0,-10,-28,-16,998,34,1,0
361985,0,idle,2,-7,1,-15,-28,-17,998,36,1,0
362011,0,idle,2,-8,1,-18,-28,-18,998,37,1,0
362037,0,idle,2,-9,1,-20,-26,-20,998,38,1,0
362063,0,idle,3,-10,1,-18,-25,-23,999,39,1,0
362089,0,idle,3,-10,1,-14,-25,-20,998,35,1,0
362115,0,idle,4,-9,1,-9,-22,-21,998,32,1,0
362141,0,idle,4,-9,1,-7,-21,-24,998,32,1,0
362167,0,idle,5,-8,1,-4,-23,-24,998,33,1,0
362193,0,idle,5,-8,1,-5,-21,-25,998,33,1,0
362219,0,idle,6,-8,1,-8,-19,-27,998,34,1,0
362245,0,idle,7,-8,1,-10,-18,-26,998,33,1,0
362279,0,idle,7,-9,1,-12,-13,-26,998,32,1,0
362305,0,idle,7,-10,1,-13,-8,-26,998,30,1,0
362331,0,idle,6,-9,1,-11,-6,-26,998,29,1,0
362357,0,idle,6,-9,1,-7,-6,-25,999,27,1,0
362383,0,idle,7,-8,1,-3,-9,-26,998,28,1,0
362409,0,idle,7,-9,1,0,-13,-28,998,31,1,0
362435,0,idle,6,-10,1,2,-16,-28,998,32,1,0
362461,0,idle,7,-9,1,4,-18,-26,998,32,1,0
362487,0,idle,7,-8,1,5,-19,-26,998,33,1,0
362513,0,idle,7,-8,1,4,-19,-28,998,34,1,0
362539,0,idle,7,-7,1,3,-19,-29,998,35,1,0
362565,0,idle,7,-7,1,3,-17,-29,998,33,1,0
362591,0,idle,7,-7,2,3,-14,-27,998,31,1,0
362617,0,idle,8,-6,1,2,-7,-28,998,29,1,0
362643,0,idle,8,-6,2,2,-3,-30,998,30,1,0
362668,0,idle,8,-7,1,1,3,-30,998,31,1,0
362693,0,idle,6,-8,1,-4,9,-32,998,34,1,0
362719,0,idle,6,-7,1,1,10,-33,998,34,1,0
362745,0,idle,5,-6,1,1,10,-33,998,35,1,0
362770,0,idle,3,-6,1,0,8,-34,998,34,1,0
362795,0,idle,4,-7,1,-2,5,-35,998,35,1,0
362821,0,idle,5,-7,1,-5,4,-36,998,37,1,0
362847,0,idle,5,-6,1,-5,4,-37,998,38,1,0
362872,0,idle,5,-7,1,-6,8,-36,998,38,1,0
362898,0,idle,4,-6,1,-4,13,-35,998,38,1,0
362924,0,idle,4,-5,1,-2,17,-34,998,39,1,0
362950,0,idle,3,-5,1,-1,21,-35,998,41,1,0
362976,0,idle,3,-5,1,-2,22,-36,998,42,1,0
363002,0,idle,3,-6,1,-3,25,-35,998,43,1,0
363028,0,idle,2,-6,1,-1,26,-34,998,43,1,0
363054,0,idle,1,-6,0,1,28,-33,998,44,1,0
363079,0,idle,0,-6,0,1,28,-33,999,43,1,0
363104,0,idle,-2,-6,0,0,28,-33,998,43,1,0
363130,0,idle,-2,-6,0,1,25,-32,998,41,1,0
363156,0,idle,-2,-6,0,2,22,-32,999,39,1,0
363182,0,idle,-4,-6,0,2,21,-33,998,39,1,0
363208,0,idle,-4,-6,0,4,18,-35,998,39,1,0
363233,0,idle,-4,-5,-1,6,17,-35,998,39,1,0
363259,0,idle,-5,-5,-1,8,12,-36,998,39,1,0
363285,0,idle,-5,-4,-1,11,10,-36,998,39,1,0
363311,0,idle,-4,-5,-1,10,7,-36,998,38,1,0
363337,0,idle,-4,-5,0,7,5,-36,998,37,1,0
363363,0,idle,-5,-5,-1,4,6,-36,998,37,1,0
363389,0,idle,-4,-5,-1,-1,8,-36,998,37,1,0
363415,0,idle,-5,-5,-1,-4,12,-38,998,40,1,0
363441,0,idle,-6,-6,-1,-6,14,-39,998,42,1,0
363467,0,idle,-6,-6,-1,-3,13,-40,998,42,1,0
363493,0,idle,-5,-5,-1,3,12,-41,998,43,1,0
363519,0,idle,-6,-6,-1,7,10,-42,998,44,1,0
363545,0,idle,-6,-5,-1,10,8,-43,998,45,1,0
363571,0,idle,-5,-4,-1,12,9,-43,998,45,1,0
363597,0,idle,-5,-3,-1,12,9,-42,998,45,1,0
363623,0,idle,-5,-3,-1,11,9,-42,998,44,1,0
363649,0,idle,-6,-3,-1,10,11,-41,998,44,1,0
363675,0,idle,-6,-2,-1,8,11,-40,999,43,1,0
363701,0,idle,-6,-3,-1,5,13,-40,999,42,1,0
363727,0,idle,-6,-2,-1,4,15,-39,999,42,1,0
363753,0,idle,-6,-3,-1,4,16,-38,999,42,1,0
363779,0,idle,-7,-3,-1,5,18,-37,998,42,1,0
363805,0,idle,-8,-3,-1,8,15,-36,998,40,1,0
363831,0,idle,-8,-1,-1,11,8,-34,998,37,1,0
363857,0,idle,-7,-2,-1,11,3,-32,998,34,1,0
363883,0,idle,-7,-2,-1,10,-3,-30,998,32,1,0
363909,0,idle,-6,-2,-1,6,-7,-30,998,31,1,0
363943,0,idle,-5,-2,-1,2,-7,-30,998,31,1,0
363969,0,idle,-6,-2,-1,-1,-5,-31,998,31,1,0
363995,0,idle,-6,-3,-1,-1,-3,-30,998,31,1,0
364021,0,idle,-6,-2,-1,0,-3,-30,998,30,1,0
364047,0,idle,-5,-1,-1,4,-2,-31,998,31,1,0
364073,0,idle,-4,-2,-1,5,-1,-32,998,32,1,0
364099,0,idle,-4,-2,-1,7,2,-32,998,32,1,0
364125,0,idle,-3,-2,-1,6,5,-31,998,32,1,0
364151,0,idle,-4,-1,-1,4,7,-29,998,31,1,0
364177,0,idle,-4,-1,-1,1,7,-29,998,30,1,0
364203,0,idle,-5,-2,-1,-1,5,-30,998,30,1,0
364229,0,idle,-5,-3,-1,-3,3,-32,998,32,1,0
364255,0,idle,-5,-3,-1,-2,-2,-34,998,34,1,0
364281,0,idle,-4,-3,-1,2,-8,-35,998,36,1,0
364307,0,idle,-3,-3,-1,6,-14,-35,998,38,1,0
364333,0,idle,-5,-2,-1,10,-18,-35,998,40,1,0
364359,0,idle,-4,-1,-1,12,-24,-36,998,44,1,0
364385,0,idle,-3,0,-1,13,-28,-35,998,47,1,0
364411,0,idle,-2,0,0,11,-32,-34,998,48,1,0
364437,0,idle,0,-1,0,6,-35,-33,998,48,1,0
364463,0,idle,1,-1,0,1,-35,-32,998,47,1,0
364489,0,idle,2,-1,0,-3,-33,-31,998,45,1,0
364515,0,idle,1,-2,0,-7,-28,-31,998,42,1,0
364541,0,idle,1,-2,0,-7,-24,-29,998,38,1,0
364567,0,idle,2,-2,0,-5,-22,-30,998,37,1,0
364593,0,idle,3,-2,0,0,-21,-31,998,37,1,0
364619,0,idle,3,-2,0,2,-20,-31,998,37,1,0
364645,0,idle,4,-2,1,3,-18,-28,998,34,1,0
364671,0,idle,5,-2,1,2,-16,-26,998,31,1,0
364697,0,idle,4,-2,1,-2,-14,-25,998,29,1,0
364723,0,idle,3,-2,1,-4,-13,-25,998,28,1,0
364749,0,idle,3,-3,1,-5,-14,-25,998,29,1,0
364775,0,idle,3,-4,1,-4,-15,-25,998,29,1,0
364801,0,idle,4,-4,1,0,-16,-26,998,31,1,0
364827,0,idle,6,-4,1,4,-18,-27,999,33,1,0
364853,0,idle,6,-5,1,6,-14,-29,998,33,1,0
364879,0,idle,4,-4,1,7,-14,-29,998,33,1,0
364905,0,idle,6,-2,1,8,-16,-28,998,33,1,0
364931,0,idle,6,-3,1,7,-16,-29,999,33,1,0
364957,0,idle,5,-3,1,4,-16,-29,998,33,1,0
364983,0,idle,6,-3,1,3,-16,-28,998,33,1,0
365009,0,idle,7,-3,1,0,-16,-28,999,32,1,0
365035,0,idle,7,-2,1,-2,-14,-28,999,32,1,0
365061,0,idle,6,-2,1,-4,-11,-30,998,32,1,0
365087,0,idle,7,-3,1,-2,-9,-30,998,31,1,0
365112,0,idle,7,-2,1,1,-4,-30,998,31,1,0
365137,0,idle,7,-2,1,3,-1,-31,998,31,1,0
365162,0,idle,6,-2,1,3,1,-29,998,30,1,0
365187,0,idle,6,-2,1,3,5,-28,998,29,1,0
365212,0,idle,5,-2,1,2,7,-27,999,28,1,0
365237,0,idle,6,-2,1,1,8,-26,998,28,1,0
365262,0,idle,5,-3,1,1,10,-26,998,28,1,0
365287,0,idle,5,-3,1,3,10,-27,998,29,1,0
365313,0,idle,5,-3,1,5,11,-27,998,30,1,0
365339,0,idle,3,-3,1,8,13,-28,998,32,1,0
365365,0,idle,3,-2,1,11,13,-29,999,34,1,0
365391,0,idle,3,-2,1,11,14,-31,999,36,1,0
365417,0,idle,1,-2,1,12,12,-32,999,37,1,0
365443,0,idle,2,-1,1,15,10,-32,999,36,1,0
365469,0,idle,2,-1,1,18,12,-31,999,37,1,0
365495,0,idle,2,-1,1,17,12,-30,999,37,1,0
365521,0,idle,2,-1,0,14,15,-31,999,38,1,0
365547,0,idle,1,-1,0,8,19,-33,998,39,1,0
365573,0,idle,2,-1,1,2,22,-36,999,43,1,0
365606,0,idle,0,-1,0,1,25,-37,998,45,1,0
365632,0,idle,-1,-1,0,4,27,-36,999,45,1,0
365658,0,idle,0,0,0,8,26,-37,998,46,1,0
365683,0,idle,-1,0,0,9,26,-37,998,46,1,0
365709,0,idle,-2,0,0,8,25,-38,998,46,1,0
365734,0,idle,-2,0,0,5,26,-37,998,46,1,0
365760,0,idle,-2,0,0,2,27,-36,998,45,1,0
365786,0,idle,-3,0,-1,0,27,-36,998,45,1,0
365812,0,idle,-5,0,-1,-1,28,-35,998,45,1,0
365838,0,idle,-6,0,-1,0,27,-35,998,44,1,0
365864,0,idle,-6,0,-1,1,27,-36,998,45,1,0
365890,0,idle,-7,0,-1,2,26,-36,998,44,1,0
365916,0,idle,-7,0,-1,4,25,-35,998,43,1,0
365942,0,idle,-8,0,-1,7,26,-35,998,44,1,0
365968,0,idle,-9,1,-2,11,22,-34,998,42,1,0
365994,0,idle,-9,1,-2,15,20,-32,998,41,1,0
366020,0,idle,-10,1,-2,16,18,-31,998,39,1,0
366046,0,idle,-8,1,-1,14,16,-30,999,37,1,0
366072,0,idle,-8,0,-1,8,17,-30,998,36,1,0
366098,0,idle,-9,0,-1,4,19,-32,998,38,1,0
366124,0,idle,-10,-1,-2,2,21,-33,998,39,1,0
366150,0,idle,-11,-1,-2,4,23,-33,998,40,1,0
366176,0,idle,-11,1,-2,9,21,-33,998,40,1,0
366202,0,idle,-11,1,-2,15,19,-33,998,41,1,0
366228,0,idle,-11,1,-2,16,17,-32,998,40,1,0
366254,0,idle,-11,1,-2,15,19,-32,998,40,1,0
366280,0,idle,-11,2,-2,14,20,-31,998,40,1,0
366306,0,idle,-11,2,-2,13,20,-30,998,39,1,0
366332,0,idle,-12,2,-2,10,21,-30,998,38,1,0
366358,0,idle,-14,2,-3,9,20,-29,998,37,1,0
366384,0,idle,-14,1,-3,6,19,-29,998,35,1,0
366410,0,idle,-14,1,-3,5,18,-29,998,35,1,0
366436,0,idle,-15,1,-3,5,18,-30,998,36,1,0
366462,0,idle,-15,0,-3,6,17,-32,998,37,1,0
366488,0,idle,-16,0,-3,9,18,-34,998,40,1,0
366514,0,idle,-16,1,-3,12,13,-36,998,40,1,0
366540,0,idle,-16,2,-3,15,9,-37,998,41,1,0
366566,0,idle,-16,2,-3,15,8,-36,998,40,1,0
366592,0,idle,-15,2,-3,12,8,-35,998,38,1,0
366618,0,idle,-14,3,-3,9,10,-33,998,36,1,0
366644,0,idle,-14,3,-3,2,12,-33,998,35,1,0
366670,0,idle,-15,2,-3,-3,13,-34,998,36,1,0
366696,0,idle,-16,1,-3,-7,12,-34,998,37,1,0
366722,0,idle,-16,1,-3,-6,9,-35,998,37,1,0
366748,0,idle,-15,1,-3,-2,3,-35,998,35,1,0
366774,0,idle,-14,0,-3,1,-6,-36,998,37,1,0
366800,0,idle,-13,-1,-2,3,-12,-37,998,39,1,0
366826,0,idle,-12,-1,-2,3,-19,-35,998,40,1,0
366852,0,idle,-10,0,-2,3,-24,-35,998,42,1,0
366878,0,idle,-9,-1,-2,0,-27,-34,998,44,1,0
366904,0,idle,-8,-1,-1,-2,-29,-34,998,45,1,0
366930,0,idle,-6,-2,-1,-3,-30,-34,998,45,1,0
366956,0,idle,-6,-3,-1,-5,-28,-33,998,43,1,0
366982,0,idle,-5,-3,-1,-5,-25,-33,998,41,1,0
367008,0,idle,-3,-3,0,-5,-24,-33,998,41,1,0
367034,0,idle,-1,-3,0,-5,-22,-35,998,42,1,0
367060,0,idle,-2,-3,0,-3,-24,-35,999,42,1,0
367086,0,idle,1,-3,0,-1,-28,-33,999,43,1,0
367112,0,idle,2,-4,1,0,-29,-33,999,44,1,0
367138,0,idle,2,-4,1,-2,-31,-32,998,45,1,0
367164,0,idle,3,-4,1,-2,-31,-31,998,44,1,0
367190,0,idle,3,-4,1,-2,-29,-31,998,43,1,0
367216,0,idle,4,-3,1,-1,-28,-31,998,41,1,0
367242,0,idle,5,-3,1,1,-28,-30,998,41,1,0
367275,0,idle,6,-2,1,6,-28,-29,998,41,1,0
367301,0,idle,7,-1,1,11,-29,-26,998,41,1,0
367327,0,idle,9,-1,2,13,-30,-24,998,40,1,0
367353,0,idle,9,-1,2,11,-29,-22,998,38,1,0
367379,0,idle,10,0,2,7,-28,-22,998,36,1,0
367405,0,idle,9,0,2,1,-25,-22,998,33,1,0
367431,0,idle,9,0,2,-1,-25,-21,999,33,1,0
367457,0,idle,8,-1,2,-2,-26,-21,999,34,1,0
367483,0,idle,8,-2,2,0,-27,-21,999,35,1,0
367509,0,idle,9,-1,2,4,-28,-22,998,36,1,0
367535,0,idle,9,-2,2,8,-25,-24,998,36,1,0
367561,0,idle,11,-1,2,9,-23,-25,998,35,1,0
367587,0,idle,11,0,2,9,-17,-25,998,31,1,0
367613,0,idle,9,-1,2,6,-13,-25,998,29,1,0
367639,0,idle,10,0,2,6,-11,-25,998,28,1,0
367665,0,idle,10,0,2,6,-9,-25,999,27,1,0
367690,0,idle,10,-1,2,4,-7,-26,999,27,1,0
367716,0,idle,10,-1,2,1,-5,-27,999,28,1,0
367742,0,idle,10,-1,2,-2,-4,-30,999,30,1,0
367768,0,idle,10,-2,2,-4,-3,-32,998,32,1,0
367794,0,idle,8,-2,2,-3,-1,-34,998,34,1,0
367819,0,idle,9,-2,2,2,-2,-35,998,35,1,0
367845,0,idle,10,-1,2,7,-2,-37,998,38,1,0
367871,0,idle,10,-1,2,10,-2,-39,998,41,1,0
367897,0,idle,10,-1,2,10,0,-39,998,40,1,0
367923,0,idle,10,0,2,8,4,-39,998,40,1,0
367948,0,idle,10,0,2,5,9,-39,998,40,1,0
367973,0,idle,10,1,2,2,14,-40,998,42,1,0
367999,0,idle,10,0,2,-2,17,-41,998,45,1,0
368025,0,idle,9,-1,2,-6,22,-42,998,47,1,0
368051,0,idle,8,-1,1,-6,25,-40,998,48,1,0
368077,0,idle,6,-1,1,-4,27,-37,998,46,1,0
368103,0,idle,3,-1,1,-1,27,-36,999,45,1,0
368129,0,idle,3,-1,1,0,21,-35,999,41,1,0
368154,0,idle,1,-2,0,1,17,-36,999,40,1,0
368179,0,idle,-1,-2,0,5,8,-36,999,37,1,0
368205,0,idle,1,-2,0,10,-2,-35,998,37,1,0
368231,0,idle,0,-2,0,14,-6,-33,998,36,1,0
368257,0,idle,0,-2,0,16,-8,-30,998,35,1,0
368283,0,idle,1,-1,0,13,-7,-28,998,32,1,0
368309,0,idle,2,-1,0,7,-2,-29,998,30,1,0
368335,0,idle,1,-2,0,1,4,-30,998,30,1,0
368361,0,idle,0,-2,0,-1,9,-31,998,32,1,0
368387,0,idle,-1,-2,0,2,12,-31,998,33,1,0
368413,0,idle,-2,-2,0,6,14,-31,998,34,1,0
368439,0,idle,-3,-2,0,11,15,-32,998,37,1,0
368465,0,idle,-3,-2,0,15,12,-33,998,38,1,0
368491,0,idle,-2,-2,0,16,12,-36,998,41,1,0
368517,0,idle,-2,-1,0,17,11,-37,998,42,1,0
368543,0,idle,-2,-1,0,18,12,-38,998,44,1,0
368569,0,idle,-2,0,0,18,14,-40,998,46,1,0
368595,0,idle,-2,0,0,18,15,-40,998,47,1,0
368621,0,idle,-2,1,0,18,17,-41,999,48,1,0
368647,0,idle,-3,1,-1,16,20,-40,998,48,1,0
368673,0,idle,-3,1,-1,13,22,-41,998,48,1,0
368699,0,idle,-4,1,-1,10,22,-42,998,49,1,0
368725,0,idle,-5,1,-1,8,23,-43,998,49,1,0
368751,0,idle,-7,2,-1,9,18,-43,998,47,1,0
368777,0,idle,-6,3,-1,13,9,-42,998,45,1,0
368803,0,idle,-7,2,-1,14,1,-41,998,44,1,0
368829,0,idle,-7,2,-1,13,-4,-41,998,43,1,0
368855,0,idle,-6,2,-1,10,-7,-40,998,41,1,0
368881,0,idle,-5,3,-1,6,-7,-39,999,40,1,0
368907,0,idle,-5,2,-1,1,-6,-41,999,42,1,0
368940,0,idle,-6,1,-1,0,-2,-41,999,41,1,0
368966,0,idle,-6,1,-1,1,1,-40,999,40,1,0
368991,0,idle,-5,2,-1,5,3,-37,998,37,1,0
369016,0,idle,-4,2,-1,8,5,-36,999,37,1,0
369042,0,idle,-5,3,-1,9,8,-35,999,37,1,0
369068,0,idle,-4,3,-1,9,11,-33,998,36,1,0
369094,0,idle,-4,2,-1,8,14,-32,998,36,1,0
369120,0,idle,-4,2,-1,6,15,-30,998,34,1,0
369146,0,idle,-4,2,-1,5,12,-29,998,32,1,0
369171,0,idle,-5,1,-1,5,8,-28,998,30,1,0
369196,0,idle,-5,1,-1,5,4,-27,999,28,1,0
369221,0,idle,-5,1,-1,5,-1,-27,998,27,1,0
369247,0,idle,-4,0,-1,4,-5,-29,998,29,1,0
369273,0,idle,-4,0,-1,5,-9,-29,998,31,1,0
369299,0,idle,-3,0,-1,7,-11,-29,998,32,1,0
369325,0,idle,-4,0,-1,9,-11,-29,998,33,1,0
369351,0,idle,-3,1,-1,11,-14,-28,998,33,1,0
369377,0,idle,-2,2,0,12,-15,-27,998,33,1,0
369403,0,idle,-2,1,0,8,-16,-26,998,32,1,0
369429,0,idle,-1,1,0,3,-17,-26,998,31,1,0
369455,0,idle,-1,0,0,-3,-17,-26,998,31,1,0
369481,0,idle,0,-1,0,-9,-18,-28,998,34,1,0
369507,0,idle,-1,-2,0,-11,-17,-29,998,35,1,0
369533,0,idle,0,-2,0,-11,-19,-29,998,37,1,0
369559,0,idle,1,-2,0,-6,-20,-30,998,37,1,0
369585,0,idle,2,-2,0,-2,-21,-32,998,38,1,0
369611,0,idle,2,-2,0,1,-21,-32,998,39,1,0
369637,0,idle,3,-1,0,2,-20,-32,998,38,1,0
369663,0,idle,3,0,0,1,-16,-32,998,36,1,0
369689,0,idle,3,0,0,-2,-15,-32,998,35,1,0
369715,0,idle,4,-1,1,-6,-14,-32,998,35,1,0
369741,0,idle,4,-2,1,-8,-14,-31,998,35,1,0
369767,0,idle,4,-2,1,-7,-14,-30,998,34,1,0
369793,0,idle,3,-3,1,-5,-13,-28,998,32,1,0
369819,0,idle,4,-3,1,-4,-13,-28,998,31,1,0
369845,0,idle,4,-3,1,-1,-13,-29,998,31,1,0
369871,0,idle,5,-2,1,2,-14,-30,998,33,1,0
369897,0,idle,5,-3,1,3,-12,-30,998,32,1,0
369923,0,idle,4,-3,1,3,-13,-30,998,32,1,0
369949,0,idle,5,-2,1,6,-15,-28,998,32,1,0
369975,0,idle,5,-2,1,7,-13,-27,998,31,1,0
370001,0,idle,4,-3,1,6,-13,-26,998,29,1,0
370027,0,idle,4,-2,1,3,-12,-25,998,28,1,0
370053,0,idle,5,-2,1,-2,-12,-25,998,28,1,0
370079,0,idle,5,-3,1,-6,-9,-26,998,28,1,0
370105,0,idle,4,-4,1,-7,-5,-26,998,27,1,0
370131,0,idle,3,-4,1,-5,-3,-27,998,28,1,0
370156,0,idle,3,-4,1,0,0,-29,998,29,1,0
370181,0,idle,4,-4,1,5,1,-32,998,32,1,0
370206,0,idle,3,-3,1,8,3,-34,999,35,1,0
370231,0,idle,4,-4,1,7,3,-34,998,35,1,0
370256,0,idle,4,-3,1,4,5,-35,998,36,1,0
370281,0,idle,4,-2,1,3,5,-36,999,37,1,0
370306,0,idle,3,-3,1,2,5,-37,999,38,1,0
370331,0,idle,2,-3,1,1,7,-38,998,39,1,0
370356,0,idle,1,-3,0,1,9,-39,998,40,1,0
370381,0,idle,1,-3,0,3,11,-39,998,41,1,0
370406,0,idle,1,-3,0,5,14,-40,998,42,1,0
370432,0,idle,1,-3,0,7,19,-39,998,44,1,0
370458,0,idle,1,-3,0,6,20,-40,999,45,1,0
370483,0,idle,1,-3,0,5,21,-41,999,46,1,0
370508,0,idle,0,-3,0,5,22,-41,999,47,1,0
370533,0,idle,-1,-2,0,6,18,-41,998,45,1,0
370559,0,idle,-2,-2,0,9,16,-38,999,42,1,0
370592,0,idle,-1,-2,0,9,10,-35,998,38,1,0
370618,0,idle,0,-2,0,8,7,-35,998,36,1,0
370643,0,idle,0,-3,0,5,10,-36,998,38,1,0
370669,0,idle,-1,-3,0,2,13,-37,998,39,1,0
370695,0,idle,-1,-3,0,0,18,-36,998,40,1,0
370721,0,idle,-2,-3,0,0,20,-36,998,41,1,0
370747,0,idle,-4,-3,-1,3,23,-36,998,43,1,0
370773,0,idle,-4,-3,-1,6,24,-36,998,43,1,0
370799,0,idle,-4,-2,-1,8,21,-36,999,43,1,0
370825,0,idle,-4,-2,-1,9,19,-36,998,42,1,0
370851,0,idle,-5,-2,-1,8,17,-37,998,41,1,0
370877,0,idle,-5,-2,-1,9,14,-36,998,40,1,0
370903,0,idle,-4,-1,-1,9,11,-35,998,38,1,0
370929,0,idle,-5,-1,-1,8,8,-35,998,37,1,0
370954,0,idle,-5,-1,-1,7,7,-35,998,36,1,0
370979,0,idle,-5,-1,-1,7,4,-36,998,37,1,0
371005,0,idle,-5,-1,-1,9,4,-36,998,38,1,0
371031,0,idle,-4,-1,-1,9,3,-36,998,38,1,0
371057,0,idle,-4,-1,0,9,3,-36,999,37,1,0
371082,0,idle,-3,-1,0,8,2,-36,999,37,1,0
371107,0,idle,-3,0,-1,8,5,-38,999,39,1,0
371133,0,idle,-4,0,-1,11,3,-38,999,39,1,0
371159,0,idle,-3,1,-1,12,0,-37,998,39,1,0
371185,0,idle,-4,1,-1,11,-2,-36,998,38,1,0
371211,0,idle,-3,0,-1,9,-3,-35,998,37,1,0
371237,0,idle,-3,0,0,8,-2,-34,999,35,1,0
371262,0,idle,-2,0,0,4,-2,-34,998,34,1,0
371288,0,idle,-2,-1,0,1,1,-36,998,36,1,0
371314,0,idle,-3,-1,-1,1,2,-37,998,37,1,0
371339,0,idle,-3,-1,0,4,2,-37,999,37,1,0
371364,0,idle,-3,0,0,8,3,-36,998,37,1,0
371389,0,idle,-3,1,-1,11,3,-35,998,37,1,0
371415,0,idle,-3,1,-1,14,5,-34,998,37,1,0
371441,0,idle,-3,2,-1,12,6,-33,998,36,1,0
371466,0,idle,-2,2,0,9,6,-33,998,35,1,0
371491,0,idle,-3,1,-1,5,6,-33,998,34,1,0
371516,0,idle,-3,1,-1,4,4,-31,998,32,1,0
371541,0,idle,-4,1,-1,4,2,-29,998,29,1,0
371566,0,idle,-4,0,-1,3,-1,-27,998,27,1,0
371592,0,idle,-4,1,-1,3,-3,-27,998,28,1,0
371618,0,idle,-3,0,-1,3,-5,-31,998,31,1,0
371644,0,idle,-3,-1,-1,3,-4,-32,998,33,1,0
371670,0,idle,-2,-1,0,6,-4,-32,998,32,1,0
371696,0,idle,-2,0,0,8,-2,-34,998,35,1,0
371721,0,idle,-3,0,0,8,-3,-34,999,35,1,0
371747,0,idle,-3,1,0,11,-3,-33,998,35,1,0
371773,0,idle,-3,1,-1,9,-4,-32,998,33,1,0
371799,0,idle,-2,0,0,5,-5,-30,998,31,1,0
371825,0,idle,-1,0,0,0,-5,-30,999,30,1,0
371851,0,idle,-1,0,0,-4,-5,-31,999,31,1,0
371877,0,idle,-2,-1,0,-7,-4,-31,998,32,1,0
371903,0,idle,-4,-2,-1,-7,-3,-32,998,33,1,0
371929,0,idle,-3,-2,-1,-5,-7,-32,998,33,1,0
371955,0,idle,-2,-1,0,-2,-12,-33,998,36,1,0
371981,0,idle,-2,-1,0,1,-18,-34,998,39,1,0
372007,0,idle,-1,-1,0,4,-23,-34,998,41,1,0
372033,0,idle,0,-1,0,5,-25,-33,998,41,1,0
372059,0,idle,1,-1,0,3,-25,-32,998,41,1,0
372085,0,idle,1,-2,0,1,-24,-32,998,40,1,0
372111,0,idle,2,-2,0,0,-23,-31,998,38,1,0
372137,0,idle,3,-2,1,1,-22,-29,998,37,1,0
372163,0,idle,3,-2,1,0,-19,-29,998,34,1,0
372189,0,idle,2,-2,0,0,-15,-28,999,32,1,0
372215,0,idle,2,-3,1,0,-14,-28,999,31,1,0
372248,0,idle,3,-2,1,0,-14,-29,998,32,1,0
372274,0,idle,3,-3,1,1,-16,-30,998,34,1,0
372300,0,idle,4,-3,1,2,-15,-29,998,33,1,0
372326,0,idle,4,-4,1,1,-17,-29,999,34,1,0
372352,0,idle,5,-3,1,2,-20,-29,998,35,1,0
372378,0,idle,5,-3,1,4,-21,-29,998,36,1,0
372404,0,idle,5,-4,1,3,-22,-28,998,36,1,0
372430,0,idle,6,-3,1,0,-22,-28,998,36,1,0
372456,0,idle,7,-3,1,-4,-20,-28,998,35,1,0
372482,0,idle,7,-4,1,-7,-19,-29,998,36,1,0
372508,0,idle,7,-4,1,-9,-17,-31,998,36,1,0
372534,0,idle,7,-5,1,-7,-17,-31,998,36,1,0
372560,0,idle,8,-5,1,-3,-17,-30,998,35,1,0
372586,0,idle,8,-4,1,1,-20,-29,998,35,1,0
372612,0,idle,8,-4,1,2,-21,-29,998,36,1,0
372638,0,idle,7,-4,2,2,-21,-30,999,37,1,0
372664,0,idle,8,-4,2,1,-20,-32,999,37,1,0
372690,0,idle,7,-4,2,0,-19,-32,999,37,1,0
372716,0,idle,8,-4,2,1,-18,-31,999,36,1,0
372742,0,idle,8,-3,2,4,-18,-30,999,35,1,0
372768,0,idle,9,-3,2,6,-17,-29,999,34,1,0
372794,0,idle,8,-3,2,7,-13,-27,999,31,1,0
372820,0,idle,9,-3,2,8,-9,-26,999,29,1,0
372845,0,idle,9,-2,2,8,-3,-28,999,29,1,0
372870,0,idle,9,-3,2,7,0,-28,998,29,1,0
372895,0,idle,9,-3,2,7,4,-29,998,31,1,0
372920,0,idle,8,-4,1,7,4,-30,998,31,1,0
372945,0,idle,7,-3,1,12,5,-30,998,33,1,0
372970,0,idle,7,-2,1,17,6,-31,998,36,1,0
372995,0,idle,6,-2,1,19,6,-32,998,38,1,0
373020,0,idle,7,-2,1,18,7,-33,999,38,1,0
373046,0,idle,7,-2,1,13,8,-34,998,37,1,0
373072,0,idle,7,-2,1,7,12,-34,999,37,1,0
373098,0,idle,5,-2,1,4,17,-35,999,39,1,0
373124,0,idle,5,-2,1,4,18,-35,998,40,1,0
373149,0,idle,4,-2,1,6,20,-36,998,42,1,0
373175,0,idle,4,-1,1,8,19,-37,998,42,1,0
373201,0,idle,3,-1,1,9,18,-37,998,42,1,0
373227,0,idle,3,-1,0,8,19,-37,998,43,1,0
373252,0,idle,2,0,0,5,19,-37,998,42,1,0
373277,0,idle,2,0,0,2,20,-37,999,42,1,0
373302,0,idle,1,0,0,0,20,-36,998,41,1,0
373327,0,idle,-1,-1,0,-2,20,-35,999,41,1,0
373353,0,idle,-1,-1,0,-2,18,-34,998,38,1,0
373379,0,idle,-1,-1,0,0,16,-34,999,37,1,0
373405,0,idle,-1,-1,0,2,14,-35,998,37,1,0
373430,0,idle,-1,-1,0,5,13,-34,999,37,1,0
373456,0,idle,-1,-1,0,7,13,-34,998,37,1,0
373482,0,idle,-2,-1,0,8,15,-33,998,37,1,0
373508,0,idle,-3,-1,-1,9,18,-33,998,39,1,0
373534,0,idle,-3,1,-1,11,16,-33,998,39,1,0
373560,0,idle,-4,0,-1,13,17,-32,998,39,1,0
373586,0,idle,-4,-1,-1,13,18,-30,999,37,1,0
373612,0,idle,-3,-1,0,11,17,-29,999,35,1,0
373638,0,idle,-3,0,0,7,19,-30,999,36,1,0
373664,0,idle,-5,-1,-1,4,20,-32,999,38,1,0
373690,0,idle,-7,-1,-1,2,21,-32,998,39,1,0
373716,0,idle,-7,-2,-1,2,19,-33,998,38,1,0
373742,0,idle,-6,-1,-1,6,16,-34,998,37,1,0
373768,0,idle,-6,-1,-1,10,12,-35,998,38,1,0
373794,0,idle,-6,0,-1,12,8,-35,998,38,1,0
373820,0,idle,-6,1,-1,12,8,-36,998,39,1,0
373846,0,idle,-6,1,-1,10,10,-36,998,39,1,0
373872,0,idle,-5,1,-1,8,10,-36,998,38,1,0
373905,0,idle,-6,1,-1,6,10,-37,999,39,1,0
373931,0,idle,-8,0,-1,5,12,-36,998,39,1,0
373957,0,idle,-8,0,-1,6,12,-35,999,38,1,0
373983,0,idle,-7,0,-1,5,11,-35,999,37,1,0
374008,0,idle,-7,0,-1,4,12,-36,999,38,1,0
374034,0,idle,-8,0,-1,4,13,-38,999,40,1,0
374060,0,idle,-6,0,-1,6,11,-37,999,39,1,0
374086,0,idle,-8,0,-1,7,12,-36,999,38,1,0
374112,0,idle,-9,1,-2,11,8,-35,998,37,1,0
374138,0,idle,-7,1,-1,13,3,-34,998,37,1,0
374164,0,idle,-8,1,-2,12,2,-34,998,36,1,0
374190,0,idle,-8,1,-1,10,2,-33,998,34,1,0
374215,0,idle,-6,1,-1,9,4,-31,998,32,1,0
374240,0,idle,-6,1,-1,7,6,-30,998,32,1,0
374265,0,idle,-7,1,-1,5,9,-30,998,32,1,0
374291,0,idle,-8,0,-1,5,12,-31,998,33,1,0
374317,0,idle,-8,1,-1,7,12,-30,999,33,1,0
374343,0,idle,-8,1,-1,10,9,-29,998,32,1,0
374369,0,idle,-8,2,-2,12,9,-28,998,32,1,0
374395,0,idle,-8,2,-1,12,8,-27,999,31,1,0
374421,0,idle,-7,2,-1,10,6,-26,999,28,1,0
374446,0,idle,-7,2,-1,8,6,-24,999,26,1,0
374471,0,idle,-7,1,-1,6,5,-23,998,24,1,0
374496,0,idle,-7,0,-1,6,5,-24,998,25,1,0
374521,0,idle,-8,0,-1,7,5,-23,998,25,1,0
374546,0,idle,-7,0,-1,7,5,-24,998,25,1,0
374571,0,idle,-6,-1,-1,7,6,-25,998,27,1,0
374597,0,idle,-6,-1,-1,6,8,-27,998,29,1,0
374623,0,idle,-6,-1,-1,6,9,-29,998,31,1,0
374649,0,idle,-5,0,-1,7,11,-29,998,32,1,0
374675,0,idle,-7,0,-1,8,11,-30,999,33,1,0
374701,0,idle,-7,1,-1,8,7,-31,999,33,1,0
374727,0,idle,-8,1,-1,9,3,-31,999,32,1,0
374752,0,idle,-8,1,-1,8,-1,-32,999,33,1,0
374778,0,idle,-7,1,-1,6,-7,-32,999,33,1,0
374804,0,idle,-6,0,-1,3,-11,-33,999,35,1,0
374830,0,idle,-6,0,-1,1,-13,-35,998,37,1,0
374856,0,idle,-6,0,-1,2,-13,-36,998,38,1,0
374882,0,idle,-5,1,-1,3,-16,-36,998,39,1,0
374908,0,idle,-4,2,-1,8,-17,-35,998,40,1,0
374934,0,idle,-4,3,-1,11,-17,-34,998,39,1,0
374960,0,idle,-4,3,-1,11,-16,-33,998,39,1,0
374986,0,idle,-3,4,-1,9,-16,-33,998,38,1,0
375012,0,idle,-2,4,-1,5,-17,-32,998,37,1,0
375038,0,idle,-3,3,-1,2,-16,-31,998,34,1,0
375064,0,idle,-3,3,-1,2,-16,-29,998,33,1,0
375090,0,idle,-2,2,-1,2,-20,-27,998,33,1,0
375116,0,idle,-2,2,0,3,-22,-24,998,33,1,0
375142,0,idle,-1,1,0,4,-23,-23,998,33,1,0
375168,0,idle,0,1,0,5,-23,-23,998,33,1,0
375194,0,idle,0,0,0,5,-24,-24,998,34,1,0
375220,0,idle,1,0,0,5,-23,-24,998,33,1,0
375246,0,idle,0,1,0,4,-20,-24,998,32,1,0
375272,0,idle,1,1,0,6,-23,-24,998,33,1,0
375298,0,idle,2,1,0,7,-21,-23,998,32,1,0
375324,0,idle,2,0,0,7,-20,-22,998,30,1,0
375350,0,idle,3,0,0,5,-20,-21,998,29,1,0
375376,0,idle,3,-1,1,2,-18,-21,998,28,1,0
375402,0,idle,3,-1,1,-2,-16,-22,998,27,1,0
375428,0,idle,4,-2,1,-5,-17,-24,998,30,1,0
375454,0,idle,4,-3,1,-5,-20,-26,998,33,1,0
375480,0,idle,5,-3,1,0,-23,-29,998,37,1,0
375506,0,idle,6,-2,1,4,-25,-30,998,39,1,0
375532,0,idle,5,-2,1,8,-26,-30,998,41,1,0
375566,0,idle,6,-1,1,8,-24,-31,998,40,1,0
375592,0,idle,8,-1,1,7,-23,-34,998,41,1,0
375618,0,idle,8,-1,1,5,-19,-35,998,40,1,0
375644,0,idle,7,-2,1,4,-14,-36,999,39,1,0
375670,0,idle,7,-2,1,4,-11,-36,998,37,1,0
375696,0,idle,7,-2,1,3,-8,-35,998,36,1,0
375721,0,idle,7,-2,1,2,-4,-36,998,37,1,0
375746,0,idle,7,-2,1,2,-1,-39,998,39,1,0
375771,0,idle,8,-2,2,3,-2,-41,998,41,1,0
375796,0,idle,8,-3,1,4,-1,-42,998,42,1,0
375821,0,idle,6,-2,1,5,-2,-42,998,43,1,0
375847,0,idle,7,-1,1,9,-6,-43,998,44,1,0
375873,0,idle,7,-1,1,12,-5,-43,998,45,1,0
375899,0,idle,8,-1,1,11,-6,-44,998,46,1,0
375925,0,idle,9,-1,2,9,-5,-45,998,46,1,0
375950,0,idle,9,-1,2,5,-1,-45,998,46,1,0
375975,0,idle,9,-1,2,2,2,-45,999,45,1,0
376000,0,idle,9,0,2,2,5,-43,998,44,1,0
376025,0,idle,8,0,1,3,6,-42,998,43,1,0
376050,0,idle,8,1,1,7,7,-41,998,43,1,0
376075,0,idle,8,1,1,10,6,-41,998,43,1,0
376100,0,idle,8,1,1,12,4,-40,998,42,1,0
376125,0,idle,7,1,1,12,4,-39,998,41,1,0
376150,0,idle,6,2,1,11,5,-39,998,41,1,0
376175,0,idle,6,2,1,11,3,-37,998,39,1,0
376200,0,idle,5,2,1,9,2,-36,998,37,1,0
376225,0,idle,5,2,1,9,0,-35,998,36,1,0
376250,0,idle,4,2,1,8,-1,-34,998,35,1,0
376275,0,idle,5,2,1,8,-2,-33,998,34,1,0
376300,0,idle,6,2,1,7,-4,-32,998,33,1,0
376325,0,idle,5,1,1,6,-4,-32,998,33,1,0
376350,0,idle,5,2,1,7,-4,-31,999,32,1,0
376375,0,idle,4,2,1,8,-6,-30,999,32,1,0
376400,0,idle,4,2,1,10,-10,-30,999,33,1,0
376426,0,idle,4,2,1,12,-12,-29,999,34,1,0
376452,0,idle,4,1,1,11,-14,-28,998,33,1,0
376478,0,idle,5,1,1,7,-12,-27,999,30,1,0
376504,0,idle,6,1,1,3,-7,-26,999,27,1,0
376529,0,idle,6,1,1,0,-1,-26,998,26,1,0
376554,0,idle,4,0,1,-3,6,-26,999,27,1,0
376580,0,idle,4,0,1,-4,9,-25,999,27,1,0
376605,0,idle,4,0,1,-1,9,-24,999,26,1,0
376630,0,idle,3,0,0,5,9,-25,998,26,1,0
376655,0,idle,3,1,0,9,5,-24,998,26,1,0
376680,0,idle,3,1,0,12,4,-23,998,26,1,0
376705,0,idle,3,1,0,10,1,-23,998,25,1,0
376730,0,idle,4,1,0,8,-2,-23,998,24,1,0
376755,0,idle,3,0,0,7,-4,-23,998,25,1,0
376780,0,idle,3,-1,0,8,-7,-23,998,25,1,0
376806,0,idle,3,-1,0,10,-8,-22,998,25,1,0
376832,0,idle,3,-1,0,12,-11,-23,998,28,1,0
376858,0,idle,4,0,1,13,-12,-24,998,30,1,0
376884,0,idle,4,-1,1,13,-11,-27,998,31,1,0
376910,0,idle,5,-1,1,12,-10,-28,998,32,1,0
376936,0,idle,5,0,1,12,-7,-30,998,33,1,0
376961,0,idle,4,1,1,14,-6,-31,998,34,1,0
376987,0,idle,4,1,1,16,-6,-33,998,37,1,0
377013,0,idle,3,1,1,16,-4,-33,998,37,1,0
377038,0,idle,4,2,1,15,-3,-34,999,37,1,0
377063,0,idle,5,2,1,11,-1,-33,998,35,1,0
377088,0,idle,5,1,1,6,3,-34,998,34,1,0
377113,0,idle,3,1,1,1,8,-35,998,36,1,0
377138,0,idle,2,0,1,-1,10,-36,999,38,1,0
377164,0,idle,2,1,0,1,10,-38,999,39,1,0
377197,0,idle,1,1,0,3,11,-40,999,42,1,0
377222,0,idle,1,1,0,5,11,-42,999,43,1,0
377247,0,idle,1,2,0,7,10,-40,999,42,1,0
377272,0,idle,1,2,0,5,10,-40,999,41,1,0
377297,0,idle,-1,2,0,0,9,-40,999,41,1,0
377322,0,idle,-3,2,0,-2,6,-39,999,40,1,0
377348,0,idle,-3,2,0,-4,0,-39,999,39,1,0
377374,0,idle,-3,0,-1,-6,-5,-39,999,40,1,0
377400,0,idle,-3,0,-1,-3,-11,-40,998,42,1,0
377426,0,idle,-1,0,0,1,-17,-41,998,44,1,0
377452,0,idle,-1,-1,0,5,-18,-40,998,44,1,0
377478,0,idle,0,0,0,9,-17,-37,998,42,1,0
377504,0,idle,-1,1,0,11,-15,-34,998,39,1,0
377530,0,idle,0,2,0,13,-17,-32,998,38,1,0
377556,0,idle,1,2,0,13,-16,-29,998,36,1,0
377582,0,idle,2,1,0,8,-15,-27,998,32,1,0
377608,0,idle,3,0,0,4,-14,-24,998,28,1,0
377634,0,idle,3,0,1,1,-12,-23,999,26,1,0
377660,0,idle,3,-1,1,-2,-9,-22,998,24,1,0
377686,0,idle,2,-2,0,-2,-8,-21,999,22,1,0
377712,0,idle,2,-2,0,2,-10,-21,999,23,1,0
377738,0,idle,3,-2,1,7,-12,-21,999,25,1,0
377764,0,idle,3,-2,1,11,-11,-23,998,28,1,0
377790,0,idle,4,-1,1,14,-11,-24,999,30,1,0
377816,0,idle,4,0,1,12,-10,-25,999,29,1,0
377842,0,idle,4,0,1,9,-13,-27,999,31,1,0
377868,0,idle,4,0,1,6,-13,-27,999,31,1,0
377894,0,idle,3,0,1,3,-14,-28,999,32,1,0
377920,0,idle,3,-1,1,1,-15,-30,998,33,1,0
377946,0,idle,3,-2,0,1,-15,-32,998,35,1,0
377972,0,idle,4,-1,1,4,-17,-35,998,39,1,0
377998,0,idle,4,-1,0,7,-16,-38,998,42,1,0
378024,0,idle,4,-2,1,9,-17,-40,998,44,1,0
378050,0,idle,5,-1,1,12,-14,-41,998,45,1,0
378076,0,idle,4,-1,1,14,-14,-42,998,46,1,0
378102,0,idle,5,1,1,17,-14,-41,998,47,1,0
378128,0,idle,6,1,1,17,-11,-41,998,46,1,0
378154,0,idle,6,1,1,15,-10,-40,998,44,1,0
378180,0,idle,6,2,1,12,-5,-40,998,42,1,0
378205,0,idle,6,2,1,8,1,-39,998,39,1,0
378230,0,idle,5,3,1,6,7,-38,998,39,1,0
378255,0,idle,4,3,1,6,15,-37,998,40,1,0
378280,0,idle,4,2,1,8,17,-36,998,40,1,0
378305,0,idle,5,3,1,11,19,-34,998,40,1,0
378331,0,idle,4,2,1,13,20,-33,998,41,1,0
378357,0,idle,3,2,0,12,21,-33,998,41,1,0
378383,0,idle,2,3,0,11,24,-33,998,42,1,0
378408,0,idle,2,4,0,8,23,-34,998,42,1,0
378433,0,idle,0,3,0,5,22,-34,998,41,1,0
378458,0,idle,0,3,0,3,21,-32,998,38,1,0
378483,0,idle,-1,3,0,3,20,-30,998,36,1,0
378508,0,idle,-1,4,0,4,19,-28,998,34,1,0
378533,0,idle,-1,4,0,4,20,-26,998,33,1,0
378558,0,idle,-1,3,0,4,22,-25,998,34,1,0
378583,0,idle,-1,2,0,4,23,-23,998,33,1,0
378608,0,idle,-3,1,0,4,27,-22,998,35,1,0
378633,0,idle,-4,1,-1,3,25,-21,998,33,1,0
378659,0,idle,-4,1,-1,4,22,-22,998,31,1,0
378685,0,idle,-5,0,-1,8,24,-23,998,34,1,0
378711,0,idle,-5,-1,-1,10,23,-23,998,34,1,0
378737,0,idle,-4,0,-1,11,23,-24,998,35,1,0
378763,0,idle,-5,0,-1,9,26,-26,998,38,1,0
378789,0,idle,-7,0,-1,7,30,-28,998,41,1,0
378815,0,idle,-7,1,-1,7,33,-30,998,46,1,0
378848,0,idle,-9,1,-1,10,34,-32,998,48,1,0
378874,0,idle,-9,1,-1,13,34,-34,998,50,1,0
378900,0,idle,-10,1,-2,16,33,-36,998,51,1,0
378926,0,idle,-11,1,-2,18,34,-37,998,53,1,0
378952,0,idle,-11,1,-2,21,34,-37,998,55,1,0
378978,0,idle,-12,2,-2,24,35,-38,998,57,1,0
379004,0,idle,-12,2,-2,26,35,-39,998,59,1,0
379030,0,idle,-13,2,-3,28,35,-39,998,60,1,0
379056,0,idle,-14,3,-3,30,35,-38,998,60,1,0
379082,0,idle,-15,4,-3,34,34,-38,998,61,1,0
379108,0,idle,-15,4,-3,35,33,-38,998,62,1,0
379134,0,idle,-16,5,-3,36,32,-39,998,61,1,0
379160,0,idle,-16,6,-3,36,30,-38,998,61,1,0
379186,0,idle,-17,7,-3,37,28,-39,998,61,1,0
379212,0,idle,-17,8,-3,39,23,-38,999,59,1,0
379238,0,idle,-17,8,-3,38,19,-37,998,56,1,0
379264,0,idle,-17,8,-3,34,16,-35,998,51,1,0
379290,0,idle,-16,9,-3,29,16,-34,998,48,1,0
379316,0,idle,-16,9,-3,23,18,-35,998,46,1,0
379342,0,idle,-15,9,-3,15,18,-37,998,44,1,0
379368,0,idle,-16,8,-3,8,20,-37,998,43,1,0
379394,0,idle,-17,8,-3,6,18,-36,999,41,1,0
379420,0,idle,-17,8,-3,8,15,-36,998,40,1,0
379446,0,idle,-17,8,-3,11,11,-37,998,40,1,0
379472,0,idle,-17,8,-3,13,8,-37,998,40,1,0
379498,0,idle,-16,8,-3,13,6,-37,998,40,1,0
379524,0,idle,-15,8,-3,12,3,-37,998,40,1,0
379550,0,idle,-14,9,-3,11,1,-37,999,39,1,0
379576,0,idle,-15,9,-3,9,-1,-35,999,36,1,0
379602,0,idle,-15,8,-3,6,-2,-34,998,34,1,0
379628,0,idle,-14,8,-3,6,-4,-33,998,34,1,0
379654,0,idle,-13,8,-3,8,-7,-34,998,36,1,0
379680,0,idle,-11,7,-2,9,-9,-36,998,39,1,0
379706,0,idle,-10,5,-2,9,-9,-37,998,39,1,0
379732,0,idle,-10,4,-2,10,-7,-36,998,38,1,0
379758,0,idle,-10,5,-2,12,-8,-35,998,38,1,0
379784,0,idle,-9,6,-2,13,-10,-38,998,41,1,0
379810,0,idle,-9,5,-2,12,-11,-41,998,44,1,0
379836,0,idle,-8,4,-2,10,-14,-43,998,47,1,0
379862,0,idle,-6,4,-1,10,-15,-44,998,48,1,0
379888,0,idle,-5,4,-1,8,-17,-45,998,49,1,0
379914,0,idle,-5,5,-1,7,-16,-47,998,50,1,0
379940,0,idle,-6,4,-1,6,-16,-49,998,52,1,0
379966,0,idle,-4,3,-1,7,-21,-50,998,55,1,0
379992,0,idle,-2,4,0,8,-24,-52,998,58,1,0
380018,0,idle,-2,4,0,10,-28,-52,998,60,1,0
380044,0,idle,-1,4,0,12,-31,-53,998,62,1,0
380070,0,idle,1,5,0,13,-32,-53,999,64,1,0
380096,0,idle,3,5,1,12,-32,-54,999,64,1,0
380122,0,idle,4,5,1,10,-32,-54,998,64,1,0
380148,0,idle,6,5,1,8,-29,-53,998,61,1,0
380174,0,idle,7,6,1,7,-25,-51,998,57,1,0
380200,0,idle,7,6,1,6,-23,-48,998,53,1,0
380226,0,idle,7,6,1,4,-23,-43,998,49,1,0
380252,0,idle,7,6,1,3,-25,-39,998,47,1,0
380278,0,idle,8,6,1,4,-31,-33,998,45,1,0
380304,0,idle,8,6,1,5,-34,-26,998,43,1,0
380330,0,idle,9,6,2,5,-38,-22,998,44,1,0
380355,0,idle,10,6,2,6,-45,-19,998,50,1,0
380381,0,idle,10,6,2,8,-47,-17,998,51,1,0
380407,0,idle,10,4,2,8,-47,-16,999,50,1,0
380433,0,idle,11,5,2,7,-47,-14,999,49,1,0
380459,0,idle,11,5,2,4,-44,-12,999,46,1,0
380485,0,idle,11,5,2,0,-40,-11,999,42,1,0
380519,0,idle,11,4,2,-4,-35,-11,998,37,1,0
380545,0,idle,12,3,2,-8,-33,-10,999,35,1,0
380571,0,idle,11,2,2,-8,-30,-11,998,33,1,0
380597,0,idle,11,1,2,-7,-29,-12,998,32,1,0
380623,0,idle,12,0,2,-7,-28,-14,998,32,1,0
380649,0,idle,13,-1,2,-7,-28,-16,998,33,1,0
380675,0,idle,13,-1,2,-8,-27,-18,998,33,1,0
380701,0,idle,13,-2,2,-9,-27,-22,998,36,1,0
380727,0,idle,13,-2,2,-10,-26,-25,998,37,1,0
380753,0,idle,13,-3,2,-12,-26,-28,998,40,1,0
380779,0,idle,13,-4,2,-12,-25,-30,998,41,1,0
380805,0,idle,13,-5,2,-10,-22,-34,998,41,1,0
380831,0,idle,12,-5,2,-5,-19,-37,998,42,1,0
380857,0,idle,13,-5,2,0,-18,-41,998,45,1,0
380883,0,idle,13,-5,2,3,-16,-43,998,46,1,0
380909,0,idle,12,-5,2,6,-12,-44,998,46,1,0
380935,0,idle,12,-4,2,7,-13,-45,999,47,1,0
380961,0,idle,12,-4,2,9,-8,-45,998,47,1,0
380987,0,idle,11,-4,2,11,-6,-44,998,46,1,0
381013,0,idle,13,-3,2,14,-5,-45,998,47,1,0
381039,0,idle,13,-3,2,14,-4,-43,999,45,1,0
381065,0,idle,12,-2,2,11,-1,-42,998,44,1,0
381091,0,idle,12,-2,2,9,3,-41,998,42,1,0
381116,0,idle,12,-2,2,7,7,-40,998,41,1,0
381141,0,idle,12,-2,2,7,10,-40,998,42,1,0
381167,0,idle,12,-1,2,10,13,-40,998,43,1,0
381193,0,idle,11,-2,2,13,17,-39,998,45,1,0
381219,0,idle,9,-2,2,14,20,-37,998,45,1,0
381245,0,idle,7,-1,1,13,21,-34,998,42,1,0
381271,0,idle,7,0,1,10,19,-33,998,39,1,0
381296,0,idle,5,0,1,8,13,-33,998,36,1,0
381321,0,idle,4,-1,1,7,5,-31,998,32,1,0
381346,0,idle,4,-1,1,9,-4,-30,998,31,1,0
381372,0,idle,4,-2,1,12,-9,-29,998,33,1,0
381398,0,idle,5,-2,1,18,-10,-29,998,36,1,0
381424,0,idle,6,-1,1,23,-6,-31,998,39,1,0
381450,0,idle,7,0,1,25,-1,-33,998,41,1,0
381476,0,idle,7,1,1,25,9,-33,998,43,1,0
381501,0,idle,5,2,1,23,14,-33,998,42,1,0
381527,0,idle,4,2,1,20,16,-33,998,42,1,0
381553,0,idle,2,3,0,19,16,-34,998,42,1,0
381579,0,idle,1,3,0,19,12,-34,998,41,1,0
381604,0,idle,1,2,0,17,6,-37,998,41,1,0
381630,0,idle,1,2,0,14,-1,-39,998,41,1,0
381656,0,idle,1,2,0,12,-7,-41,998,44,1,0
381682,0,idle,1,2,0,13,-10,-43,998,46,1,0
381708,0,idle,2,3,0,17,-12,-44,998,49,1,0
381734,0,idle,4,4,1,22,-11,-46,998,52,1,0
381760,0,idle,5,5,1,24,-8,-47,999,54,1,0
381785,0,idle,5,6,1,24,-3,-48,998,53,1,0
381811,0,idle,5,7,1,24,2,-45,998,51,1,0
381836,0,idle,4,8,1,20,6,-43,998,48,1,0
381861,0,idle,3,8,0,15,7,-41,998,44,1,0
381886,0,idle,1,8,0,10,5,-40,998,41,1,0
381911,0,idle,1,7,0,9,-1,-39,998,40,1,0
381936,0,idle,1,6,0,10,-8,-39,998,41,1,0
381962,0,idle,2,5,0,14,-12,-39,998,43,1,0
381988,0,idle,2,5,0,18,-13,-39,998,45,1,0
382014,0,idle,3,5,0,22,-12,-40,998,47,1,0
382040,0,idle,5,6,0,25,-9,-38,998,46,1,0
382065,0,idle,4,6,0,23,-5,-38,998,44,1,0
382090,0,idle,3,6,0,21,-4,-35,998,42,1,0
382116,0,idle,3,7,0,20,-3,-33,998,39,1,0
382141,0,idle,3,7,0,18,-3,-32,998,37,1,0
382174,0,idle,4,6,1,14,-3,-32,998,35,1,0
382199,0,idle,4,5,1,9,-2,-30,998,32,1,0
382224,0,idle,3,5,0,7,0,-28,998,29,1,0
382249,0,idle,2,5,0,6,3,-29,998,30,1,0
382274,0,idle,2,5,0,6,1,-29,998,29,1,0
382299,0,idle,2,4,0,6,1,-29,998,30,1,0
382324,0,idle,3,4,0,8,0,-30,998,31,1,0
382349,0,idle,3,4,0,12,0,-30,998,32,1,0
382374,0,idle,4,4,0,13,-1,-29,998,31,1,0
382400,0,idle,4,5,0,11,0,-28,998,30,1,0
382425,0,idle,4,5,0,7,-2,-28,998,29,1,0
382450,0,idle,3,3,0,2,-5,-29,998,29,1,0
382476,0,idle,3,3,0,1,-10,-29,998,30,1,0
382502,0,idle,3,3,0,2,-15,-28,998,32,1,0
382528,0,idle,3,2,0,3,-19,-28,998,34,1,0
382554,0,idle,4,3,0,4,-22,-28,998,36,1,0
382580,0,idle,4,2,1,4,-22,-29,998,36,1,0
382606,0,idle,5,2,1,3,-20,-29,998,35,1,0
382632,0,idle,5,2,1,2,-16,-29,998,33,1,0
382657,0,idle,4,2,1,2,-17,-30,998,34,1,0
382683,0,idle,5,3,1,4,-20,-29,998,35,1,0
382709,0,idle,4,2,1,5,-21,-29,998,36,1,0
382735,0,idle,5,1,1,5,-23,-29,998,37,1,0
382761,0,idle,6,1,1,2,-24,-29,998,38,1,0
382787,0,idle,7,2,1,-1,-24,-29,998,37,1,0
382813,0,idle,6,1,1,-5,-24,-29,998,38,1,0
382839,0,idle,6,1,1,-5,-23,-30,998,38,1,0
382865,0,idle,6,1,1,-2,-26,-31,998,40,1,0
382891,0,idle,8,1,1,0,-30,-33,998,44,1,0
382917,0,idle,9,1,1,2,-32,-33,998,47,1,0
382943,0,idle,9,1,1,5,-33,-32,998,47,1,0
382969,0,idle,10,2,1,8,-32,-30,998,45,1,0
382995,0,idle,10,2,1,6,-28,-29,998,41,1,0
383021,0,idle,10,2,2,3,-23,-28,998,37,1,0
383047,0,idle,10,2,2,1,-20,-27,998,33,1,0
383073,0,idle,11,2,2,-1,-17,-25,998,31,1,0
383099,0,idle,10,2,2,-1,-14,-24,998,28,1,0
383125,0,idle,9,2,2,2,-10,-23,998,25,1,0
383150,0,idle,8,1,1,3,-8,-23,998,24,1,0
383175,0,idle,9,1,1,3,-9,-24,998,25,1,0
383200,0,idle,9,1,1,3,-10,-24,998,26,1,0
383226,0,idle,8,1,1,4,-13,-23,998,27,1,0
383252,0,idle,10,1,2,7,-17,-21,998,28,1,0
383278,0,idle,10,1,2,8,-18,-21,998,29,1,0
383304,0,idle,10,0,1,5,-20,-21,998,30,1,0
383330,0,idle,10,0,2,1,-18,-22,998,29,1,0
383356,0,idle,10,-1,2,-2,-15,-23,998,27,1,0
383382,0,idle,9,-2,2,-3,-10,-23,998,25,1,0
383408,0,idle,9,-2,1,-3,-4,-23,998,23,1,0
383434,0,idle,9,-2,2,0,2,-22,998,22,1,0
383459,0,idle,9,-2,2,3,9,-23,998,25,1,0
383484,0,idle,8,-1,1,4,14,-24,998,28,1,0
383509,0,idle,8,-1,1,4,17,-25,998,30,1,0
383534,0,idle,7,-2,1,1,17,-26,998,31,1,0
383560,0,idle,7,-3,1,-2,15,-29,998,33,1,0
383586,0,idle,6,-3,1,0,15,-31,999,34,1,0
383611,0,idle,5,-4,1,4,15,-33,999,36,1,0
383637,0,idle,4,-4,1,7,15,-33,998,37,1,0
383663,0,idle,4,-3,1,9,16,-35,998,39,1,0
383689,0,idle,4,-2,1,11,18,-36,998,42,1,0
383715,0,idle,3,-2,1,12,22,-37,998,45,1,0
383741,0,idle,3,-2,1,12,24,-39,998,47,1,0
383767,0,idle,2,-1,1,12,29,-41,998,52,1,0
383793,0,idle,-1,-1,0,12,29,-42,998,52,1,0
383826,0,idle,-1,0,0,15,27,-42,998,52,1,0
383852,0,idle,-3,0,0,16,26,-43,998,53,1,0
383878,0,idle,-3,1,-1,17,21,-44,998,52,1,0
383904,0,idle,-2,1,0,15,17,-45,998,51,1,0
383930,0,idle,-2,1,-1,13,16,-46,998,50,1,0
383956,0,idle,-3,2,-1,12,16,-45,998,49,1,0
383982,0,idle,-3,2,-1,11,14,-45,998,49,1,0
384008,0,idle,-4,3,-1,14,15,-46,998,50,1,0
384034,0,idle,-4,4,-1,17,15,-44,998,50,1,0
384060,0,idle,-4,4,-1,19,15,-44,998,50,1,0
384086,0,idle,-3,4,0,18,18,-41,998,49,1,0
384112,0,idle,-3,4,-1,16,22,-40,998,49,1,0
384138,0,idle,-3,4,-1,13,27,-38,998,49,1,0
384164,0,idle,-4,4,-1,12,32,-36,998,49,1,0
384190,0,idle,-5,4,-1,9,35,-33,998,49,1,0
384216,0,idle,-5,3,-1,7,35,-30,998,47,1,0
384242,0,idle,-6,2,-1,6,33,-28,998,44,1,0
384268,0,idle,-7,2,-1,7,32,-28,998,43,1,0
384294,0,idle,-9,2,-1,8,28,-29,999,42,1,0
384320,0,idle,-9,2,-1,10,22,-30,998,39,1,0
384346,0,idle,-10,2,-2,12,18,-30,998,37,1,0
384372,0,idle,-11,3,-2,15,10,-29,998,34,1,0
384398,0,idle,-10,4,-2,18,6,-28,998,34,1,0
384424,0,idle,-10,4,-2,17,4,-28,998,33,1,0
384450,0,idle,-11,4,-2,13,4,-29,998,32,1,0
384476,0,idle,-10,4,-2,10,7,-30,998,33,1,0
384502,0,idle,-10,4,-2,6,9,-33,998,35,1,0
384528,0,idle,-11,2,-2,1,14,-36,998,38,1,0
384554,0,idle,-13,2,-2,0,15,-38,998,41,1,0
384580,0,idle,-13,2,-2,2,15,-40,998,43,1,0
384606,0,idle,-13,3,-2,8,14,-42,998,45,1,0
384632,0,idle,-13,4,-2,13,9,-44,998,47,1,0
384658,0,idle,-13,3,-2,14,5,-45,998,48,1,0
384684,0,idle,-12,4,-2,15,1,-46,998,48,1,0
384710,0,idle,-12,4,-2,15,-2,-46,998,49,1,0
384736,0,idle,-11,4,-2,14,-6,-47,998,49,1,0
384762,0,idle,-10,4,-2,12,-8,-47,998,49,1,0
384788,0,idle,-9,4,-2,10,-9,-47,998,48,1,0
384814,0,idle,-8,3,-1,7,-10,-46,998,47,1,0
384840,0,idle,-7,3,-1,5,-8,-45,998,46,1,0
384866,0,idle,-6,3,-1,3,-6,-43,998,43,1,0
384892,0,idle,-6,2,-1,1,-4,-42,998,42,1,0
384918,0,idle,-8,1,-1,0,-1,-40,998,40,1,0
384944,0,idle,-6,1,-1,2,-5,-37,998,37,1,0
384970,0,idle,-5,0,-1,3,-4,-36,998,36,1,0
384996,0,idle,-4,-2,-1,0,-2,-35,998,35,1,0
385022,0,idle,-3,-2,0,-3,-1,-34,998,34,1,0
385048,0,idle,-3,-1,0,-5,-2,-33,998,33,1,0
385074,0,idle,-4,-1,-1,-8,-4,-31,998,33,1,0
385100,0,idle,-5,-2,-1,-10,-8,-29,998,32,1,0
385126,0,idle,-5,-3,-1,-7,-15,-27,998,32,1,0
385152,0,idle,-3,-3,0,-1,-20,-26,998,33,1,0
385178,0,idle,-3,-3,0,5,-22,-26,998,35,1,0
385204,0,idle,-2,-2,0,10,-24,-26,998,37,1,0
385230,0,idle,-1,-2,0,8,-23,-26,998,36,1,0
385256,0,idle,1,-1,0,7,-20,-27,998,34,1,0
385282,0,idle,2,-1,1,5,-17,-28,998,33,1,0
385308,0,idle,2,-2,0,5,-12,-27,998,30,1,0
385333,0,idle,1,-1,0,7,-7,-24,998,26,1,0
385358,0,idle,1,0,0,7,-4,-23,998,24,1,0
385383,0,idle,2,0,0,4,-1,-24,998,25,1,0
385408,0,idle,2,-1,0,1,-2,-26,998,26,1,0
385434,0,idle,1,-2,0,2,-1,-26,998,26,1,0
385459,0,idle,0,-2,0,4,-2,-26,998,26,1,0
385492,0,idle,0,-1,0,9,-9,-27,998,30,1,0
385518,0,idle,0,-1,0,11,-10,-29,998,33,1,0
385544,0,idle,1,-1,0,14,-12,-31,998,36,1,0
385570,0,idle,3,0,1,15,-13,-33,998,38,1,0
385596,0,idle,3,0,1,13,-9,-34,998,37,1,0
385621,0,idle,3,1,1,10,-5,-34,999,36,1,0
385646,0,idle,1,1,0,9,-1,-35,998,36,1,0
385671,0,idle,2,2,0,7,1,-36,998,37,1,0
385696,0,idle,2,2,0,9,3,-38,998,39,1,0
385721,0,idle,1,2,0,12,4,-38,998,40,1,0
385746,0,idle,1,2,0,14,5,-37,998,40,1,0
385771,0,idle,1,3,0,15,5,-35,999,39,1,0
385796,0,idle,1,4,0,12,2,-35,999,37,1,0
385821,0,idle,1,3,0,9,0,-35,999,36,1,0
385846,0,idle,1,2,0,6,-2,-36,999,37,1,0
385871,0,idle,1,2,0,7,-4,-36,999,37,1,0
385897,0,idle,1,2,0,10,-7,-37,998,39,1,0
385923,0,idle,0,3,0,12,-7,-38,998,40,1,0
385949,0,idle,1,3,0,13,-10,-38,998,41,1,0
385975,0,idle,2,3,0,12,-9,-38,998,40,1,0
386000,0,idle,1,2,0,9,-10,-36,998,39,1,0
386026,0,idle,2,4,0,11,-12,-34,998,37,1,0
386052,0,idle,1,4,0,12,-10,-32,998,36,1,0
386078,0,idle,1,4,0,10,-8,-31,998,33,1,0
386103,0,idle,2,4,0,6,-6,-28,999,29,1,0
386128,0,idle,4,3,1,-2,-1,-26,999,26,1,0
386154,0,idle,4,2,1,-11,7,-25,999,29,1,0
386180,0,idle,2,0,1,-16,13,-26,999,33,1,0
386206,0,idle,2,0,0,-16,15,-27,999,35,1,0
386232,0,idle,0,-1,0,-12,17,-27,998,35,1,0
386258,0,idle,-1,-1,0,-7,15,-27,998,31,1,0
386284,0,idle,-1,-2,0,-5,12,-24,998,27,1,0
386310,0,idle,-1,-2,0,-6,10,-24,998,26,1,0
386336,0,idle,0,-1,0,-7,8,-23,998,26,1,0
386362,0,idle,-1,-2,0,-10,7,-22,998,25,1,0
386388,0,idle,-1,-3,0,-10,6,-21,999,24,1,0
386414,0,idle,0,-4,0,-10,6,-21,998,24,1,0
386440,0,idle,0,-4,0,-7,6,-21,999,23,1,0
386465,0,idle,1,-5,1,-6,7,-23,999,25,1,0
386490,0,idle,1,-6,1,-4,9,-25,999,26,1,0
386515,0,idle,0,-6,1,-1,10,-27,999,29,1,0
386541,0,idle,-1,-6,0,2,7,-28,999,29,1,0
386567,0,idle,0,-5,0,5,1,-29,999,30,1,0
386593,0,idle,-1,-6,0,5,-2,-31,998,31,1,0
386619,0,idle,0,-6,0,5,-8,-33,999,34,1,0
386645,0,idle,1,-6,0,5,-10,-36,999,37,1,0
386671,0,idle,1,-6,0,4,-14,-38,998,41,1,0
386697,0,idle,0,-6,0,2,-14,-40,998,42,1,0
386723,0,idle,0,-6,0,4,-16,-41,998,44,1,0
386749,0,idle,1,-5,0,6,-19,-42,998,47,1,0
386775,0,idle,1,-4,0,10,-21,-43,998,49,1,0
386801,0,idle,1,-3,0,12,-22,-44,998,51,1,0
386827,0,idle,1,-2,0,9,-26,-43,998,51,1,0
386853,0,idle,1,-2,0,2,-27,-42,998,50,1,0
386879,0,idle,1,-1,0,-4,-29,-42,998,51,1,0
386905,0,idle,1,-1,0,-6,-32,-41,998,52,1,0
386931,0,idle,2,-2,0,-6,-37,-39,998,53,1,0
386957,0,idle,4,-2,0,-5,-40,-36,998,54,1,0
386983,0,idle,4,-2,1,-3,-42,-34,998,54,1,0
387009,0,idle,6,-3,1,-2,-43,-32,998,54,1,0
387035,0,idle,7,-3,1,-3,-37,-31,998,48,1,0
387061,0,idle,6,-2,1,-4,-32,-31,998,45,1,0
387087,0,idle,8,-2,1,-3,-29,-30,998,42,1,0
387113,0,idle,7,-3,1,-4,-23,-28,998,37,1,0
387147,0,idle,8,-4,1,-4,-19,-25,998,32,1,0
387173,0,idle,9,-3,2,-4,-17,-23,998,29,1,0
387199,0,idle,10,-3,2,-7,-16,-23,998,29,1,0
387225,0,idle,9,-5,2,-16,-15,-23,998,32,1,0
387251,0,idle,8,-5,1,-17,-14,-25,998,33,1,0
387277,0,idle,8,-5,1,-11,-13,-26,998,31,1,0
387303,0,idle,8,-5,1,-4,-16,-28,998,32,1,0
387329,0,idle,9,-5,2,2,-18,-29,998,35,1,0
387355,0,idle,8,-4,1,7,-18,-31,998,36,1,0
387381,0,idle,8,-3,1,9,-19,-31,998,38,1,0
387407,0,idle,8,-3,1,7,-19,-32,998,38,1,0
387433,0,idle,7,-3,1,2,-17,-32,998,36,1,0
387459,0,idle,7,-3,1,-2,-16,-31,998,35,1,0
387485,0,idle,8,-3,2,-4,-12,-32,998,35,1,0
387511,0,idle,9,-4,2,-5,-7,-33,998,34,1,0
387537,0,idle,10,-5,2,-4,1,-34,998,34,1,0
387563,0,idle,10,-5,2,-3,13,-35,999,37,1,0
387589,0,idle,9,-5,2,-3,19,-35,999,40,1,0
387615,0,idle,7,-5,1,-1,25,-34,998,42,1,0
387641,0,idle,5,-4,1,0,28,-32,998,43,1,0
387666,0,idle,3,-4,1,0,27,-30,998,40,1,0
387691,0,idle,3,-4,1,-1,24,-28,998,37,1,0
387717,0,idle,2,-5,0,-1,19,-28,998,34,1,0
387743,0,idle,3,-5,1,0,15,-29,998,33,1,0
387768,0,idle,3,-5,1,4,15,-29,998,33,1,0
387794,0,idle,4,-4,1,9,14,-28,998,33,1,0
387820,0,idle,4,-4,1,12,16,-28,998,34,1,0
387846,0,idle,3,-5,1,12,21,-27,998,36,1,0
387872,0,idle,4,-4,1,11,26,-26,998,39,1,0
387898,0,idle,3,-5,1,9,35,-27,998,45,1,0
387923,0,idle,0,-4,0,8,45,-28,998,54,1,0
387948,0,idle,-2,-3,0,9,53,-26,998,60,1,0
387974,0,idle,-4,-3,-1,7,55,-26,998,61,1,0
388000,0,idle,-6,-3,-1,4,52,-26,998,59,1,0
388026,0,idle,-7,-4,-1,2,49,-28,998,56,1,0
388052,0,idle,-6,-5,-1,3,40,-31,998,51,1,0
388078,0,idle,-6,-5,-1,6,34,-31,998,46,1,0
388104,0,idle,-8,-5,-1,10,29,-32,998,44,1,0
388130,0,idle,-9,-4,-1,14,23,-33,998,42,1,0
388156,0,idle,-9,-3,-1,18,20,-33,998,43,1,0
388182,0,idle,-9,-2,-1,19,21,-35,998,45,1,0
388208,0,idle,-8,-1,-1,17,23,-35,999,45,1,0
388234,0,idle,-8,-1,-1,13,27,-35,999,46,1,0
388260,0,idle,-9,-1,-1,7,31,-34,999,46,1,0
388286,0,idle,-10,-1,-2,1,33,-33,998,47,1,0
388312,0,idle,-11,-1,-2,-1,33,-34,998,47,1,0
388338,0,idle,-12,-1,-2,2,31,-35,998,47,1,0
388364,0,idle,-12,-1,-2,6,26,-37,998,46,1,0
388390,0,idle,-13,-2,-2,11,22,-38,998,46,1,0
388416,0,idle,-13,-1,-2,15,16,-40,998,45,1,0
388442,0,idle,-13,0,-2,18,12,-42,999,47,1,0
388468,0,idle,-13,1,-2,17,7,-43,999,47,1,0
388494,0,idle,-13,1,-2,15,6,-45,998,47,1,0
388520,0,idle,-14,1,-2,13,5,-44,998,46,1,0
388546,0,idle,-12,2,-2,14,5,-42,998,45,1,0
388572,0,idle,-12,2,-2,14,8,-42,998,45,1,0
388598,0,idle,-12,3,-2,17,10,-43,998,47,1,0
388624,0,idle,-13,4,-2,20,15,-43,998,50,1,0
388650,0,idle,-14,4,-3,22,15,-42,998,50,1,0
388676,0,idle,-14,6,-3,24,14,-39,998,47,1,0
388702,0,idle,-15,6,-3,24,13,-37,998,45,1,0
388728,0,idle,-14,6,-3,20,10,-35,998,42,1,0
388754,0,idle,-13,6,-2,15,7,-35,998,39,1,0
388780,0,idle,-13,5,-2,10,7,-36,998,38,1,0
388814,0,idle,-14,4,-2,11,6,-34,998,36,1,0
388840,0,idle,-14,4,-2,10,4,-32,998,34,1,0
388866,0,idle,-13,4,-2,11,1,-32,999,34,1,0
388892,0,idle,-12,4,-2,12,0,-32,998,34,1,0
388918,0,idle,-11,4,-2,13,-3,-32,999,35,1,0
388944,0,idle,-10,4,-2,12,-4,-31,998,33,1,0
388970,0,idle,-9,4,-2,7,-2,-29,998,30,1,0
388996,0,idle,-9,4,-2,2,2,-29,999,29,1,0
389022,0,idle,-9,3,-2,-2,4,-27,998,28,1,0
389048,0,idle,-9,2,-2,-4,5,-26,998,27,1,0
389074,0,idle,-8,1,-1,-6,4,-26,998,27,1,0
389100,0,idle,-8,0,-1,-7,6,-27,998,29,1,0
389126,0,idle,-7,-1,-1,-8,7,-29,998,30,1,0
389152,0,idle,-7,-2,-1,-4,9,-29,998,31,1,0
389178,0,idle,-8,-1,-1,-1,6,-30,998,30,1,0
389204,0,idle,-8,-1,-1,3,2,-29,998,29,1,0
389230,0,idle,-8,0,-1,7,-1,-29,998,30,1,0
389256,0,idle,-7,0,-1,6,-5,-30,998,31,1,0
389282,0,idle,-5,0,-1,4,-6,-31,998,32,1,0
389308,0,idle,-4,-1,-1,1,-6,-32,998,32,1,0
389334,0,idle,-5,-1,-1,0,-6,-31,998,32,1,0
389360,0,idle,-5,-2,-1,-1,-5,-31,998,31,1,0
389386,0,idle,-5,-1,-1,1,-6,-31,998,31,1,0
389412,0,idle,-4,0,-1,3,-10,-33,998,34,1,0
389438,0,idle,-4,-1,-1,3,-13,-35,998,38,1,0
389464,0,idle,-4,-1,-1,5,-16,-36,998,40,1,0
389490,0,idle,-3,-1,0,7,-20,-37,998,42,1,0
389516,0,idle,-2,0,0,7,-24,-37,998,45,1,0
389542,0,idle,-2,-1,0,4,-27,-37,999,45,1,0
389568,0,idle,-2,-1,0,3,-28,-36,999,46,1,0
389594,0,idle,-1,-1,0,2,-30,-37,998,47,1,0
389620,0,idle,1,-1,0,2,-30,-36,998,47,1,0
389646,0,idle,2,-1,0,2,-31,-36,998,47,1,0
389672,0,idle,3,-1,1,3,-30,-36,998,46,1,0
389698,0,idle,3,-1,1,3,-26,-36,999,45,1,0
389724,0,idle,4,0,1,3,-29,-37,998,47,1,0
389750,0,idle,5,1,1,3,-30,-38,999,49,1,0
389776,0,idle,5,0,1,2,-28,-39,999,48,1,0
389802,0,idle,6,0,1,0,-28,-38,999,47,1,0
389828,0,idle,7,0,1,-4,-26,-36,999,45,1,0
389854,0,idle,6,0,1,-9,-23,-36,999,44,1,0
389880,0,idle,6,-1,1,-12,-21,-36,999,43,1,0
389906,0,idle,6,-2,1,-13,-21,-35,998,43,1,0
389932,0,idle,6,-2,1,-10,-22,-33,999,41,1,0
389958,0,idle,7,-3,1,-6,-25,-31,999,40,1,0
389984,0,idle,7,-3,1,-3,-27,-29,999,39,1,0
390010,0,idle,7,-2,2,2,-28,-27,999,39,1,0
390036,0,idle,8,-3,2,4,-28,-27,999,39,1,0
390062,0,idle,8,-3,2,6,-29,-27,998,40,1,0
390088,0,idle,8,-3,2,9,-29,-26,998,40,1,0
390114,0,idle,9,-3,2,11,-31,-25,998,42,1,0
390140,0,idle,10,-3,2,12,-32,-25,998,42,1,0
390166,0,idle,11,-2,2,13,-32,-25,998,43,1,0
390192,0,idle,12,-3,2,14,-32,-27,998,44,1,0
390218,0,idle,13,-3,2,13,-27,-27,998,41,1,0
390244,0,idle,11,-2,2,11,-24,-29,998,39,1,0
390270,0,idle,12,-2,2,12,-24,-31,998,41,1,0
390296,0,idle,11,-2,2,12,-22,-33,998,42,1,0
390322,0,idle,10,-2,2,12,-21,-36,998,43,1,0
390348,0,idle,11,-2,2,11,-20,-36,998,43,1,0
390374,0,idle,11,-1,2,8,-17,-35,998,40,1,0
390400,0,idle,10,0,2,5,-14,-34,998,37,1,0
390426,0,idle,10,0,1,2,-10,-35,998,37,1,0
390452,0,idle,10,0,2,-1,-9,-36,998,37,1,0
390486,0,idle,10,0,2,0,-5,-36,998,36,1,0
390511,0,idle,10,0,2,4,-4,-34,998,34,1,0
390537,0,idle,10,0,2,7,-1,-31,998,32,1,0
390563,0,idle,10,0,2,5,5,-30,998,30,1,0
390588,0,idle,8,0,1,2,8,-31,998,32,1,0
390613,0,idle,8,0,1,-3,9,-32,998,34,1,0
390639,0,idle,7,-1,1,-6,9,-33,998,35,1,0
390665,0,idle,7,-2,1,-6,6,-32,998,33,1,0
390691,0,idle,8,-3,1,-4,3,-30,998,31,1,0
390716,0,idle,8,-3,1,0,3,-30,998,30,1,0
390741,0,idle,9,-2,1,5,4,-29,998,30,1,0
390766,0,idle,9,-2,2,7,11,-28,998,31,1,0
390792,0,idle,7,-3,1,6,18,-27,998,33,1,0
390817,0,idle,7,-2,1,9,25,-24,998,36,1,0
390843,0,idle,6,-2,1,12,31,-23,998,41,1,0
390869,0,idle,5,-3,1,12,37,-22,998,45,1,0
390895,0,idle,3,-3,0,11,40,-22,998,47,1,0
390921,0,idle,1,-3,0,7,37,-23,998,44,1,0
390947,0,idle,0,-3,0,5,32,-25,998,41,1,0
390972,0,idle,-1,-4,0,5,22,-28,998,36,1,0
390998,0,idle,-1,-4,0,9,10,-30,998,33,1,0
391024,0,idle,0,-3,0,17,-2,-33,998,37,1,0
391050,0,idle,0,-3,0,24,-11,-36,998,45,1,0
391076,0,idle,0,-3,0,28,-17,-37,998,49,1,0
391102,0,idle,1,-1,0,29,-19,-38,998,52,1,0
391128,0,idle,1,2,0,28,-16,-40,998,51,1,0
391154,0,idle,1,3,0,23,-14,-41,998,49,1,0
391180,0,idle,1,4,0,17,-11,-43,998,47,1,0
391206,0,idle,1,4,0,12,-8,-44,998,46,1,0
391231,0,idle,1,4,0,10,-6,-44,998,45,1,0
391256,0,idle,1,4,0,9,-3,-45,998,46,1,0
391281,0,idle,1,3,0,7,-3,-44,998,45,1,0
391306,0,idle,2,3,0,6,-2,-45,998,45,1,0
391331,0,idle,1,3,0,8,-2,-46,998,47,1,0
391356,0,idle,1,3,0,13,-3,-46,998,48,1,0
391382,0,idle,1,4,0,17,-2,-45,998,48,1,0
391407,0,idle,1,4,0,18,-1,-45,998,48,1,0
391432,0,idle,2,5,0,16,-1,-44,998,47,1,0
391457,0,idle,2,5,0,14,1,-44,999,46,1,0
391482,0,idle,1,5,0,10,5,-44,998,45,1,0
391507,0,idle,0,5,0,8,7,-42,998,43,1,0
391532,0,idle,0,5,0,7,7,-41,998,42,1,0
391557,0,idle,0,5,0,9,7,-41,998,43,1,0
391582,0,idle,1,5,0,12,5,-42,998,43,1,0
391607,0,idle,1,5,0,16,5,-42,998,45,1,0
391632,0,idle,0,5,0,19,6,-40,998,45,1,0
391657,0,idle,1,6,0,21,6,-38,998,44,1,0
391682,0,idle,0,7,0,21,7,-37,998,43,1,0
391707,0,idle,-1,7,-1,18,5,-37,998,42,1,0
391732,0,idle,-1,6,0,14,2,-37,998,39,1,0
391757,0,idle,0,6,0,9,-4,-35,998,37,1,0
391783,0,idle,1,5,0,5,-9,-35,998,36,1,0
391809,0,idle,2,5,0,1,-14,-35,998,38,1,0
391835,0,idle,3,4,0,-1,-16,-36,998,40,1,0
391861,0,idle,2,3,0,-4,-12,-37,998,39,1,0
391887,0,idle,1,3,0,-4,-9,-37,998,38,1,0
391913,0,idle,2,3,0,-1,-8,-37,998,38,1,0
391938,0,idle,2,3,0,0,-6,-36,998,37,1,0
391963,0,idle,2,1,0,-1,-5,-34,998,34,1,0
391989,0,idle,3,1,0,-3,-2,-32,998,33,1,0
392015,0,idle,2,0,0,-7,2,-33,998,34,1,0
392041,0,idle,2,-1,0,-11,4,-35,998,36,1,0
392067,0,idle,1,-2,0,-14,6,-36,999,39,1,0
392093,0,idle,0,-2,0,-10,5,-36,999,38,1,0
392126,0,idle,0,-2,0,-3,2,-34,999,34,1,0
392152,0,idle,1,-2,0,4,-2,-33,998,34,1,0
392178,0,idle,1,-2,0,7,-3,-33,998,34,1,0
392204,0,idle,1,-1,0,6,-3,-34,998,35,1,0
392229,0,idle,1,-1,0,4,-3,-35,999,35,1,0
392255,0,idle,1,-2,0,3,-2,-33,999,33,1,0
392280,0,idle,1,-2,0,1,-3,-31,999,31,1,0
392306,0,idle,1,-2,0,0,-4,-31,999,31,1,0
392332,0,idle,1,-3,1,-1,-5,-32,999,32,1,0
392358,0,idle,0,-3,0,-1,-4,-34,998,34,1,0
392384,0,idle,2,-3,0,-1,-8,-37,998,37,1,0
392410,0,idle,3,-3,1,0,-10,-37,998,39,1,0
392436,0,idle,2,-3,1,1,-14,-37,999,39,1,0
392462,0,idle,2,-2,1,5,-18,-36,999,40,1,0
392488,0,idle,2,-1,1,6,-19,-34,999,40,1,0
392514,0,idle,3,0,1,4,-21,-32,998,38,1,0
392540,0,idle,4,-1,1,-4,-21,-31,998,37,1,0
392566,0,idle,4,-3,1,-13,-19,-29,998,37,1,0
392592,0,idle,5,-4,1,-18,-18,-28,998,38,1,0
392618,0,idle,3,-5,1,-21,-16,-28,998,38,1,0
392644,0,idle,3,-5,1,-20,-17,-27,998,38,1,0
392670,0,idle,4,-6,1,-17,-19,-26,998,36,1,0
392696,0,idle,4,-6,1,-11,-21,-26,998,36,1,0
392722,0,idle,5,-5,1,-6,-24,-25,998,35,1,0
392748,0,idle,6,-5,1,-3,-25,-24,998,35,1,0
392774,0,idle,7,-4,1,-1,-26,-23,999,35,1,0
392800,0,idle,8,-4,1,0,-26,-22,998,34,1,0
392826,0,idle,7,-4,1,1,-23,-22,998,31,1,0
392852,0,idle,6,-4,1,2,-21,-22,999,31,1,0
392878,0,idle,8,-3,1,5,-21,-22,999,31,1,0
392904,0,idle,8,-3,1,7,-20,-23,998,31,1,0
392930,0,idle,9,-3,2,8,-21,-24,998,33,1,0
392956,0,idle,10,-2,2,10,-17,-25,998,32,1,0
392982,0,idle,8,-2,2,9,-13,-26,999,31,1,0
393008,0,idle,8,-2,1,10,-14,-27,998,32,1,0
393034,0,idle,9,-1,2,12,-13,-27,999,32,1,0
393060,0,idle,9,-1,1,13,-13,-26,998,32,1,0
393086,0,idle,9,-2,1,12,-14,-25,998,31,1,0
393112,0,idle,9,-2,1,6,-12,-23,998,27,1,0
393138,0,idle,9,-1,1,0,-10,-24,998,26,1,0
393164,0,idle,8,-2,1,-6,-7,-26,998,28,1,0
393190,0,idle,8,-3,1,-8,-7,-28,998,30,1,0
393216,0,idle,7,-3,1,-5,-10,-29,998,31,1,0
393242,0,idle,7,-3,1,-1,-13,-29,998,32,1,0
393268,0,idle,6,-3,1,-1,-15,-30,998,33,1,0
393294,0,idle,6,-3,1,-1,-17,-30,998,35,1,0
393320,0,idle,7,-3,1,0,-18,-31,998,36,1,0
393346,0,idle,7,-3,1,0,-18,-29,998,34,1,0
393372,0,idle,7,-4,1,0,-15,-28,998,31,1,0
393398,0,idle,7,-4,1,0,-10,-26,998,28,1,0
393423,0,idle,8,-4,1,-1,-6,-26,998,27,1,0
393449,0,idle,8,-5,1,-1,2,-27,998,27,1,0
393475,0,idle,7,-4,1,2,9,-27,998,28,1,0
393500,0,idle,7,-4,1,5,14,-24,998,28,1,0
393526,0,idle,5,-4,1,7,21,-22,998,32,1,0
393552,0,idle,4,-4,1,9,20,-22,998,31,1,0
393578,0,idle,4,-4,1,13,20,-22,998,33,1,0
393604,0,idle,3,-4,1,17,19,-23,998,34,1,0
393630,0,idle,3,-4,1,18,18,-23,998,34,1,0
393656,0,idle,4,-3,1,17,18,-25,998,35,1,0
393682,0,idle,3,-2,0,15,21,-26,998,36,1,0
393708,0,idle,1,-2,0,13,25,-24,998,37,1,0
393734,0,idle,0,-2,0,13,23,-23,998,35,1,0
393760,0,idle,1,-1,0,13,23,-24,998,36,1,0
393793,0,idle,-1,-1,0,16,26,-26,998,40,1,0
393819,0,idle,0,0,0,19,25,-26,998,41,1,0
393845,0,idle,0,0,0,19,28,-25,998,42,1,0
393871,0,idle,-1,2,0,16,31,-26,998,43,1,0
393897,0,idle,-1,2,0,12,29,-26,998,40,1,0
393923,0,idle,-2,2,0,10,26,-25,998,37,1,0
393949,0,idle,-4,2,-1,8,24,-24,998,35,1,0
393975,0,idle,-4,2,-1,7,19,-24,998,31,1,0
394000,0,idle,-3,2,-1,6,18,-26,998,32,1,0
394026,0,idle,-5,2,-1,4,20,-27,998,34,1,0
394052,0,idle,-5,1,-1,3,23,-27,998,36,1,0
394078,0,idle,-7,0,-1,5,32,-26,998,42,1,0
394104,0,idle,-10,1,-2,9,33,-27,998,44,1,0
394130,0,idle,-10,1,-2,12,31,-32,998,46,1,0
394156,0,idle,-11,0,-2,14,28,-36,998,48,1,0
394182,0,idle,-11,-1,-2,16,22,-38,999,47,1,0
394208,0,idle,-11,0,-2,19,17,-39,999,47,1,0
394234,0,idle,-11,1,-2,20,12,-42,998,48,1,0
394260,0,idle,-11,3,-2,20,12,-46,999,51,1,0
394286,0,idle,-12,4,-2,22,13,-49,998,55,1,0
394312,0,idle,-11,4,-2,24,12,-49,998,56,1,0
394338,0,idle,-11,5,-2,27,15,-49,998,58,1,0
394364,0,idle,-11,6,-2,29,18,-48,998,59,1,0
394390,0,idle,-12,6,-2,29,21,-49,998,61,1,0
394416,0,idle,-13,7,-2,30,25,-49,998,63,1,0
394442,0,idle,-13,8,-3,31,23,-49,998,63,1,0
394468,0,idle,-13,8,-3,30,20,-49,998,60,1,0
394494,0,idle,-13,8,-3,28,18,-46,998,57,1,0
394520,0,idle,-13,9,-3,27,16,-45,998,55,1,0
394546,0,idle,-13,9,-3,26,15,-44,998,54,1,0
394572,0,idle,-14,10,-3,24,18,-43,998,53,1,0
394598,0,idle,-14,10,-3,22,18,-41,998,50,1,0
394624,0,idle,-13,10,-3,17,20,-41,998,48,1,0
394650,0,idle,-14,9,-3,12,18,-39,998,45,1,0
394676,0,idle,-14,9,-3,10,16,-36,998,40,1,0
394702,0,idle,-14,9,-3,10,13,-33,998,37,1,0
394728,0,idle,-14,8,-3,7,8,-31,998,33,1,0
394754,0,idle,-13,8,-3,2,7,-29,998,30,1,0
394780,0,idle,-12,8,-2,-3,5,-28,998,29,1,0
394806,0,idle,-10,7,-2,-9,4,-28,998,29,1,0
394832,0,idle,-11,5,-2,-11,6,-25,998,28,1,0
394858,0,idle,-12,4,-2,-12,8,-22,998,26,1,0
394884,0,idle,-11,4,-2,-12,7,-21,998,25,1,0
394910,0,idle,-9,3,-2,-12,6,-21,998,24,1,0
394936,0,idle,-9,2,-2,-12,7,-21,998,25,1,0
394962,0,idle,-8,0,-1,-14,7,-21,998,26,1,0
394988,0,idle,-7,-1,-1,-14,10,-22,998,28,1,0
395014,0,idle,-7,-1,-1,-13,10,-23,998,29,1,0
395040,0,idle,-7,-3,-1,-13,8,-25,998,29,1,0
395066,0,idle,-7,-3,-1,-10,5,-25,998,27,1,0
395092,0,idle,-6,-3,-1,-7,-1,-24,998,25,1,0
395118,0,idle,-5,-4,-1,-4,-6,-23,998,25,1,0
395144,0,idle,-5,-4,-1,-3,-9,-23,998,25,1,0
395170,0,idle,-4,-3,0,-2,-9,-25,998,27,1,0
395196,0,idle,-4,-3,0,-1,-9,-28,998,30,1,0
395222,0,idle,-4,-3,-1,1,-12,-31,998,33,1,0
395248,0,idle,-4,-3,-1,5,-13,-32,998,35,1,0
395274,0,idle,-4,-3,-1,7,-14,-32,998,36,1,0
395300,0,idle,-2,-2,0,10,-15,-33,998,37,1,0
395326,0,idle,-2,-2,0,11,-11,-35,998,38,1,0
395352,0,idle,-1,-2,0,9,-8,-36,998,38,1,0
395377,0,idle,-2,-1,0,6,-2,-37,998,37,1,0
395403,0,idle,-3,0,0,6,-1,-38,998,38,1,0
395428,0,idle,-2,1,0,7,-4,-40,998,41,1,0
395462,0,idle,-3,1,0,9,-10,-42,998,44,1,0
395488,0,idle,-3,2,0,12,-17,-42,998,47,1,0
395514,0,idle,-3,2,-1,15,-25,-42,998,51,1,0
395540,0,idle,-1,3,0,15,-31,-40,998,53,1,0
395566,0,idle,0,3,0,12,-35,-40,998,55,1,0
395592,0,idle,0,3,0,12,-35,-39,998,54,1,0
395618,0,idle,2,3,0,10,-34,-36,998,51,1,0
395644,0,idle,3,3,1,8,-32,-33,999,47,1,0
395670,0,idle,4,3,1,10,-27,-32,999,44,1,0
395696,0,idle,3,3,1,9,-21,-31,999,38,1,0
395721,0,idle,4,3,1,8,-18,-28,999,35,1,0
395747,0,idle,4,3,1,7,-14,-27,999,31,1,0
395772,0,idle,3,3,1,6,-14,-26,999,30,1,0
395798,0,idle,4,2,1,8,-16,-24,999,30,1,0
395824,0,idle,5,1,1,7,-16,-22,999,28,1,0
395850,0,idle,5,0,1,3,-16,-20,999,26,1,0
395876,0,idle,6,0,1,-2,-16,-18,998,25,1,0
395902,0,idle,6,-1,1,-7,-15,-18,998,25,1,0
395928,0,idle,5,-2,1,-10,-14,-19,998,26,1,0
395954,0,idle,5,-3,1,-9,-14,-22,998,27,1,0
395980,0,idle,6,-4,1,-5,-15,-23,998,28,1,0
396006,0,idle,6,-4,1,0,-16,-25,998,29,1,0
396032,0,idle,6,-3,1,6,-18,-26,998,32,1,0
396058,0,idle,6,-3,1,7,-19,-27,998,34,1,0
396084,0,idle,6,-3,1,6,-18,-29,998,35,1,0
396110,0,idle,6,-2,1,4,-19,-32,998,37,1,0
396136,0,idle,7,-3,1,2,-20,-34,998,40,1,0
396162,0,idle,6,-3,1,1,-17,-36,998,39,1,0
396188,0,idle,6,-3,1,1,-15,-36,998,40,1,0
396214,0,idle,6,-3,1,2,-12,-38,999,40,1,0
396240,0,idle,6,-3,1,2,-8,-42,998,43,1,0
396265,0,idle,6,-2,1,3,-6,-44,998,44,1,0
396290,0,idle,5,-2,1,4,0,-45,998,45,1,0
396315,0,idle,4,-2,1,3,-1,-46,998,46,1,0
396340,0,idle,4,-1,1,4,-3,-47,998,47,1,0
396365,0,idle,3,-1,1,6,-4,-48,999,48,1,0
396391,0,idle,5,-1,1,7,-8,-47,999,48,1,0
396417,0,idle,5,-1,1,7,-7,-45,999,47,1,0
396442,0,idle,5,-1,1,4,-4,-44,999,44,1,0
396467,0,idle,5,0,1,1,0,-42,998,42,1,0
396492,0,idle,5,0,1,-2,6,-40,998,40,1,0
396517,0,idle,4,0,1,-2,11,-38,998,40,1,0
396543,0,idle,4,0,1,0,17,-34,999,38,1,0
396568,0,idle,4,1,1,1,18,-29,999,34,1,0
396593,0,idle,4,0,1,1,18,-25,999,31,1,0
396618,0,idle,3,-1,1,-3,19,-23,999,30,1,0
396644,0,idle,2,-2,1,-6,18,-21,999,28,1,0
396670,0,idle,1,-3,0,-7,17,-20,998,28,1,0
396696,0,idle,1,-4,0,-7,15,-19,999,26,1,0
396722,0,idle,1,-5,0,-3,14,-19,999,24,1,0
396747,0,idle,0,-5,0,2,13,-18,999,23,1,0
396773,0,idle,0,-5,0,5,14,-18,999,23,1,0
396799,0,idle,1,-5,0,6,15,-19,999,25,1,0
396824,0,idle,3,-5,1,5,16,-20,999,26,1,0
396849,0,idle,2,-5,1,4,19,-21,999,29,1,0
396874,0,idle,2,-6,1,1,21,-22,999,30,1,0
396900,0,idle,2,-5,1,-1,23,-24,999,33,1,0
396926,0,idle,0,-5,0,-3,26,-27,999,38,1,0
396952,0,idle,-2,-5,0,-5,28,-30,998,41,1,0
396978,0,idle,-2,-3,0,-9,26,-30,999,41,1,0
397004,0,idle,-4,-2,-1,-13,24,-30,998,41,1,0
397030,0,idle,-5,-2,-1,-19,20,-30,998,41,1,0
397056,0,idle,-5,-2,-1,-22,15,-31,998,41,1,0
397082,0,idle,-6,-2,-1,-21,9,-33,998,40,1,0
397116,0,idle,-7,-3,-1,-17,2,-37,998,41,1,0
397142,0,idle,-6,-4,-1,-14,-8,-40,998,43,1,0
397168,0,idle,-5,-4,-1,-11,-18,-41,998,46,1,0
397194,0,idle,-4,-4,-1,-10,-24,-40,998,48,1,0
397220,0,idle,-3,-4,0,-11,-26,-40,998,49,1,0
397246,0,idle,-2,-5,0,-13,-24,-39,998,48,1,0
397272,0,idle,0,-5,0,-15,-21,-40,998,48,1,0
397298,0,idle,-1,-6,0,-15,-13,-41,998,46,1,0
397324,0,idle,0,-6,0,-12,-6,-43,998,45,1,0
397350,0,idle,-1,-7,0,-10,1,-45,998,46,1,0
397376,0,idle,-2,-7,0,-8,6,-45,998,46,1,0
397402,0,idle,-1,-7,0,-4,10,-45,998,46,1,0
397428,0,idle,-2,-6,0,2,9,-43,998,44,1,0
397453,0,idle,-3,-5,0,7,8,-40,998,41,1,0
397478,0,idle,-3,-5,0,10,5,-36,998,37,1,0
397504,0,idle,-3,-5,0,10,1,-31,999,32,1,0
397530,0,idle,-2,-4,0,9,0,-25,999,27,1,0
397555,0,idle,-2,-4,0,10,0,-21,999,24,1,0
397581,0,idle,-2,-3,0,13,3,-19,999,23,1,0
397607,0,idle,-3,-3,0,15,6,-18,998,24,1,0
397633,0,idle,-4,-4,-1,18,8,-17,998,26,1,0
397659,0,idle,-4,-4,-1,22,9,-18,998,29,1,0
397685,0,idle,-4,-4,0,26,10,-18,999,33,1,0
397711,0,idle,-4,-3,0,29,11,-18,999,36,1,0
397737,0,idle,-2,-2,0,30,12,-18,998,37,1,0
397763,0,idle,-3,-2,-1,27,15,-18,998,36,1,0
397789,0,idle,-3,-2,0,21,15,-19,998,32,1,0
397815,0,idle,-3,-2,0,14,14,-23,998,30,1,0
397841,0,idle,-4,-3,-1,8,13,-27,998,30,1,0
397867,0,idle,-4,-4,-1,5,8,-29,998,31,1,0
397893,0,idle,-4,-4,-1,6,3,-32,998,32,1,0
397919,0,idle,-5,-3,-1,9,-1,-34,999,35,1,0
397945,0,idle,-5,-3,-1,10,-5,-37,999,38,1,0
397971,0,idle,-4,-3,-1,9,-9,-39,998,41,1,0
397997,0,idle,-3,-2,-1,10,-17,-40,998,44,1,0
398023,0,idle,-2,-2,0,12,-19,-40,998,46,1,0
398049,0,idle,-2,-2,0,12,-20,-38,998,45,1,0
398075,0,idle,0,-2,0,9,-20,-36,998,42,1,0
398101,0,idle,1,-2,0,2,-15,-34,998,38,1,0
398127,0,idle,1,-2,0,-6,-12,-35,998,37,1,0
398153,0,idle,2,-3,0,-12,-9,-36,998,39,1,0
398179,0,idle,2,-4,0,-17,-10,-35,998,40,1,0
398205,0,idle,2,-4,0,-16,-12,-33,998,39,1,0
398231,0,idle,2,-4,0,-12,-14,-31,998,36,1,0
398257,0,idle,2,-3,1,-6,-19,-29,998,35,1,0
398283,0,idle,3,-3,1,-4,-25,-29,998,38,1,0
398309,0,idle,3,-3,1,-3,-29,-30,998,41,1,0
398335,0,idle,4,-3,1,-2,-33,-29,998,44,1,0
398361,0,idle,4,-3,1,-1,-34,-28,998,44,1,0
398387,0,idle,6,-3,1,-2,-35,-26,998,44,1,0
398413,0,idle,7,-3,1,-4,-35,-22,998,42,1,0
398439,0,idle,7,-3,1,-6,-29,-21,998,36,1,0
398465,0,idle,8,-4,1,-9,-24,-21,998,33,1,0
398491,0,idle,9,-4,2,-10,-17,-22,998,30,1,0
398517,0,idle,8,-4,1,-9,-8,-23,998,26,1,0
398543,0,idle,7,-4,1,-7,-3,-26,998,27,1,0
398569,0,idle,7,-3,1,-3,2,-29,998,29,1,0
398594,0,idle,5,-3,1,1,4,-31,998,31,1,0
398619,0,idle,5,-3,1,3,3,-34,998,34,1,0
398644,0,idle,4,-3,1,1,3,-35,998,35,1,0
398669,0,idle,4,-2,1,-4,1,-37,998,37,1,0
398695,0,idle,3,-2,1,-8,1,-39,998,40,1,0
398721,0,idle,3,-2,1,-8,-2,-41,998,42,1,0
398747,0,idle,3,-1,1,-4,-4,-42,998,42,1,0
398781,0,idle,2,-1,0,-3,-8,-42,998,43,1,0
398807,0,idle,2,-2,0,-4,-10,-42,998,43,1,0
398833,0,idle,0,-2,0,-7,-8,-42,998,44,1,0
398859,0,idle,0,-3,0,-9,-6,-44,998,45,1,0
398885,0,idle,0,-3,0,-8,-2,-43,998,44,1,0
398911,0,idle,0,-3,0,-6,2,-41,998,42,1,0
398936,0,idle,1,-2,0,-4,6,-36,998,37,1,0
398961,0,idle,1,-1,0,-4,8,-30,998,31,1,0
398987,0,idle,1,-1,0,-6,10,-25,998,27,1,0
399013,0,idle,1,-2,0,-8,9,-20,999,23,1,0
399038,0,idle,0,-4,0,-7,10,-16,998,20,1,0
399064,0,idle,-2,-6,0,-8,10,-14,998,19,1,0
399090,0,idle,-2,-7,0,-7,5,-14,998,17,1,0
399116,0,idle,-1,-7,0,-2,0,-14,998,14,1,0
399142,0,idle,-1,-8,0,5,-1,-14,998,15,1,0
399168,0,idle,0,-9,0,7,-2,-11,998,13,1,0
399193,0,idle,1,-8,0,6,0,-9,998,11,1,0
399218,0,idle,2,-7,0,4,4,-9,998,11,1,0
399243,0,idle,2,-7,0,1,11,-11,998,16,1,0
399269,0,idle,1,-8,0,-3,17,-13,998,21,1,0
399295,0,idle,2,-8,1,-5,18,-16,998,25,1,0
399321,0,idle,2,-8,1,-4,17,-21,999,27,1,0
399347,0,idle,1,-10,0,-3,11,-24,998,27,1,0
399373,0,idle,1,-10,0,2,6,-27,998,28,1,0
399399,0,idle,2,-9,0,8,2,-30,998,31,1,0
399425,0,idle,1,-8,0,11,2,-35,998,37,1,0
399450,0,idle,1,-8,0,12,1,-39,998,41,1,0
399476,0,idle,1,-7,0,10,2,-42,998,43,1,0
399501,0,idle,1,-7,0,8,3,-43,998,44,1,0
399526,0,idle,2,-6,1,8,3,-44,998,45,1,0
399551,0,idle,2,-5,1,7,3,-45,998,46,1,0
399576,0,idle,3,-5,1,7,5,-46,998,47,1,0
399601,0,idle,2,-5,1,8,8,-48,999,50,1,0
399626,0,idle,1,-4,1,11,7,-48,999,50,1,0
399651,0,idle,1,-4,0,14,6,-48,999,51,1,0
399676,0,idle,0,-3,0,17,8,-48,999,52,1,0
399702,0,idle,0,-3,0,19,7,-48,999,52,1,0
399727,0,idle,0,-1,0,18,6,-48,999,52,1,0
399752,0,idle,-1,0,0,17,7,-47,999,51,1,0
399778,0,idle,-2,0,0,12,9,-47,998,49,1,0
399804,0,idle,-3,1,0,9,12,-46,999,48,1,0
399830,0,idle,-3,1,0,9,11,-45,998,47,1,0
399855,0,idle,-3,2,0,11,9,-44,998,46,1,0
399880,0,idle,-3,3,-1,13,5,-44,998,46,1,0
399906,0,idle,-2,2,0,15,0,-42,999,45,1,0
399932,0,idle,-3,3,0,17,0,-39,999,42,1,0
399957,0,idle,-3,4,0,19,1,-36,999,41,1,0
399982,0,idle,-3,4,0,18,2,-34,998,39,1,0
400007,0,idle,-3,4,-1,14,3,-33,998,36,1,0
400032,0,idle,-3,4,-1,12,3,-33,999,35,1,0
400057,0,idle,-4,4,-1,12,3,-32,999,34,1,0
400083,0,idle,-4,4,-1,12,2,-31,999,33,1,0
400109,0,idle,-3,4,-1,12,0,-30,999,33,1,0
400135,0,idle,-3,4,-1,12,0,-32,999,34,1,0
400161,0,idle,-4,4,-1,9,-2,-33,998,34,1,0
400187,0,idle,-4,3,-1,10,-6,-34,998,36,1,0
400213,0,idle,-4,2,-1,10,-10,-34,998,37,1,0
400239,0,idle,-2,2,0,11,-12,-33,999,37,1,0
400265,0,idle,-1,2,0,13,-12,-34,999,38,1,0
400291,0,idle,-1,2,0,10,-10,-34,999,37,1,0
400317,0,idle,0,1,0,5,-5,-35,999,35,1,0
400342,0,idle,0,1,0,2,-1,-35,998,35,1,0
400367,0,idle,0,1,0,0,2,-35,998,36,1,0
400392,0,idle,-1,1,0,2,7,-35,998,36,1,0
400425,0,idle,-1,1,0,3,7,-36,998,37,1,0
400450,0,idle,0,1,0,3,7,-35,998,35,1,0
400475,0,idle,0,1,0,2,8,-34,998,35,1,0
400500,0,idle,-1,0,0,1,10,-33,998,35,1,0
400526,0,idle,-1,0,0,1,10,-33,998,34,1,0
400551,0,idle,-1,-1,0,-5,7,-34,998,35,1,0
400577,0,idle,-1,-1,0,-6,4,-34,998,35,1,0
400603,0,idle,-1,-1,0,-6,1,-34,998,35,1,0
400629,0,idle,-2,-1,0,-5,1,-35,998,35,1,0
400655,0,idle,-1,-2,0,-3,0,-35,998,35,1,0
400681,0,idle,-1,-1,0,-1,0,-36,998,36,1,0
400707,0,idle,-2,-1,0,2,-4,-37,998,37,1,0
400733,0,idle,-2,-1,0,5,-11,-35,999,38,1,0
400759,0,idle,-2,-1,0,8,-13,-34,999,38,1,0
400785,0,idle,-2,0,0,7,-17,-32,998,37,1,0
400811,0,idle,-1,0,0,5,-21,-32,998,39,1,0
400837,0,idle,0,0,0,2,-25,-32,999,40,1,0
400863,0,idle,-1,-1,0,-1,-27,-31,998,42,1,0
400889,0,idle,0,-1,0,-2,-30,-32,999,44,1,0
400915,0,idle,1,-1,0,0,-34,-33,998,47,1,0
400941,0,idle,2,-1,0,4,-35,-33,998,49,1,0
400967,0,idle,4,-1,1,8,-37,-34,998,51,1,0
400993,0,idle,4,-1,1,11,-35,-33,998,49,1,0
401019,0,idle,4,0,1,10,-30,-31,998,44,1,0
401045,0,idle,5,1,1,9,-28,-29,998,41,1,0
401071,0,idle,7,2,1,5,-25,-29,998,38,1,0
401097,0,idle,6,1,1,1,-20,-30,998,36,1,0
401123,0,idle,6,-1,1,-2,-14,-30,998,33,1,0
401149,0,idle,6,-2,1,-3,-8,-30,999,31,1,0
401175,0,idle,5,-2,1,-2,-5,-32,998,32,1,0
401200,0,idle,6,-3,1,-1,-3,-34,998,34,1,0
401225,0,idle,6,-4,1,0,-2,-38,998,38,1,0
401250,0,idle,6,-4,1,1,-5,-42,999,43,1,0
401276,0,idle,5,-3,1,5,-9,-44,999,45,1,0
401302,0,idle,5,-2,1,10,-13,-43,999,46,1,0
401328,0,idle,6,0,1,13,-20,-41,998,48,1,0
401354,0,idle,7,0,1,13,-25,-40,999,49,1,0
401380,0,idle,8,-1,1,9,-28,-41,999,51,1,0
401406,0,idle,9,0,2,7,-28,-42,999,50,1,0
401432,0,idle,9,1,1,9,-23,-39,998,47,1,0
401458,0,idle,8,2,1,12,-15,-34,998,38,1,0
401484,0,idle,7,2,1,11,-7,-29,998,32,1,0
401510,0,idle,8,3,1,8,-5,-27,999,28,1,0
401535,0,idle,8,2,1,2,-1,-25,998,26,1,0
401561,0,idle,7,1,1,-2,3,-23,998,24,1,0
401587,0,idle,7,0,1,-4,2,-20,998,21,1,0
401613,0,idle,8,-1,1,-4,-1,-18,998,18,1,0
401639,0,idle,7,-2,1,-4,-6,-18,998,19,1,0
401665,0,idle,7,-3,1,-4,-10,-19,998,22,1,0
401691,0,idle,8,-3,1,-1,-12,-21,998,25,1,0
401717,0,idle,9,-3,2,2,-14,-23,999,28,1,0
401743,0,idle,10,-3,2,6,-10,-24,998,27,1,0
401769,0,idle,8,-3,1,8,-3,-25,999,27,1,0
401795,0,idle,7,-2,1,7,2,-26,998,27,1,0
401820,0,idle,7,-1,1,8,6,-27,998,29,1,0
401845,0,idle,7,0,1,8,9,-29,998,31,1,0
401870,0,idle,8,0,1,6,12,-30,998,33,1,0
401895,0,idle,9,0,1,4,22,-31,998,38,1,0
401920,0,idle,9,0,1,-1,33,-29,998,44,1,0
401946,0,idle,6,0,1,-6,46,-26,998,53,1,0
401972,0,idle,2,-1,0,-12,52,-23,998,58,1,0
401998,0,idle,0,-2,0,-17,52,-24,998,59,1,0
402024,0,idle,-3,-4,-1,-16,47,-26,998,56,1,0
402050,0,idle,-4,-6,-1,-8,35,-26,998,45,1,0
402083,0,idle,-4,-6,-1,2,25,-26,998,36,1,0
402109,0,idle,-3,-4,-1,8,16,-26,998,32,1,0
402135,0,idle,-3,-3,-1,12,11,-28,998,32,1,0
402161,0,idle,-3,-2,0,14,6,-29,998,33,1,0
402187,0,idle,-2,-1,0,13,4,-29,998,32,1,0
402213,0,idle,-1,-1,0,13,7,-27,998,31,1,0
402239,0,idle,-2,0,-1,12,14,-26,998,32,1,0
402265,0,idle,-3,0,-1,10,24,-25,998,36,1,0
402291,0,idle,-4,0,-1,8,34,-25,998,43,1,0
402317,0,idle,-6,0,-1,6,39,-28,998,48,1,0
402343,0,idle,-7,1,-1,7,41,-29,998,51,1,0
402369,0,idle,-9,-1,-2,7,42,-30,998,52,1,0
402395,0,idle,-11,-1,-2,6,40,-31,998,51,1,0
402421,0,idle,-11,-1,-2,4,33,-33,998,47,1,0
402447,0,idle,-11,-1,-2,1,24,-39,998,46,1,0
402473,0,idle,-12,-1,-2,0,16,-43,998,46,1,0
402499,0,idle,-12,-3,-2,1,10,-44,998,45,1,0
402525,0,idle,-12,-2,-2,5,7,-44,999,45,1,0
402551,0,idle,-12,-1,-2,11,7,-44,999,46,1,0
402577,0,idle,-11,-1,-2,14,7,-45,998,48,1,0
402603,0,idle,-11,0,-2,16,11,-47,998,51,1,0
402629,0,idle,-12,1,-2,16,15,-46,998,51,1,0
402655,0,idle,-11,1,-2,15,18,-44,998,50,1,0
402681,0,idle,-12,1,-2,12,19,-43,998,48,1,0
402707,0,idle,-13,1,-2,8,18,-42,998,47,1,0
402733,0,idle,-14,1,-2,7,17,-41,998,45,1,0
402759,0,idle,-14,0,-2,9,12,-43,998,45,1,0
402785,0,idle,-13,0,-2,11,6,-45,998,46,1,0
402811,0,idle,-12,0,-2,14,4,-46,998,48,1,0
402837,0,idle,-12,0,-2,19,4,-45,998,49,1,0
402863,0,idle,-11,1,-2,22,5,-43,998,48,1,0
402889,0,idle,-11,2,-2,23,7,-40,998,47,1,0
402915,0,idle,-12,3,-2,20,9,-39,998,45,1,0
402941,0,idle,-11,3,-2,17,10,-38,998,42,1,0
402967,0,idle,-10,4,-2,14,9,-35,998,39,1,0
402993,0,idle,-10,3,-2,12,11,-31,998,35,1,0
403019,0,idle,-11,3,-2,10,12,-28,998,32,1,0
403045,0,idle,-11,2,-2,8,11,-26,998,30,1,0
403071,0,idle,-10,2,-2,8,6,-27,998,29,1,0
403097,0,idle,-10,2,-2,8,3,-29,998,31,1,0
403123,0,idle,-10,2,-2,10,1,-30,998,31,1,0
403149,0,idle,-8,2,-1,11,0,-29,998,31,1,0
403175,0,idle,-8,2,-1,10,2,-28,998,30,1,0
403200,0,idle,-6,3,-1,8,1,-28,998,29,1,0
403225,0,idle,-6,2,-1,4,2,-29,998,29,1,0
403250,0,idle,-7,1,-1,-1,2,-29,998,29,1,0
403276,0,idle,-7,0,-1,-2,2,-28,998,28,1,0
403302,0,idle,-6,-1,-1,-2,-1,-29,998,29,1,0
403328,0,idle,-6,-1,-1,-1,-4,-33,998,34,1,0
403354,0,idle,-5,-1,-1,1,-9,-37,998,38,1,0
403380,0,idle,-6,-2,-1,5,-11,-40,998,41,1,0
403406,0,idle,-7,-1,-1,10,-15,-40,998,44,1,0
403432,0,idle,-5,1,-1,17,-22,-41,998,49,1,0
403458,0,idle,-4,2,-1,19,-25,-41,998,52,1,0
403484,0,idle,-3,2,0,17,-28,-42,998,53,1,0
403510,0,idle,-1,3,0,11,-28,-42,998,52,1,0
403536,0,idle,-1,4,0,6,-26,-41,998,49,1,0
403562,0,idle,-1,4,0,1,-26,-40,998,47,1,0
403588,0,idle,1,4,0,-3,-28,-38,998,47,1,0
403614,0,idle,0,3,0,-4,-29,-37,998,47,1,0
403640,0,idle,0,3,0,-1,-31,-35,999,47,1,0
403666,0,idle,2,3,0,2,-38,-34,998,51,1,0
403692,0,idle,3,3,1,4,-41,-34,999,53,1,0
403718,0,idle,4,3,1,6,-43,-32,999,54,1,0
403752,0,idle,5,3,1,6,-44,-31,999,54,1,0
403778,0,idle,7,2,1,5,-44,-29,999,53,1,0
403804,0,idle,8,2,2,2,-42,-28,999,51,1,0
403830,0,idle,9,1,2,1,-38,-27,999,47,1,0
403856,0,idle,9,0,2,1,-31,-27,999,41,1,0
403881,0,idle,11,0,2,3,-25,-26,999,36,1,0
403907,0,idle,12,1,2,5,-17,-24,998,30,1,0
403933,0,idle,10,0,2,4,-11,-25,999,27,1,0
403958,0,idle,10,0,2,1,-12,-25,998,28,1,0
403984,0,idle,11,0,2,0,-12,-24,998,27,1,0
404010,0,idle,10,0,2,-1,-16,-23,999,28,1,0
404036,0,idle,9,-1,2,-1,-19,-21,999,28,1,0
404062,0,idle,10,-2,2,-2,-22,-21,999,30,1,0
404088,0,idle,10,-2,2,-3,-26,-23,998,35,1,0
404114,0,idle,10,-3,2,-2,-28,-25,998,38,1,0
404140,0,idle,10,-4,2,3,-29,-25,998,39,1,0
404166,0,idle,12,-3,2,9,-27,-26,998,38,1,0
404192,0,idle,13,-2,2,13,-22,-27,998,37,1,0
404218,0,idle,13,-1,2,13,-14,-30,998,36,1,0
404244,0,idle,13,0,2,8,-3,-32,998,33,1,0
404270,0,idle,12,0,2,1,9,-32,998,33,1,0
404296,0,idle,12,-1,2,-7,19,-31,998,37,1,0
404322,0,idle,11,-1,2,-13,25,-30,998,41,1,0
404348,0,idle,8,-3,1,-17,29,-30,998,45,1,0
404374,0,idle,6,-4,1,-16,29,-30,998,45,1,0
404400,0,idle,4,-6,1,-13,25,-31,998,42,1,0
404426,0,idle,4,-6,1,-8,15,-33,999,37,1,0
404452,0,idle,4,-6,1,0,6,-36,999,37,1,0
404478,0,idle,3,-6,1,8,0,-40,999,40,1,0
404504,0,idle,3,-4,1,17,-5,-41,998,44,1,0
404530,0,idle,4,-3,1,25,-6,-40,999,47,1,0
404556,0,idle,4,-2,1,27,-7,-38,999,47,1,0
404582,0,idle,5,0,1,23,-5,-35,998,43,1,0
404607,0,idle,6,1,1,17,0,-34,998,38,1,0
404632,0,idle,6,0,1,8,8,-34,999,36,1,0
404657,0,idle,5,0,1,3,16,-33,998,37,1,0
404683,0,idle,5,0,1,0,19,-31,998,37,1,0
404708,0,idle,3,-1,0,0,20,-32,998,38,1,0
404733,0,idle,2,-1,0,4,17,-32,998,36,1,0
404758,0,idle,2,-1,0,9,11,-32,998,35,1,0
404784,0,idle,2,-2,0,11,6,-32,998,35,1,0
404810,0,idle,2,-1,0,12,2,-32,998,35,1,0
404836,0,idle,2,-1,0,11,-2,-33,998,35,1,0
404862,0,idle,2,0,0,10,-3,-33,998,35,1,0
404887,0,idle,1,0,0,10,-5,-33,998,34,1,0
404912,0,idle,2,0,0,9,-5,-33,998,34,1,0
404937,0,idle,3,0,0,9,-2,-34,998,36,1,0
404962,0,idle,3,-1,0,9,2,-36,998,37,1,0
404987,0,idle,3,-1,0,10,8,-37,998,39,1,0
405013,0,idle,2,1,0,13,16,-39,998,44,1,0
405039,0,idle,0,2,0,17,19,-42,998,49,1,0
405065,0,idle,-2,2,0,21,21,-43,998,52,1,0
405091,0,idle,-2,2,-1,22,19,-42,998,51,1,0
405117,0,idle,-1,3,0,19,16,-42,998,48,1,0
405143,0,idle,-2,4,0,14,15,-41,998,46,1,0
405169,0,idle,-3,4,-1,7,12,-41,998,43,1,0
405195,0,idle,-4,4,-1,-1,12,-42,998,43,1,0
405221,0,idle,-5,3,-1,-5,8,-42,999,43,1,0
405247,0,idle,-5,2,-1,-4,1,-42,998,43,1,0
405273,0,idle,-4,2,-1,0,-4,-42,998,42,1,0
405299,0,idle,-4,2,-1,5,-6,-41,998,42,1,0
405325,0,idle,-3,3,0,8,-8,-39,998,40,1,0
405351,0,idle,-2,3,-1,9,-6,-36,998,38,1,0
405377,0,idle,-2,3,0,6,-7,-34,998,36,1,0
405410,0,idle,-1,3,0,1,-10,-31,998,33,1,0
405436,0,idle,0,2,0,-2,-14,-27,998,30,1,0
405462,0,idle,-1,1,0,-3,-14,-23,998,27,1,0
405488,0,idle,0,1,0,-6,-17,-21,998,28,1,0
405514,0,idle,1,0,0,-10,-16,-23,998,30,1,0
405540,0,idle,2,-2,0,-12,-14,-23,999,29,1,0
405566,0,idle,1,-3,0,-7,-8,-21,999,24,1,0
405591,0,idle,1,-3,0,0,-7,-17,998,19,1,0
405616,0,idle,2,-1,1,7,-8,-13,999,17,1,0
405641,0,idle,1,-2,0,9,-10,-10,999,17,1,0
405667,0,idle,2,-3,0,9,-15,-7,998,19,1,0
405692,0,idle,3,-3,1,12,-15,-5,998,20,1,0
405718,0,idle,5,-3,1,20,-15,1,998,25,1,0
405744,0,idle,3,-4,1,26,-12,9,999,30,1,0
405769,0,idle,3,-2,1,31,-7,17,998,36,1,0
405794,0,idle,-1,1,0,30,1,19,999,36,1,0
405819,0,idle,-2,5,0,22,3,15,999,26,1,0
405844,0,idle,2,5,0,4,-4,6,999,8,1,0
405869,0,idle,4,4,1,-13,-11,-2,998,17,1,0
405895,0,idle,4,0,1,-22,-15,-6,998,27,1,0
405921,0,idle,4,-2,1,-20,-13,-8,998,26,1,0
405947,0,idle,5,-3,1,-14,-9,-10,998,19,1,0
405973,0,idle,5,-2,1,-3,-2,-11,998,12,1,0
405999,0,idle,4,-1,1,11,2,-10,998,15,1,0
406024,0,idle,4,0,1,28,3,-6,998,29,1,0
406049,0,idle,5,2,1,45,2,1,998,45,1,0
406074,0,idle,4,3,1,56,1,10,998,57,1,0
406099,0,idle,2,5,0,57,1,14,998,59,1,0
406124,0,idle,0,8,0,49,0,11,998,50,1,0
406149,0,idle,-1,8,0,35,-7,1,998,36,1,0
406175,0,idle,-1,8,0,23,-18,-10,998,31,1,0
406201,0,idle,-1,5,0,13,-27,-20,998,36,1,0
406227,0,idle,0,4,0,9,-34,-24,999,42,1,0
406253,0,idle,3,4,1,10,-39,-25,999,47,1,0
406279,0,idle,8,3,1,8,-41,-30,998,52,1,0
406305,0,idle,8,3,1,13,-40,-30,998,52,1,0
406331,0,idle,9,5,1,27,-40,-24,998,54,1,0
406357,0,idle,10,5,1,35,-42,-13,998,56,1,0
406383,0,idle,10,8,1,38,-43,-3,998,58,1,0
406409,0,idle,10,11,1,36,-42,3,998,56,1,0
406435,0,idle,9,14,1,25,-42,3,998,49,1,0
406460,0,idle,9,17,1,4,-34,-4,998,35,1,0
406486,0,idle,8,16,1,-24,-24,-12,998,36,1,0
406512,0,idle,7,13,1,-53,-19,-16,998,58,1,0
406538,0,idle,9,10,1,-77,-19,-17,998,82,1,0
406564,0,idle,12,8,2,-96,-15,-19,999,99,1,0
406590,0,idle,11,3,2,-102,-10,-18,998,105,1,0
406616,0,idle,12,-2,2,-98,-3,-14,998,99,1,0
406642,0,idle,9,-7,2,-84,12,-6,998,85,1,0
406668,0,idle,8,-10,1,-63,21,4,998,66,1,0
406693,0,idle,6,-10,1,-39,29,14,998,50,1,0
406719,0,idle,6,-10,1,-16,32,20,998,41,1,0
406745,0,idle,8,-12,2,1,36,20,998,41,1,0
406770,0,idle,7,-15,1,12,39,21,998,45,1,0
406796,0,idle,5,-17,1,18,37,24,998,47,1,0
406821,0,idle,3,-16,1,17,40,25,998,50,1,0
406846,0,idle,-1,-16,0,10,40,19,998,46,1,0
406872,0,idle,-4,-15,0,2,33,10,998,35,1,0
406898,0,idle,-5,-14,-1,-6,28,-3,998,29,1,0
406924,0,idle,-7,-16,-1,-10,19,-16,998,26,1,0
406950,0,idle,-6,-17,-1,-8,6,-28,998,29,1,0
406976,0,idle,-5,-16,-1,1,-4,-36,998,37,1,0
407002,0,idle,-5,-14,-1,13,-16,-44,998,49,1,0
407028,0,idle,-4,-13,0,25,-26,-50,998,62,1,0
407062,0,idle,-2,-9,0,39,-32,-58,998,77,1,0
407088,0,idle,0,-7,0,46,-38,-63,998,87,1,0
407114,0,idle,3,-4,1,46,-38,-67,998,89,1,0
407140,0,idle,5,0,1,41,-32,-70,998,88,1,0
407166,0,idle,9,3,1,30,-26,-74,998,84,1,0
407192,0,idle,11,2,2,14,-12,-76,998,78,1,0
407218,0,idle,11,3,1,2,1,-75,998,75,1,0
407244,0,idle,12,3,2,-11,9,-71,998,72,1,0
407270,0,idle,11,1,2,-23,19,-66,998,72,1,0
407296,0,idle,7,0,1,-33,25,-59,998,73,1,0
407322,0,idle,6,-1,1,-38,27,-54,998,71,1,0
407348,0,idle,5,-1,1,-41,25,-51,998,71,1,0
407374,0,idle,2,-1,0,-43,24,-52,998,71,1,0
407400,0,idle,-1,-2,0,-44,22,-54,998,73,1,0
407426,0,idle,-3,-3,-1,-42,22,-58,998,75,1,0
407452,0,idle,-4,-4,-1,-36,22,-62,998,75,1,0
407478,0,idle,-4,-5,0,-30,18,-67,998,76,1,0
407504,0,idle,-2,-7,0,-26,13,-68,998,74,1,0
407530,0,idle,0,-9,0,-12,8,-65,998,66,1,0
407556,0,idle,1,-10,0,10,9,-57,998,59,1,0
407582,0,idle,-1,-7,0,32,19,-48,998,60,1,0
407608,0,idle,-1,-5,0,37,24,-43,999,62,1,0
407634,0,idle,-4,-3,0,31,41,-42,998,66,1,0
407660,0,idle,-8,-2,-1,18,53,-46,998,72,1,0
407686,0,idle,-8,-4,-1,2,56,-49,998,75,1,0
407712,0,idle,-9,-5,-1,-12,59,-51,998,79,1,0
407738,0,idle,-11,-6,-2,-20,52,-53,998,77,1,0
407764,0,idle,-12,-6,-2,-22,43,-53,998,72,1,0
407790,0,idle,-13,-6,-2,-17,33,-54,999,65,1,0
407816,0,idle,-13,-6,-2,-6,19,-54,998,58,1,0
407842,0,idle,-14,-6,-2,7,7,-53,998,54,1,0
407868,0,idle,-14,-6,-2,22,-4,-51,999,56,1,0
407894,0,idle,-14,-4,-2,34,-14,-48,999,60,1,0
407920,0,idle,-15,-2,-2,41,-18,-44,999,63,1,0
407946,0,idle,-13,0,-2,41,-20,-42,999,62,1,0
407972,0,idle,-12,2,-2,36,-17,-44,999,60,1,0
407998,0,idle,-9,3,-1,29,-12,-47,999,57,1,0
408024,0,idle,-9,4,-1,25,-10,-49,999,55,1,0
408050,0,idle,-5,4,-1,23,-6,-46,999,52,1,0
408076,0,idle,-4,4,-1,19,2,-40,999,44,1,0
408102,0,idle,-2,4,0,19,5,-29,998,35,1,0
408127,0,idle,-2,5,0,20,11,-20,998,30,1,0
408152,0,idle,-2,6,-1,18,14,-13,998,26,1,0
408178,0,idle,-2,6,0,14,13,-6,998,20,1,0
408203,0,idle,-2,4,0,11,11,-1,998,16,1,0
408228,0,idle,-3,2,-1,8,7,5,998,12,1,0
408253,0,idle,-2,2,0,6,5,9,998,12,1,0
408278,0,idle,-3,1,-1,1,7,10,998,12,1,0
408303,0,idle,-3,-2,0,-7,4,8,998,11,1,0
408328,0,idle,-4,-4,-1,-12,4,8,998,15,1,0
408353,0,idle,-5,-5,-1,-15,1,8,999,17,1,0
408379,0,idle,-3,-5,0,-17,-5,7,999,19,1,0
408405,0,idle,-2,-5,0,-17,-5,2,998,18,1,0
408431,0,idle,-3,-6,0,-15,-5,-4,998,16,1,0
408457,0,idle,-4,-8,-1,-11,-1,-8,998,14,1,0
408483,0,idle,-4,-7,-1,-7,4,-12,998,14,1,0
408509,0,idle,-5,-6,-1,-4,2,-18,998,19,1,0
408535,0,idle,-4,-5,-1,0,-5,-27,998,27,1,0
408561,0,idle,-4,-4,-1,4,-11,-34,998,36,1,0
408587,0,idle,-5,-4,-1,3,-17,-41,998,45,1,0
408613,0,idle,-4,-3,-1,1,-18,-46,998,50,1,0
408639,0,idle,-3,-3,-1,0,-18,-50,998,53,1,0
408665,0,idle,-3,-3,-1,1,-15,-53,998,55,1,0
408691,0,idle,-4,-3,-1,1,-13,-54,998,55,1,0
408725,0,idle,-2,-4,0,-1,-15,-52,998,54,1,0
408751,0,idle,-2,-4,0,-3,-15,-48,998,50,1,0
408777,0,idle,-1,-6,0,-5,-16,-45,998,48,1,0
408803,0,idle,-1,-6,0,-9,-14,-45,998,48,1,0
408829,0,idle,-3,-5,0,-10,-12,-52,998,54,1,0
408855,0,idle,-2,-6,0,-11,-14,-60,998,62,1,0
408881,0,idle,-3,-8,0,-12,-18,-65,998,68,1,0
408907,0,idle,-4,-7,0,-10,-24,-67,998,72,1,0
408933,0,idle,-1,-5,0,-6,-29,-68,998,74,1,0
408959,0,idle,1,-4,0,0,-31,-70,998,77,1,0
408985,0,idle,3,-3,0,6,-33,-71,998,78,1,0
409011,0,idle,5,-2,1,13,-30,-68,998,76,1,0
409037,0,idle,5,0,1,20,-23,-64,998,71,1,0
409063,0,idle,5,2,1,25,-18,-57,998,65,1,0
409089,0,idle,5,4,1,29,-14,-50,998,59,1,0
409115,0,idle,5,5,1,30,-13,-43,999,54,1,0
409141,0,idle,6,4,1,28,-15,-37,998,48,1,0
409167,0,idle,6,2,1,22,-16,-28,998,39,1,0
409193,0,idle,6,1,1,17,-15,-18,998,29,1,0
409219,0,idle,7,1,1,13,-15,-10,998,23,1,0
409245,0,idle,7,1,1,8,-14,-5,998,17,1,0
409271,0,idle,5,1,1,2,-10,-3,998,11,1,0
409296,0,idle,4,-1,0,-3,-8,-2,998,9,1,0
409321,0,idle,6,-1,1,-13,-7,-4,998,15,1,0
409347,0,idle,5,-1,1,-19,-5,-7,998,20,1,0
409373,0,idle,5,-2,1,-21,-7,-10,998,25,1,0
409399,0,idle,5,-5,1,-26,-7,-12,999,30,1,0
409425,0,idle,5,-7,1,-29,-3,-11,999,31,1,0
409451,0,idle,6,-8,1,-27,-2,-12,999,29,1,0
409477,0,idle,6,-10,1,-24,-2,-15,998,28,1,0
409503,0,idle,5,-9,1,-22,-2,-21,998,31,1,0
409529,0,idle,3,-9,1,-20,1,-27,998,33,1,0
409555,0,idle,5,-10,1,-18,-3,-33,998,37,1,0
409581,0,idle,5,-10,1,-13,0,-37,999,40,1,0
409606,0,idle,5,-8,1,-7,2,-43,998,43,1,0
409631,0,idle,6,-6,1,-11,5,-53,998,54,1,0
409657,0,idle,6,-7,1,-19,8,-63,998,66,1,0
409683,0,idle,5,-8,1,-26,7,-69,998,74,1,0
409709,0,idle,6,-8,1,-25,2,-68,998,73,1,0
409735,0,idle,8,-8,1,-17,-1,-66,998,68,1,0
409761,0,idle,7,-8,1,-5,-2,-61,998,61,1,0
409787,0,idle,6,-8,1,8,-5,-54,998,55,1,0
409813,0,idle,7,-6,1,19,-7,-48,998,52,1,0
409839,0,idle,5,-5,1,25,-6,-44,998,51,1,0
409865,0,idle,3,-4,1,23,-5,-44,998,50,1,0
409891,0,idle,4,-5,1,18,-5,-44,998,48,1,0
409916,0,idle,5,-6,1,13,-2,-45,998,47,1,0
409941,0,idle,5,-6,1,8,0,-47,998,47,1,0
409966,0,idle,4,-5,1,6,2,-49,998,50,1,0
409991,0,idle,3,-5,1,6,7,-50,998,51,1,0
410016,0,idle,3,-6,1,3,8,-53,998,53,1,0
410041,0,idle,2,-5,1,3,7,-53,998,54,1,0
410066,0,idle,1,-4,0,3,6,-54,998,54,1,0
410091,0,idle,1,-5,0,8,-1,-53,998,53,1,0
410117,0,idle,2,-5,1,19,-8,-49,998,53,1,0
410143,0,idle,2,-3,0,31,-15,-45,999,57,1,0
410169,0,idle,3,-2,1,39,-25,-42,999,63,1,0
410195,0,idle,3,0,1,44,-32,-40,998,68,1,0
410221,0,idle,4,1,1,45,-40,-39,999,72,1,0
410247,0,idle,4,2,1,46,-44,-38,999,74,1,0
410273,0,idle,6,3,1,42,-49,-38,999,75,1,0
410299,0,idle,8,3,1,31,-51,-39,999,71,1,0
410325,0,idle,9,3,1,25,-50,-39,998,68,1,0
410351,0,idle,9,3,1,16,-45,-37,998,61,1,0
410385,0,idle,9,3,2,9,-43,-36,998,56,1,0
410411,0,idle,11,3,2,6,-41,-33,998,53,1,0
410437,0,idle,12,3,2,5,-39,-31,998,50,1,0
410463,0,idle,12,2,2,3,-34,-28,998,44,1,0
410489,0,idle,14,2,2,-1,-28,-27,998,38,1,0
410515,0,idle,13,1,2,-3,-17,-27,998,32,1,0
410541,0,idle,12,1,2,-2,-9,-28,998,30,1,0
410567,0,idle,12,1,2,0,-2,-30,998,30,1,0
410592,0,idle,12,0,2,2,5,-32,998,32,1,0
410617,0,idle,11,1,2,6,11,-32,998,35,1,0
410643,0,idle,12,1,2,9,11,-33,998,36,1,0
410669,0,idle,11,0,2,8,12,-35,998,38,1,0
410694,0,idle,10,0,1,9,14,-37,998,40,1,0
410720,0,idle,8,0,1,7,17,-39,998,43,1,0
410745,0,idle,7,0,1,1,17,-41,998,44,1,0
410771,0,idle,8,0,1,-8,15,-44,998,47,1,0
410797,0,idle,7,-1,1,-11,11,-47,998,49,1,0
410823,0,idle,5,-3,1,-5,1,-49,998,49,1,0
410849,0,idle,5,-5,1,4,-9,-51,998,51,1,0
410875,0,idle,5,-5,1,16,-15,-51,998,56,1,0
410901,0,idle,5,-2,1,29,-26,-49,998,62,1,0
410927,0,idle,8,1,1,38,-30,-48,998,68,1,0
410953,0,idle,8,3,1,42,-34,-50,998,73,1,0
410979,0,idle,8,4,1,41,-35,-52,998,75,1,0
411005,0,idle,9,4,1,33,-33,-54,998,71,1,0
411031,0,idle,11,5,2,22,-27,-54,998,64,1,0
411057,0,idle,11,5,2,14,-16,-52,998,56,1,0
411083,0,idle,10,6,1,10,-4,-49,998,50,1,0
411109,0,idle,9,8,1,11,5,-46,998,47,1,0
411134,0,idle,8,9,1,8,12,-43,998,46,1,0
411159,0,idle,6,9,1,3,17,-42,998,45,1,0
411185,0,idle,4,7,0,2,18,-42,998,46,1,0
411210,0,idle,3,6,0,3,22,-42,998,47,1,0
411235,0,idle,1,6,0,3,22,-40,998,46,1,0
411260,0,idle,-1,5,0,3,18,-38,998,42,1,0
411285,0,idle,0,4,0,2,10,-36,998,37,1,0
411310,0,idle,1,3,0,-1,-2,-36,998,36,1,0
411336,0,idle,2,3,0,-2,-15,-35,998,38,1,0
411362,0,idle,2,2,0,-5,-24,-37,998,44,1,0
411388,0,idle,3,0,0,-9,-32,-40,998,52,1,0
411414,0,idle,3,-1,0,-8,-36,-40,998,54,1,0
411440,0,idle,5,-1,1,2,-36,-38,998,53,1,0
411466,0,idle,5,0,1,8,-35,-39,998,53,1,0
411492,0,idle,6,0,1,10,-33,-41,998,53,1,0
411518,0,idle,5,-1,1,12,-26,-44,998,53,1,0
411544,0,idle,5,-2,1,12,-20,-44,998,50,1,0
411570,0,idle,6,-2,1,9,-15,-45,998,48,1,0
411596,0,idle,7,-1,1,8,-11,-47,998,49,1,0
411621,0,idle,7,-1,1,6,-5,-51,998,52,1,0
411646,0,idle,7,-1,1,10,-4,-52,998,53,1,0
411672,0,idle,5,1,1,16,-2,-50,998,52,1,0
411697,0,idle,5,1,1,15,-7,-48,998,51,1,0
411723,0,idle,4,1,1,9,-9,-47,998,49,1,0
411749,0,idle,3,2,0,3,-5,-44,998,45,1,0
411774,0,idle,3,1,1,-2,-5,-41,998,41,1,0
411800,0,idle,5,0,1,-5,-9,-38,998,40,1,0
411826,0,idle,6,2,1,-5,-11,-40,998,41,1,0
411852,0,idle,5,3,1,-4,-13,-42,998,44,1,0
411878,0,idle,4,2,1,-4,-16,-43,998,46,1,0
411904,0,idle,5,1,1,-2,-19,-44,998,48,1,0
411930,0,idle,6,2,1,1,-23,-44,998,49,1,0
411956,0,idle,7,3,1,4,-24,-44,998,50,1,0
411982,0,idle,8,3,1,4,-21,-43,998,48,1,0
412008,0,idle,9,2,1,1,-18,-42,998,46,1,0
412041,0,idle,10,2,1,-5,-12,-42,998,44,1,0
412067,0,idle,9,0,1,-12,-7,-41,998,43,1,0
412093,0,idle,9,0,1,-17,-5,-40,998,43,1,0
412119,0,idle,10,-2,1,-18,3,-38,998,43,1,0
412145,0,idle,9,-2,2,-17,7,-38,998,42,1,0
412171,0,idle,9,-2,2,-13,8,-38,999,41,1,0
412197,0,idle,10,-2,2,-4,4,-36,998,37,1,0
412223,0,idle,10,-2,2,6,0,-34,998,35,1,0
412249,0,idle,9,-2,2,13,-2,-35,999,37,1,0
412275,0,idle,8,-2,1,13,-4,-37,998,39,1,0
412301,0,idle,6,-1,1,10,-3,-39,999,41,1,0
412326,0,idle,7,-2,1,4,-5,-41,999,41,1,0
412352,0,idle,9,-3,2,-1,-10,-41,998,43,1,0
412378,0,idle,8,-3,1,-2,-12,-43,998,44,1,0
412404,0,idle,9,-3,1,-1,-16,-43,998,46,1,0
412430,0,idle,9,-4,1,2,-15,-43,998,45,1,0
412456,0,idle,6,-4,1,8,-14,-40,998,44,1,0
412482,0,idle,7,-2,1,12,-15,-38,998,43,1,0
412508,0,idle,9,-1,1,12,-15,-39,998,43,1,0
412534,0,idle,10,-1,2,9,-17,-40,998,44,1,0
412560,0,idle,12,-2,2,4,-17,-42,998,45,1,0
412586,0,idle,11,-3,2,-1,-13,-43,998,45,1,0
412612,0,idle,10,-5,1,-4,-10,-42,998,43,1,0
412638,0,idle,10,-5,1,-5,-9,-40,998,41,1,0
412664,0,idle,9,-4,1,-2,-4,-39,998,40,1,0
412690,0,idle,9,-3,1,5,-3,-40,998,40,1,0
412716,0,idle,9,-3,1,12,-5,-37,998,39,1,0
412742,0,idle,9,-2,1,18,-9,-33,998,38,1,0
412768,0,idle,11,-2,2,24,-21,-26,998,41,1,0
412794,0,idle,14,0,2,26,-30,-19,998,44,1,0
412820,0,idle,15,0,2,27,-40,-10,998,49,1,0
412846,0,idle,16,0,2,24,-41,-2,999,48,1,0
412872,0,idle,15,5,2,12,-27,-4,999,30,1,0
412898,0,idle,13,3,2,-12,-9,-15,998,21,1,0
412924,0,idle,11,2,2,-35,16,-28,998,48,1,0
412950,0,idle,12,2,2,-55,41,-37,999,78,1,0
412976,0,idle,10,0,2,-62,57,-34,999,91,1,0
413002,0,idle,8,-3,1,-46,61,-22,999,79,1,0
413027,0,idle,6,-8,1,-10,54,2,998,55,1,0
413053,0,idle,3,-9,1,40,30,36,998,62,1,0
413079,0,idle,3,-8,1,94,-6,70,998,117,1,0
413105,0,idle,0,-3,0,138,-34,93,998,170,1,0
413131,0,idle,-1,2,0,167,-60,102,998,205,1,0
413157,0,idle,0,6,0,175,-73,96,998,213,1,0
413183,0,idle,-1,9,0,166,-79,78,998,200,1,0
413209,0,idle,3,12,0,135,-81,53,998,166,1,0
413235,0,idle,3,14,0,95,-67,21,998,118,1,0
413261,0,idle,6,16,1,50,-53,-11,998,74,1,0
413287,0,idle,12,14,1,6,-33,-39,998,52,1,0
413313,0,idle,14,11,2,-29,-11,-60,998,67,1,0
413339,0,idle,16,9,2,-50,5,-69,998,86,1,0
413365,0,idle,16,8,2,-57,21,-69,999,92,1,0
413391,0,idle,11,10,1,-49,37,-65,999,89,1,0
413417,0,idle,9,12,1,-33,43,-62,999,82,1,0
413443,0,idle,7,12,1,-16,45,-61,998,78,1,0
413469,0,idle,4,11,0,-2,43,-62,998,75,1,0
413495,0,idle,5,9,1,6,34,-60,999,69,1,0
413520,0,idle,4,9,1,10,31,-59,999,68,1,0
413546,0,idle,4,10,1,9,28,-60,999,67,1,0
413571,0,idle,6,9,1,3,24,-62,999,67,1,0
413597,0,idle,4,9,0,-3,27,-66,998,72,1,0
413623,0,idle,2,8,0,-8,25,-67,998,72,1,0
413649,0,idle,1,7,0,-10,24,-64,998,69,1,0
413675,0,idle,-2,5,0,-6,23,-57,998,62,1,0
413708,0,idle,-2,6,0,3,22,-52,998,57,1,0
413734,0,idle,-3,5,0,7,24,-50,998,55,1,0
413760,0,idle,-3,4,0,6,29,-50,998,58,1,0
413785,0,idle,-5,5,-1,5,40,-51,998,65,1,0
413811,0,idle,-7,7,-1,1,44,-54,998,69,1,0
413837,0,idle,-7,7,-1,-7,46,-57,998,74,1,0
413863,0,idle,-9,7,-1,-13,48,-60,998,78,1,0
413889,0,idle,-9,6,-1,-14,41,-61,998,75,1,0
413915,0,idle,-7,5,-1,-14,37,-58,998,70,1,0
413941,0,idle,-7,5,-1,-13,34,-55,998,66,1,0
413967,0,idle,-9,4,-1,-10,32,-49,998,60,1,0
413993,0,idle,-12,4,-2,-7,34,-42,998,55,1,0
414019,0,idle,-12,6,-2,-6,32,-36,998,49,1,0
414045,0,idle,-12,6,-2,-8,33,-34,998,48,1,0
414071,0,idle,-14,4,-2,-12,34,-34,998,50,1,0
414097,0,idle,-14,2,-2,-15,37,-32,998,51,1,0
414123,0,idle,-14,0,-2,-18,47,-29,998,58,1,0
414149,0,idle,-14,-1,-2,-22,51,-26,998,61,1,0
414175,0,idle,-15,-2,-2,-24,59,-23,998,67,1,0
414201,0,idle,-16,-2,-2,-24,62,-21,998,70,1,0
414227,0,idle,-17,-2,-3,-25,70,-20,998,77,1,0
414253,0,idle,-20,-2,-3,-24,76,-22,998,83,1,0
414279,0,idle,-22,-2,-3,-21,75,-21,998,81,1,0
414305,0,idle,-22,-4,-3,-22,69,-20,998,75,1,0
414331,0,idle,-23,-6,-4,-25,64,-17,998,71,1,0
414357,0,idle,-24,-8,-4,-23,53,-12,998,59,1,0
414383,0,idle,-24,-8,-4,-22,42,-7,998,48,1,0
414409,0,idle,-25,-9,-4,-26,32,-6,998,41,1,0
414435,0,idle,-25,-11,-4,-30,20,-5,998,36,1,0
414461,0,idle,-24,-14,-4,-33,8,-4,998,34,1,0
414487,0,idle,-22,-15,-3,-31,0,-3,998,31,1,0
414513,0,idle,-22,-15,-3,-23,-4,-4,998,23,1,0
414539,0,idle,-23,-15,-3,-12,-8,-8,998,16,1,0
414565,0,idle,-23,-15,-4,-3,-11,-13,998,17,1,0
414591,0,idle,-22,-15,-3,3,-15,-19,998,25,1,0
414617,0,idle,-22,-15,-3,9,-15,-26,998,31,1,0
414643,0,idle,-20,-14,-3,13,-10,-32,998,36,1,0
414669,0,idle,-19,-13,-3,15,-2,-42,998,45,1,0
414695,0,idle,-19,-11,-3,9,5,-52,998,53,1,0
414721,0,idle,-19,-9,-3,-1,10,-63,998,64,1,0
414747,0,idle,-19,-8,-3,-10,14,-73,998,75,1,0
414773,0,idle,-18,-7,-3,-16,18,-82,998,85,1,0
414799,0,idle,-18,-6,-3,-19,19,-88,998,92,1,0
414825,0,idle,-16,-5,-2,-19,16,-90,998,93,1,0
414851,0,idle,-14,-5,-2,-15,15,-89,998,91,1,0
414877,0,idle,-14,-5,-2,-9,10,-82,998,83,1,0
414903,0,idle,-12,-5,-2,-2,4,-72,998,72,1,0
414929,0,idle,-12,-5,-2,5,1,-60,998,60,1,0
414955,0,idle,-12,-3,-2,12,-2,-48,998,50,1,0
414981,0,idle,-12,-2,-2,16,-2,-38,998,41,1,0
415007,0,idle,-10,-2,-1,13,-3,-32,998,35,1,0
415033,0,idle,-9,-3,-1,9,-1,-30,998,31,1,0
415059,0,idle,-10,-5,-1,4,-3,-25,998,26,1,0
415085,0,idle,-9,-6,-1,1,-2,-22,998,22,1,0
415111,0,idle,-9,-8,-1,-1,0,-17,998,17,1,0
415137,0,idle,-10,-8,-2,-2,-2,-14,998,15,1,0
415163,0,idle,-10,-9,-2,1,0,-13,998,13,1,0
415188,0,idle,-11,-10,-2,6,-1,-12,998,13,1,0
415214,0,idle,-11,-10,-2,10,-3,-13,998,17,1,0
415240,0,idle,-9,-10,-1,14,-7,-16,998,22,1,0
415266,0,idle,-11,-10,-2,19,-5,-20,998,28,1,0
415292,0,idle,-11,-9,-2,23,-7,-25,998,35,1,0
415318,0,idle,-8,-8,-1,24,-9,-33,998,41,1,0
415344,0,idle,-8,-6,-1,23,-9,-43,998,49,1,0
415378,0,idle,-8,-7,-1,23,-11,-50,998,56,1,0
415404,0,idle,-7,-6,-1,22,-13,-52,998,58,1,0
415430,0,idle,-6,-3,-1,20,-14,-55,998,60,1,0
415456,0,idle,-6,-2,-1,19,-19,-58,998,64,1,0
415482,0,idle,-4,-2,-1,18,-22,-61,998,67,1,0
415508,0,idle,-4,-2,-1,17,-20,-63,998,68,1,0
415534,0,idle,-2,-1,0,16,-16,-65,998,69,1,0
415560,0,idle,-4,1,-1,19,-6,-67,998,70,1,0
415586,0,idle,-4,1,-1,20,-7,-68,998,71,1,0
415612,0,idle,-2,2,0,18,-5,-68,998,70,1,0
415638,0,idle,-3,2,-1,16,-2,-65,998,67,1,0
415664,0,idle,-3,2,-1,15,-4,-61,998,63,1,0
415690,0,idle,0,2,0,10,-4,-56,998,57,1,0
415716,0,idle,-1,3,0,2,-2,-54,998,54,1,0
415742,0,idle,-2,2,0,-7,0,-52,998,52,1,0
415768,0,idle,-2,2,0,-15,-1,-49,998,51,1,0
415794,0,idle,-2,1,0,-22,-1,-47,998,52,1,0
415820,0,idle,-2,0,0,-27,0,-47,998,54,1,0
415846,0,idle,-1,-2,0,-31,-1,-46,998,56,1,0
415872,0,idle,-1,-3,0,-31,3,-46,998,56,1,0
415898,0,idle,-2,-4,0,-28,10,-43,998,53,1,0
415924,0,idle,-3,-5,0,-25,16,-41,998,50,1,0
415950,0,idle,-3,-4,0,-23,20,-38,998,49,1,0
415976,0,idle,-4,-5,0,-21,21,-37,998,47,1,0
416002,0,idle,-4,-5,0,-19,17,-34,998,43,1,0
416028,0,idle,-2,-7,0,-20,13,-31,998,40,1,0
416054,0,idle,-2,-8,0,-20,11,-28,998,36,1,0
416080,0,idle,-1,-9,0,-16,7,-24,998,30,1,0
416106,0,idle,-2,-9,0,-13,4,-23,998,27,1,0
416132,0,idle,-3,-10,0,-9,1,-22,998,23,1,0
416158,0,idle,-4,-10,0,-6,0,-20,998,21,1,0
416184,0,idle,-4,-10,0,-4,-2,-19,998,20,1,0
416210,0,idle,-3,-9,0,-4,-5,-20,998,21,1,0
416236,0,idle,-2,-9,0,-7,-5,-20,999,22,1,0
416262,0,idle,-1,-8,0,-11,-4,-21,999,24,1,0
416288,0,idle,-1,-9,0,-17,2,-22,999,27,1,0
416314,0,idle,-1,-10,0,-22,7,-22,999,32,1,0
416340,0,idle,-1,-11,0,-27,12,-23,998,38,1,0
416366,0,idle,-2,-12,0,-31,16,-23,998,42,1,0
416392,0,idle,-2,-12,0,-33,19,-23,998,45,1,0
416418,0,idle,-4,-13,0,-33,21,-25,998,46,1,0
416444,0,idle,-4,-13,0,-32,20,-26,998,46,1,0
416470,0,idle,-5,-13,-1,-29,20,-29,998,46,1,0
416496,0,idle,-5,-14,-1,-27,17,-31,998,44,1,0
416522,0,idle,-6,-15,-1,-23,16,-33,998,44,1,0
416548,0,idle,-6,-16,-1,-19,14,-35,998,42,1,0
416574,0,idle,-6,-16,-1,-16,12,-38,998,43,1,0
416600,0,idle,-6,-16,-1,-14,8,-42,998,45,1,0
416626,0,idle,-6,-15,-1,-10,8,-47,998,48,1,0
416652,0,idle,-6,-15,-1,-7,7,-50,998,51,1,0
416678,0,idle,-6,-14,-1,-1,7,-53,998,53,1,0
416704,0,idle,-7,-13,-1,4,9,-54,998,55,1,0
416730,0,idle,-6,-14,-1,3,6,-55,998,55,1,0
416756,0,idle,-5,-12,-1,3,7,-54,998,54,1,0
416782,0,idle,-5,-11,-1,3,10,-55,999,56,1,0
416808,0,idle,-4,-10,0,3,12,-56,999,57,1,0
416834,0,idle,-4,-10,0,0,17,-57,999,59,1,0
416860,0,idle,-5,-9,-1,-1,20,-55,999,59,1,0
416886,0,idle,-7,-8,-1,-2,16,-52,999,54,1,0
416912,0,idle,-7,-8,-1,0,16,-48,999,51,1,0
416938,0,idle,-5,-8,-1,0,12,-45,999,46,1,0
416964,0,idle,-6,-8,-1,1,9,-40,999,41,1,0
416990,0,idle,-6,-9,-1,3,5,-36,999,37,1,0
417016,0,idle,-7,-9,-1,5,4,-33,998,34,1,0
417049,0,idle,-7,-9,-1,4,0,-33,998,33,1,0
417075,0,idle,-8,-9,-1,1,-2,-34,998,34,1,0
417101,0,idle,-8,-9,-1,-2,-5,-37,998,37,1,0
417127,0,idle,-7,-10,-1,-8,-5,-40,998,41,1,0
417153,0,idle,-7,-10,-1,-14,-2,-42,998,44,1,0
417179,0,idle,-5,-11,-1,-18,0,-45,998,48,1,0
417205,0,idle,-6,-11,-1,-18,5,-48,998,51,1,0
417231,0,idle,-7,-12,-1,-16,5,-49,998,52,1,0
417257,0,idle,-6,-13,-1,-12,5,-49,998,51,1,0
417283,0,idle,-7,-12,-1,-7,5,-48,998,49,1,0
417309,0,idle,-6,-12,-1,0,2,-48,998,48,1,0
417335,0,idle,-5,-11,-1,4,2,-49,998,49,1,0
417361,0,idle,-6,-11,-1,8,7,-49,998,51,1,0
417387,0,idle,-5,-10,-1,11,9,-50,998,52,1,0
417413,0,idle,-4,-9,-1,12,10,-51,998,53,1,0
417439,0,idle,-4,-8,-1,10,8,-52,998,53,1,0
417465,0,idle,-4,-7,-1,8,5,-50,998,51,1,0
417491,0,idle,-4,-6,-1,7,3,-47,998,48,1,0
417517,0,idle,-4,-5,-1,7,-1,-46,998,46,1,0
417543,0,idle,-4,-5,-1,5,-6,-43,998,43,1,0
417569,0,idle,-3,-5,-1,4,-13,-40,998,42,1,0
417595,0,idle,-3,-5,-1,6,-21,-37,998,43,1,0
417621,0,idle,-3,-5,-1,8,-29,-31,998,43,1,0
417647,0,idle,-2,-6,0,10,-36,-26,998,45,1,0
417673,0,idle,-2,-5,0,12,-40,-20,998,46,1,0
417699,0,idle,-1,-4,0,15,-44,-17,998,50,1,0
417725,0,idle,1,-5,0,14,-47,-17,998,51,1,0
417751,0,idle,2,-5,1,12,-46,-18,999,50,1,0
417777,0,idle,1,-5,0,12,-44,-21,999,50,1,0
417803,0,idle,2,-5,1,13,-40,-23,999,48,1,0
417829,0,idle,3,-5,1,13,-34,-23,999,43,1,0
417855,0,idle,4,-5,1,16,-28,-23,999,40,1,0
417881,0,idle,6,-5,1,20,-20,-23,999,36,1,0
417907,0,idle,8,-5,1,22,-14,-22,998,35,1,0
417933,0,idle,8,-4,1,26,-3,-21,998,33,1,0
417959,0,idle,8,-3,1,29,2,-19,998,35,1,0
417985,0,idle,8,-2,1,29,7,-19,998,35,1,0
418011,0,idle,7,-1,1,27,10,-21,998,35,1,0
418037,0,idle,7,-1,1,23,11,-23,998,35,1,0
418063,0,idle,6,-2,1,21,7,-26,998,34,1,0
418089,0,idle,5,-1,1,19,5,-27,998,34,1,0
418115,0,idle,5,-1,1,16,-2,-28,998,33,1,0
418141,0,idle,5,-1,1,12,-9,-29,998,33,1,0
418167,0,idle,5,0,1,10,-14,-31,998,36,1,0
418193,0,idle,4,0,1,10,-20,-32,998,39,1,0
418219,0,idle,5,0,1,8,-24,-33,998,42,1,0
418245,0,idle,4,1,1,6,-24,-35,998,42,1,0
418270,0,idle,5,1,1,5,-24,-36,998,44,1,0
418296,0,idle,5,1,1,8,-19,-39,998,44,1,0
418321,0,idle,5,1,1,9,-17,-41,998,45,1,0
418347,0,idle,7,1,1,8,-19,-41,998,46,1,0
418373,0,idle,7,2,1,6,-14,-43,998,46,1,0
418398,0,idle,7,1,1,6,-10,-43,998,44,1,0
418423,0,idle,8,1,1,6,-8,-41,998,42,1,0
418448,0,idle,10,2,2,5,-6,-41,998,42,1,0
418473,0,idle,9,3,2,2,-2,-41,998,41,1,0
418498,0,idle,7,2,1,3,3,-39,998,39,1,0
418523,0,idle,7,2,1,5,5,-35,998,36,1,0
418548,0,idle,8,3,1,6,5,-32,998,33,1,0
418573,0,idle,7,3,1,7,4,-31,998,32,1,0
418598,0,idle,7,2,1,5,0,-30,998,31,1,0
418623,0,idle,7,1,1,3,-2,-27,998,28,1,0
418648,0,idle,7,0,1,2,0,-23,999,23,1,0
418673,0,idle,7,1,1,1,2,-20,999,20,1,0
418706,0,idle,7,2,1,-1,4,-20,999,20,1,0
418731,0,idle,7,1,1,-5,5,-22,999,23,1,0
418756,0,idle,6,0,1,-8,10,-24,999,27,1,0
418782,0,idle,5,0,1,-9,12,-23,998,28,1,0
418808,0,idle,5,0,1,-7,17,-23,998,30,1,0
418834,0,idle,4,-1,1,-8,18,-25,998,32,1,0
418860,0,idle,3,-2,1,-8,20,-27,998,34,1,0
418886,0,idle,0,-1,0,-3,21,-27,999,34,1,0
418912,0,idle,1,-1,0,0,17,-28,998,33,1,0
418937,0,idle,1,-1,0,-1,15,-29,998,33,1,0
418963,0,idle,1,-2,0,2,12,-30,998,33,1,0
418988,0,idle,1,-3,0,2,9,-32,998,33,1,0
419013,0,idle,1,-2,0,2,9,-33,999,35,1,0
419038,0,idle,2,-2,0,1,6,-36,998,36,1,0
419063,0,idle,1,-3,0,-1,5,-36,999,37,1,0
419088,0,idle,0,-3,0,0,5,-35,998,36,1,0
419113,0,idle,1,-2,0,3,6,-35,998,36,1,0
419138,0,idle,0,-2,0,4,7,-37,999,38,1,0
419163,0,idle,-1,-2,0,7,8,-38,998,39,1,0
419189,0,idle,0,-3,0,8,9,-39,998,41,1,0
419214,0,idle,0,-3,0,11,12,-38,999,41,1,0
419240,0,idle,-1,-2,0,13,15,-38,998,43,1,0
419266,0,idle,-1,-2,0,15,19,-38,998,45,1,0
419292,0,idle,-3,-1,-1,15,20,-40,998,47,1,0
419318,0,idle,-3,0,-1,14,20,-42,998,49,1,0
419344,0,idle,-3,-1,-1,12,17,-44,998,49,1,0
419370,0,idle,-3,-1,-1,12,15,-44,998,48,1,0
419396,0,idle,-3,-1,-1,12,12,-44,998,47,1,0
419422,0,idle,-3,0,-1,12,11,-43,998,46,1,0
419448,0,idle,-5,1,-1,15,10,-43,998,46,1,0
419474,0,idle,-6,1,-1,13,5,-44,998,46,1,0
419500,0,idle,-4,1,-1,8,0,-46,998,46,1,0
419526,0,idle,-3,0,-1,3,-2,-46,998,46,1,0
419552,0,idle,-3,0,-1,2,-1,-46,998,47,1,0
419578,0,idle,-3,0,-1,2,4,-45,998,45,1,0
419603,0,idle,-4,1,0,1,7,-45,998,45,1,0
419628,0,idle,-5,2,-1,-1,11,-46,998,47,1,0
419654,0,idle,-6,1,-1,-2,14,-45,998,47,1,0
419680,0,idle,-7,2,-1,-1,12,-42,998,44,1,0
419706,0,idle,-6,2,-1,-2,9,-40,998,41,1,0
419732,0,idle,-5,2,-1,-3,3,-39,999,39,1,0
419758,0,idle,-5,1,-1,-4,-1,-40,998,40,1,0
419784,0,idle,-5,0,-1,-1,-3,-39,998,39,1,0
419810,0,idle,-5,0,-1,0,-6,-36,998,37,1,0
419836,0,idle,-4,0,-1,1,-7,-34,998,35,1,0
419862,0,idle,-5,-1,-1,3,-6,-33,998,34,1,0
419888,0,idle,-5,-1,-1,4,-8,-32,999,33,1,0
419914,0,idle,-4,-2,-1,4,-5,-31,999,32,1,0
419940,0,idle,-4,-1,0,3,-4,-30,998,31,1,0
419966,0,idle,-3,-1,0,4,0,-31,998,31,1,0
419991,0,idle,-4,-1,-1,6,5,-32,998,33,1,0
420017,0,idle,-4,-2,-1,8,5,-31,998,32,1,0
420043,0,idle,-3,-1,0,8,6,-31,998,33,1,0
420068,0,idle,-4,-2,0,7,6,-32,999,34,1,0
420093,0,idle,-4,-2,0,8,5,-33,999,35,1,0
420118,0,idle,-3,-2,0,10,5,-34,999,35,1,0
420144,0,idle,-3,-2,0,10,4,-33,999,34,1,0
420170,0,idle,-4,-2,-1,8,0,-33,999,34,1,0
420196,0,idle,-5,-1,-1,7,-6,-32,999,33,1,0
420222,0,idle,-3,-1,-1,5,-14,-32,998,35,1,0
420248,0,idle,-2,0,0,3,-20,-33,998,38,1,0
420274,0,idle,-2,-1,0,1,-27,-33,998,42,1,0
420300,0,idle,-1,-2,0,2,-31,-31,998,44,1,0
420326,0,idle,0,-2,0,3,-32,-28,998,43,1,0
420359,0,idle,1,-1,0,6,-36,-27,998,45,1,0
420385,0,idle,2,-1,0,8,-37,-29,998,48,1,0
420411,0,idle,2,-1,0,10,-35,-30,998,47,1,0
420437,0,idle,2,-1,0,13,-33,-30,998,46,1,0
420463,0,idle,3,-1,1,15,-32,-29,998,46,1,0
420489,0,idle,5,0,1,14,-31,-30,998,45,1,0
420515,0,idle,5,0,1,13,-27,-30,998,43,1,0
420541,0,idle,5,1,1,14,-23,-31,998,41,1,0
420567,0,idle,6,2,1,13,-21,-33,998,41,1,0
420593,0,idle,7,2,1,10,-19,-35,999,41,1,0
420619,0,idle,6,1,1,8,-18,-35,998,40,1,0
420645,0,idle,8,0,1,7,-21,-32,998,39,1,0
420671,0,idle,9,1,1,5,-21,-29,998,36,1,0
420697,0,idle,10,1,2,4,-21,-28,998,35,1,0
420723,0,idle,10,1,2,1,-18,-27,998,33,1,0
420749,0,idle,9,0,2,1,-17,-27,998,32,1,0
420775,0,idle,10,0,1,2,-13,-26,998,29,1,0
420801,0,idle,10,0,1,4,-10,-27,998,29,1,0
420827,0,idle,10,0,1,6,-11,-27,998,29,1,0
420853,0,idle,9,-1,1,6,-10,-27,998,29,1,0
420879,0,idle,9,0,1,2,-10,-27,998,29,1,0
420905,0,idle,8,0,1,-1,-11,-28,998,30,1,0
420931,0,idle,7,0,1,-5,-13,-30,998,33,1,0
420957,0,idle,8,-1,1,-11,-12,-32,998,36,1,0
420983,0,idle,9,-1,1,-16,-16,-33,998,40,1,0
421009,0,idle,8,-2,1,-18,-17,-34,998,42,1,0
421035,0,idle,9,-3,1,-17,-21,-33,998,43,1,0
421061,0,idle,12,-3,2,-17,-22,-34,998,44,1,0
421087,0,idle,11,-3,2,-18,-21,-37,999,46,1,0
421113,0,idle,11,-5,2,-16,-23,-37,998,47,1,0
421139,0,idle,9,-5,2,-12,-17,-37,998,42,1,0
421165,0,idle,9,-5,2,-9,-14,-37,999,41,1,0
421191,0,idle,11,-4,2,-8,-12,-39,998,41,1,0
421217,0,idle,10,-5,2,-10,-6,-41,998,43,1,0
421243,0,idle,10,-5,2,-11,4,-44,998,45,1,0
421269,0,idle,9,-5,1,-11,16,-46,998,49,1,0
421295,0,idle,9,-5,2,-9,19,-47,999,51,1,0
421321,0,idle,8,-4,1,-7,26,-48,998,55,1,0
421347,0,idle,8,-5,1,-4,26,-49,998,56,1,0
421373,0,idle,8,-6,1,1,27,-49,998,56,1,0
421399,0,idle,8,-5,1,6,27,-48,998,55,1,0
421425,0,idle,7,-5,1,10,27,-47,998,55,1,0
421451,0,idle,5,-4,1,13,24,-47,998,54,1,0
421477,0,idle,2,-4,0,17,23,-45,998,53,1,0
421503,0,idle,1,-4,0,18,21,-42,998,51,1,0
421529,0,idle,-1,-3,0,19,17,-41,998,49,1,0
421555,0,idle,0,-1,0,18,15,-43,998,49,1,0
421581,0,idle,1,-1,0,16,12,-46,998,51,1,0
421607,0,idle,2,-1,0,14,12,-47,998,50,1,0
421633,0,idle,2,-1,0,13,14,-44,998,48,1,0
421659,0,idle,3,1,0,14,10,-41,998,45,1,0
421684,0,idle,4,1,0,12,8,-39,998,42,1,0
421709,0,idle,2,1,0,10,5,-36,998,38,1,0
421734,0,idle,1,1,0,7,1,-32,998,32,1,0
421759,0,idle,2,0,0,3,-2,-27,998,28,1,0
421785,0,idle,3,-2,0,-4,-1,-26,998,26,1,0
421811,0,idle,1,-3,0,-7,2,-24,998,25,1,0
421837,0,idle,0,-4,0,-7,6,-24,999,26,1,0
421863,0,idle,-2,-4,0,-9,8,-26,998,29,1,0
421889,0,idle,-3,-5,0,-12,9,-31,998,34,1,0
421915,0,idle,-3,-6,-1,-11,11,-35,998,39,1,0
421941,0,idle,-2,-7,0,-8,13,-38,998,41,1,0
421967,0,idle,-1,-7,0,-3,15,-42,998,44,1,0
421993,0,idle,-1,-6,0,0,19,-45,998,49,1,0
422027,0,idle,-2,-5,0,3,24,-48,998,54,1,0
422053,0,idle,-3,-4,-1,6,28,-50,998,57,1,0
422079,0,idle,-3,-3,-1,8,28,-51,998,59,1,0
422105,0,idle,-5,-2,-1,8,28,-53,998,61,1,0
422131,0,idle,-5,-2,-1,9,27,-55,998,62,1,0
422157,0,idle,-6,-2,-1,8,27,-56,999,63,1,0
422183,0,idle,-7,-3,-1,7,24,-56,998,61,1,0
422209,0,idle,-8,-3,-1,5,19,-57,998,60,1,0
422235,0,idle,-10,-4,-2,5,17,-58,998,61,1,0
422261,0,idle,-11,-2,-2,5,9,-59,999,60,1,0
422287,0,idle,-9,-1,-1,4,-2,-63,998,63,1,0
422313,0,idle,-10,-1,-2,2,-12,-70,998,71,1,0
422339,0,idle,-9,-1,-1,3,-22,-72,998,76,1,0
422365,0,idle,-6,0,-1,6,-27,-72,998,77,1,0
422391,0,idle,-5,1,-1,12,-27,-70,999,76,1,0
422417,0,idle,-4,1,-1,19,-28,-67,998,75,1,0
422443,0,idle,-2,1,0,26,-26,-62,998,72,1,0
422469,0,idle,-1,1,0,34,-21,-54,998,67,1,0
422495,0,idle,0,1,0,40,-20,-44,998,63,1,0
422521,0,idle,0,3,0,46,-14,-34,998,58,1,0
422546,0,idle,-1,5,0,49,-8,-26,998,56,1,0
422571,0,idle,0,6,0,48,-5,-21,998,53,1,0
422596,0,idle,1,7,0,45,-1,-18,998,48,1,0
422621,0,idle,1,7,0,41,2,-16,998,44,1,0
422646,0,idle,3,6,0,35,0,-15,998,38,1,0
422671,0,idle,2,4,0,29,2,-10,998,31,1,0
422696,0,idle,1,4,0,26,2,-5,998,26,1,0
422721,0,idle,1,4,0,25,-2,0,998,25,1,0
422746,0,idle,1,4,0,22,-5,0,998,23,1,0
422771,0,idle,0,4,0,20,-8,-1,998,21,1,0
422796,0,idle,-1,5,0,19,-10,-4,998,22,1,0
422822,0,idle,0,4,0,17,-14,-7,998,23,1,0
422848,0,idle,1,4,0,16,-16,-8,998,24,1,0
422874,0,idle,2,4,0,15,-18,-10,998,26,1,0
422900,0,idle,2,5,1,14,-21,-14,999,29,1,0
422926,0,idle,2,6,0,12,-20,-19,998,30,1,0
422952,0,idle,2,6,0,12,-22,-23,998,33,1,0
422978,0,idle,4,6,1,11,-22,-23,998,34,1,0
423004,0,idle,5,5,1,11,-20,-24,998,33,1,0
423030,0,idle,6,5,1,11,-19,-25,998,33,1,0
423056,0,idle,6,6,1,14,-15,-28,998,34,1,0
423082,0,idle,6,5,1,15,-13,-30,998,36,1,0
423108,0,idle,6,3,1,11,-12,-32,998,36,1,0
423134,0,idle,7,2,1,9,-9,-34,998,36,1,0
423159,0,idle,6,1,1,9,-5,-35,998,36,1,0
423184,0,idle,6,1,1,10,-2,-37,998,38,1,0
423209,0,idle,4,3,1,12,2,-41,998,43,1,0
423234,0,idle,0,6,0,13,2,-50,998,51,1,0
423259,0,idle,-4,10,-1,15,-2,-60,998,61,1,0
423285,0,idle,-3,11,0,14,-8,-71,998,73,1,0
423311,0,idle,0,11,0,11,-19,-79,998,82,1,0
423337,0,idle,4,10,1,11,-28,-81,998,86,1,0
423363,0,idle,6,9,1,11,-32,-76,998,83,1,0
423389,0,idle,10,8,1,9,-34,-66,998,75,1,0
423415,0,idle,10,9,1,5,-33,-54,998,63,1,0
423441,0,idle,9,11,1,3,-31,-43,998,53,1,0
423467,0,idle,10,10,2,0,-27,-37,998,45,1,0
423493,0,idle,11,8,2,-4,-20,-31,998,37,1,0
423519,0,idle,11,5,2,-5,-9,-25,998,27,1,0
423545,0,idle,10,5,1,-1,3,-20,998,20,1,0
423570,0,idle,9,4,1,5,10,-17,998,20,1,0
423595,0,idle,7,3,1,7,15,-13,998,21,1,0
423620,0,idle,5,2,1,9,16,-10,998,21,1,0
423645,0,idle,5,2,1,13,16,-8,998,22,1,0
423678,0,idle,4,2,1,16,12,-9,998,22,1,0
423703,0,idle,6,2,1,20,7,-10,998,24,1,0
423728,0,idle,7,3,1,25,7,-14,998,29,1,0
423753,0,idle,4,3,1,30,7,-15,998,34,1,0
423778,0,idle,4,4,1,36,2,-15,998,39,1,0
423803,0,idle,8,4,1,36,-4,-16,998,40,1,0
423829,0,idle,7,2,1,31,-11,-13,998,35,1,0
423855,0,idle,6,2,1,30,-14,-6,998,34,1,0
423880,0,idle,8,4,1,28,-14,1,998,31,1,0
423905,0,idle,8,4,1,20,-11,3,998,23,1,0
423930,0,idle,5,5,1,11,-6,2,998,13,1,0
423955,0,idle,4,6,1,2,-2,-2,998,3,1,0
423980,0,idle,2,7,0,-9,5,-10,998,14,1,0
424005,0,idle,0,7,0,-18,10,-20,998,29,1,0
424031,0,idle,0,7,0,-27,14,-32,998,44,1,0
424057,0,idle,-2,7,0,-31,19,-43,999,56,1,0
424083,0,idle,-2,9,0,-31,18,-52,998,63,1,0
424109,0,idle,-1,8,0,-28,16,-58,998,67,1,0
424135,0,idle,0,7,0,-23,14,-58,998,64,1,0
424160,0,idle,2,6,0,-16,7,-53,998,56,1,0
424185,0,idle,8,3,1,-10,1,-46,998,48,1,0
424211,0,idle,7,1,1,-6,3,-38,998,39,1,0
424236,0,idle,4,1,0,-1,6,-28,998,29,1,0
424261,0,idle,3,2,0,1,11,-20,998,23,1,0
424286,0,idle,-1,3,0,-1,18,-15,998,24,1,0
424311,0,idle,-2,4,0,-4,17,-14,998,22,1,0
424337,0,idle,-1,2,0,-11,17,-15,998,25,1,0
424363,0,idle,-3,0,0,-13,19,-17,998,29,1,0
424389,0,idle,-1,-2,0,-10,17,-17,998,26,1,0
424415,0,idle,0,-5,0,-6,16,-15,998,23,1,0
424441,0,idle,-2,-6,0,2,13,-11,998,17,1,0
424466,0,idle,-2,-4,0,12,6,-10,998,17,1,0
424492,0,idle,-3,-2,0,21,0,-12,998,24,1,0
424518,0,idle,-4,-2,0,26,-9,-16,998,32,1,0
424544,0,idle,-3,-1,0,27,-17,-21,998,38,1,0
424570,0,idle,-2,0,0,27,-18,-27,998,42,1,0
424596,0,idle,0,1,0,26,-17,-34,998,46,1,0
424622,0,idle,2,2,0,22,-16,-40,998,49,1,0
424648,0,idle,4,0,1,17,-10,-44,998,48,1,0
424674,0,idle,2,-1,0,14,-3,-41,998,44,1,0
424700,0,idle,2,-2,0,13,1,-36,998,38,1,0
424725,0,idle,1,-1,0,12,7,-32,998,35,1,0
424750,0,idle,0,0,0,11,7,-31,998,34,1,0
424775,0,idle,-2,0,0,11,10,-33,998,36,1,0
424801,0,idle,-3,0,0,11,12,-35,998,39,1,0
424827,0,idle,-2,1,0,14,12,-40,998,44,1,0
424852,0,idle,-2,3,0,18,12,-46,998,50,1,0
424878,0,idle,-3,5,0,26,10,-50,998,58,1,0
424904,0,idle,-2,4,0,32,5,-50,998,60,1,0
424929,0,idle,-1,4,0,35,0,-45,998,57,1,0
424955,0,idle,-1,4,0,38,-5,-36,998,52,1,0
424981,0,idle,-1,6,0,40,-13,-26,998,49,1,0
425007,0,idle,0,9,0,40,-18,-18,998,47,1,0
425033,0,idle,1,10,0,34,-22,-14,998,43,1,0
425059,0,idle,2,10,0,24,-26,-13,998,38,1,0
425085,0,idle,3,9,0,15,-24,-10,998,30,1,0
425111,0,idle,3,7,0,10,-22,-8,998,25,1,0
425136,0,idle,4,6,1,7,-20,-5,998,21,1,0
425161,0,idle,3,4,0,6,-15,-3,998,16,1,0
425186,0,idle,3,4,0,4,-15,-1,998,16,1,0
425211,0,idle,3,3,0,4,-16,-3,998,16,1,0
425236,0,idle,3,1,0,5,-14,-6,998,16,1,0
425261,0,idle,2,1,0,8,-13,-11,998,19,1,0
425287,0,idle,1,2,0,11,-11,-16,998,22,1,0
425320,0,idle,-1,4,0,11,-10,-26,999,30,1,0
425346,0,idle,0,6,0,11,-15,-38,999,43,1,0
425372,0,idle,2,6,0,9,-19,-52,999,56,1,0
425397,0,idle,1,5,0,9,-19,-61,999,65,1,0
425422,0,idle,2,5,1,13,-21,-65,999,70,1,0
425448,0,idle,4,6,1,18,-19,-66,998,71,1,0
425474,0,idle,5,7,1,20,-17,-65,998,70,1,0
425500,0,idle,6,7,1,21,-15,-64,998,69,1,0
425526,0,idle,6,9,1,25,-12,-61,999,67,1,0
425552,0,idle,7,9,1,25,-10,-60,999,66,1,0
425578,0,idle,8,9,1,23,-8,-60,999,65,1,0
425604,0,idle,7,9,1,24,-5,-59,999,63,1,0
425629,0,idle,6,10,1,27,0,-55,998,61,1,0
425655,0,idle,5,11,1,29,4,-53,998,61,1,0
425681,0,idle,5,11,1,31,4,-51,998,60,1,0
425706,0,idle,3,11,0,33,4,-48,998,59,1,0
425731,0,idle,3,11,0,36,3,-44,998,57,1,0
425756,0,idle,3,11,0,39,3,-40,998,56,1,0
425781,0,idle,3,11,1,41,0,-36,999,54,1,0
425807,0,idle,3,12,0,42,2,-32,999,52,1,0
425832,0,idle,3,12,0,38,-1,-31,998,49,1,0
425858,0,idle,4,12,1,31,-4,-32,998,44,1,0
425884,0,idle,3,11,0,23,-3,-32,998,40,1,0
425910,0,idle,3,11,0,15,-7,-32,998,36,1,0
425936,0,idle,6,12,1,10,-11,-31,998,34,1,0
425962,0,idle,5,12,1,5,-11,-29,998,32,1,0
425988,0,idle,4,11,1,3,-13,-27,998,30,1,0
426014,0,idle,5,10,1,2,-14,-22,998,26,1,0
426040,0,idle,5,10,1,2,-15,-18,998,24,1,0
426066,0,idle,6,11,1,2,-15,-15,998,22,1,0
426092,0,idle,5,10,1,2,-13,-14,998,19,1,0
426118,0,idle,4,8,1,3,-9,-12,998,15,1,0
426143,0,idle,3,8,0,0,-1,-12,998,12,1,0
426168,0,idle,2,7,0,-5,4,-12,998,13,1,0
426194,0,idle,3,6,0,-12,6,-12,998,18,1,0
426220,0,idle,3,5,1,-18,8,-12,998,23,1,0
426246,0,idle,4,4,1,-20,8,-12,998,25,1,0
426272,0,idle,4,3,0,-20,9,-14,998,26,1,0
426298,0,idle,3,3,0,-17,8,-16,998,25,1,0
426323,0,idle,3,2,0,-15,5,-20,998,25,1,0
426348,0,idle,2,1,0,-10,3,-22,998,24,1,0
426373,0,idle,0,0,0,-1,-1,-22,998,22,1,0
426399,0,idle,2,2,0,5,-2,-23,998,24,1,0
426424,0,idle,3,1,0,3,-4,-25,998,26,1,0
426450,0,idle,4,1,0,3,-8,-22,998,24,1,0
426475,0,idle,5,2,1,5,-8,-18,998,20,1,0
426500,0,idle,5,2,1,2,-7,-17,998,18,1,0
426525,0,idle,4,2,0,-1,-6,-18,998,19,1,0
426551,0,idle,2,1,0,-3,-2,-19,998,19,1,0
426577,0,idle,0,0,0,-2,2,-19,998,19,1,0
426602,0,idle,0,0,0,4,0,-19,998,19,1,0
426627,0,idle,1,1,0,7,-2,-20,998,21,1,0
426652,0,idle,2,2,0,10,-4,-23,998,25,1,0
426678,0,idle,3,2,0,12,-5,-25,998,28,1,0
426704,0,idle,3,1,1,15,-1,-27,998,31,1,0
426730,0,idle,3,2,1,16,1,-30,998,34,1,0
426755,0,idle,3,2,1,15,4,-33,998,37,1,0
426780,0,idle,2,2,0,12,7,-35,998,37,1,0
426805,0,idle,3,2,0,4,4,-35,998,35,1,0
426830,0,idle,5,1,1,1,3,-34,998,34,1,0
426855,0,idle,3,1,0,1,5,-33,998,34,1,0
426880,0,idle,1,1,0,6,4,-33,998,34,1,0
426905,0,idle,1,2,0,14,0,-31,998,34,1,0
426931,0,idle,2,3,0,19,-9,-29,998,36,1,0
426964,0,idle,4,3,0,22,-18,-27,998,40,1,0
426990,0,idle,4,3,0,22,-23,-27,998,42,1,0
427016,0,idle,4,4,0,22,-20,-29,998,42,1,0
427042,0,idle,4,4,0,16,-18,-31,998,39,1,0
427068,0,idle,5,5,1,5,-14,-35,998,38,1,0
427094,0,idle,4,5,1,-3,-8,-36,998,37,1,0
427120,0,idle,5,4,1,-5,-6,-35,998,35,1,0
427146,0,idle,7,3,1,-4,-5,-34,998,34,1,0
427172,0,idle,7,3,1,-1,-5,-34,998,34,1,0
427197,0,idle,6,3,1,5,-2,-34,998,34,1,0
427222,0,idle,5,3,1,11,1,-34,998,35,1,0
427247,0,idle,5,4,1,15,5,-35,998,38,1,0
427272,0,idle,4,4,1,14,6,-35,998,38,1,0
427297,0,idle,4,4,1,12,4,-34,998,36,1,0
427322,0,idle,5,4,1,9,2,-34,998,35,1,0
427347,0,idle,4,5,1,6,3,-36,998,37,1,0
427372,0,idle,3,4,0,4,2,-37,998,37,1,0
427397,0,idle,4,4,1,2,2,-38,998,38,1,0
427422,0,idle,3,4,0,1,1,-39,998,39,1,0
427447,0,idle,1,4,0,6,-4,-39,998,40,1,0
427473,0,idle,3,3,0,6,-11,-39,998,41,1,0
427499,0,idle,3,3,0,4,-13,-39,998,41,1,0
427525,0,idle,3,3,0,3,-14,-40,998,42,1,0
427551,0,idle,4,2,0,2,-13,-39,998,41,1,0
427577,0,idle,4,2,0,1,-12,-39,998,41,1,0
427603,0,idle,4,2,0,-1,-10,-42,998,43,1,0
427629,0,idle,2,1,0,0,-8,-44,998,44,1,0
427654,0,idle,1,1,0,5,-7,-42,998,43,1,0
427679,0,idle,2,2,0,11,-8,-38,998,40,1,0
427705,0,idle,3,2,0,15,-13,-36,998,41,1,0
427731,0,idle,3,3,0,20,-17,-34,998,43,1,0
427757,0,idle,4,3,1,24,-18,-33,998,45,1,0
427783,0,idle,3,3,1,26,-15,-32,998,44,1,0
427809,0,idle,4,4,1,24,-12,-30,999,41,1,0
427835,0,idle,4,4,1,19,-7,-29,998,36,1,0
427860,0,idle,2,4,1,12,-2,-28,999,31,1,0
427886,0,idle,2,3,0,9,-3,-24,999,26,1,0
427911,0,idle,3,4,0,8,-4,-21,998,22,1,0
427936,0,idle,3,4,0,5,-6,-21,998,22,1,0
427962,0,idle,2,4,0,4,-4,-23,998,24,1,0
427987,0,idle,1,3,0,7,-2,-23,998,24,1,0
428012,0,idle,3,3,1,11,-8,-18,999,22,1,0
428038,0,idle,4,3,1,13,-12,-14,998,23,1,0
428064,0,idle,4,4,1,11,-17,-14,998,25,1,0
428090,0,idle,4,4,1,10,-18,-15,999,26,1,0
428116,0,idle,4,3,1,7,-16,-15,999,23,1,0
428141,0,idle,5,2,1,3,-13,-16,999,21,1,0
428167,0,idle,5,2,1,-2,-8,-18,998,20,1,0
428193,0,idle,5,1,1,-3,-5,-19,998,20,1,0
428218,0,idle,6,1,1,-1,-2,-18,998,18,1,0
428243,0,idle,6,1,1,1,3,-18,998,19,1,0
428268,0,idle,6,1,1,1,3,-20,999,20,1,0
428293,0,idle,6,0,1,1,2,-20,998,21,1,0
428318,0,idle,5,-1,1,5,6,-20,998,22,1,0
428343,0,idle,3,0,1,11,6,-20,998,24,1,0
428368,0,idle,3,0,0,16,7,-21,998,28,1,0
428393,0,idle,2,2,0,18,9,-25,998,32,1,0
428418,0,idle,1,2,0,16,8,-29,998,34,1,0
428443,0,idle,1,1,0,12,4,-30,998,32,1,0
428468,0,idle,1,0,0,7,1,-31,998,32,1,0
428493,0,idle,2,0,0,8,0,-33,998,34,1,0
428518,0,idle,3,0,0,12,-3,-35,998,37,1,0
428544,0,idle,3,0,0,18,-11,-37,998,42,1,0
428570,0,idle,3,1,0,24,-15,-40,998,49,1,0
428604,0,idle,3,2,0,22,-18,-42,998,51,1,0
428630,0,idle,5,3,0,16,-23,-43,998,52,1,0
428656,0,idle,5,3,1,9,-22,-46,998,51,1,0
428682,0,idle,5,3,1,2,-20,-48,998,52,1,0
428708,0,idle,5,3,1,-2,-15,-48,998,51,1,0
428734,0,idle,5,3,1,-5,-12,-49,998,51,1,0
428760,0,idle,5,4,1,-7,-8,-50,998,52,1,0
428786,0,idle,5,3,1,-9,-5,-51,999,52,1,0
428812,0,idle,5,3,1,-9,-2,-49,999,50,1,0
428837,0,idle,5,3,1,-9,0,-48,998,49,1,0
428862,0,idle,5,2,1,-9,3,-48,998,49,1,0
428888,0,idle,5,1,1,-7,8,-47,999,49,1,0
428913,0,idle,4,2,1,-2,15,-47,998,50,1,0
428939,0,idle,4,2,1,-1,18,-46,998,49,1,0
428964,0,idle,3,1,0,-1,20,-45,998,49,1,0
428990,0,idle,2,1,0,2,21,-42,998,47,1,0
429015,0,idle,2,1,0,2,21,-42,998,47,1,0
429040,0,idle,2,1,0,0,18,-42,998,46,1,0
429065,0,idle,1,1,0,-2,17,-43,998,46,1,0
429091,0,idle,0,0,0,-1,17,-43,998,46,1,0
429116,0,idle,0,0,0,3,11,-40,998,42,1,0
429141,0,idle,1,0,0,6,6,-37,998,38,1,0
429166,0,idle,0,1,0,7,1,-36,998,36,1,0
429191,0,idle,-1,1,0,7,2,-35,998,35,1,0
429216,0,idle,-1,0,0,6,2,-35,998,35,1,0
429241,0,idle,-1,-2,0,6,2,-35,998,35,1,0
429266,0,idle,-1,-2,0,9,1,-35,998,36,1,0
429292,0,idle,0,-1,0,14,-4,-35,998,38,1,0
429318,0,idle,0,0,0,20,-5,-36,998,42,1,0
429344,0,idle,0,0,0,25,-7,-36,999,44,1,0
429370,0,idle,1,1,0,23,-5,-37,999,43,1,0
429395,0,idle,0,2,0,18,-1,-38,999,42,1,0
429420,0,idle,1,3,0,11,3,-39,999,40,1,0
429446,0,idle,-1,4,0,8,8,-39,999,41,1,0
429471,0,idle,-1,4,0,7,9,-40,999,42,1,0
429496,0,idle,-1,3,0,4,10,-41,998,42,1,0
429522,0,idle,-3,2,0,4,12,-42,998,44,1,0
429547,0,idle,-3,2,0,6,14,-42,998,45,1,0
429572,0,idle,-2,2,0,6,13,-40,998,43,1,0
429597,0,idle,-1,1,0,6,12,-42,998,44,1,0
429622,0,idle,-3,1,-1,8,16,-44,998,48,1,0
429648,0,idle,-5,1,-1,13,20,-44,998,50,1,0
429674,0,idle,-4,1,-1,17,18,-42,999,49,1,0
429700,0,idle,-4,2,0,19,17,-42,999,49,1,0
429726,0,idle,-5,4,-1,17,16,-42,999,48,1,0
429752,0,idle,-6,4,-1,13,14,-39,999,44,1,0
429778,0,idle,-5,3,-1,7,14,-38,998,41,1,0
429804,0,idle,-4,2,-1,0,13,-38,998,40,1,0
429830,0,idle,-5,1,-1,-5,11,-37,998,39,1,0
429856,0,idle,-5,0,-1,-6,11,-35,998,37,1,0
429882,0,idle,-5,-1,-1,-5,10,-33,998,35,1,0
429908,0,idle,-6,-1,-1,0,8,-31,998,32,1,0
429934,0,idle,-5,0,-1,3,4,-29,998,29,1,0
429960,0,idle,-5,0,-1,3,3,-29,998,30,1,0
429985,0,idle,-5,-1,-1,3,6,-29,998,30,1,0
430011,0,idle,-5,-1,-1,3,11,-29,998,32,1,0
430037,0,idle,-5,-2,-1,3,15,-29,998,33,1,0
430063,0,idle,-5,-1,-1,4,19,-29,998,34,1,0
430089,0,idle,-5,-2,-1,6,19,-28,998,35,1,0
430115,0,idle,-6,-2,-1,8,19,-28,998,35,1,0
430141,0,idle,-7,-2,-1,9,18,-29,998,35,1,0
430167,0,idle,-8,-2,-1,8,16,-31,998,35,1,0
430193,0,idle,-8,-3,-1,9,11,-32,998,35,1,0
430219,0,idle,-7,-2,-1,13,7,-33,998,36,1,0
430252,0,idle,-7,-1,-1,16,0,-35,998,39,1,0
430278,0,idle,-6,0,-1,18,-7,-36,998,41,1,0
430304,0,idle,-4,0,-1,17,-15,-37,998,43,1,0
430330,0,idle,-5,1,-1,17,-19,-37,998,45,1,0
430356,0,idle,-4,2,0,15,-20,-38,999,46,1,0
430382,0,idle,-3,2,0,11,-19,-41,999,46,1,0
430408,0,idle,-3,2,0,8,-17,-43,998,47,1,0
430434,0,idle,-4,3,0,10,-15,-42,999,46,1,0
430460,0,idle,-4,4,-1,13,-13,-40,999,44,1,0
430486,0,idle,-3,4,-1,18,-11,-38,998,44,1,0
430512,0,idle,-3,5,-1,22,-12,-37,998,44,1,0
430538,0,idle,-1,6,0,23,-14,-36,998,45,1,0
430564,0,idle,-1,5,0,19,-15,-36,998,43,1,0
430590,0,idle,0,6,0,18,-19,-33,998,42,1,0
430616,0,idle,0,6,0,16,-21,-29,999,39,1,0
430642,0,idle,2,7,0,14,-25,-27,998,39,1,0
430668,0,idle,2,6,0,11,-29,-26,998,40,1,0
430694,0,idle,1,5,0,9,-29,-25,998,39,1,0
430720,0,idle,1,5,0,10,-26,-23,999,36,1,0
430746,0,idle,1,5,0,7,-26,-20,999,34,1,0
430772,0,idle,2,5,0,4,-25,-20,998,32,1,0
430798,0,idle,2,4,0,2,-23,-20,998,31,1,0
430824,0,idle,5,3,1,4,-26,-18,998,32,1,0
430850,0,idle,6,3,1,11,-26,-17,998,33,1,0
430876,0,idle,7,4,1,15,-24,-20,998,35,1,0
430902,0,idle,5,4,1,12,-18,-25,998,33,1,0
430927,0,idle,4,2,1,8,-12,-26,998,30,1,0
430952,0,idle,4,1,1,6,-7,-25,999,26,1,0
430977,0,idle,4,0,1,4,-3,-24,999,25,1,0
431002,0,idle,5,1,1,3,-4,-25,999,26,1,0
431027,0,idle,5,3,1,5,-5,-27,998,28,1,0
431052,0,idle,5,3,1,7,-6,-29,999,30,1,0
431077,0,idle,6,2,1,8,-12,-31,998,34,1,0
431103,0,idle,7,1,1,8,-18,-32,998,38,1,0
431129,0,idle,5,1,1,3,-20,-34,998,39,1,0
431155,0,idle,5,1,1,-1,-21,-34,998,40,1,0
431181,0,idle,7,1,1,-6,-22,-34,999,41,1,0
431207,0,idle,8,1,1,-10,-19,-36,999,42,1,0
431233,0,idle,8,0,1,-11,-19,-37,999,43,1,0
431259,0,idle,7,0,1,-12,-16,-37,999,42,1,0
431285,0,idle,6,-1,1,-6,-12,-34,999,37,1,0
431311,0,idle,7,-1,1,-7,-9,-32,998,34,1,0
431337,0,idle,7,-1,1,-8,-8,-32,998,34,1,0
431363,0,idle,8,-1,1,-8,-8,-32,998,34,1,0
431389,0,idle,8,-1,1,-7,-5,-30,998,31,1,0
431415,0,idle,8,-2,1,-5,-4,-28,998,29,1,0
431441,0,idle,7,-2,1,-7,-4,-28,998,29,1,0
431467,0,idle,6,-3,1,-9,-3,-29,998,30,1,0
431493,0,idle,5,-4,1,-12,-3,-27,998,30,1,0
431519,0,idle,6,-5,1,-11,-3,-25,998,28,1,0
431545,0,idle,7,-5,1,-8,-3,-25,998,26,1,0
431571,0,idle,7,-4,1,-4,-1,-26,998,27,1,0
431596,0,idle,7,-3,1,0,1,-26,998,26,1,0
431621,0,idle,8,-4,1,2,2,-24,998,24,1,0
431646,0,idle,7,-4,1,5,5,-24,998,25,1,0
431671,0,idle,6,-3,1,6,10,-25,998,28,1,0
431697,0,idle,6,-3,1,6,12,-26,998,29,1,0
431722,0,idle,5,-3,1,5,17,-28,998,33,1,0
431747,0,idle,4,-3,1,5,19,-29,999,36,1,0
431772,0,idle,3,-3,1,3,15,-28,999,32,1,0
431797,0,idle,4,-4,1,3,10,-29,998,30,1,0
431822,0,idle,4,-3,1,2,6,-32,998,33,1,0
431847,0,idle,4,-4,1,0,2,-35,998,35,1,0
431872,0,idle,4,-5,1,-1,0,-36,998,36,1,0
431905,0,idle,2,-5,0,4,0,-36,998,37,1,0
431930,0,idle,1,-3,0,9,-5,-36,999,38,1,0
431956,0,idle,3,-2,1,10,-11,-37,999,40,1,0
431982,0,idle,3,-2,1,9,-14,-40,999,43,1,0
432008,0,idle,4,-3,1,8,-19,-40,999,45,1,0
432034,0,idle,5,-3,1,10,-20,-39,999,45,1,0
432060,0,idle,6,-1,1,11,-19,-40,999,46,1,0
432086,0,idle,6,-1,1,10,-19,-42,999,47,1,0
432112,0,idle,6,-1,1,11,-19,-44,999,49,1,0
432138,0,idle,7,0,1,14,-16,-44,999,49,1,0
432164,0,idle,5,2,1,14,-11,-44,999,47,1,0
432190,0,idle,5,3,1,11,-11,-44,998,46,1,0
432216,0,idle,6,2,1,4,-10,-44,998,45,1,0
432242,0,idle,5,1,1,3,-8,-43,998,44,1,0
432267,0,idle,5,1,1,4,-9,-40,998,41,1,0
432292,0,idle,6,2,1,8,-10,-37,998,39,1,0
432318,0,idle,6,2,1,10,-10,-36,998,39,1,0
432344,0,idle,6,2,1,11,-10,-35,998,38,1,0
432370,0,idle,5,2,1,12,-8,-33,998,36,1,0
432395,0,idle,5,2,1,12,-4,-32,998,35,1,0
432420,0,idle,5,2,1,10,1,-32,999,34,1,0
432445,0,idle,5,1,1,10,7,-32,998,34,1,0
432470,0,idle,5,2,1,12,10,-30,999,33,1,0
432496,0,idle,6,2,1,15,15,-28,999,35,1,0
432522,0,idle,5,2,1,16,17,-28,998,36,1,0
432548,0,idle,5,3,1,14,19,-30,998,38,1,0
432573,0,idle,3,2,0,10,21,-29,998,37,1,0
432599,0,idle,2,1,0,7,23,-28,998,37,1,0
432624,0,idle,1,1,0,5,22,-26,998,34,1,0
432649,0,idle,1,1,0,2,17,-27,998,32,1,0
432674,0,idle,0,1,0,-2,13,-30,999,32,1,0
432700,0,idle,0,1,0,-5,4,-31,999,32,1,0
432726,0,idle,1,1,0,-5,-4,-29,998,30,1,0
432752,0,idle,1,0,0,-3,-11,-27,998,30,1,0
432778,0,idle,2,0,0,-1,-19,-26,998,32,1,0
432804,0,idle,4,0,1,-1,-22,-27,998,35,1,0
432830,0,idle,3,0,0,-3,-20,-28,998,34,1,0
432856,0,idle,3,-1,0,-2,-17,-26,998,31,1,0
432882,0,idle,4,-1,1,-3,-15,-24,998,28,1,0
432908,0,idle,3,-1,0,-5,-10,-23,998,25,1,0
432934,0,idle,2,-1,0,-6,-8,-22,998,25,1,0
432960,0,idle,4,-2,0,-4,-9,-20,998,22,1,0
432986,0,idle,5,-2,1,1,-5,-19,998,20,1,0
433011,0,idle,3,-1,0,8,-1,-19,998,21,1,0
433037,0,idle,2,0,0,16,-1,-18,998,24,1,0
433063,0,idle,0,1,0,20,0,-17,998,26,1,0
433088,0,idle,0,2,0,17,1,-19,998,26,1,0
433113,0,idle,0,2,0,10,-1,-22,998,24,1,0
433139,0,idle,0,1,0,7,-1,-24,998,25,1,0
433164,0,idle,1,0,0,6,1,-24,998,25,1,0
433189,0,idle,1,-1,0,4,1,-26,998,26,1,0
433214,0,idle,0,-1,0,1,2,-29,998,30,1,0
433239,0,idle,-1,-1,0,-4,5,-32,999,33,1,0
433265,0,idle,0,-2,0,-8,3,-33,998,34,1,0
433291,0,idle,1,-2,0,-12,3,-32,998,34,1,0
433317,0,idle,0,-2,0,-13,5,-32,998,35,1,0
433343,0,idle,0,-2,0,-14,4,-34,998,37,1,0
433369,0,idle,1,-3,0,-10,6,-34,998,36,1,0
433394,0,idle,0,-4,0,-5,5,-34,998,35,1,0
433419,0,idle,0,-5,0,2,6,-35,998,35,1,0
433444,0,idle,-3,-2,0,15,12,-36,998,41,1,0
433470,0,idle,-4,-3,-1,21,14,-39,998,47,1,0
433496,0,idle,-2,-4,0,24,14,-40,998,48,1,0
433522,0,idle,-2,-2,0,29,15,-40,999,52,1,0
433556,0,idle,-1,0,0,43,10,-38,999,58,1,0
433582,0,idle,2,4,0,55,6,-37,998,67,1,0
433607,0,idle,0,5,0,61,5,-36,998,71,1,0
433632,0,idle,-2,6,0,66,2,-33,998,74,1,0
433658,0,idle,-2,7,0,69,2,-27,998,74,1,0
433683,0,idle,-3,7,-1,69,0,-21,998,72,1,0
433709,0,idle,-2,10,-1,65,-1,-18,998,67,1,0
433735,0,idle,-3,12,-1,58,0,-20,998,61,1,0
433761,0,idle,-4,13,-1,46,5,-25,998,53,1,0
433787,0,idle,-3,14,-1,33,9,-30,998,46,1,0
433813,0,idle,-2,14,-1,17,13,-37,998,42,1,0
433839,0,idle,-2,11,-1,3,17,-41,998,44,1,0
433865,0,idle,-3,9,-1,1,23,-40,998,46,1,0
433891,0,idle,-3,8,-1,7,27,-34,998,44,1,0
433917,0,idle,-5,9,-1,14,26,-28,998,41,1,0
433943,0,idle,-7,11,-1,22,22,-24,998,39,1,0
433969,0,idle,-8,10,-1,27,17,-21,998,38,1,0
433995,0,idle,-9,10,-1,29,10,-18,999,35,1,0
434021,0,idle,-7,10,-1,26,4,-18,998,32,1,0
434047,0,idle,-6,11,-1,19,1,-21,999,28,1,0
434073,0,idle,-7,10,-1,10,3,-24,998,26,1,0
434099,0,idle,-8,9,-1,1,4,-27,998,27,1,0
434125,0,idle,-7,10,-1,-9,4,-32,999,34,1,0
434151,0,idle,-8,9,-1,-19,5,-38,999,43,1,0
434177,0,idle,-10,8,-1,-25,3,-42,998,49,1,0
434203,0,idle,-8,6,-1,-26,1,-43,998,51,1,0
434229,0,idle,-7,4,-1,-26,-1,-43,998,51,1,0
434255,0,idle,-6,4,-1,-23,1,-44,998,50,1,0
434281,0,idle,-7,3,-1,-15,6,-45,998,48,1,0
434307,0,idle,-7,2,-1,-7,11,-45,998,47,1,0
434333,0,idle,-8,3,-1,-1,16,-44,998,47,1,0
434359,0,idle,-8,6,-1,4,20,-45,998,50,1,0
434385,0,idle,-7,5,-1,4,23,-47,998,53,1,0
434411,0,idle,-7,5,-1,4,30,-47,998,56,1,0
434437,0,idle,-6,5,-1,3,35,-47,998,59,1,0
434463,0,idle,-7,5,-1,0,40,-45,998,60,1,0
434489,0,idle,-7,5,-1,-4,41,-41,998,58,1,0
434515,0,idle,-8,6,-1,-7,39,-37,998,54,1,0
434541,0,idle,-8,5,-1,-8,32,-34,998,47,1,0
434567,0,idle,-7,4,-1,-9,24,-30,998,39,1,0
434593,0,idle,-7,2,-1,-9,17,-24,998,30,1,0
434619,0,idle,-7,0,-1,-9,8,-18,998,21,1,0
434645,0,idle,-7,-2,-1,-8,4,-12,998,14,1,0
434671,0,idle,-8,-3,-1,-9,4,-9,998,13,1,0
434697,0,idle,-8,-4,-1,-12,7,-10,998,16,1,0
434723,0,idle,-8,-5,-1,-17,11,-15,998,25,1,0
434749,0,idle,-8,-6,-1,-23,17,-23,998,36,1,0
434775,0,idle,-9,-7,-1,-29,20,-32,999,47,1,0
434801,0,idle,-9,-8,-1,-31,22,-39,999,54,1,0
434827,0,idle,-9,-8,-1,-25,21,-41,999,53,1,0
434853,0,idle,-9,-7,-1,-16,20,-42,999,49,1,0
434879,0,idle,-9,-6,-1,-7,21,-44,999,49,1,0
434905,0,idle,-11,-6,-1,-4,23,-50,999,55,1,0
434931,0,idle,-11,-7,-1,-4,26,-55,998,61,1,0
434957,0,idle,-11,-6,-2,-6,31,-58,998,66,1,0
434983,0,idle,-10,-6,-2,-8,33,-60,998,69,1,0
435009,0,idle,-10,-5,-2,-7,35,-61,998,71,1,0
435035,0,idle,-10,-5,-2,-5,37,-59,998,70,1,0
435061,0,idle,-11,-4,-2,-3,35,-56,998,66,1,0
435087,0,idle,-12,-4,-2,0,29,-52,998,60,1,0
435113,0,idle,-12,-4,-2,1,24,-48,998,53,1,0
435139,0,idle,-14,-4,-2,4,21,-42,998,47,1,0
435165,0,idle,-15,-3,-2,6,15,-39,998,42,1,0
435191,0,idle,-15,-2,-2,5,10,-38,998,40,1,0
435225,0,idle,-15,-3,-2,1,5,-39,998,39,1,0
435251,0,idle,-15,-3,-2,-2,3,-37,998,37,1,0
435277,0,idle,-13,-5,-2,-7,5,-37,998,38,1,0
435303,0,idle,-12,-6,-2,-11,8,-37,998,39,1,0
435329,0,idle,-12,-5,-2,-11,15,-37,998,42,1,0
435355,0,idle,-12,-5,-2,-6,21,-38,998,44,1,0
435381,0,idle,-13,-4,-2,0,25,-39,998,47,1,0
435407,0,idle,-13,-4,-2,5,27,-38,998,47,1,0
435433,0,idle,-13,-4,-2,11,27,-37,998,47,1,0
435459,0,idle,-12,-4,-2,14,23,-34,998,44,1,0
435485,0,idle,-11,-3,-2,16,21,-31,998,41,1,0
435511,0,idle,-10,-4,-1,13,17,-29,998,36,1,0
435537,0,idle,-10,-4,-1,8,15,-26,999,31,1,0
435563,0,idle,-9,-4,-1,-1,14,-23,999,27,1,0
435589,0,idle,-9,-5,-1,-11,12,-21,998,27,1,0
435615,0,idle,-10,-6,-1,-18,15,-21,998,31,1,0
435641,0,idle,-10,-6,-1,-21,16,-23,998,35,1,0
435667,0,idle,-11,-8,-1,-23,17,-26,998,39,1,0
435693,0,idle,-12,-9,-2,-21,19,-29,998,41,1,0
435719,0,idle,-13,-9,-2,-15,22,-33,998,42,1,0
435745,0,idle,-15,-10,-2,-9,22,-36,998,44,1,0
435771,0,idle,-18,-9,-3,0,23,-37,998,44,1,0
435797,0,idle,-19,-8,-3,6,21,-40,998,46,1,0
435823,0,idle,-19,-6,-3,9,15,-45,998,48,1,0
435849,0,idle,-18,-5,-3,10,12,-50,998,52,1,0
435875,0,idle,-17,-3,-3,12,7,-54,998,56,1,0
435901,0,idle,-13,-2,-2,12,2,-55,998,57,1,0
435927,0,idle,-12,-2,-2,11,0,-56,998,57,1,0
435953,0,idle,-11,-2,-2,10,-3,-52,998,53,1,0
435979,0,idle,-8,-1,-1,11,-4,-43,998,44,1,0
436005,0,idle,-7,-1,-1,12,0,-33,998,35,1,0
436031,0,idle,-8,-1,-1,15,6,-24,998,28,1,0
436057,0,idle,-9,-1,-1,18,12,-17,998,27,1,0
436083,0,idle,-10,-1,-2,19,19,-12,998,29,1,0
436109,0,idle,-10,-2,-2,15,19,-10,998,26,1,0
436135,0,idle,-12,-2,-2,10,20,-9,998,24,1,0
436161,0,idle,-14,-1,-2,9,18,-9,999,22,1,0
436187,0,idle,-12,-2,-2,7,12,-11,998,17,1,0
436213,0,idle,-12,-2,-2,3,6,-15,998,16,1,0
436239,0,idle,-13,-2,-2,2,-2,-18,999,18,1,0
436265,0,idle,-11,-5,-2,1,-10,-20,998,23,1,0
436291,0,idle,-9,-6,-1,-2,-17,-20,998,27,1,0
436317,0,idle,-8,-5,-1,-2,-25,-21,998,33,1,0
436343,0,idle,-7,-5,-1,-3,-31,-21,998,38,1,0
436369,0,idle,-7,-6,-1,-6,-32,-22,998,39,1,0
436395,0,idle,-9,-6,-2,-8,-27,-22,998,36,1,0
436421,0,idle,-10,-5,-2,-9,-19,-24,998,32,1,0
436447,0,idle,-11,-4,-2,-10,-10,-31,998,34,1,0
436473,0,idle,-10,-3,-1,-13,-6,-41,999,43,1,0
436499,0,idle,-8,-4,-1,-14,-3,-51,998,53,1,0
436525,0,idle,-8,-4,-1,-11,-1,-57,998,58,1,0
436551,0,idle,-7,-5,-1,-6,-1,-58,998,58,1,0
436577,0,idle,-5,-5,-1,-1,-4,-55,998,55,1,0
436603,0,idle,-5,-4,-1,7,-6,-52,998,53,1,0
436629,0,idle,-4,-2,-1,17,-13,-48,998,53,1,0
436655,0,idle,-4,-2,0,23,-18,-45,998,53,1,0
436681,0,idle,-4,-1,0,25,-24,-41,998,54,1,0
436707,0,idle,-2,0,0,27,-28,-38,998,54,1,0
436733,0,idle,-3,0,0,26,-26,-35,998,51,1,0
436759,0,idle,-2,0,0,24,-24,-32,999,47,1,0
436785,0,idle,-1,0,0,21,-19,-32,998,43,1,0
436811,0,idle,-2,-1,0,14,-17,-33,998,40,1,0
436837,0,idle,-2,-1,0,8,-14,-33,998,37,1,0
436863,0,idle,-1,-1,0,3,-12,-32,998,34,1,0
436897,0,idle,0,-2,0,-6,-9,-32,998,34,1,0
436923,0,idle,0,-2,0,-12,-3,-33,998,35,1,0
436949,0,idle,1,-3,0,-17,1,-36,999,39,1,0
436975,0,idle,3,-4,1,-20,6,-38,999,44,1,0
437001,0,idle,3,-5,1,-24,9,-42,998,49,1,0
437027,0,idle,2,-7,0,-23,14,-43,998,51,1,0
437053,0,idle,0,-7,0,-17,17,-41,998,48,1,0
437079,0,idle,-1,-7,0,-10,17,-40,999,45,1,0
437105,0,idle,-1,-7,0,-5,16,-40,998,44,1,0
437131,0,idle,-3,-5,0,-1,13,-43,998,45,1,0
437157,0,idle,-2,-6,0,-1,7,-46,998,47,1,0
437183,0,idle,-1,-5,0,-2,4,-51,998,51,1,0
437209,0,idle,0,-5,0,-1,1,-54,998,54,1,0
437234,0,idle,1,-5,0,3,-1,-54,998,54,1,0
437259,0,idle,1,-4,0,5,-3,-53,998,54,1,0
437285,0,idle,3,-4,0,6,-6,-51,998,51,1,0
437310,0,idle,2,-4,0,8,-5,-48,998,49,1,0
437335,0,idle,3,-4,1,6,-9,-44,998,45,1,0
437360,0,idle,4,-4,1,4,-9,-41,999,42,1,0
437386,0,idle,3,-3,1,1,-9,-39,999,40,1,0
437412,0,idle,4,-4,1,-7,-11,-37,998,39,1,0
437438,0,idle,3,-5,1,-13,-8,-34,998,37,1,0
437464,0,idle,4,-5,1,-13,-8,-32,999,35,1,0
437490,0,idle,4,-6,1,-11,-7,-30,999,33,1,0
437516,0,idle,3,-6,1,-6,-6,-29,999,30,1,0
437542,0,idle,3,-6,1,1,-5,-29,998,30,1,0
437567,0,idle,3,-7,0,6,-6,-30,998,31,1,0
437592,0,idle,4,-6,1,12,-8,-30,998,33,1,0
437618,0,idle,4,-5,1,16,-7,-32,998,36,1,0
437644,0,idle,2,-4,0,17,-5,-34,998,38,1,0
437669,0,idle,2,-4,0,16,-5,-34,998,38,1,0
437695,0,idle,3,-2,1,15,-7,-35,998,38,1,0
437721,0,idle,3,-1,0,12,-10,-35,998,39,1,0
437747,0,idle,4,-2,1,10,-12,-35,998,38,1,0
437773,0,idle,5,-2,1,10,-12,-33,998,37,1,0
437799,0,idle,5,-1,1,12,-12,-32,998,36,1,0
437825,0,idle,5,-1,1,15,-11,-31,998,36,1,0
437851,0,idle,5,-1,1,16,-10,-30,998,35,1,0
437877,0,idle,5,0,1,17,-8,-27,998,32,1,0
437903,0,idle,4,1,1,17,-6,-24,998,30,1,0
437929,0,idle,5,1,1,13,-4,-23,998,26,1,0
437954,0,idle,5,1,1,7,1,-23,999,24,1,0
437979,0,idle,3,1,1,3,5,-24,999,24,1,0
438004,0,idle,3,2,0,0,6,-25,998,26,1,0
438029,0,idle,2,2,0,-4,7,-28,998,29,1,0
438054,0,idle,2,1,0,-6,2,-30,998,31,1,0
438080,0,idle,2,1,0,-6,-4,-30,998,31,1,0
438106,0,idle,1,0,0,-1,-6,-29,998,30,1,0
438132,0,idle,2,0,0,4,-11,-28,998,30,1,0
438158,0,idle,1,0,0,8,-12,-28,998,32,1,0
438184,0,idle,1,0,0,10,-13,-30,998,35,1,0
438210,0,idle,1,0,0,11,-15,-32,999,37,1,0
438236,0,idle,2,1,0,10,-14,-35,999,39,1,0
438262,0,idle,2,1,1,10,-14,-38,999,42,1,0
438288,0,idle,2,1,0,12,-10,-38,998,41,1,0
438314,0,idle,1,1,0,14,-8,-37,999,40,1,0
438339,0,idle,2,2,0,17,-10,-36,999,41,1,0
438365,0,idle,3,3,1,17,-11,-36,999,41,1,0
438391,0,idle,4,2,1,13,-14,-36,998,40,1,0
438417,0,idle,4,2,1,11,-14,-33,999,37,1,0
438443,0,idle,5,2,1,10,-15,-30,998,35,1,0
438469,0,idle,6,2,1,7,-16,-28,998,33,1,0
438495,0,idle,6,1,1,4,-16,-25,998,30,1,0
438521,0,idle,6,1,1,5,-16,-23,998,28,1,0
438554,0,idle,6,0,1,5,-15,-21,998,26,1,0
438579,0,idle,6,0,1,6,-17,-19,998,26,1,0
438605,0,idle,7,-1,1,4,-21,-18,998,28,1,0
438631,0,idle,7,-2,1,5,-22,-19,998,29,1,0
438657,0,idle,7,-2,1,7,-23,-19,998,30,1,0
438683,0,idle,9,-2,1,8,-25,-20,998,33,1,0
438709,0,idle,9,-2,1,8,-24,-20,998,32,1,0
438735,0,idle,8,-3,1,10,-24,-19,998,33,1,0
438761,0,idle,9,-3,1,13,-24,-17,998,32,1,0
438787,0,idle,8,-2,1,15,-22,-16,998,31,1,0
438813,0,idle,9,-2,1,15,-21,-18,998,32,1,0
438839,0,idle,9,-1,1,13,-19,-21,998,31,1,0
438865,0,idle,8,-1,1,14,-17,-24,998,33,1,0
438891,0,idle,10,-2,1,13,-17,-26,998,34,1,0
438917,0,idle,9,-1,1,12,-13,-28,998,33,1,0
438943,0,idle,9,-1,1,11,-15,-29,998,34,1,0
438969,0,idle,10,0,2,8,-18,-30,998,36,1,0
438995,0,idle,9,0,2,4,-18,-30,998,35,1,0
439021,0,idle,8,0,1,3,-15,-30,999,34,1,0
439047,0,idle,8,0,1,3,-13,-31,999,33,1,0
439072,0,idle,8,2,1,5,-11,-32,999,35,1,0
439098,0,idle,9,2,2,6,-10,-36,999,38,1,0
439123,0,idle,9,2,1,6,-8,-37,999,38,1,0
439148,0,idle,9,1,1,8,-5,-37,998,38,1,0
439173,0,idle,10,2,2,11,-2,-36,999,38,1,0
439199,0,idle,11,2,2,14,0,-34,998,37,1,0
439224,0,idle,11,3,2,14,1,-33,999,36,1,0
439249,0,idle,10,3,2,13,3,-33,998,35,1,0
439274,0,idle,9,2,1,10,5,-33,998,35,1,0
439299,0,idle,10,2,2,4,4,-35,999,35,1,0
439324,0,idle,8,3,1,-1,5,-38,999,38,1,0
439349,0,idle,8,3,1,-6,3,-42,998,42,1,0
439375,0,idle,8,2,1,-10,3,-44,998,45,1,0
439401,0,idle,7,2,1,-9,2,-43,998,44,1,0
439426,0,idle,8,3,1,-4,-4,-41,998,42,1,0
439452,0,idle,10,2,1,0,-6,-40,998,40,1,0
439478,0,idle,9,1,1,4,-9,-38,998,39,1,0
439503,0,idle,9,0,1,7,-8,-34,998,36,1,0
439528,0,idle,9,0,1,10,-5,-32,998,34,1,0
439553,0,idle,9,0,1,10,0,-33,998,35,1,0
439578,0,idle,7,0,1,11,8,-34,998,37,1,0
439603,0,idle,5,2,1,14,16,-37,998,43,1,0
439629,0,idle,3,3,0,16,23,-41,998,50,1,0
439655,0,idle,2,4,0,17,25,-47,998,56,1,0
439681,0,idle,3,4,0,17,25,-52,998,60,1,0
439707,0,idle,3,4,0,18,25,-54,998,62,1,0
439733,0,idle,3,5,0,19,23,-56,998,63,1,0
439759,0,idle,3,5,0,18,19,-57,998,62,1,0
439784,0,idle,1,7,0,17,17,-57,999,62,1,0
439810,0,idle,0,7,0,17,11,-53,999,57,1,0
439836,0,idle,0,6,0,15,4,-48,999,51,1,0
439861,0,idle,-1,6,0,12,-1,-43,999,44,1,0
439887,0,idle,1,5,0,5,-12,-38,999,40,1,0
439913,0,idle,2,4,0,-1,-16,-34,999,38,1,0
439939,0,idle,1,3,0,-7,-19,-32,999,37,1,0
439965,0,idle,1,2,0,-12,-21,-31,999,39,1,0
439991,0,idle,3,2,0,-19,-23,-33,998,44,1,0
440017,0,idle,3,0,0,-25,-24,-34,998,49,1,0
440043,0,idle,2,0,0,-25,-20,-34,998,46,1,0
440069,0,idle,3,-1,0,-21,-16,-34,998,43,1,0
440095,0,idle,5,-1,1,-19,-10,-33,998,40,1,0
440121,0,idle,3,-1,0,-15,-4,-32,998,36,1,0
440147,0,idle,4,0,0,-9,-2,-30,998,32,1,0
440172,0,idle,5,0,1,-4,3,-28,998,28,1,0
440205,0,idle,4,0,1,2,8,-23,998,24,1,0
440230,0,idle,5,0,1,6,13,-18,999,23,1,0
440255,0,idle,3,-2,1,6,21,-13,999,25,1,0
440280,0,idle,1,-3,0,4,29,-8,999,30,1,0
440305,0,idle,0,-3,0,2,38,-5,999,38,1,0
440330,0,idle,-2,-3,0,-1,45,-7,998,46,1,0
440356,0,idle,-4,-4,-1,-5,47,-11,998,49,1,0
440382,0,idle,-6,-4,-1,-8,46,-17,998,50,1,0
440408,0,idle,-7,-5,-1,-8,40,-23,999,47,1,0
440434,0,idle,-8,-5,-1,-4,31,-27,999,42,1,0
440460,0,idle,-8,-5,-1,2,21,-31,999,38,1,0
440486,0,idle,-10,-4,-1,10,10,-33,998,36,1,0
440512,0,idle,-9,-4,-1,18,-2,-36,998,41,1,0
440538,0,idle,-9,-3,-1,26,-10,-37,998,46,1,0
440564,0,idle,-7,-3,-1,30,-20,-37,998,52,1,0
440590,0,idle,-6,-1,-1,33,-22,-40,998,56,1,0
440616,0,idle,-6,0,-1,33,-21,-44,998,59,1,0
440642,0,idle,-5,0,-1,30,-16,-46,998,57,1,0
440668,0,idle,-6,1,-1,25,-9,-47,998,54,1,0
440694,0,idle,-6,3,-1,18,-2,-51,998,54,1,0
440720,0,idle,-7,4,-1,14,8,-55,998,58,1,0
440746,0,idle,-7,3,-1,10,14,-59,999,61,1,0
440772,0,idle,-7,3,-1,9,21,-60,999,64,1,0
440798,0,idle,-8,3,-1,11,25,-59,999,65,1,0
440824,0,idle,-8,3,-1,14,26,-58,998,65,1,0
440850,0,idle,-9,3,-1,16,27,-55,998,64,1,0
440876,0,idle,-10,3,-2,18,25,-53,999,61,1,0
440902,0,idle,-11,3,-2,16,20,-50,999,56,1,0
440928,0,idle,-11,4,-2,11,15,-49,998,52,1,0
440954,0,idle,-10,5,-1,6,8,-49,999,49,1,0
440980,0,idle,-8,4,-1,1,0,-48,998,48,1,0
441006,0,idle,-7,4,-1,-1,-5,-46,998,46,1,0
441032,0,idle,-6,3,-1,-2,-13,-42,998,44,1,0
441058,0,idle,-5,3,-1,0,-18,-35,998,40,1,0
441084,0,idle,-6,2,-1,3,-21,-27,998,34,1,0
441110,0,idle,-4,2,-1,6,-25,-18,998,31,1,0
441136,0,idle,-2,2,0,9,-22,-11,998,26,1,0
441162,0,idle,-2,1,-1,7,-17,-6,998,20,1,0
441187,0,idle,-1,0,0,4,-12,-3,998,14,1,0
441212,0,idle,-1,0,0,-1,-8,-3,998,9,1,0
441237,0,idle,0,0,0,-9,-5,-5,998,11,1,0
441262,0,idle,1,0,0,-17,-3,-9,998,19,1,0
441288,0,idle,2,-2,0,-25,-5,-12,998,28,1,0
441314,0,idle,3,-3,1,-28,-7,-15,998,32,1,0
441340,0,idle,3,-4,0,-24,-8,-13,998,29,1,0
441366,0,idle,4,-4,1,-19,-14,-11,998,26,1,0
441392,0,idle,4,-4,0,-14,-16,-10,998,23,1,0
441418,0,idle,3,-4,0,-8,-19,-9,998,23,1,0
441443,0,idle,3,-4,0,-4,-24,-9,998,26,1,0
441469,0,idle,4,-4,1,-2,-27,-11,998,30,1,0
441495,0,idle,4,-4,1,-2,-32,-15,998,36,1,0
441521,0,idle,5,-5,1,-2,-35,-18,998,40,1,0
441547,0,idle,6,-5,1,-1,-35,-20,998,41,1,0
441573,0,idle,6,-4,1,-1,-38,-24,998,45,1,0
441599,0,idle,7,-3,1,2,-38,-28,998,47,1,0
441625,0,idle,8,-4,1,4,-41,-32,998,52,1,0
441651,0,idle,10,-4,1,7,-43,-33,998,54,1,0
441677,0,idle,10,-3,1,12,-41,-32,998,53,1,0
441703,0,idle,11,-3,2,15,-39,-32,998,53,1,0
441729,0,idle,11,-2,2,17,-34,-31,998,49,1,0
441755,0,idle,10,-1,1,18,-30,-31,998,47,1,0
441781,0,idle,11,0,2,16,-29,-32,998,46,1,0
441807,0,idle,11,0,2,12,-26,-33,998,44,1,0
441833,0,idle,9,0,1,9,-25,-33,998,42,1,0
441867,0,idle,10,1,1,8,-22,-32,998,40,1,0
441893,0,idle,9,1,1,7,-20,-33,998,39,1,0
441919,0,idle,9,1,1,6,-19,-33,998,39,1,0
441945,0,idle,8,1,1,7,-15,-34,998,37,1,0
441971,0,idle,8,1,1,7,-15,-34,998,38,1,0
441997,0,idle,10,1,2,4,-15,-36,998,40,1,0
442023,0,idle,11,0,2,2,-15,-38,998,41,1,0
442049,0,idle,12,0,2,2,-14,-39,998,41,1,0
442075,0,idle,14,-1,2,3,-13,-39,998,41,1,0
442101,0,idle,14,-1,2,1,-9,-37,998,38,1,0
442127,0,idle,12,0,2,0,-5,-35,998,35,1,0
442152,0,idle,11,0,2,-1,-2,-33,998,33,1,0
442178,0,idle,11,0,2,-5,0,-31,998,31,1,0
442204,0,idle,10,0,2,-10,4,-29,998,31,1,0
442230,0,idle,10,-1,1,-16,2,-27,998,32,1,0
442256,0,idle,11,-2,2,-20,2,-25,998,33,1,0
442282,0,idle,10,-3,2,-24,2,-23,998,33,1,0
442308,0,idle,9,-4,1,-23,1,-22,998,32,1,0
442334,0,idle,10,-5,1,-23,2,-21,998,31,1,0
442360,0,idle,9,-5,1,-22,0,-21,998,30,1,0
442386,0,idle,8,-6,1,-21,0,-21,998,30,1,0
442412,0,idle,8,-8,1,-19,3,-20,998,28,1,0
442438,0,idle,8,-8,1,-15,5,-20,998,25,1,0
442464,0,idle,8,-7,1,-12,11,-20,998,26,1,0
442490,0,idle,7,-7,1,-8,13,-23,998,28,1,0
442515,0,idle,8,-7,1,-5,13,-25,998,29,1,0
442540,0,idle,7,-7,1,-2,14,-26,998,30,1,0
442565,0,idle,7,-7,1,2,16,-25,998,30,1,0
442590,0,idle,7,-8,1,4,16,-23,998,29,1,0
442616,0,idle,7,-8,1,7,20,-22,998,30,1,0
442641,0,idle,5,-7,1,9,22,-23,998,33,1,0
442666,0,idle,3,-7,0,11,19,-26,998,34,1,0
442691,0,idle,2,-7,0,12,18,-30,998,37,1,0
442717,0,idle,0,-8,0,11,14,-33,998,38,1,0
442742,0,idle,1,-8,0,13,9,-36,998,39,1,0
442767,0,idle,2,-7,1,16,9,-39,999,43,1,0
442792,0,idle,2,-6,0,20,9,-44,998,49,1,0
442817,0,idle,2,-5,0,22,9,-50,999,55,1,0
442842,0,idle,0,-3,0,25,11,-55,999,61,1,0
442868,0,idle,-1,-2,0,27,12,-58,998,65,1,0
442894,0,idle,0,0,0,28,7,-60,998,67,1,0
442919,0,idle,1,1,0,26,0,-62,998,67,1,0
442945,0,idle,2,2,0,25,-6,-62,998,67,1,0
442971,0,idle,1,2,0,26,-12,-60,998,67,1,0
442997,0,idle,2,3,0,27,-18,-57,998,66,1,0
443023,0,idle,3,5,0,26,-24,-54,999,64,1,0
443049,0,idle,1,4,0,22,-29,-51,999,63,1,0
443075,0,idle,1,4,0,18,-30,-48,999,59,1,0
443101,0,idle,1,4,0,16,-23,-45,998,53,1,0
443127,0,idle,2,4,0,15,-19,-44,999,50,1,0
443153,0,idle,4,4,0,13,-10,-45,998,48,1,0
443179,0,idle,2,4,0,11,-2,-46,998,48,1,0
443204,0,idle,2,4,0,8,5,-47,998,48,1,0
443229,0,idle,2,3,0,5,13,-45,998,48,1,0
443254,0,idle,1,3,0,3,17,-44,998,47,1,0
443279,0,idle,2,3,0,3,20,-45,998,49,1,0
443304,0,idle,2,3,0,4,24,-45,998,51,1,0
443329,0,idle,1,3,0,5,27,-43,998,51,1,0
443354,0,idle,0,4,0,6,33,-41,998,53,1,0
443379,0,idle,-2,5,0,8,38,-39,998,55,1,0
443405,0,idle,-3,4,0,9,43,-37,998,57,1,0
443431,0,idle,-5,5,-1,10,49,-37,998,62,1,0
443457,0,idle,-6,4,-1,11,51,-36,998,63,1,0
443483,0,idle,-7,4,-1,10,51,-36,998,63,1,0
443516,0,idle,-8,4,-1,8,45,-36,998,58,1,0
443542,0,idle,-10,4,-2,6,37,-36,998,52,1,0
443568,0,idle,-10,4,-2,5,28,-36,998,46,1,0
443594,0,idle,-11,3,-2,3,16,-37,998,40,1,0
443620,0,idle,-10,2,-2,4,5,-37,998,38,1,0
443646,0,idle,-10,2,-2,7,-1,-37,998,38,1,0
443672,0,idle,-11,2,-2,10,-5,-38,998,40,1,0
443698,0,idle,-11,2,-2,16,-6,-39,998,42,1,0
443724,0,idle,-11,3,-2,21,-8,-41,998,47,1,0
443750,0,idle,-11,3,-2,25,-9,-44,998,52,1,0
443776,0,idle,-11,3,-2,27,-11,-46,998,54,1,0
443802,0,idle,-9,3,-1,30,-14,-43,998,54,1,0
443828,0,idle,-7,3,-1,31,-16,-41,998,54,1,0
443854,0,idle,-7,4,-1,31,-13,-41,999,53,1,0
443880,0,idle,-7,5,-1,29,-9,-42,999,52,1,0
443906,0,idle,-6,5,-1,25,-5,-43,999,50,1,0
443932,0,idle,-6,6,-1,18,-2,-43,999,47,1,0
443958,0,idle,-5,7,-1,11,-1,-43,999,45,1,0
443984,0,idle,-4,6,-1,3,0,-44,998,44,1,0
444010,0,idle,-4,6,-1,-3,0,-43,998,43,1,0
444036,0,idle,-3,5,-1,-7,1,-41,998,41,1,0
444062,0,idle,-3,5,-1,-10,-1,-38,998,39,1,0
444088,0,idle,-4,4,-1,-11,-2,-34,998,35,1,0
444114,0,idle,-4,3,-1,-12,-5,-28,998,31,1,0
444140,0,idle,-3,2,-1,-12,-9,-23,998,28,1,0
444166,0,idle,-4,2,-1,-11,-11,-20,998,25,1,0
444192,0,idle,-3,1,-1,-10,-12,-18,998,24,1,0
444218,0,idle,-2,1,-1,-9,-10,-17,998,22,1,0
444244,0,idle,-2,1,-1,-7,-11,-17,998,21,1,0
444270,0,idle,-1,0,0,-3,-10,-16,998,19,1,0
444296,0,idle,-1,0,0,0,-8,-13,998,15,1,0
444321,0,idle,0,-1,0,1,-7,-10,998,12,1,0
444346,0,idle,0,-1,0,4,-3,-8,998,9,1,0
444371,0,idle,0,-1,0,4,-1,-7,998,8,1,0
444396,0,idle,0,0,0,4,1,-7,998,8,1,0
444421,0,idle,-1,-1,0,1,3,-7,998,8,1,0
444446,0,idle,0,-1,0,-1,3,-8,999,8,1,0
444471,0,idle,0,0,0,1,2,-9,998,9,1,0
444496,0,idle,1,-1,0,3,-5,-11,999,13,1,0
444521,0,idle,1,-2,0,4,-9,-13,998,16,1,0
444546,0,idle,1,-1,0,9,-14,-13,998,21,1,0
444572,0,idle,2,-1,0,14,-19,-13,998,27,1,0
444598,0,idle,3,-1,0,17,-24,-12,998,32,1,0
444624,0,idle,3,0,0,20,-28,-11,998,36,1,0
444650,0,idle,3,0,0,21,-30,-13,998,38,1,0
444676,0,idle,4,0,0,14,-29,-16,998,36,1,0
444702,0,idle,4,0,0,11,-31,-19,998,38,1,0
444728,0,idle,3,1,0,8,-25,-22,998,34,1,0
444754,0,idle,3,1,0,4,-21,-27,998,34,1,0
444780,0,idle,3,1,0,1,-20,-32,998,38,1,0
444806,0,idle,3,2,0,2,-19,-37,998,41,1,0
444832,0,idle,4,1,1,4,-18,-39,998,43,1,0
444857,0,idle,6,0,1,6,-16,-39,998,43,1,0
444883,0,idle,7,1,1,10,-15,-39,998,43,1,0
444909,0,idle,9,1,1,12,-10,-40,998,43,1,0
444935,0,idle,7,2,1,11,-2,-40,998,42,1,0
444960,0,idle,6,2,1,8,4,-40,998,41,1,0
444985,0,idle,6,3,1,5,12,-40,998,42,1,0
445010,0,idle,5,3,1,2,15,-41,998,44,1,0
445035,0,idle,4,3,0,-3,16,-43,998,46,1,0
445061,0,idle,4,2,0,-8,14,-43,998,45,1,0
445087,0,idle,3,2,0,-10,13,-41,998,44,1,0
445113,0,idle,3,2,0,-10,8,-39,998,41,1,0
445139,0,idle,3,3,1,-11,0,-39,998,40,1,0
445173,0,idle,3,1,0,-11,-5,-35,998,37,1,0
445199,0,idle,4,0,1,-12,-10,-29,998,33,1,0
445225,0,idle,5,0,1,-11,-7,-25,998,29,1,0
445251,0,idle,6,-1,1,-11,-3,-23,998,26,1,0
445277,0,idle,6,-1,1,-11,4,-24,998,27,1,0
445303,0,idle,4,-1,1,-11,13,-26,998,31,1,0
445329,0,idle,2,-1,0,-10,20,-26,998,35,1,0
445355,0,idle,1,-2,0,-9,26,-26,998,38,1,0
445381,0,idle,0,-2,0,-7,31,-25,999,40,1,0
445407,0,idle,-1,-2,0,-3,32,-24,998,40,1,0
445433,0,idle,-2,-3,0,0,32,-22,999,39,1,0
445458,0,idle,-2,-3,0,1,32,-20,998,37,1,0
445483,0,idle,-3,-2,0,1,27,-18,998,32,1,0
445509,0,idle,-2,-2,0,1,23,-18,998,29,1,0
445534,0,idle,-2,-3,0,0,18,-19,998,26,1,0
445559,0,idle,-1,-4,0,-2,13,-19,998,23,1,0
445585,0,idle,-2,-4,0,-4,12,-20,998,23,1,0
445611,0,idle,-4,-3,0,-3,13,-20,998,24,1,0
445637,0,idle,-4,-3,-1,-4,14,-21,998,25,1,0
445663,0,idle,-4,-4,-1,-6,15,-20,998,26,1,0
445689,0,idle,-5,-4,-1,-7,17,-20,998,27,1,0
445715,0,idle,-7,-5,-1,-7,17,-20,998,27,1,0
445741,0,idle,-7,-5,-1,-8,14,-20,998,26,1,0
445767,0,idle,-7,-5,-1,-10,9,-21,999,25,1,0
445793,0,idle,-10,-6,-1,-10,6,-21,999,24,1,0
445819,0,idle,-11,-6,-2,-9,2,-21,998,23,1,0
445845,0,idle,-12,-6,-2,-7,-3,-22,999,23,1,0
445871,0,idle,-13,-5,-2,-6,-8,-26,999,28,1,0
445897,0,idle,-13,-6,-2,-7,-14,-29,999,33,1,0
445923,0,idle,-11,-6,-2,-9,-18,-33,998,38,1,0
445949,0,idle,-9,-7,-1,-10,-20,-34,998,41,1,0
445975,0,idle,-7,-7,-1,-10,-20,-36,998,42,1,0
446001,0,idle,-6,-7,-1,-8,-18,-38,998,43,1,0
446027,0,idle,-5,-7,-1,-7,-18,-39,998,43,1,0
446053,0,idle,-6,-7,-1,-4,-13,-39,998,41,1,0
446079,0,idle,-6,-7,-1,-1,-11,-39,998,40,1,0
446105,0,idle,-4,-6,0,1,-9,-39,998,41,1,0
446130,0,idle,-3,-5,0,3,-5,-41,998,42,1,0
446155,0,idle,-3,-5,0,3,-1,-43,998,43,1,0
446180,0,idle,-3,-4,0,5,4,-44,998,44,1,0
446205,0,idle,-4,-3,-1,7,7,-44,998,45,1,0
446231,0,idle,-3,-3,-1,5,5,-44,998,45,1,0
446256,0,idle,-1,-3,0,3,1,-43,998,43,1,0
446282,0,idle,-1,-3,0,3,-1,-42,998,42,1,0
446307,0,idle,1,-4,0,4,-7,-40,998,41,1,0
446332,0,idle,3,-3,1,6,-9,-38,998,39,1,0
446358,0,idle,2,-3,1,6,-12,-37,998,39,1,0
446384,0,idle,3,-3,1,6,-16,-35,998,39,1,0
446410,0,idle,3,-4,1,7,-18,-35,998,40,1,0
446436,0,idle,3,-4,1,8,-20,-34,998,40,1,0
446462,0,idle,4,-4,1,9,-23,-32,998,40,1,0
446488,0,idle,6,-4,1,9,-23,-33,998,41,1,0
446514,0,idle,7,-4,1,11,-20,-33,998,40,1,0
446540,0,idle,6,-4,1,15,-18,-32,998,40,1,0
446566,0,idle,8,-3,1,18,-15,-31,998,39,1,0
446592,0,idle,7,-3,1,20,-9,-30,998,37,1,0
446617,0,idle,7,-2,1,21,-9,-29,998,37,1,0
446643,0,idle,8,-1,1,22,-8,-28,998,36,1,0
446669,0,idle,7,-2,1,21,-5,-28,998,36,1,0
446694,0,idle,7,-1,1,20,-5,-28,998,35,1,0
446720,0,idle,7,1,1,18,-8,-30,998,36,1,0
446746,0,idle,5,0,1,15,-12,-31,998,36,1,0
446772,0,idle,6,-1,1,11,-21,-30,998,38,1,0
446798,0,idle,7,-1,1,10,-28,-28,999,41,1,0
446831,0,idle,8,0,1,12,-33,-28,998,45,1,0
446857,0,idle,6,0,1,12,-33,-28,998,45,1,0
446883,0,idle,5,1,1,11,-36,-28,998,47,1,0
446909,0,idle,6,2,1,10,-39,-30,998,50,1,0
446935,0,idle,8,1,1,6,-41,-33,998,53,1,0
446961,0,idle,10,0,1,2,-41,-35,998,54,1,0
446987,0,idle,12,0,2,0,-39,-36,998,53,1,0
447013,0,idle,15,0,2,-5,-35,-38,998,52,1,0
447039,0,idle,15,-1,2,-13,-26,-40,998,49,1,0
447065,0,idle,15,-2,2,-20,-17,-39,998,47,1,0
447091,0,idle,15,-2,2,-24,-10,-41,998,48,1,0
447117,0,idle,12,-1,2,-26,-1,-41,998,49,1,0
447143,0,idle,11,-1,1,-28,1,-42,998,51,1,0
447169,0,idle,9,0,1,-28,1,-45,998,53,1,0
447195,0,idle,10,-1,1,-27,-4,-47,998,54,1,0
447221,0,idle,11,-2,1,-22,-9,-48,998,54,1,0
447247,0,idle,11,-3,2,-16,-14,-47,998,52,1,0
447273,0,idle,12,-4,2,-6,-17,-45,998,49,1,0
447299,0,idle,14,-4,2,2,-21,-42,998,47,1,0
447325,0,idle,13,-3,2,9,-20,-39,998,45,1,0
447351,0,idle,13,-3,2,14,-21,-36,998,44,1,0
447377,0,idle,13,-3,2,17,-16,-33,998,40,1,0
447403,0,idle,12,-2,2,20,-9,-30,998,38,1,0
447429,0,idle,13,-2,2,23,-6,-30,998,38,1,0
447455,0,idle,12,-1,2,23,0,-30,998,38,1,0
447481,0,idle,10,-1,1,21,4,-29,998,37,1,0
447507,0,idle,10,0,1,20,4,-29,998,35,1,0
447532,0,idle,10,0,1,17,3,-29,998,34,1,0
447557,0,idle,9,0,1,15,0,-28,998,32,1,0
447582,0,idle,9,0,1,12,-5,-25,998,28,1,0
447607,0,idle,10,0,1,12,-13,-22,998,29,1,0
447633,0,idle,10,1,2,11,-20,-20,998,30,1,0
447659,0,idle,9,0,1,9,-26,-17,998,32,1,0
447684,0,idle,9,0,1,7,-31,-14,998,35,1,0
447709,0,idle,11,0,2,2,-34,-11,998,36,1,0
447735,0,idle,11,-1,2,-6,-34,-11,998,36,1,0
447761,0,idle,10,-2,2,-10,-28,-13,999,33,1,0
447787,0,idle,9,-3,1,-14,-23,-14,999,30,1,0
447813,0,idle,9,-4,1,-20,-18,-14,998,30,1,0
447839,0,idle,9,-4,1,-26,-16,-17,998,35,1,0
447865,0,idle,10,-5,1,-28,-16,-21,998,39,1,0
447891,0,idle,8,-6,1,-25,-11,-25,998,37,1,0
447917,0,idle,9,-7,1,-22,-11,-26,998,35,1,0
447943,0,idle,9,-7,1,-20,-11,-27,998,35,1,0
447969,0,idle,6,-8,1,-19,-10,-27,998,35,1,0
447995,0,idle,7,-9,1,-19,-19,-25,999,37,1,0
448021,0,idle,10,-9,2,-18,-23,-24,999,38,1,0
448047,0,idle,11,-9,2,-19,-26,-23,999,39,1,0
448073,0,idle,10,-10,2,-15,-25,-23,999,37,1,0
448099,0,idle,11,-10,2,-12,-24,-22,999,35,1,0
448125,0,idle,10,-10,2,-3,-20,-21,999,29,1,0
448151,0,idle,9,-10,1,2,-17,-22,999,28,1,0
448177,0,idle,10,-10,1,9,-14,-24,998,29,1,0
448203,0,idle,10,-10,1,15,-9,-25,999,31,1,0
448229,0,idle,10,-10,1,21,-6,-26,999,34,1,0
448255,0,idle,11,-9,1,25,-2,-27,998,36,1,0
448281,0,idle,9,-7,1,28,1,-29,998,40,1,0
448306,0,idle,8,-6,1,29,3,-31,998,42,1,0
448331,0,idle,8,-4,1,28,3,-33,998,44,1,0
448356,0,idle,8,-3,1,25,4,-36,999,44,1,0
448381,0,idle,8,-2,1,22,7,-39,999,45,1,0
448406,0,idle,9,-2,1,21,11,-43,998,49,1,0
448432,0,idle,9,-1,1,21,12,-45,998,51,1,0
448458,0,idle,9,0,1,22,15,-47,999,54,1,0
448491,0,idle,7,1,1,20,14,-47,999,53,1,0
448516,0,idle,7,2,1,18,14,-46,999,51,1,0
448541,0,idle,8,3,1,17,13,-47,999,52,1,0
448567,0,idle,7,3,1,14,12,-47,999,51,1,0
448592,0,idle,7,3,1,11,12,-46,998,48,1,0
448617,0,idle,7,4,1,6,12,-45,999,47,1,0
448642,0,idle,7,4,1,3,12,-46,998,48,1,0
448667,0,idle,5,4,1,1,15,-47,999,49,1,0
448692,0,idle,4,4,1,0,16,-46,998,48,1,0
448717,0,idle,4,5,1,0,17,-44,998,47,1,0
448742,0,idle,3,5,0,0,20,-41,998,46,1,0
448767,0,idle,1,5,0,0,23,-39,998,45,1,0
448792,0,idle,0,5,0,0,25,-35,998,43,1,0
448817,0,idle,0,4,0,-2,24,-33,998,41,1,0
448842,0,idle,-1,3,0,-6,24,-31,998,40,1,0
448868,0,idle,-2,3,0,-5,26,-30,998,40,1,0
448894,0,idle,-2,2,0,-5,24,-29,998,38,1,0
448920,0,idle,-1,1,0,-4,24,-28,999,38,1,0
448946,0,idle,-3,2,0,-2,21,-29,999,36,1,0
448971,0,idle,-4,1,0,-1,18,-30,999,35,1,0
448996,0,idle,-6,-1,-1,-2,15,-28,999,32,1,0
449022,0,idle,-6,-1,-1,-2,11,-27,999,29,1,0
449048,0,idle,-6,0,-1,-3,8,-27,998,29,1,0
449074,0,idle,-6,-2,-1,-4,8,-29,998,30,1,0
449100,0,idle,-6,-3,-1,-7,12,-30,999,33,1,0
449126,0,idle,-7,-3,-1,-8,18,-30,999,36,1,0
449152,0,idle,-7,-3,-1,-9,26,-32,999,42,1,0
449178,0,idle,-8,-3,-1,-9,34,-35,999,49,1,0
449204,0,idle,-9,-3,-1,-5,38,-38,999,54,1,0
449230,0,idle,-10,-4,-1,0,43,-39,998,58,1,0
449256,0,idle,-11,-3,-1,7,43,-37,998,58,1,0
449282,0,idle,-11,-3,-1,14,43,-36,998,58,1,0
449308,0,idle,-11,-3,-1,21,39,-33,998,55,1,0
449334,0,idle,-10,-3,-1,26,35,-31,998,54,1,0
449360,0,idle,-12,-2,-2,28,33,-30,998,53,1,0
449386,0,idle,-12,-1,-2,29,28,-30,998,50,1,0
449412,0,idle,-13,0,-2,28,26,-33,998,50,1,0
449438,0,idle,-14,1,-2,24,24,-36,998,50,1,0
449464,0,idle,-16,1,-2,20,24,-41,998,51,1,0
449490,0,idle,-16,2,-2,20,24,-46,999,56,1,0
449516,0,idle,-15,2,-2,14,21,-49,999,55,1,0
449542,0,idle,-14,2,-2,13,19,-49,998,54,1,0
449568,0,idle,-13,2,-2,15,17,-48,999,53,1,0
449594,0,idle,-12,3,-2,17,15,-45,998,50,1,0
449620,0,idle,-12,3,-2,18,16,-41,998,48,1,0
449646,0,idle,-13,4,-2,18,18,-39,998,47,1,0
449672,0,idle,-15,5,-3,16,22,-38,998,47,1,0
449698,0,idle,-17,5,-3,12,25,-38,998,47,1,0
449724,0,idle,-18,5,-3,6,27,-40,998,49,1,0
449750,0,idle,-17,3,-3,-2,26,-45,998,52,1,0
449776,0,idle,-16,3,-2,-9,24,-49,998,55,1,0
449802,0,idle,-16,1,-2,-12,24,-51,998,57,1,0
449828,0,idle,-15,0,-2,-11,23,-50,998,56,1,0
449854,0,idle,-16,0,-2,-7,20,-49,998,53,1,0
449880,0,idle,-17,1,-2,-1,14,-45,999,47,1,0
449906,0,idle,-16,2,-2,3,6,-43,998,43,1,0
449932,0,idle,-16,2,-2,5,-1,-41,998,42,1,0
449958,0,idle,-15,1,-2,6,-7,-40,999,41,1,0
449984,0,idle,-14,1,-2,6,-10,-37,999,39,1,0
450010,0,idle,-12,1,-2,7,-11,-36,998,38,1,0
450036,0,idle,-11,2,-2,9,-11,-35,998,38,1,0
450062,0,idle,-10,1,-1,7,-11,-33,998,36,1,0
450088,0,idle,-9,1,-1,5,-10,-31,998,33,1,0
450114,0,idle,-8,1,-1,2,-8,-28,998,30,1,0
450147,0,idle,-8,0,-1,1,-5,-25,998,26,1,0
450172,0,idle,-7,0,-1,2,-4,-17,998,18,1,0
450197,0,idle,-7,0,-1,2,-2,-17,998,17,1,0
450222,0,idle,-6,-1,-1,3,-2,-15,998,16,1,0
450248,0,idle,-7,-1,-1,5,-3,-15,998,16,1,0
450274,0,idle,-6,0,-1,9,-5,-16,998,19,1,0
450300,0,idle,-4,-1,-1,13,-10,-18,998,24,1,0
450326,0,idle,-4,-1,-1,19,-12,-18,998,29,1,0
450352,0,idle,-4,0,0,25,-16,-17,998,34,1,0
450378,0,idle,-2,0,0,29,-21,-15,999,39,1,0
450404,0,idle,-3,1,0,31,-23,-14,998,41,1,0
450430,0,idle,-2,2,0,30,-26,-13,998,42,1,0
450456,0,idle,-1,3,0,26,-27,-15,998,40,1,0
450482,0,idle,-2,4,0,22,-26,-17,998,38,1,0
450508,0,idle,-1,5,0,17,-27,-20,998,38,1,0
450534,0,idle,0,5,0,13,-28,-24,998,39,1,0
450560,0,idle,2,5,0,9,-32,-29,998,44,1,0
450586,0,idle,3,4,0,7,-34,-31,998,47,1,0
450611,0,idle,3,3,0,9,-35,-30,998,46,1,0
450637,0,idle,4,4,1,13,-36,-28,998,48,1,0
450663,0,idle,5,5,1,16,-37,-28,998,49,1,0
450689,0,idle,5,5,1,17,-34,-29,998,48,1,0
450715,0,idle,5,5,1,17,-33,-29,998,47,1,0
450741,0,idle,5,6,1,17,-27,-29,998,43,1,0
450767,0,idle,5,7,1,17,-22,-28,998,39,1,0
450793,0,idle,7,7,1,12,-23,-28,998,38,1,0
450819,0,idle,8,7,1,6,-20,-29,999,36,1,0
450845,0,idle,6,6,1,3,-17,-27,998,32,1,0
450871,0,idle,6,6,1,2,-15,-25,998,29,1,0
450897,0,idle,8,6,1,-1,-14,-23,998,27,1,0
450923,0,idle,6,6,1,-4,-11,-22,998,25,1,0
450949,0,idle,6,5,1,-6,-10,-23,998,26,1,0
450975,0,idle,6,4,1,-8,-9,-24,999,27,1,0
451001,0,idle,6,3,1,-8,-9,-26,998,28,1,0
451027,0,idle,7,3,1,-8,-10,-28,999,31,1,0
451053,0,idle,7,2,1,-5,-11,-30,998,32,1,0
451079,0,idle,7,2,1,-2,-15,-31,998,35,1,0
451105,0,idle,8,1,1,1,-15,-31,998,34,1,0
451130,0,idle,8,0,1,2,-17,-30,998,35,1,0
451155,0,idle,8,1,1,5,-19,-29,998,35,1,0
451181,0,idle,10,1,1,6,-18,-28,998,34,1,0
451207,0,idle,11,1,1,4,-15,-29,998,33,1,0
451233,0,idle,10,1,1,4,-7,-28,998,29,1,0
451258,0,idle,10,3,1,8,0,-27,998,28,1,0
451283,0,idle,11,3,2,8,6,-28,998,30,1,0
451308,0,idle,10,2,1,7,13,-29,998,33,1,0
451333,0,idle,11,0,1,5,18,-29,998,34,1,0
451358,0,idle,10,1,1,6,24,-28,998,37,1,0
451383,0,idle,9,0,1,5,25,-25,998,36,1,0
451408,0,idle,7,1,1,5,30,-23,998,38,1,0
451433,0,idle,6,1,1,5,31,-22,998,38,1,0
451458,0,idle,6,0,1,0,29,-22,998,36,1,0
451483,0,idle,4,-1,1,-5,27,-21,998,35,1,0
451509,0,idle,3,-2,1,-6,24,-19,998,31,1,0
451535,0,idle,4,-2,0,-4,25,-17,998,30,1,0
451560,0,idle,3,-1,0,-2,27,-18,998,32,1,0
451585,0,idle,0,-1,0,2,29,-22,998,36,1,0
451610,0,idle,-2,-1,0,5,29,-26,998,39,1,0
451636,0,idle,-2,-2,0,7,29,-30,998,43,1,0
451662,0,idle,-3,-2,0,8,29,-33,998,44,1,0
451687,0,idle,-4,-2,0,8,26,-36,998,45,1,0
451712,0,idle,-3,-1,0,7,23,-39,998,46,1,0
451737,0,idle,-3,-1,0,5,21,-44,998,49,1,0
451762,0,idle,-3,-2,0,4,20,-47,998,51,1,0
451795,0,idle,-4,-1,-1,6,20,-47,998,51,1,0
451821,0,idle,-5,0,-1,9,22,-47,998,53,1,0
451847,0,idle,-7,1,-1,14,23,-48,998,55,1,0
451873,0,idle,-7,1,-1,16,21,-49,998,55,1,0
451899,0,idle,-9,2,-1,18,24,-50,998,59,1,0
451925,0,idle,-9,2,-1,17,24,-54,998,61,1,0
451951,0,idle,-9,3,-1,14,23,-58,998,64,1,0
451977,0,idle,-10,3,-2,11,24,-62,998,67,1,0
452003,0,idle,-10,3,-2,8,22,-65,998,69,1,0
452029,0,idle,-10,3,-2,6,18,-66,998,69,1,0
452055,0,idle,-10,4,-2,6,15,-67,998,69,1,0
452081,0,idle,-9,4,-1,9,10,-66,998,67,1,0
452107,0,idle,-9,4,-1,14,11,-62,998,65,1,0
452133,0,idle,-10,4,-2,21,12,-55,998,60,1,0
452159,0,idle,-11,6,-2,29,12,-50,998,59,1,0
452185,0,idle,-11,7,-2,32,14,-45,998,57,1,0
452211,0,idle,-10,7,-2,29,13,-43,998,53,1,0
452237,0,idle,-11,7,-2,23,14,-40,998,48,1,0
452263,0,idle,-11,8,-2,16,13,-38,998,44,1,0
452289,0,idle,-9,8,-2,6,12,-38,998,40,1,0
452315,0,idle,-10,7,-2,-5,9,-38,998,39,1,0
452341,0,idle,-10,7,-1,-15,4,-37,998,40,1,0
452367,0,idle,-10,5,-2,-21,2,-35,998,41,1,0
452393,0,idle,-10,4,-1,-25,-1,-31,998,40,1,0
452419,0,idle,-8,2,-1,-28,-4,-28,998,40,1,0
452445,0,idle,-7,0,-1,-28,-5,-25,999,37,1,0
452471,0,idle,-7,-1,-1,-23,-2,-22,999,32,1,0
452497,0,idle,-8,-2,-1,-19,2,-19,998,27,1,0
452523,0,idle,-9,-2,-1,-13,5,-17,998,21,1,0
452549,0,idle,-9,-2,-1,-8,4,-17,998,19,1,0
452574,0,idle,-9,-2,-1,-4,5,-19,998,20,1,0
452600,0,idle,-9,-3,-1,1,5,-21,999,21,1,0
452625,0,idle,-7,-4,-1,6,1,-21,999,22,1,0
452651,0,idle,-6,-4,-1,8,-3,-24,998,25,1,0
452677,0,idle,-8,-4,-1,10,-5,-25,998,28,1,0
452703,0,idle,-8,-3,-1,11,-11,-26,998,31,1,0
452729,0,idle,-9,-3,-1,12,-15,-27,998,33,1,0
452755,0,idle,-7,-2,-1,10,-22,-28,998,37,1,0
452781,0,idle,-7,-3,-1,9,-26,-28,998,39,1,0
452807,0,idle,-6,-3,-1,9,-27,-28,998,39,1,0
452833,0,idle,-3,-2,-1,10,-28,-26,998,40,1,0
452859,0,idle,-2,-2,0,12,-27,-26,998,39,1,0
452885,0,idle,-1,-1,0,16,-26,-26,998,40,1,0
452911,0,idle,-1,-1,0,22,-25,-25,998,41,1,0
452937,0,idle,0,-1,0,27,-21,-22,998,41,1,0
452963,0,idle,0,0,0,33,-21,-21,998,44,1,0
452989,0,idle,2,1,0,35,-20,-22,998,46,1,0
453015,0,idle,2,1,0,34,-19,-24,998,46,1,0
453041,0,idle,2,1,0,33,-17,-25,998,45,1,0
453067,0,idle,2,1,0,28,-16,-25,998,41,1,0
453093,0,idle,4,2,1,19,-18,-25,998,37,1,0
453119,0,idle,4,3,0,11,-19,-27,998,35,1,0
453145,0,idle,4,3,0,5,-23,-27,998,36,1,0
453171,0,idle,7,3,1,1,-28,-27,998,39,1,0
453197,0,idle,7,2,1,-3,-28,-27,998,38,1,0
453223,0,idle,6,2,1,-2,-29,-24,998,37,1,0
453249,0,idle,8,2,1,0,-29,-22,998,36,1,0
453275,0,idle,9,2,1,0,-27,-22,998,35,1,0
453301,0,idle,10,1,2,1,-31,-23,998,38,1,0
453327,0,idle,11,0,2,2,-30,-24,998,38,1,0
453353,0,idle,10,0,1,5,-28,-24,998,37,1,0
453379,0,idle,10,1,2,7,-28,-25,998,38,1,0
453405,0,idle,11,2,2,7,-27,-27,999,39,1,0
453431,0,idle,11,2,2,6,-28,-32,999,43,1,0
453465,0,idle,12,2,2,6,-27,-34,998,44,1,0
453491,0,idle,11,2,2,8,-24,-33,998,42,1,0
453517,0,idle,13,4,2,10,-26,-33,998,43,1,0
453543,0,idle,13,5,2,13,-25,-33,998,43,1,0
453569,0,idle,12,5,2,15,-26,-32,999,44,1,0
453595,0,idle,13,5,2,16,-27,-30,999,44,1,0
453621,0,idle,14,5,2,15,-27,-28,999,41,1,0
453647,0,idle,15,6,2,15,-23,-28,999,39,1,0
453673,0,idle,15,6,2,14,-19,-29,998,37,1,0
453699,0,idle,14,5,2,14,-10,-29,998,33,1,0
453725,0,idle,14,5,2,12,-5,-28,998,31,1,0
453750,0,idle,14,5,2,14,-1,-27,998,30,1,0
453776,0,idle,13,5,2,16,4,-26,998,31,1,0
453802,0,idle,13,4,2,17,5,-23,998,29,1,0
453827,0,idle,13,5,2,13,6,-20,998,25,1,0
453852,0,idle,12,5,2,9,8,-19,998,22,1,0
453877,0,idle,10,5,1,6,13,-18,998,22,1,0
453903,0,idle,9,5,1,4,16,-17,998,23,1,0
453928,0,idle,9,5,1,0,18,-17,998,25,1,0
453954,0,idle,7,5,1,-3,23,-18,998,30,1,0
453980,0,idle,6,5,1,-5,24,-18,998,31,1,0
454006,0,idle,8,4,1,-9,25,-19,998,33,1,0
454032,0,idle,8,2,1,-14,28,-21,998,38,1,0
454058,0,idle,6,0,1,-16,31,-22,998,42,1,0
454084,0,idle,6,-1,1,-18,35,-23,998,45,1,0
454110,0,idle,2,-1,0,-19,41,-23,999,50,1,0
454136,0,idle,-1,-1,0,-21,41,-25,999,52,1,0
454162,0,idle,-2,-2,0,-22,40,-27,999,53,1,0
454188,0,idle,-4,-3,0,-20,37,-31,999,52,1,0
454214,0,idle,-4,-4,0,-16,33,-33,998,50,1,0
454240,0,idle,-5,-5,0,-11,33,-36,998,50,1,0
454266,0,idle,-6,-5,-1,-2,30,-38,999,49,1,0
454292,0,idle,-5,-6,-1,4,27,-41,998,49,1,0
454318,0,idle,-6,-6,-1,7,26,-43,998,51,1,0
454344,0,idle,-7,-4,-1,8,23,-45,998,51,1,0
454370,0,idle,-6,-4,-1,7,21,-47,998,52,1,0
454396,0,idle,-7,-3,-1,4,21,-49,998,54,1,0
454422,0,idle,-7,-3,-1,0,17,-51,998,53,1,0
454448,0,idle,-6,-2,-1,-3,13,-51,998,53,1,0
454474,0,idle,-8,-2,-1,-5,11,-51,998,53,1,0
454500,0,idle,-8,-3,-1,-6,8,-50,999,51,1,0
454526,0,idle,-7,-3,-1,-6,5,-47,999,48,1,0
454552,0,idle,-7,-3,-1,-5,2,-45,999,45,1,0
454578,0,idle,-8,-3,-1,-3,2,-44,998,44,1,0
454603,0,idle,-8,-3,-1,-1,3,-43,998,43,1,0
454628,0,idle,-8,-3,-1,0,6,-42,998,43,1,0
454653,0,idle,-8,-2,-1,1,10,-42,998,43,1,0
454679,0,idle,-9,-2,-1,2,11,-42,998,43,1,0
454705,0,idle,-9,-1,-1,3,12,-42,998,43,1,0
454731,0,idle,-9,-1,-1,2,10,-43,998,44,1,0
454756,0,idle,-8,-1,-1,2,10,-44,998,46,1,0
454782,0,idle,-8,-2,-1,4,10,-44,998,45,1,0
454807,0,idle,-8,-2,-1,10,11,-42,998,44,1,0
454833,0,idle,-8,-1,-1,15,8,-40,998,43,1,0
454859,0,idle,-8,-1,-1,16,2,-38,998,41,1,0
454885,0,idle,-8,0,-1,16,0,-36,998,39,1,0
454911,0,idle,-8,0,-1,19,-1,-35,998,40,1,0
454937,0,idle,-7,0,-1,20,1,-34,998,40,1,0
454962,0,idle,-7,0,-1,20,5,-33,998,39,1,0
454988,0,idle,-7,1,-1,17,9,-33,998,38,1,0
455014,0,idle,-8,2,-1,15,14,-34,998,40,1,0
455040,0,idle,-7,1,-1,11,16,-35,998,40,1,0
455066,0,idle,-7,1,-1,8,19,-35,998,41,1,0
455092,0,idle,-6,2,-1,6,19,-35,998,40,1,0
455125,0,idle,-6,2,-1,3,16,-33,998,37,1,0
455151,0,idle,-7,1,-1,3,14,-30,998,34,1,0
455177,0,idle,-8,1,-1,2,9,-26,998,27,1,0
455202,0,idle,-7,1,-1,1,1,-21,998,21,1,0
455228,0,idle,-6,1,-1,-2,-8,-18,998,19,1,0
455254,0,idle,-6,0,-1,-3,-15,-15,998,22,1,0
455280,0,idle,-7,-1,-1,1,-17,-11,998,20,1,0
455306,0,idle,-7,-1,-1,4,-19,-9,998,22,1,0
455332,0,idle,-6,0,-1,6,-22,-9,999,24,1,0
455358,0,idle,-5,0,-1,6,-22,-12,998,26,1,0
455384,0,idle,-4,-2,0,7,-23,-14,998,28,1,0
455410,0,idle,-3,-3,0,8,-20,-14,998,26,1,0
455436,0,idle,-1,-3,0,7,-16,-16,998,23,1,0
455462,0,idle,-1,-3,0,6,-11,-18,998,22,1,0
455487,0,idle,-2,-3,0,5,-6,-20,998,21,1,0
455512,0,idle,-2,-2,0,7,-2,-22,998,23,1,0
455538,0,idle,-1,-1,0,7,-2,-25,998,26,1,0
455563,0,idle,-1,-1,0,6,-6,-28,998,29,1,0
455589,0,idle,0,-1,0,7,-10,-29,998,32,1,0
455615,0,idle,1,-2,0,7,-16,-29,998,33,1,0
455641,0,idle,0,-1,0,8,-18,-26,998,33,1,0
455667,0,idle,0,-1,0,9,-22,-24,998,34,1,0
455693,0,idle,1,-1,0,6,-27,-23,999,36,1,0
455719,0,idle,2,0,1,3,-29,-26,999,39,1,0
455745,0,idle,1,-1,0,1,-27,-29,999,40,1,0
455771,0,idle,2,-2,1,0,-25,-30,999,40,1,0
455797,0,idle,4,-2,1,0,-21,-33,998,39,1,0
455822,0,idle,3,-2,1,-1,-17,-36,998,40,1,0
455848,0,idle,2,-1,0,1,-15,-38,998,41,1,0
455874,0,idle,2,-2,0,1,-13,-41,998,43,1,0
455899,0,idle,2,-2,0,0,-13,-43,999,45,1,0
455925,0,idle,3,-2,1,-1,-12,-44,999,46,1,0
455951,0,idle,2,-2,0,2,-10,-44,999,45,1,0
455976,0,idle,3,-1,1,5,-9,-42,999,43,1,0
456001,0,idle,3,0,0,8,-4,-41,998,42,1,0
456026,0,idle,1,2,0,11,2,-42,998,44,1,0
456051,0,idle,1,1,0,12,1,-43,998,45,1,0
456076,0,idle,2,2,0,10,4,-46,998,47,1,0
456101,0,idle,3,2,0,6,5,-47,998,47,1,0
456126,0,idle,3,1,0,3,6,-45,998,45,1,0
456151,0,idle,3,1,0,3,5,-40,998,41,1,0
456176,0,idle,4,2,0,4,5,-35,998,35,1,0
456201,0,idle,4,1,1,5,3,-28,998,29,1,0
456226,0,idle,2,2,0,5,1,-22,998,22,1,0
456251,0,idle,1,3,0,7,2,-16,998,18,1,0
456276,0,idle,1,3,0,8,1,-14,998,16,1,0
456301,0,idle,0,2,0,7,4,-13,998,15,1,0
456326,0,idle,-1,0,0,5,7,-12,999,15,1,0
456351,0,idle,0,0,0,4,6,-13,999,14,1,0
456376,0,idle,2,0,0,2,5,-15,998,16,1,0
456401,0,idle,2,-2,1,2,5,-17,999,17,1,0
456426,0,idle,2,-3,1,5,6,-17,999,18,1,0
456451,0,idle,2,-3,0,8,8,-14,999,18,1,0
456476,0,idle,1,-2,0,9,10,-12,998,18,1,0
456501,0,idle,1,-1,0,7,12,-12,998,18,1,0
456526,0,idle,0,-1,0,6,14,-13,998,20,1,0
456551,0,idle,0,0,0,5,15,-16,998,23,1,0
456576,0,idle,0,-1,0,3,16,-21,999,27,1,0
456601,0,idle,0,-1,0,1,17,-26,998,31,1,0
456626,0,idle,0,-1,0,0,15,-29,998,33,1,0
456651,0,idle,0,-2,0,1,15,-32,998,35,1,0
456676,0,idle,-1,-1,0,5,14,-32,998,36,1,0
456702,0,idle,0,-1,0,9,11,-33,999,36,1,0
456727,0,idle,1,0,0,9,9,-34,998,36,1,0
456760,0,idle,-1,1,0,9,6,-37,998,38,1,0
456785,0,idle,-2,1,0,10,3,-38,998,39,1,0
456811,0,idle,1,-1,0,4,-1,-38,998,39,1,0
456837,0,idle,0,-2,0,-6,-2,-38,998,38,1,0
456863,0,idle,-3,0,-1,-11,-3,-40,998,41,1,0
456889,0,idle,-2,1,0,-16,-2,-46,998,49,1,0
456915,0,idle,-1,-1,0,-25,-1,-56,998,61,1,0
456941,0,idle,1,-2,0,-28,-1,-64,998,70,1,0
456967,0,idle,2,-4,0,-25,5,-70,998,75,1,0
456993,0,idle,2,-4,0,-17,9,-72,998,75,1,0
457018,0,idle,1,-4,0,-8,12,-71,998,72,1,0
457044,0,idle,-4,-2,-1,2,15,-64,998,66,1,0
457070,0,idle,-4,0,-1,16,1,-57,998,59,1,0
457096,0,idle,-3,1,-1,29,-4,-49,998,57,1,0
457122,0,idle,-3,2,0,42,-8,-43,998,60,1,0
457148,0,idle,0,3,0,53,-10,-39,998,66,1,0
457174,0,idle,2,3,0,54,-8,-36,998,65,1,0
457200,0,idle,3,5,0,42,-7,-34,998,55,1,0
457225,0,idle,2,7,0,30,-4,-35,998,46,1,0
457250,0,idle,1,7,0,17,-1,-34,999,38,1,0
457276,0,idle,3,6,0,3,-2,-31,998,31,1,0
457302,0,idle,4,5,0,-8,0,-28,998,29,1,0
457327,0,idle,3,5,0,-13,2,-24,998,27,1,0
457353,0,idle,2,4,0,-12,3,-19,998,22,1,0
457378,0,idle,1,4,0,-8,3,-13,998,16,1,0
457403,0,idle,0,4,0,-2,4,-8,998,9,1,0
457428,0,idle,0,2,0,-1,3,-5,998,5,1,0
457453,0,idle,0,0,0,-2,3,-2,998,4,1,0
457478,0,idle,-1,-1,0,-2,4,-2,998,5,1,0
457503,0,idle,-1,-1,0,-4,4,-5,998,8,1,0
457528,0,idle,-2,-3,0,-9,8,-11,999,16,1,0
457554,0,idle,-3,-4,0,-14,10,-17,999,24,1,0
457580,0,idle,-3,-4,0,-17,7,-25,999,31,1,0
457606,0,idle,-4,-5,0,-18,7,-33,998,39,1,0
457632,0,idle,-4,-5,-1,-15,1,-43,998,45,1,0
457658,0,idle,-3,-6,0,-8,-5,-48,998,49,1,0
457684,0,idle,-3,-5,0,3,-10,-50,998,51,1,0
457710,0,idle,-1,-4,0,14,-18,-51,998,56,1,0
457736,0,idle,0,-2,0,25,-21,-52,998,61,1,0
457762,0,idle,0,-1,0,33,-24,-51,998,66,1,0
457788,0,idle,1,0,0,35,-20,-51,998,65,1,0
457814,0,idle,0,2,0,33,-17,-50,998,62,1,0
457840,0,idle,1,2,0,28,-14,-48,998,57,1,0
457866,0,idle,2,3,0,20,-7,-47,998,51,1,0
457892,0,idle,1,3,0,13,-2,-45,998,47,1,0
457918,0,idle,1,3,0,9,3,-44,998,45,1,0
457943,0,idle,0,3,0,7,7,-43,998,44,1,0
457968,0,idle,0,2,0,4,4,-38,998,38,1,0
457993,0,idle,1,3,0,3,2,-35,998,35,1,0
458018,0,idle,1,2,0,2,0,-33,998,33,1,0
458043,0,idle,0,2,0,2,-1,-30,998,31,1,0
458068,0,idle,-1,2,0,4,0,-25,998,26,1,0
458093,0,idle,-1,2,0,3,0,-22,998,22,1,0
458118,0,idle,-2,3,0,1,0,-19,998,19,1,0
458143,0,idle,-2,3,0,0,-3,-17,998,18,1,0
458169,0,idle,0,2,0,-3,-7,-18,998,19,1,0
458195,0,idle,1,1,0,-6,-6,-17,998,19,1,0
458221,0,idle,0,0,0,-6,-3,-11,998,13,1,0
458246,0,idle,0,-1,0,-5,-4,-9,998,11,1,0
458271,0,idle,-1,-1,0,-4,-4,-6,998,8,1,0
458296,0,idle,-1,-1,0,-8,-8,-7,998,13,1,0
458322,0,idle,-1,-2,0,-13,-9,-10,998,19,1,0
458348,0,idle,-2,-3,0,-15,-7,-11,998,20,1,0
458374,0,idle,-1,-4,0,-15,-7,-13,998,21,1,0
458407,0,idle,-1,-5,0,-16,-9,-15,998,23,1,0
458433,0,idle,0,-7,0,-15,-18,-17,998,29,1,0
458459,0,idle,0,-8,0,-10,-22,-17,998,30,1,0
458485,0,idle,0,-10,0,-2,-28,-17,998,33,1,0
458511,0,idle,2,-9,1,7,-38,-18,999,43,1,0
458537,0,idle,7,-6,1,22,-62,-22,999,70,1,0
458563,0,idle,9,-6,2,32,-57,-25,999,70,1,0
458589,0,idle,5,-4,1,44,-53,-24,999,73,1,0
458615,0,idle,12,-3,2,48,-53,-23,998,76,1,0
458641,0,idle,12,1,2,43,-37,-25,998,62,1,0
458667,0,idle,10,3,1,29,-30,-28,998,50,1,0
458693,0,idle,11,3,1,14,-18,-29,998,37,1,0
458719,0,idle,12,3,2,1,-4,-28,998,29,1,0
458745,0,idle,13,3,2,-10,7,-28,998,30,1,0
458771,0,idle,11,2,1,-16,17,-24,998,34,1,0
