t_ms,label_id,label,lin_ax_mps2_x1000,lin_ay_mps2_x1000,lin_az_mps2_x1000,gx_radps_x1000,gy_radps_x1000,gz_radps_x1000,acc_norm_x1000,gyro_norm_x1000,valid,clipped
15490,1,walk,3,-1,1,4,-22,40,998,46,1,0
15515,1,walk,4,-2,1,12,-29,38,999,49,1,0
15540,1,walk,0,-3,1,16,-29,36,999,49,1,0
15565,1,walk,-1,-2,1,19,-31,31,999,48,1,0
15590,1,walk,1,-1,1,22,-33,22,999,45,1,0
15615,1,walk,-1,-2,1,22,-35,17,999,45,1,0
15640,1,walk,-2,-2,1,23,-40,17,999,49,1,0
15665,1,walk,-5,-2,1,26,-39,18,999,50,1,0
15690,1,walk,-4,0,1,30,-42,16,999,54,1,0
15715,1,walk,-5,1,1,33,-40,10,999,53,1,0
15740,1,walk,-9,0,1,35,-36,7,999,51,1,0
15765,1,walk,-12,0,1,34,-35,6,999,49,1,0
15790,1,walk,-11,4,1,34,-35,2,999,49,1,0
15815,1,walk,-7,5,1,27,-44,-7,999,53,1,0
15840,1,walk,-2,-1,1,16,-52,-11,999,55,1,0
15866,1,walk,0,-3,1,8,-50,-7,999,51,1,0
15891,1,walk,4,-3,1,0,-40,-6,999,40,1,0
15916,1,walk,3,-3,1,-11,-17,-6,999,21,1,0
15941,1,walk,2,-3,1,-23,4,-6,999,24,1,0
15966,1,walk,3,-2,0,-32,24,-11,998,41,1,0
15991,1,walk,0,0,1,-35,41,-16,999,57,1,0
16024,1,walk,1,2,0,-35,36,-18,998,53,1,0
16049,1,walk,2,1,0,-35,26,-15,999,46,1,0
16074,1,walk,4,3,0,-30,13,-7,999,33,1,0
16099,1,walk,6,5,0,-14,-6,-1,999,16,1,0
16124,1,walk,8,6,0,2,-13,3,999,14,1,0
16149,1,walk,7,8,0,15,-9,9,999,20,1,0
16174,1,walk,9,13,0,25,-5,13,998,28,1,0
16199,1,walk,13,13,-1,22,-2,14,998,26,1,0
16224,1,walk,13,10,0,17,10,15,998,25,1,0
16249,1,walk,12,9,0,16,25,19,998,35,1,0
16274,1,walk,15,9,-1,15,35,21,998,44,1,0
16299,1,walk,18,7,-1,2,39,19,998,43,1,0
16324,1,walk,17,4,-1,-7,39,15,998,43,1,0
16349,1,walk,14,-2,0,-11,32,16,998,38,1,0
16374,1,walk,13,-10,0,-12,20,24,998,34,1,0
16400,1,walk,12,-16,0,-11,7,38,999,40,1,0
16425,1,walk,9,-19,0,-5,0,49,999,50,1,0
16450,1,walk,5,-21,0,0,-3,54,998,54,1,0
16475,1,walk,8,-22,0,-1,-10,53,998,54,1,0
16500,1,walk,10,-26,0,-10,-7,53,998,54,1,0
16525,1,walk,9,-26,0,-15,-4,61,999,63,1,0
16550,1,walk,12,-24,0,-12,3,75,999,76,1,0
16575,1,walk,17,-20,0,-5,14,86,998,87,1,0
16600,1,walk,28,-15,-1,1,9,91,998,91,1,0
16625,1,walk,36,-15,-1,-3,7,92,998,92,1,0
16650,1,walk,38,-17,-2,-5,5,100,998,100,1,0
16676,1,walk,41,-17,-2,0,-5,117,998,117,1,0
16702,1,walk,41,-16,-2,8,-15,139,998,140,1,0
16728,1,walk,43,-12,-2,16,-33,158,998,163,1,0
16754,1,walk,45,-13,-2,24,-49,176,998,184,1,0
16780,1,walk,45,-14,-2,34,-58,196,999,207,1,0
16806,1,walk,48,-12,-3,47,-65,214,998,228,1,0
16832,1,walk,53,-14,-3,47,-68,226,998,241,1,0
16858,1,walk,55,-16,-3,36,-67,235,998,247,1,0
16884,1,walk,58,-16,-4,26,-66,238,998,248,1,0
16910,1,walk,60,-17,-4,18,-66,240,998,250,1,0
16936,1,walk,58,-16,-4,14,-68,251,998,260,1,0
16962,1,walk,55,-10,-4,15,-76,265,998,276,1,0
16988,1,walk,54,-4,-3,25,-85,276,999,290,1,0
17014,1,walk,49,0,-3,41,-80,285,999,298,1,0
17040,1,walk,46,11,-3,62,-89,284,998,304,1,0
17066,1,walk,38,30,-4,78,-124,278,998,314,1,0
17092,1,walk,31,42,-4,69,-174,283,998,339,1,0
17118,1,walk,13,51,-4,59,-194,316,997,375,1,0
17144,1,walk,-8,70,-5,86,-190,368,996,423,1,0
17170,1,walk,-12,82,-6,129,-170,411,996,463,1,0
17196,1,walk,-18,83,-5,159,-102,451,997,489,1,0
17222,1,walk,-24,88,-6,188,-39,484,997,520,1,0
17248,1,walk,-29,88,-5,211,29,502,998,545,1,0
17274,1,walk,-39,88,-5,223,103,514,998,570,1,0
17300,1,walk,-42,94,-6,229,159,516,998,587,1,0
17326,1,walk,-35,91,-5,216,186,507,998,582,1,0
17352,1,walk,-24,83,-5,191,190,498,998,566,1,0
17378,1,walk,-8,79,-5,173,164,487,998,542,1,0
17404,1,walk,9,73,-5,153,120,471,998,510,1,0
17430,1,walk,19,72,-5,132,70,458,998,482,1,0
17456,1,walk,27,70,-6,106,14,444,999,457,1,0
17482,1,walk,32,70,-6,82,-29,425,999,434,1,0
17508,1,walk,40,72,-7,67,-69,392,999,404,1,0
17534,1,walk,50,72,-9,57,-95,341,998,359,1,0
17560,1,walk,58,66,-9,40,-127,285,998,315,1,0
17586,1,walk,68,54,-9,12,-160,242,998,291,1,0
17612,1,walk,77,43,-9,-9,-183,212,998,280,1,0
17638,1,walk,83,38,-10,-17,-202,178,998,270,1,0
17672,1,walk,86,33,-9,-17,-208,121,998,241,1,0
17698,1,walk,76,30,-8,-5,-198,84,998,215,1,0
17724,1,walk,59,35,-6,26,-184,72,998,199,1,0
17750,1,walk,46,39,-5,50,-175,56,998,191,1,0
17776,1,walk,22,38,-3,68,-147,32,998,165,1,0
17802,1,walk,-14,38,-2,95,-111,11,996,147,1,0
17828,1,walk,-38,44,-3,129,-89,-7,996,157,1,0
17854,1,walk,-56,48,-2,153,-77,-23,996,173,1,0
17880,1,walk,-78,48,-3,173,-71,-22,996,188,1,0
17906,1,walk,-87,54,-3,204,-77,-5,997,218,1,0
17932,1,walk,-68,49,-2,226,-82,14,997,241,1,0
17958,1,walk,-51,36,0,233,-52,35,997,241,1,0
17984,1,walk,-31,29,0,243,-32,61,997,252,1,0
18010,1,walk,-7,31,-1,246,-16,79,997,259,1,0
18036,1,walk,7,28,-1,219,12,86,997,235,1,0
18062,1,walk,8,22,0,174,38,98,998,204,1,0
18087,1,walk,14,18,0,132,55,113,999,182,1,0
18113,1,walk,24,18,-1,99,82,113,998,171,1,0
18139,1,walk,20,10,0,56,92,113,999,156,1,0
18165,1,walk,32,1,-1,9,73,115,998,136,1,0
18191,1,walk,24,-10,0,-34,74,132,998,155,1,0
18217,1,walk,20,-10,1,-59,40,171,998,185,1,0
18243,1,walk,23,-2,1,-75,13,211,999,225,1,0
18269,1,walk,19,11,0,-86,-9,236,999,251,1,0
18295,1,walk,18,21,-1,-95,-41,249,999,270,1,0
18321,1,walk,17,31,-2,-92,-32,259,999,277,1,0
18347,1,walk,12,36,-2,-84,0,272,999,284,1,0
18373,1,walk,-8,46,-2,-61,81,287,998,305,1,0
18399,1,walk,-31,69,-6,-35,158,293,997,335,1,0
18425,1,walk,-46,90,-9,-49,199,269,996,338,1,0
18451,1,walk,-61,101,-11,-113,228,228,996,342,1,0
18477,1,walk,-67,102,-11,-190,236,181,997,352,1,0
18503,1,walk,-64,88,-8,-255,233,141,997,373,1,0
18529,1,walk,-50,71,-6,-295,236,119,997,396,1,0
18555,1,walk,-37,60,-4,-312,253,106,997,416,1,0
18581,1,walk,-25,52,-3,-317,258,91,998,419,1,0
18607,1,walk,-12,44,-2,-318,242,67,998,405,1,0
18633,1,walk,-5,31,-1,-327,224,42,998,399,1,0
18659,1,walk,-2,20,1,-334,202,19,998,391,1,0
18685,1,walk,1,15,1,-324,180,-10,999,371,1,0
18711,1,walk,5,10,2,-303,150,-53,999,343,1,0
18737,1,walk,14,3,2,-272,112,-98,999,310,1,0
18763,1,walk,23,-10,2,-227,72,-144,998,279,1,0
18789,1,walk,24,-26,2,-165,26,-182,998,247,1,0
18815,1,walk,23,-36,2,-84,-28,-197,998,216,1,0
18841,1,walk,18,-38,3,6,-85,-203,998,220,1,0
18867,1,walk,12,-35,4,91,-153,-225,999,287,1,0
18893,1,walk,-3,-31,4,175,-178,-260,998,360,1,0
18919,1,walk,-20,-28,4,249,-166,-292,998,417,1,0
18945,1,walk,-39,-33,5,245,-122,-302,997,407,1,0
18971,1,walk,-60,-36,4,215,-60,-292,997,368,1,0
18997,1,walk,-81,-31,3,229,-29,-293,997,373,1,0
19023,1,walk,-98,-37,3,223,3,-309,997,382,1,0
19049,1,walk,-107,-41,2,203,25,-320,997,379,1,0
19075,1,walk,-103,-38,3,193,40,-311,997,368,1,0
19101,1,walk,-93,-31,3,191,47,-293,998,353,1,0
19127,1,walk,-78,-24,4,188,51,-278,998,339,1,0
19153,1,walk,-67,-17,4,184,64,-266,998,330,1,0
19179,1,walk,-57,-14,4,177,68,-254,998,317,1,0
19205,1,walk,-41,-12,4,165,51,-238,998,294,1,0
19231,1,walk,-26,-14,4,140,36,-220,998,263,1,0
19257,1,walk,-17,-17,4,113,36,-202,999,234,1,0
19283,1,walk,-10,-18,4,89,35,-184,999,207,1,0
19309,1,walk,-4,-17,4,72,33,-159,999,178,1,0
19343,1,walk,6,-17,4,43,15,-139,999,147,1,0
19369,1,walk,16,-18,3,16,-21,-121,999,124,1,0
19395,1,walk,25,-22,2,-5,-60,-97,999,114,1,0
19421,1,walk,27,-26,2,-15,-87,-61,998,107,1,0
19447,1,walk,28,-25,2,-12,-114,-19,998,116,1,0
19473,1,walk,21,-16,2,-4,-111,21,998,113,1,0
19499,1,walk,5,-4,2,11,-69,58,998,91,1,0
19524,1,walk,-9,14,1,32,-15,87,998,94,1,0
19550,1,walk,-24,36,-2,54,21,99,997,115,1,0
19576,1,walk,-43,60,-6,70,48,89,996,123,1,0
19602,1,walk,-61,75,-9,58,64,72,996,113,1,0
19628,1,walk,-62,80,-9,36,49,67,996,90,1,0
19654,1,walk,-57,80,-8,29,36,66,997,81,1,0
19679,1,walk,-53,79,-8,22,42,57,997,74,1,0
19704,1,walk,-44,80,-8,4,51,38,997,64,1,0
19729,1,walk,-36,77,-7,-14,59,22,998,65,1,0
19755,1,walk,-30,70,-6,-21,68,16,998,72,1,0
19781,1,walk,-24,66,-5,-34,72,14,998,81,1,0
19807,1,walk,-16,56,-3,-60,60,15,999,86,1,0
19833,1,walk,-1,43,-2,-83,51,21,998,100,1,0
19859,1,walk,8,32,-1,-107,61,26,999,126,1,0
19885,1,walk,15,26,0,-126,68,32,999,147,1,0
19911,1,walk,23,20,0,-135,60,40,999,153,1,0
19937,1,walk,36,16,-1,-137,35,47,999,149,1,0
19963,1,walk,43,11,-1,-143,4,41,999,149,1,0
19989,1,walk,48,1,0,-146,-42,33,998,156,1,0
20015,1,walk,50,-9,0,-141,-83,28,998,166,1,0
20041,1,walk,44,-20,1,-133,-106,21,998,171,1,0
20067,1,walk,41,-29,2,-112,-144,18,998,183,1,0
20093,1,walk,40,-33,2,-78,-172,10,999,189,1,0
20119,1,walk,25,-36,4,-33,-183,-1,999,186,1,0
20145,1,walk,7,-44,5,11,-171,-16,998,172,1,0
20171,1,walk,-8,-53,5,40,-144,-37,998,154,1,0
20197,1,walk,-28,-57,5,73,-104,-46,998,135,1,0
20223,1,walk,-46,-53,5,111,-64,-43,997,135,1,0
20249,1,walk,-61,-49,4,127,-27,-40,997,136,1,0
20275,1,walk,-68,-47,4,122,-2,-44,997,130,1,0
20301,1,walk,-59,-45,5,111,-6,-46,998,120,1,0
20327,1,walk,-40,-42,5,101,-26,-46,998,114,1,0
20353,1,walk,-23,-42,5,92,-38,-48,998,111,1,0
20379,1,walk,-8,-41,4,80,-39,-52,998,103,1,0
20405,1,walk,10,-40,4,57,-35,-58,998,89,1,0
20431,1,walk,21,-39,3,30,-24,-59,998,70,1,0
20457,1,walk,18,-40,4,-5,-9,-53,999,54,1,0
20483,1,walk,19,-43,4,-35,-9,-28,999,46,1,0
20509,1,walk,22,-43,4,-56,-12,8,999,57,1,0
20535,1,walk,24,-42,4,-75,-23,46,999,91,1,0
20561,1,walk,27,-39,4,-86,-40,83,999,126,1,0
20587,1,walk,26,-36,3,-93,-55,123,999,163,1,0
20613,1,walk,20,-29,3,-97,-62,168,999,204,1,0
20639,1,walk,18,-20,3,-110,-69,212,999,249,1,0
20665,1,walk,18,-16,3,-123,-49,265,999,296,1,0
20691,1,walk,18,-11,2,-106,3,323,999,340,1,0
20717,1,walk,21,4,1,-66,49,362,999,372,1,0
20743,1,walk,32,24,-2,-35,71,359,998,368,1,0
20769,1,walk,43,38,-5,-26,76,324,998,334,1,0
20795,1,walk,43,43,-5,-19,73,292,998,302,1,0
20821,1,walk,38,47,-5,2,82,267,998,279,1,0
20847,1,walk,33,50,-5,18,101,235,998,256,1,0
20873,1,walk,33,55,-6,33,125,201,998,239,1,0
20899,1,walk,35,58,-6,50,139,170,998,226,1,0
20925,1,walk,44,56,-7,67,123,153,998,207,1,0
20951,1,walk,56,50,-7,82,95,142,999,189,1,0
20977,1,walk,69,47,-8,94,69,135,998,178,1,0
21010,1,walk,78,44,-9,98,44,122,999,162,1,0
21036,1,walk,85,40,-10,92,30,102,999,141,1,0
21062,1,walk,87,38,-9,83,11,88,999,121,1,0
21088,1,walk,93,36,-10,73,-18,81,999,110,1,0
21114,1,walk,95,35,-10,54,-41,74,999,100,1,0
21140,1,walk,96,32,-10,16,-60,65,999,90,1,0
21166,1,walk,100,24,-10,-13,-88,73,999,115,1,0
21192,1,walk,103,14,-10,-27,-92,74,999,121,1,0
21218,1,walk,87,-1,-7,-30,-100,59,998,120,1,0
21244,1,walk,57,-9,-4,-21,-114,45,997,125,1,0
21270,1,walk,18,-14,-1,-4,-110,33,995,115,1,0
21296,1,walk,-20,-17,0,6,-107,8,994,108,1,0
21322,1,walk,-50,-18,1,6,-126,-35,994,131,1,0
21348,1,walk,-73,-23,2,18,-117,-71,994,138,1,0
21374,1,walk,-86,-31,3,43,-97,-95,995,143,1,0
21400,1,walk,-95,-28,3,81,-33,-125,996,153,1,0
21426,1,walk,-98,-27,3,106,41,-164,997,200,1,0
21452,1,walk,-80,-25,4,120,72,-191,997,237,1,0
21478,1,walk,-73,-8,3,172,115,-201,997,288,1,0
21504,1,walk,-60,-7,4,200,104,-191,998,295,1,0
21530,1,walk,-37,-11,4,201,41,-169,997,266,1,0
21556,1,walk,-15,-20,4,179,-11,-142,997,229,1,0
21582,1,walk,3,-36,3,148,-104,-113,997,213,1,0
21608,1,walk,26,-52,2,95,-184,-80,996,222,1,0
21634,1,walk,34,-60,2,20,-216,-50,997,223,1,0
21660,1,walk,34,-59,2,-55,-238,-18,998,245,1,0
21686,1,walk,44,-55,1,-95,-259,25,998,277,1,0
21712,1,walk,45,-44,1,-124,-233,69,998,273,1,0
21738,1,walk,36,-32,1,-164,-216,106,998,291,1,0
21764,1,walk,33,-20,1,-206,-199,129,998,314,1,0
21790,1,walk,38,-3,0,-228,-190,165,998,340,1,0
21816,1,walk,33,19,-2,-194,-166,236,997,348,1,0
21842,1,walk,17,44,-5,-80,-89,321,996,342,1,0
21868,1,walk,1,64,-7,66,-3,397,996,403,1,0
21894,1,walk,-1,83,-9,175,71,419,996,460,1,0
21920,1,walk,8,98,-12,207,126,398,996,466,1,0
21946,1,walk,3,97,-11,175,158,369,997,438,1,0
21972,1,walk,-2,80,-8,148,173,371,997,435,1,0
21998,1,walk,-3,65,-5,139,196,400,997,466,1,0
22024,1,walk,1,53,-3,116,200,424,998,482,1,0
22050,1,walk,6,44,-2,83,162,429,998,466,1,0
22076,1,walk,18,39,-3,63,77,421,998,433,1,0
22102,1,walk,38,37,-5,55,-16,403,997,407,1,0
22128,1,walk,54,34,-6,46,-90,369,997,382,1,0
22154,1,walk,72,33,-8,30,-152,326,998,361,1,0
22180,1,walk,95,33,-12,1,-201,273,997,339,1,0
22206,1,walk,114,24,-15,-45,-244,214,997,328,1,0
22232,1,walk,133,11,-18,-87,-291,165,996,345,1,0
22258,1,walk,139,-1,-18,-119,-314,122,997,357,1,0
22284,1,walk,135,-10,-16,-139,-310,80,997,349,1,0
22311,1,walk,123,-14,-13,-158,-296,32,997,337,1,0
22338,1,walk,105,-17,-9,-184,-291,-25,997,345,1,0
22365,1,walk,72,-21,-5,-159,-252,-59,996,304,1,0
22391,1,walk,27,-15,-2,-87,-189,-87,994,225,1,0
22417,1,walk,-10,-5,-1,-21,-159,-129,993,206,1,0
22443,1,walk,-37,1,1,38,-127,-169,993,215,1,0
22469,1,walk,-54,2,2,87,-90,-194,994,231,1,0
22495,1,walk,-59,-4,4,116,-71,-209,995,249,1,0
22521,1,walk,-31,-17,4,124,-82,-219,995,264,1,0
22547,1,walk,-3,-27,3,110,-69,-236,995,269,1,0
22573,1,walk,13,-32,2,90,-51,-239,995,260,1,0
22599,1,walk,30,-34,1,60,-52,-223,996,237,1,0
22625,1,walk,45,-25,-1,27,-24,-189,996,193,1,0
22651,1,walk,47,-22,-1,-13,10,-149,996,150,1,0
22685,1,walk,58,-14,-3,-30,45,-98,997,112,1,0
22711,1,walk,74,-19,-5,-49,59,-55,997,94,1,0
22737,1,walk,78,-22,-5,-62,51,-32,997,86,1,0
22763,1,walk,84,-33,-5,-79,11,-21,998,83,1,0
22789,1,walk,71,-36,-3,-79,20,8,998,82,1,0
22815,1,walk,44,-20,-1,-32,44,63,997,83,1,0
22841,1,walk,34,0,-1,17,58,128,996,141,1,0
22867,1,walk,41,22,-5,48,47,188,996,200,1,0
22893,1,walk,42,37,-6,61,-17,236,997,244,1,0
22919,1,walk,33,40,-5,80,-45,299,997,313,1,0
22945,1,walk,14,43,-3,107,-18,364,997,380,1,0
22971,1,walk,0,53,-3,142,42,410,997,436,1,0
22997,1,walk,1,63,-5,174,80,435,997,475,1,0
23023,1,walk,-5,60,-4,209,97,455,997,510,1,0
23049,1,walk,-8,68,-5,253,90,472,998,542,1,0
23075,1,walk,-3,67,-5,259,67,475,998,545,1,0
23101,1,walk,12,64,-6,231,45,466,998,522,1,0
23127,1,walk,31,66,-9,172,53,436,998,471,1,0
23153,1,walk,54,68,-13,87,49,386,997,399,1,0
23179,1,walk,85,53,-17,-10,23,342,996,343,1,0
23205,1,walk,103,30,-18,-83,1,319,995,330,1,0
23231,1,walk,113,10,-18,-114,-25,318,995,339,1,0
23257,1,walk,117,9,-18,-103,-46,338,996,357,1,0
23283,1,walk,124,15,-19,-73,-85,351,997,369,1,0
23309,1,walk,133,14,-21,-53,-132,346,997,374,1,0
23335,1,walk,130,0,-19,-64,-139,321,997,355,1,0
23361,1,walk,120,-12,-16,-80,-128,275,998,314,1,0
23387,1,walk,109,-21,-13,-79,-98,208,998,244,1,0
23413,1,walk,95,-35,-9,-86,-66,145,998,181,1,0
23439,1,walk,80,-43,-6,-112,-59,82,997,151,1,0
23465,1,walk,42,-47,-1,-116,3,37,996,121,1,0
23491,1,walk,4,-44,3,-75,71,8,994,104,1,0
23516,1,walk,-29,-34,5,-8,136,-23,993,138,1,0
23542,1,walk,-57,-21,7,53,200,-69,993,218,1,0
23568,1,walk,-79,-11,7,87,241,-122,994,284,1,0
23594,1,walk,-92,-11,8,90,253,-171,995,318,1,0
23620,1,walk,-96,-17,9,83,256,-212,995,343,1,0
23646,1,walk,-93,-22,11,85,243,-242,996,353,1,0
23672,1,walk,-79,-32,11,81,200,-257,997,336,1,0
23698,1,walk,-62,-44,11,71,142,-250,997,297,1,0
23724,1,walk,-59,-49,12,67,81,-227,997,250,1,0
23750,1,walk,-58,-51,12,72,26,-192,998,207,1,0
23776,1,walk,-53,-53,12,75,-23,-152,998,171,1,0
23802,1,walk,-41,-53,11,68,-74,-115,998,153,1,0
23828,1,walk,-27,-54,10,59,-126,-87,998,164,1,0
23854,1,walk,-17,-57,9,52,-170,-59,998,187,1,0
23880,1,walk,-9,-55,8,60,-197,-13,998,206,1,0
23906,1,walk,-7,-43,8,82,-210,42,998,229,1,0
23932,1,walk,1,-27,6,99,-213,82,998,249,1,0
23958,1,walk,-2,-10,5,107,-199,96,998,245,1,0
23984,1,walk,1,2,4,87,-210,105,998,250,1,0
24010,1,walk,7,9,2,60,-167,123,998,216,1,0
24036,1,walk,3,17,2,50,-87,148,998,179,1,0
24062,1,walk,3,37,0,55,-23,130,998,143,1,0
24088,1,walk,12,61,-5,36,9,53,997,64,1,0
24114,1,walk,7,68,-6,-25,58,-39,997,74,1,0
24140,1,walk,-6,66,-4,-86,113,-100,997,174,1,0
24166,1,walk,-8,60,-3,-116,160,-130,997,236,1,0
24192,1,walk,1,56,-3,-121,206,-140,998,277,1,0
24218,1,walk,15,58,-5,-126,233,-148,998,304,1,0
24244,1,walk,29,59,-7,-146,235,-164,998,321,1,0
24270,1,walk,40,55,-8,-182,211,-185,998,334,1,0
24296,1,walk,54,42,-9,-218,171,-200,997,342,1,0
24322,1,walk,62,21,-8,-257,138,-195,997,351,1,0
24356,1,walk,65,16,-7,-279,96,-176,998,343,1,0
24382,1,walk,81,7,-9,-309,25,-175,998,356,1,0
24408,1,walk,92,-17,-11,-352,-33,-177,997,395,1,0
24434,1,walk,90,-44,-9,-371,-59,-165,996,410,1,0
24461,1,walk,79,-60,-6,-347,-56,-149,996,382,1,0
24488,1,walk,70,-65,-4,-307,-60,-151,997,347,1,0
24514,1,walk,50,-67,-1,-271,-49,-181,996,329,1,0
24540,1,walk,2,-68,3,-227,-16,-209,993,309,1,0
24566,1,walk,-40,-66,5,-173,8,-228,992,286,1,0
24592,1,walk,-69,-60,7,-128,40,-246,992,280,1,0
24618,1,walk,-94,-59,8,-98,74,-264,993,291,1,0
24644,1,walk,-109,-64,9,-69,99,-278,994,303,1,0
24670,1,walk,-115,-67,10,-21,145,-286,995,322,1,0
24696,1,walk,-114,-64,11,34,189,-294,996,351,1,0
24722,1,walk,-104,-62,12,79,213,-302,997,378,1,0
24748,1,walk,-95,-57,12,108,210,-307,997,388,1,0
24774,1,walk,-83,-61,12,113,169,-307,998,368,1,0
24800,1,walk,-72,-74,12,90,114,-292,998,326,1,0
24826,1,walk,-63,-87,11,52,69,-262,998,276,1,0
24852,1,walk,-58,-92,11,15,41,-225,998,230,1,0
24878,1,walk,-49,-88,10,-24,22,-196,998,199,1,0
24904,1,walk,-42,-81,11,-71,18,-184,999,198,1,0
24930,1,walk,-35,-80,10,-130,18,-181,999,223,1,0
24956,1,walk,-31,-76,10,-171,42,-169,999,244,1,0
24982,1,walk,-38,-70,10,-172,86,-130,999,231,1,0
25008,1,walk,-47,-55,10,-144,99,-68,998,187,1,0
25034,1,walk,-39,-42,9,-118,94,-4,998,151,1,0
25060,1,walk,-42,-31,9,-79,128,48,998,158,1,0
25086,1,walk,-60,-18,9,-1,141,90,998,167,1,0
25112,1,walk,-74,-1,8,85,130,127,997,201,1,0
25138,1,walk,-78,19,6,130,127,151,997,236,1,0
25164,1,walk,-91,33,4,142,139,155,997,252,1,0
25190,1,walk,-95,38,4,151,137,135,997,245,1,0
25216,1,walk,-83,34,5,167,141,98,997,239,1,0
25242,1,walk,-66,32,5,173,153,68,998,241,1,0
25268,1,walk,-51,34,4,168,158,50,998,236,1,0
25294,1,walk,-41,35,4,154,139,38,998,211,1,0
25320,1,walk,-24,35,3,138,98,29,998,171,1,0
25346,1,walk,-8,32,2,111,58,21,998,127,1,0
25371,1,walk,3,33,1,81,25,15,998,86,1,0
25396,1,walk,14,29,1,44,-9,8,998,46,1,0
25422,1,walk,30,21,0,2,-48,-6,998,49,1,0
25448,1,walk,57,7,-4,-45,-112,-28,997,124,1,0
25474,1,walk,72,-17,-5,-91,-154,-48,996,186,1,0
25501,1,walk,66,-35,-3,-111,-169,-56,996,209,1,0
25528,1,walk,55,-36,-1,-94,-171,-65,997,205,1,0
25554,1,walk,49,-26,0,-78,-186,-112,998,231,1,0
25580,1,walk,31,-27,2,-88,-199,-190,997,290,1,0
25606,1,walk,-1,-37,3,-91,-166,-248,996,312,1,0
25632,1,walk,-38,-41,4,-66,-107,-259,994,288,1,0
25658,1,walk,-63,-30,5,-28,-41,-249,994,253,1,0
25684,1,walk,-78,-23,5,-18,10,-245,995,246,1,0
25710,1,walk,-91,-24,6,-26,55,-251,996,258,1,0
25736,1,walk,-98,-27,6,-13,103,-260,996,280,1,0
25762,1,walk,-91,-30,7,18,142,-275,997,311,1,0
25788,1,walk,-72,-35,7,39,165,-291,997,337,1,0
25814,1,walk,-55,-37,7,48,163,-303,997,347,1,0
25840,1,walk,-40,-41,7,50,128,-304,997,334,1,0
25866,1,walk,-31,-50,7,46,84,-285,997,300,1,0
25892,1,walk,-28,-51,7,45,36,-252,997,258,1,0
25918,1,walk,-18,-51,7,38,-29,-212,998,217,1,0
25944,1,walk,-12,-49,6,31,-87,-177,998,199,1,0
25970,1,walk,-5,-45,6,30,-166,-145,999,222,1,0
25996,1,walk,5,-43,5,31,-244,-102,998,266,1,0
26030,1,walk,-1,-36,6,49,-264,-35,999,271,1,0
26056,1,walk,-6,-23,5,86,-270,38,998,285,1,0
26082,1,walk,-11,-3,4,120,-287,107,998,330,1,0
26108,1,walk,-3,13,3,124,-332,177,998,396,1,0
26134,1,walk,6,20,2,112,-304,253,998,411,1,0
26160,1,walk,13,29,0,121,-238,316,998,414,1,0
26186,1,walk,24,41,-2,144,-165,332,998,397,1,0
26212,1,walk,38,57,-5,146,-88,300,997,345,1,0
26238,1,walk,36,63,-6,105,16,253,997,274,1,0
26264,1,walk,11,61,-4,50,143,212,997,260,1,0
26290,1,walk,-6,56,-2,17,246,180,997,305,1,0
26316,1,walk,-7,52,-1,-9,338,154,998,371,1,0
26342,1,walk,1,54,-2,-41,403,128,998,425,1,0
26368,1,walk,10,57,-2,-79,407,97,998,426,1,0
26394,1,walk,20,50,-2,-115,361,67,998,384,1,0
26420,1,walk,32,39,-2,-147,298,46,998,335,1,0
26446,1,walk,37,27,-2,-173,233,39,999,293,1,0
26472,1,walk,38,19,-1,-186,169,39,999,254,1,0
26498,1,walk,46,11,-1,-195,87,36,999,217,1,0
26524,1,walk,61,-2,-3,-216,1,24,998,217,1,0
26550,1,walk,68,-23,-4,-242,-60,8,997,249,1,0
26576,1,walk,69,-41,-4,-243,-85,-5,997,258,1,0
26602,1,walk,59,-50,-2,-215,-73,-19,998,228,1,0
26628,1,walk,35,-53,1,-194,-52,-40,997,205,1,0
26654,1,walk,-1,-54,2,-197,-1,-60,996,206,1,0
26680,1,walk,-57,-47,1,-193,123,-67,991,239,1,0
26706,1,walk,-101,-33,-1,-174,215,-90,989,290,1,0
26733,1,walk,-106,-17,0,-163,269,-152,992,350,1,0
26760,1,walk,-102,-23,2,-168,284,-213,993,392,1,0
26787,1,walk,-94,-42,3,-144,278,-233,994,390,1,0
26813,1,walk,-89,-56,4,-69,278,-215,995,358,1,0
26839,1,walk,-84,-52,5,30,268,-195,996,333,1,0
26865,1,walk,-84,-42,6,103,238,-190,996,322,1,0
26891,1,walk,-93,-37,6,134,179,-194,997,296,1,0
26917,1,walk,-97,-39,6,136,91,-189,998,250,1,0
26943,1,walk,-89,-46,7,124,-10,-170,998,210,1,0
26969,1,walk,-74,-49,7,111,-99,-140,998,205,1,0
26995,1,walk,-54,-51,6,96,-182,-108,998,232,1,0
27021,1,walk,-40,-51,6,75,-249,-79,998,271,1,0
27047,1,walk,-26,-49,6,43,-304,-46,998,310,1,0
27073,1,walk,-15,-50,6,-4,-328,-1,998,328,1,0
27099,1,walk,-12,-52,6,-38,-282,66,998,292,1,0
27125,1,walk,-19,-44,6,-36,-189,140,999,238,1,0
27151,1,walk,-17,-29,6,-28,-120,199,998,234,1,0
27177,1,walk,-8,-22,5,-57,-42,248,998,258,1,0
27203,1,walk,-10,-15,5,-91,70,295,998,316,1,0
27229,1,walk,-23,-2,4,-98,177,325,998,383,1,0
27255,1,walk,-41,21,2,-84,266,335,997,436,1,0
27281,1,walk,-50,51,-1,-96,301,326,996,455,1,0
27307,1,walk,-60,68,-3,-155,303,304,996,457,1,0
27333,1,walk,-69,63,-2,-215,279,280,996,450,1,0
27359,1,walk,-60,44,0,-229,247,262,996,427,1,0
27385,1,walk,-40,26,1,-203,236,252,996,400,1,0
27411,1,walk,-22,17,2,-162,235,238,996,372,1,0
27437,1,walk,-17,13,2,-128,212,213,997,327,1,0
27463,1,walk,-15,2,3,-117,158,186,997,270,1,0
27489,1,walk,-13,-16,4,-129,96,168,997,232,1,0
27515,1,walk,-10,-28,4,-142,36,163,997,219,1,0
27541,1,walk,4,-33,4,-144,-41,162,998,220,1,0
27567,1,walk,21,-40,3,-148,-110,158,998,243,1,0
27593,1,walk,38,-50,1,-160,-173,149,997,279,1,0
27619,1,walk,63,-65,-3,-182,-234,135,996,326,1,0
27645,1,walk,71,-80,-4,-189,-235,121,996,325,1,0
27671,1,walk,62,-83,-3,-173,-201,97,997,282,1,0
27705,1,walk,53,-80,-2,-161,-189,34,997,250,1,0
27731,1,walk,25,-84,0,-173,-121,-24,996,212,1,0
27757,1,walk,-20,-87,-1,-161,-26,-45,994,169,1,0
27784,1,walk,-48,-84,0,-123,39,-46,994,137,1,0
27810,1,walk,-64,-78,1,-93,97,-55,995,145,1,0
27836,1,walk,-76,-79,1,-83,116,-75,995,161,1,0
27862,1,walk,-90,-90,0,-69,135,-86,995,174,1,0
27888,1,walk,-100,-99,-1,-23,150,-79,996,171,1,0
27914,1,walk,-98,-94,0,52,151,-70,997,174,1,0
27940,1,walk,-88,-89,1,122,129,-69,997,190,1,0
27966,1,walk,-88,-83,2,178,77,-71,997,206,1,0
27992,1,walk,-82,-75,2,223,-15,-73,998,235,1,0
28018,1,walk,-68,-71,3,251,-109,-73,997,284,1,0
28044,1,walk,-55,-71,3,268,-192,-68,997,337,1,0
28070,1,walk,-46,-69,3,279,-251,-58,998,380,1,0
28096,1,walk,-33,-64,4,281,-296,-48,998,411,1,0
28122,1,walk,-8,-60,3,266,-337,-42,997,432,1,0
28148,1,walk,4,-55,3,245,-349,-35,998,428,1,0
28174,1,walk,8,-46,3,239,-328,-23,998,407,1,0
28200,1,walk,11,-33,3,254,-288,6,998,384,1,0
28226,1,walk,6,-5,3,283,-257,51,997,386,1,0
28252,1,walk,12,22,2,292,-294,98,996,426,1,0
28278,1,walk,22,33,1,275,-307,154,996,440,1,0
28304,1,walk,29,38,1,296,-246,202,997,434,1,0
28330,1,walk,36,53,-1,360,-168,208,997,448,1,0
28356,1,walk,54,80,-6,405,-103,151,996,444,1,0
28382,1,walk,66,96,-8,365,-34,76,996,375,1,0
28408,1,walk,57,93,-7,273,47,37,996,280,1,0
28434,1,walk,36,97,-6,204,98,42,996,230,1,0
28460,1,walk,39,106,-7,141,142,47,997,205,1,0
28486,1,walk,46,111,-8,65,210,26,997,222,1,0
28512,1,walk,49,108,-7,5,247,-10,998,247,1,0
28538,1,walk,66,94,-8,-28,230,-49,997,236,1,0
28564,1,walk,83,89,-10,-27,175,-67,997,190,1,0
28590,1,walk,89,74,-9,-24,105,-61,997,124,1,0
28616,1,walk,90,63,-8,-7,37,-47,997,60,1,0
28642,1,walk,90,60,-7,25,-37,-37,998,58,1,0
28668,1,walk,102,64,-10,60,-112,-49,998,136,1,0
28694,1,walk,113,56,-11,66,-171,-82,998,201,1,0
28720,1,walk,101,45,-9,56,-190,-113,998,228,1,0
28746,1,walk,94,40,-7,45,-197,-139,998,245,1,0
28772,1,walk,75,44,-5,43,-177,-176,998,254,1,0
28798,1,walk,65,48,-4,31,-168,-230,998,286,1,0
28824,1,walk,62,50,-4,8,-143,-275,998,310,1,0
28850,1,walk,37,50,-2,-16,-93,-283,997,298,1,0
28876,1,walk,7,48,0,-44,-53,-251,996,260,1,0
28902,1,walk,-23,46,1,-77,9,-217,996,230,1,0
28928,1,walk,-56,45,0,-104,92,-212,995,253,1,0
28954,1,walk,-85,37,0,-107,167,-235,994,307,1,0
28980,1,walk,-100,22,1,-71,226,-253,995,346,1,0
29006,1,walk,-96,16,3,-3,272,-250,996,369,1,0
29032,1,walk,-77,17,3,69,276,-237,996,370,1,0
29058,1,walk,-65,19,4,123,243,-217,997,348,1,0
29084,1,walk,-48,21,4,157,178,-196,997,308,1,0
29110,1,walk,-25,19,3,166,101,-173,996,260,1,0
29136,1,walk,-8,17,3,159,30,-146,997,218,1,0
29162,1,walk,6,13,3,148,-40,-106,997,186,1,0
29188,1,walk,14,8,3,132,-102,-51,998,174,1,0
29214,1,walk,26,6,2,115,-174,16,998,210,1,0
29240,1,walk,41,8,1,107,-236,85,997,273,1,0
29266,1,walk,35,9,1,118,-253,155,998,319,1,0
29292,1,walk,29,15,2,144,-256,222,998,368,1,0
29318,1,walk,29,23,1,152,-263,276,998,411,1,0
29344,1,walk,31,33,0,124,-240,314,998,415,1,0
29378,1,walk,12,51,-1,106,-133,312,997,355,1,0
29404,1,walk,-10,73,-4,103,-50,298,996,319,1,0
29430,1,walk,-12,103,-9,74,6,271,995,281,1,0
29456,1,walk,-16,115,-10,-14,54,233,996,239,1,0
29482,1,walk,-28,100,-7,-104,119,206,996,259,1,0
29508,1,walk,-37,87,-5,-128,206,193,996,310,1,0
29534,1,walk,-29,85,-4,-112,273,177,997,344,1,0
29560,1,walk,-28,91,-5,-98,342,147,997,385,1,0
29586,1,walk,-37,98,-6,-92,364,102,998,389,1,0
29612,1,walk,-30,92,-5,-91,316,49,998,333,1,0
29638,1,walk,-6,76,-4,-79,246,3,997,258,1,0
29664,1,walk,16,52,-3,-62,169,-19,996,181,1,0
29690,1,walk,48,37,-5,-37,62,-15,995,73,1,0
29716,1,walk,80,32,-9,-14,-49,0,995,51,1,0
29742,1,walk,102,24,-12,-4,-141,12,995,141,1,0
29768,1,walk,114,8,-12,-9,-232,18,995,233,1,0
29794,1,walk,116,-5,-11,-11,-265,12,996,265,1,0
29820,1,walk,98,-9,-7,13,-225,-11,996,225,1,0
29846,1,walk,98,-3,-7,37,-198,-39,997,205,1,0
29872,1,walk,89,-6,-5,-9,-194,-52,997,201,1,0
29898,1,walk,56,-6,-2,-67,-154,-43,996,174,1,0
29924,1,walk,14,-2,0,-124,-114,-43,994,174,1,0
29950,1,walk,-15,-1,2,-203,-95,-59,994,232,1,0
29976,1,walk,-55,-11,3,-255,-33,-95,993,274,1,0
30002,1,walk,-94,-31,2,-225,18,-132,991,262,1,0
30029,1,walk,-92,-45,4,-114,32,-156,993,196,1,0
30055,1,walk,-80,-46,6,42,80,-171,995,193,1,0
30081,1,walk,-65,-37,6,201,110,-184,996,294,1,0
30107,1,walk,-46,-21,6,317,122,-192,996,390,1,0
30133,1,walk,-32,-5,5,349,134,-199,996,423,1,0
30159,1,walk,-39,0,5,293,146,-204,996,386,1,0
30185,1,walk,-54,-3,5,198,154,-203,996,323,1,0
30211,1,walk,-51,-14,6,109,124,-189,997,251,1,0
30237,1,walk,-43,-28,7,42,85,-169,997,193,1,0
30263,1,walk,-36,-45,7,7,46,-142,997,149,1,0
30289,1,walk,-7,-50,6,2,-11,-121,996,121,1,0
30315,1,walk,2,-44,5,17,-6,-103,997,105,1,0
30340,1,walk,-5,-32,6,54,27,-75,997,96,1,0
30365,1,walk,-13,-24,6,79,33,-33,997,91,1,0
30391,1,walk,-21,0,4,72,18,29,997,79,1,0
30416,1,walk,-5,15,2,14,-29,85,996,91,1,0
30442,1,walk,-14,25,2,-78,-2,132,997,154,1,0
30468,1,walk,-29,47,0,-155,33,139,996,211,1,0
30494,1,walk,-40,69,-3,-221,42,93,996,244,1,0
30520,1,walk,-48,81,-5,-286,31,13,996,288,1,0
30546,1,walk,-44,75,-3,-323,-4,-65,997,330,1,0
30572,1,walk,-54,65,-2,-272,9,-118,997,297,1,0
30598,1,walk,-47,52,0,-151,36,-153,998,218,1,0
30624,1,walk,-16,52,-1,-36,56,-167,997,180,1,0
30650,1,walk,7,66,-5,48,77,-173,996,196,1,0
30676,1,walk,27,74,-7,93,52,-175,996,205,1,0
30702,1,walk,39,66,-6,99,-4,-168,997,195,1,0
30728,1,walk,54,52,-6,81,-61,-140,997,173,1,0
30754,1,walk,74,40,-8,48,-128,-112,996,176,1,0
30780,1,walk,73,32,-6,19,-187,-96,997,211,1,0
30806,1,walk,77,33,-6,11,-225,-91,998,243,1,0
30832,1,walk,101,27,-10,5,-293,-88,997,305,1,0
30858,1,walk,116,20,-12,-6,-374,-97,997,386,1,0
30884,1,walk,121,7,-12,-9,-426,-113,997,441,1,0
30910,1,walk,109,-8,-9,17,-433,-119,997,449,1,0
30936,1,walk,127,-12,-12,50,-459,-112,997,475,1,0
30962,1,walk,135,-8,-14,62,-451,-94,997,465,1,0
30988,1,walk,117,2,-12,55,-406,-72,997,416,1,0
31014,1,walk,79,16,-8,21,-317,-53,995,322,1,0
31048,1,walk,22,22,-6,-61,-175,-55,991,194,1,0
31074,1,walk,-23,18,-3,-134,-28,-79,990,158,1,0
31100,1,walk,-43,-1,0,-178,100,-101,991,228,1,0
31126,1,walk,-26,-17,2,-175,189,-109,992,280,1,0
31152,1,walk,0,-22,2,-134,278,-106,993,327,1,0
31178,1,walk,23,-23,1,-93,341,-88,994,364,1,0
31204,1,walk,38,-24,0,-81,361,-63,995,375,1,0
31230,1,walk,23,-28,3,-89,369,-42,996,382,1,0
31256,1,walk,-8,-46,5,-104,350,-29,995,366,1,0
31282,1,walk,-39,-70,5,-100,314,-14,993,329,1,0
31308,1,walk,-44,-89,6,-76,256,6,994,267,1,0
31334,1,walk,-37,-94,7,-27,194,17,995,196,1,0
31360,1,walk,-24,-90,7,40,110,21,996,119,1,0
31386,1,walk,1,-80,5,94,-9,34,995,101,1,0
31412,1,walk,6,-64,5,126,-96,65,996,171,1,0
31438,1,walk,6,-50,6,146,-172,104,997,249,1,0
31464,1,walk,6,-35,5,156,-234,163,997,325,1,0
31490,1,walk,7,-19,5,149,-310,251,997,426,1,0
31516,1,walk,15,-2,3,115,-293,349,997,470,1,0
31542,1,walk,-4,23,1,74,-186,420,996,466,1,0
31568,1,walk,-23,51,-2,45,-78,413,995,423,1,0
31594,1,walk,-35,69,-4,13,11,342,995,342,1,0
31620,1,walk,-44,66,-2,-21,73,244,996,255,1,0
31646,1,walk,-43,48,0,-15,93,177,996,200,1,0
31672,1,walk,-24,36,1,42,78,154,996,177,1,0
31698,1,walk,7,34,-1,100,69,148,995,192,1,0
31724,1,walk,30,40,-4,120,85,133,995,198,1,0
31750,1,walk,39,45,-5,93,100,98,996,168,1,0
31776,1,walk,44,37,-4,41,99,59,996,122,1,0
31802,1,walk,51,18,-3,-29,91,25,996,99,1,0
31828,1,walk,60,2,-3,-87,85,-2,996,121,1,0
31854,1,walk,71,-4,-4,-112,80,-30,997,141,1,0
31880,1,walk,87,-5,-6,-111,48,-58,997,134,1,0
31906,1,walk,102,-11,-8,-107,-5,-74,997,130,1,0
31932,1,walk,103,-18,-8,-97,-68,-81,997,143,1,0
31958,1,walk,95,-21,-6,-75,-121,-96,998,172,1,0
31984,1,walk,79,-27,-4,-55,-161,-122,998,209,1,0
32010,1,walk,86,-32,-5,-49,-214,-144,998,262,1,0
32036,1,walk,95,-33,-6,-66,-302,-145,998,341,1,0
32063,1,walk,69,-27,-3,-90,-382,-151,997,421,1,0
32089,1,walk,18,-24,0,-116,-387,-173,993,440,1,0
32116,1,walk,-40,-19,1,-110,-300,-210,990,382,1,0
32143,1,walk,-71,-13,2,-55,-170,-254,990,311,1,0
32169,1,walk,-64,-4,3,28,-43,-288,992,293,1,0
32195,1,walk,-24,9,-1,102,35,-296,991,315,1,0
32221,1,walk,14,23,-5,137,78,-272,991,315,1,0
32247,1,walk,25,30,-5,127,110,-226,993,281,1,0
32273,1,walk,9,28,-2,84,140,-174,994,239,1,0
32299,1,walk,-15,16,1,31,154,-140,994,210,1,0
32325,1,walk,-30,-8,4,-17,144,-122,994,190,1,0
32351,1,walk,-29,-40,5,-40,112,-110,994,162,1,0
32377,1,walk,-17,-65,5,-16,61,-96,994,115,1,0
32403,1,walk,8,-72,3,37,12,-75,994,85,1,0
32429,1,walk,24,-66,2,97,-24,-51,995,112,1,0
32455,1,walk,35,-52,1,129,-48,-23,996,139,1,0
32481,1,walk,34,-37,1,116,-55,-1,996,129,1,0
32507,1,walk,23,-26,3,73,-35,17,997,83,1,0
32532,1,walk,9,-21,4,29,-23,55,997,66,1,0
32558,1,walk,13,-21,4,-9,-38,137,997,142,1,0
32584,1,walk,2,-7,4,-47,48,219,997,229,1,0
32610,1,walk,-26,25,1,-65,134,225,994,270,1,0
32636,1,walk,-44,58,-3,-69,192,162,993,261,1,0
32662,1,walk,-53,76,-4,-80,209,81,994,238,1,0
32688,1,walk,-57,76,-3,-79,194,22,995,211,1,0
32722,1,walk,-57,65,-1,-31,184,11,996,187,1,0
32748,1,walk,-46,62,-1,27,181,21,996,184,1,0
32774,1,walk,-30,70,-2,74,185,28,997,201,1,0
32800,1,walk,-13,78,-4,90,165,22,997,189,1,0
32826,1,walk,-1,70,-4,77,109,19,997,135,1,0
32852,1,walk,16,54,-4,58,44,25,997,77,1,0
32877,1,walk,32,39,-4,42,-5,35,996,55,1,0
32903,1,walk,47,30,-4,38,-39,39,997,67,1,0
32929,1,walk,63,23,-6,45,-78,32,997,96,1,0
32955,1,walk,82,23,-9,61,-117,17,997,133,1,0
32981,1,walk,105,22,-13,72,-172,6,996,186,1,0
33007,1,walk,115,12,-15,60,-219,5,996,227,1,0
33033,1,walk,106,1,-12,45,-211,3,997,216,1,0
33059,1,walk,86,-5,-8,44,-155,-12,997,162,1,0
33085,1,walk,87,-9,-7,21,-152,-28,997,156,1,0
33111,1,walk,71,-10,-5,-16,-167,-32,997,170,1,0
33137,1,walk,26,-5,-1,-34,-100,-34,994,111,1,0
33163,1,walk,-31,3,-1,-23,-6,-41,990,47,1,0
33189,1,walk,-63,17,0,2,84,-49,990,98,1,0
33215,1,walk,-76,26,1,1,153,-70,992,168,1,0
33241,1,walk,-81,21,3,-12,198,-89,994,218,1,0
33267,1,walk,-81,8,5,-1,243,-97,994,262,1,0
33293,1,walk,-77,-2,7,37,284,-100,996,303,1,0
33319,1,walk,-69,-5,8,75,300,-111,996,328,1,0
33345,1,walk,-68,-6,8,93,279,-129,997,321,1,0
33371,1,walk,-76,-13,9,92,225,-141,997,281,1,0
33397,1,walk,-84,-23,10,92,151,-134,998,222,1,0
33423,1,walk,-85,-29,10,97,85,-120,998,176,1,0
33449,1,walk,-75,-34,10,101,22,-106,998,148,1,0
33475,1,walk,-58,-35,10,106,-23,-101,998,148,1,0
33501,1,walk,-35,-30,9,112,-55,-101,998,160,1,0
33527,1,walk,-26,-25,8,107,-64,-87,998,152,1,0
33553,1,walk,-31,-18,8,86,-81,-40,998,125,1,0
33579,1,walk,-32,-8,7,52,-99,28,998,116,1,0
33605,1,walk,-25,3,6,17,-136,103,998,171,1,0
33631,1,walk,-13,5,5,-20,-164,177,998,242,1,0
33657,1,walk,-22,15,4,-49,-57,240,998,251,1,0
33683,1,walk,-39,41,1,-62,71,257,996,273,1,0
33709,1,walk,-50,77,-6,-72,184,210,995,288,1,0
33735,1,walk,-52,101,-10,-103,237,130,995,289,1,0
33761,1,walk,-50,99,-9,-136,245,65,996,288,1,0
33787,1,walk,-56,84,-6,-124,257,41,996,288,1,0
33813,1,walk,-49,76,-4,-78,260,46,997,275,1,0
33839,1,walk,-36,81,-5,-30,265,47,997,270,1,0
33865,1,walk,-25,87,-6,-5,245,34,998,247,1,0
33891,1,walk,-12,82,-6,-8,177,20,998,178,1,0
33917,1,walk,4,66,-4,-30,88,15,998,94,1,0
33943,1,walk,13,50,-3,-57,13,15,997,61,1,0
33969,1,walk,25,41,-3,-78,-58,6,997,97,1,0
33995,1,walk,44,32,-4,-86,-123,-14,997,151,1,0
34021,1,walk,73,22,-7,-77,-201,-30,996,217,1,0
34047,1,walk,92,11,-10,-62,-279,-31,996,287,1,0
34073,1,walk,109,-3,-11,-50,-345,-29,996,350,1,0
34099,1,walk,94,-20,-7,-32,-351,-36,996,354,1,0
34125,1,walk,83,-26,-5,9,-353,-54,996,358,1,0
34151,1,walk,96,-25,-7,24,-385,-90,996,396,1,0
34177,1,walk,84,-22,-5,2,-383,-126,997,403,1,0
34203,1,walk,48,-15,-2,-11,-310,-147,995,343,1,0
34229,1,walk,2,-5,0,-21,-223,-152,993,271,1,0
34255,1,walk,-47,2,0,-46,-137,-164,991,219,1,0
34281,1,walk,-99,-6,-1,-86,-49,-188,988,213,1,0
34307,1,walk,-137,-28,-2,-93,48,-214,987,238,1,0
34334,1,walk,-133,-48,1,-41,134,-227,989,267,1,0
34360,1,walk,-93,-47,3,30,207,-228,990,310,1,0
34394,1,walk,-41,-27,0,83,247,-215,988,338,1,0
34420,1,walk,-10,-13,-2,90,244,-187,989,321,1,0
34446,1,walk,-10,-11,1,62,232,-143,991,279,1,0
34472,1,walk,-26,-18,3,20,208,-92,992,228,1,0
34498,1,walk,-39,-31,6,-20,169,-43,993,176,1,0
34524,1,walk,-42,-46,8,-41,116,1,995,124,1,0
34550,1,walk,-34,-59,9,-28,50,38,996,69,1,0
34576,1,walk,-12,-69,8,5,-37,70,996,79,1,0
34602,1,walk,6,-75,7,43,-101,104,996,151,1,0
34628,1,walk,10,-74,7,82,-117,136,997,197,1,0
34654,1,walk,15,-64,7,110,-115,165,997,229,1,0
34680,1,walk,13,-51,7,111,-98,203,997,251,1,0
34706,1,walk,21,-42,6,69,-70,256,997,274,1,0
34732,1,walk,-2,-22,6,2,49,305,996,309,1,0
34758,1,walk,-40,9,2,-59,122,312,993,340,1,0
34784,1,walk,-66,38,-2,-121,149,270,992,331,1,0
34810,1,walk,-84,52,-3,-181,165,199,993,316,1,0
34836,1,walk,-88,52,-2,-190,185,132,994,296,1,0
34862,1,walk,-79,44,0,-136,196,96,995,258,1,0
34888,1,walk,-49,40,0,-66,190,91,995,220,1,0
34914,1,walk,-27,42,0,-20,199,96,995,222,1,0
34940,1,walk,-22,42,1,-6,190,101,997,215,1,0
34966,1,walk,-17,35,2,-8,139,100,997,171,1,0
34992,1,walk,-5,23,2,-14,75,94,997,121,1,0
35018,1,walk,11,12,3,-20,10,88,997,91,1,0
35044,1,walk,23,8,2,-13,-52,79,997,96,1,0
35069,1,walk,39,7,1,11,-124,70,997,143,1,0
35095,1,walk,73,6,-4,41,-216,65,996,229,1,0
35121,1,walk,103,-2,-9,53,-300,62,995,312,1,0
35147,1,walk,111,-16,-9,60,-353,51,996,361,1,0
35173,1,walk,96,-27,-6,89,-337,20,996,349,1,0
35199,1,walk,85,-32,-3,115,-305,-24,997,327,1,0
35225,1,walk,74,-30,-2,94,-260,-73,997,286,1,0
35251,1,walk,41,-20,1,48,-134,-119,996,185,1,0
35277,1,walk,7,-9,2,-15,-8,-157,994,158,1,0
35303,1,walk,-22,2,3,-93,78,-191,994,226,1,0
35329,1,walk,-60,2,3,-173,122,-229,993,312,1,0
35355,1,walk,-98,-14,2,-206,146,-262,992,364,1,0
35382,1,walk,-130,-43,1,-150,163,-271,990,350,1,0
35409,1,walk,-118,-57,4,-28,143,-259,992,297,1,0
35435,1,walk,-84,-50,5,109,120,-253,992,301,1,0
35461,1,walk,-46,-39,4,209,91,-254,991,341,1,0
35487,1,walk,-24,-31,4,252,73,-252,992,363,1,0
35513,1,walk,-19,-26,5,242,80,-239,994,349,1,0
35539,1,walk,-31,-27,6,186,105,-215,995,303,1,0
35565,1,walk,-48,-36,7,109,125,-186,995,248,1,0
35591,1,walk,-55,-49,8,36,122,-156,996,201,1,0
35617,1,walk,-39,-53,9,-10,87,-131,996,158,1,0
35643,1,walk,-24,-51,8,-22,33,-112,997,118,1,0
35669,1,walk,-16,-50,8,-13,-25,-80,997,85,1,0
35695,1,walk,-13,-45,8,11,-68,-29,998,75,1,0
35721,1,walk,-15,-34,8,47,-96,42,998,115,1,0
35747,1,walk,-13,-24,7,70,-116,124,998,183,1,0
35773,1,walk,-12,-9,6,62,-46,194,998,209,1,0
35799,1,walk,-37,18,3,43,54,222,996,232,1,0
35825,1,walk,-53,53,-3,-2,129,214,994,250,1,0
35851,1,walk,-65,84,-8,-81,167,182,993,260,1,0
35877,1,walk,-72,94,-9,-172,146,145,994,268,1,0
35903,1,walk,-66,86,-7,-209,128,120,995,273,1,0
35929,1,walk,-56,75,-4,-171,129,107,996,240,1,0
35955,1,walk,-34,71,-4,-95,131,90,996,185,1,0
35981,1,walk,-20,68,-3,-22,147,71,997,165,1,0
36007,1,walk,-14,64,-2,30,130,57,997,145,1,0
36033,1,walk,3,56,-2,55,75,47,997,105,1,0
36066,1,walk,22,44,-2,45,9,46,997,65,1,0
36091,1,walk,40,35,-3,20,-52,48,996,74,1,0
36117,1,walk,59,28,-4,-17,-102,43,997,113,1,0
36143,1,walk,80,22,-5,-54,-149,32,997,161,1,0
36169,1,walk,104,15,-9,-87,-198,17,996,217,1,0
36195,1,walk,122,2,-11,-117,-244,1,996,271,1,0
36221,1,walk,124,-21,-10,-145,-266,-23,996,304,1,0
36248,1,walk,100,-39,-5,-141,-241,-55,995,285,1,0
36275,1,walk,92,-46,-3,-128,-230,-97,996,280,1,0
36301,1,walk,87,-50,-2,-154,-229,-142,997,311,1,0
36328,1,walk,58,-45,1,-165,-156,-179,996,289,1,0
36354,1,walk,8,-33,2,-151,-33,-204,993,256,1,0
36380,1,walk,-36,-14,1,-134,77,-232,991,278,1,0
36406,1,walk,-67,-5,1,-142,163,-271,991,346,1,0
36433,1,walk,-99,-14,1,-149,228,-302,991,406,1,0
36460,1,walk,-118,-32,2,-99,274,-302,992,419,1,0
36486,1,walk,-109,-44,4,-14,317,-279,994,422,1,0
36512,1,walk,-96,-41,6,64,354,-261,995,445,1,0
36538,1,walk,-88,-30,6,114,364,-262,995,463,1,0
36564,1,walk,-81,-28,7,117,331,-271,996,443,1,0
36590,1,walk,-80,-34,8,84,275,-267,997,392,1,0
36616,1,walk,-79,-44,9,38,209,-246,997,326,1,0
36642,1,walk,-75,-55,9,-5,144,-221,998,264,1,0
36668,1,walk,-68,-65,10,-31,78,-198,998,215,1,0
36694,1,walk,-51,-71,10,-40,10,-174,998,178,1,0
36720,1,walk,-24,-74,9,-48,-65,-146,997,167,1,0
36746,1,walk,-7,-76,8,-61,-122,-118,997,180,1,0
36772,1,walk,-5,-78,8,-65,-156,-83,997,188,1,0
36798,1,walk,-8,-75,8,-43,-181,-38,998,190,1,0
36824,1,walk,-12,-68,8,-8,-176,10,998,176,1,0
36850,1,walk,-15,-51,8,46,-91,38,998,109,1,0
36876,1,walk,-32,-21,6,97,-20,28,996,103,1,0
36902,1,walk,-38,15,2,98,-12,-3,995,99,1,0
36928,1,walk,-56,42,-1,29,0,-18,994,35,1,0
36954,1,walk,-82,50,-3,-61,-11,-14,994,64,1,0
36980,1,walk,-82,55,-3,-108,-16,-4,995,109,1,0
37006,1,walk,-62,61,-3,-101,3,-8,995,101,1,0
37032,1,walk,-36,60,-3,-67,16,-26,995,73,1,0
37058,1,walk,-21,55,-1,-14,27,-32,996,44,1,0
37084,1,walk,-5,50,-1,42,4,-12,996,44,1,0
37110,1,walk,12,45,0,83,-50,18,997,99,1,0
37136,1,walk,30,37,0,103,-119,35,997,161,1,0
37162,1,walk,51,25,-1,104,-185,26,997,214,1,0
37188,1,walk,78,14,-3,93,-234,-3,996,252,1,0
37214,1,walk,98,5,-5,76,-253,-41,996,267,1,0
37240,1,walk,116,4,-8,65,-249,-79,997,269,1,0
37266,1,walk,139,6,-12,39,-246,-116,996,275,1,0
37292,1,walk,147,5,-14,-6,-228,-146,997,271,1,0
37318,1,walk,144,0,-13,-56,-204,-167,997,270,1,0
37345,1,walk,141,-9,-11,-101,-181,-181,997,276,1,0
37372,1,walk,134,-16,-10,-130,-157,-194,998,281,1,0
37399,1,walk,107,-23,-5,-143,-114,-196,997,268,1,0
37425,1,walk,80,-25,-2,-131,-68,-181,996,233,1,0
37451,1,walk,49,-23,1,-133,-42,-153,995,207,1,0
37477,1,walk,9,-22,3,-150,-7,-129,994,198,1,0
37503,1,walk,-35,-31,4,-149,28,-122,992,194,1,0
37529,1,walk,-73,-48,3,-119,71,-128,991,189,1,0
37555,1,walk,-97,-64,3,-46,110,-146,992,188,1,0
37581,1,walk,-99,-73,5,62,132,-169,994,224,1,0
37607,1,walk,-71,-71,6,177,123,-185,994,284,1,0
37633,1,walk,-31,-61,5,257,99,-180,993,329,1,0
37659,1,walk,-1,-46,3,280,77,-156,993,329,1,0
37685,1,walk,8,-35,4,246,71,-126,994,286,1,0
37711,1,walk,6,-32,5,169,74,-105,995,212,1,0
37745,1,walk,-8,-38,7,78,87,-97,996,153,1,0
37771,1,walk,-13,-46,8,15,91,-90,997,129,1,0
37797,1,walk,-1,-51,7,-17,73,-73,997,104,1,0
37823,1,walk,18,-51,6,-31,37,-40,998,63,1,0
37849,1,walk,25,-50,6,-37,10,9,998,39,1,0
37875,1,walk,17,-44,6,-42,9,72,998,84,1,0
37900,1,walk,4,-34,7,-55,15,140,998,152,1,0
37926,1,walk,-15,-28,7,-92,36,215,997,237,1,0
37952,1,walk,-23,-17,7,-131,132,284,997,340,1,0
37978,1,walk,-39,3,5,-173,274,319,997,455,1,0
38004,1,walk,-53,29,3,-210,374,309,996,528,1,0
38030,1,walk,-58,55,-1,-243,419,272,995,555,1,0
38056,1,walk,-67,67,-2,-273,381,234,996,524,1,0
38082,1,walk,-73,60,-1,-255,290,214,996,442,1,0
38108,1,walk,-77,47,0,-165,198,226,996,343,1,0
38134,1,walk,-63,45,1,-35,110,247,997,273,1,0
38160,1,walk,-39,54,0,86,28,256,997,271,1,0
38186,1,walk,-12,60,-2,165,-72,254,996,312,1,0
38212,1,walk,15,53,-3,197,-191,255,995,374,1,0
38238,1,walk,38,41,-3,201,-286,262,995,437,1,0
38264,1,walk,55,30,-3,198,-343,263,996,475,1,0
38290,1,walk,69,21,-4,191,-360,250,996,478,1,0
38316,1,walk,86,15,-6,190,-353,226,996,460,1,0
38342,1,walk,115,11,-10,190,-348,200,996,444,1,0
38368,1,walk,142,5,-16,176,-350,181,995,432,1,0
38394,1,walk,147,-1,-16,157,-341,147,996,403,1,0
38420,1,walk,127,-1,-12,145,-304,85,996,347,1,0
38446,1,walk,109,1,-9,124,-275,8,996,302,1,0
38472,1,walk,89,-1,-5,77,-241,-55,996,259,1,0
38498,1,walk,57,6,-2,33,-156,-90,995,183,1,0
38524,1,walk,25,21,-1,-14,-75,-109,994,133,1,0
38550,1,walk,10,37,-1,-76,-23,-125,995,148,1,0
38576,1,walk,-21,40,0,-148,28,-136,994,203,1,0
38602,1,walk,-57,28,1,-171,92,-139,993,239,1,0
38628,1,walk,-92,8,1,-112,178,-129,992,247,1,0
38654,1,walk,-96,0,3,9,233,-112,994,259,1,0
38680,1,walk,-66,7,3,136,255,-104,994,307,1,0
38706,1,walk,-33,18,1,231,234,-99,993,343,1,0
38732,1,walk,-5,25,0,275,176,-82,994,337,1,0
38758,1,walk,9,27,0,262,111,-51,995,289,1,0
38784,1,walk,2,21,2,201,52,-19,996,208,1,0
38810,1,walk,-22,7,4,126,10,4,996,126,1,0
38836,1,walk,-33,-14,5,66,-20,21,995,72,1,0
38862,1,walk,-32,-33,6,32,-38,39,996,64,1,0
38888,1,walk,-9,-35,6,22,-73,58,996,96,1,0
38914,1,walk,8,-26,5,24,-108,75,996,134,1,0
38940,1,walk,1,-21,6,30,-115,110,997,162,1,0
38966,1,walk,-8,-15,6,37,-107,177,997,210,1,0
38992,1,walk,-2,2,4,28,-126,263,997,293,1,0
39018,1,walk,17,18,1,-16,-187,372,996,416,1,0
39044,1,walk,23,23,1,-93,-174,505,997,542,1,0
39070,1,walk,-4,36,0,-134,-92,612,996,633,1,0
39096,1,walk,-25,63,-4,-109,-10,615,995,625,1,0
39122,1,walk,-30,92,-9,-75,38,507,994,513,1,0
39148,1,walk,-10,96,-9,-57,32,362,995,368,1,0
39174,1,walk,4,72,-6,-23,39,265,995,269,1,0
39200,1,walk,17,49,-4,41,62,235,995,246,1,0
39226,1,walk,33,45,-4,101,125,228,996,279,1,0
39252,1,walk,39,57,-6,120,207,202,996,313,1,0
39278,1,walk,38,65,-7,85,245,148,997,298,1,0
39304,1,walk,47,56,-6,8,228,82,997,243,1,0
39330,1,walk,57,39,-5,-76,203,29,997,218,1,0
39356,1,walk,71,21,-5,-137,161,-2,997,212,1,0
39382,1,walk,82,11,-5,-161,100,-17,997,191,1,0
39416,1,walk,98,6,-7,-139,1,-23,997,141,1,0
39442,1,walk,101,-2,-7,-102,-108,-31,997,152,1,0
39468,1,walk,96,-16,-5,-62,-219,-41,998,232,1,0
39494,1,walk,83,-27,-3,-15,-302,-52,997,307,1,0
39520,1,walk,82,-23,-3,24,-380,-64,998,386,1,0
39546,1,walk,73,-18,-2,25,-445,-73,998,452,1,0
39572,1,walk,48,-13,1,18,-429,-72,997,435,1,0
39598,1,walk,3,6,0,16,-328,-79,994,338,1,0
39624,1,walk,-26,31,-2,1,-232,-120,993,261,1,0
39650,1,walk,-34,39,-1,-34,-134,-177,994,225,1,0
39676,1,walk,-37,33,1,-49,-50,-213,995,224,1,0
39702,1,walk,-28,21,2,-20,14,-217,996,218,1,0
39728,1,walk,-18,15,3,37,82,-201,997,221,1,0
39754,1,walk,-10,17,3,83,147,-186,997,251,1,0
39780,1,walk,-14,19,3,94,199,-179,997,284,1,0
39806,1,walk,-21,15,4,74,219,-173,998,289,1,0
39832,1,walk,-24,2,6,35,216,-157,998,269,1,0
39858,1,walk,-25,-12,7,1,205,-130,998,242,1,0
39884,1,walk,-18,-25,8,-17,174,-97,998,200,1,0
39910,1,walk,-6,-35,7,-15,131,-70,998,149,1,0
39936,1,walk,7,-42,6,3,76,-49,998,90,1,0
39961,1,walk,13,-44,6,30,23,-27,998,47,1,0
39987,1,walk,12,-38,6,65,-8,6,998,66,1,0
40013,1,walk,7,-28,6,104,-28,50,998,119,1,0
40039,1,walk,10,-16,5,135,-37,103,998,174,1,0
40065,1,walk,14,-10,4,137,-22,175,998,224,1,0
40091,1,walk,9,0,3,108,81,256,998,290,1,0
40117,1,walk,-20,26,0,70,184,285,996,347,1,0
40143,1,walk,-47,54,-4,20,249,248,994,352,1,0
40169,1,walk,-79,74,-8,-45,281,187,993,340,1,0
40195,1,walk,-91,72,-7,-96,263,134,994,311,1,0
40221,1,walk,-90,66,-5,-91,255,108,995,292,1,0
40247,1,walk,-77,62,-4,-50,257,105,996,282,1,0
40273,1,walk,-56,68,-5,-13,278,99,996,295,1,0
40299,1,walk,-38,77,-6,-3,287,79,996,298,1,0
40325,1,walk,-22,76,-6,-23,242,53,997,249,1,0
40351,1,walk,-4,61,-5,-53,157,34,997,169,1,0
40377,1,walk,16,36,-3,-74,67,28,996,104,1,0
40403,1,walk,25,16,-1,-68,-10,29,996,75,1,0
40429,1,walk,42,5,-2,-36,-86,28,996,97,1,0
40455,1,walk,59,1,-3,11,-146,20,996,147,1,0
40481,1,walk,90,1,-9,53,-218,9,995,225,1,0
40507,1,walk,106,-5,-10,72,-272,-10,996,281,1,0
40533,1,walk,103,-15,-9,80,-302,-34,996,314,1,0
40559,1,walk,95,-23,-6,82,-305,-60,997,322,1,0
40585,1,walk,78,-21,-4,74,-281,-96,997,306,1,0
40611,1,walk,56,-17,-1,28,-247,-138,997,284,1,0
40637,1,walk,18,-13,1,-46,-166,-171,995,243,1,0
40663,1,walk,-30,-7,1,-113,-31,-198,992,231,1,0
40690,1,walk,-67,1,1,-152,75,-231,992,287,1,0
40716,1,walk,-91,0,1,-164,120,-269,992,337,1,0
40742,1,walk,-104,-20,3,-147,98,-294,993,343,1,0
40768,1,walk,-112,-47,5,-68,69,-289,993,304,1,0
40794,1,walk,-107,-62,6,66,53,-259,995,272,1,0
40820,1,walk,-90,-55,8,210,52,-232,995,318,1,0
40846,1,walk,-71,-34,7,315,57,-230,995,394,1,0
40872,1,walk,-58,-16,6,347,55,-247,995,429,1,0
40898,1,walk,-53,-7,5,313,55,-261,996,411,1,0
40924,1,walk,-51,-8,6,238,59,-257,997,355,1,0
40950,1,walk,-51,-12,7,149,63,-236,997,286,1,0
40976,1,walk,-39,-15,7,70,53,-212,998,229,1,0
41002,1,walk,-24,-19,7,18,26,-197,998,199,1,0
41028,1,walk,-7,-27,7,-13,-21,-180,998,181,1,0
41054,1,walk,6,-34,6,-23,-59,-146,998,159,1,0
41088,1,walk,6,-32,7,-9,-58,-91,998,108,1,0
41114,1,walk,4,-23,6,21,-54,-28,998,65,1,0
41140,1,walk,16,-10,4,29,-53,48,998,77,1,0
41166,1,walk,5,2,3,8,52,127,997,138,1,0
41191,1,walk,-34,21,0,-10,173,177,995,248,1,0
41217,1,walk,-72,45,-5,-34,258,180,993,317,1,0
41243,1,walk,-104,65,-10,-102,272,156,992,330,1,0
41270,1,walk,-119,71,-11,-189,215,127,993,313,1,0
41296,1,walk,-109,67,-8,-232,148,109,994,296,1,0
41322,1,walk,-82,59,-6,-218,87,89,994,251,1,0
41348,1,walk,-45,52,-5,-178,44,68,994,196,1,0
41374,1,walk,-20,46,-4,-141,21,42,994,149,1,0
41400,1,walk,-12,36,-2,-111,-22,22,995,115,1,0
41426,1,walk,0,22,0,-82,-104,13,996,133,1,0
41452,1,walk,20,11,1,-55,-191,13,996,199,1,0
41478,1,walk,42,5,0,-30,-275,14,996,277,1,0
41504,1,walk,62,2,-2,-5,-340,12,996,340,1,0
41530,1,walk,88,1,-6,25,-379,8,996,380,1,0
41556,1,walk,119,-1,-11,50,-393,-3,995,396,1,0
41582,1,walk,142,-5,-16,51,-389,-28,994,393,1,0
41608,1,walk,149,-17,-16,25,-368,-63,995,374,1,0
41634,1,walk,133,-33,-11,-12,-311,-92,996,324,1,0
41661,1,walk,116,-35,-7,-37,-267,-118,996,294,1,0
41688,1,walk,104,-31,-5,-83,-253,-158,996,310,1,0
41715,1,walk,77,-24,-3,-121,-202,-205,996,312,1,0
41741,1,walk,38,-16,0,-132,-98,-238,994,290,1,0
41767,1,walk,14,-3,1,-121,-13,-256,994,283,1,0
41793,1,walk,-11,3,2,-109,52,-271,994,297,1,0
41819,1,walk,-43,-11,4,-101,102,-283,993,318,1,0
41845,1,walk,-72,-37,5,-69,152,-281,992,326,1,0
41871,1,walk,-81,-54,6,5,197,-267,993,332,1,0
41897,1,walk,-62,-52,7,89,229,-253,995,352,1,0
41923,1,walk,-32,-39,6,143,253,-244,994,380,1,0
41949,1,walk,-6,-27,4,139,251,-231,994,368,1,0
41975,1,walk,3,-20,4,91,236,-208,995,327,1,0
42001,1,walk,-4,-22,5,15,221,-178,996,284,1,0
42027,1,walk,-15,-33,7,-69,207,-146,996,263,1,0
42053,1,walk,-21,-48,8,-132,183,-122,996,257,1,0
42079,1,walk,-12,-60,8,-158,142,-108,997,239,1,0
42105,1,walk,3,-70,8,-150,94,-94,997,201,1,0
42131,1,walk,9,-79,7,-120,60,-68,997,151,1,0
42157,1,walk,6,-75,8,-75,45,-32,998,94,1,0
42182,1,walk,3,-64,8,-31,34,9,998,47,1,0
42207,1,walk,-1,-50,8,-14,-3,62,998,64,1,0
42233,1,walk,4,-34,6,-36,-91,148,997,177,1,0
42259,1,walk,-1,-20,6,-92,-132,260,997,306,1,0
42285,1,walk,-37,-3,4,-145,-124,358,995,406,1,0
42311,1,walk,-67,18,1,-164,-137,383,994,439,1,0
42338,1,walk,-81,28,0,-154,-136,302,995,365,1,0
42364,1,walk,-71,24,2,-104,-125,177,996,240,1,0
42390,1,walk,-45,8,3,-12,-105,82,995,134,1,0
42416,1,walk,-16,-5,3,91,-84,42,994,131,1,0
42442,1,walk,8,-4,2,155,-34,29,995,162,1,0
42468,1,walk,17,8,1,154,24,9,996,156,1,0
42494,1,walk,19,14,1,97,40,-28,997,108,1,0
42520,1,walk,32,10,1,14,20,-67,997,71,1,0
42546,1,walk,51,4,-1,-64,-10,-95,997,115,1,0
42572,1,walk,73,5,-4,-114,-54,-113,997,169,1,0
42598,1,walk,93,10,-7,-131,-108,-121,997,209,1,0
42625,1,walk,121,10,-13,-117,-193,-118,996,255,1,0
42652,1,walk,140,1,-16,-96,-261,-109,996,299,1,0
42678,1,walk,134,-15,-14,-57,-280,-108,996,306,1,0
42705,1,walk,118,-23,-10,17,-269,-129,996,298,1,0
42731,1,walk,129,-19,-13,80,-306,-152,997,351,1,0
42766,1,walk,130,-16,-13,57,-359,-168,997,400,1,0
42793,1,walk,97,-13,-8,10,-364,-169,996,401,1,0
42819,1,walk,49,-8,-4,-38,-299,-186,993,354,1,0
42845,1,walk,-7,-7,-1,-80,-185,-221,990,299,1,0
42871,1,walk,-57,-15,0,-94,-52,-271,988,292,1,0
42897,1,walk,-80,-30,2,-52,41,-319,989,326,1,0
42923,1,walk,-60,-42,4,38,88,-340,991,353,1,0
42949,1,walk,-16,-35,1,141,123,-323,990,374,1,0
42975,1,walk,23,-10,-4,218,145,-282,989,385,1,0
43001,1,walk,42,22,-8,241,154,-238,990,372,1,0
43027,1,walk,41,44,-9,200,150,-204,991,323,1,0
43053,1,walk,19,45,-5,117,146,-176,993,258,1,0
43079,1,walk,-5,26,-1,36,141,-149,993,208,1,0
43105,1,walk,-12,2,3,2,128,-110,994,169,1,0
43130,1,walk,3,-22,3,17,94,-55,994,110,1,0
43156,1,walk,19,-32,3,60,57,3,995,83,1,0
43182,1,walk,29,-26,3,114,26,44,996,125,1,0
43208,1,walk,33,-18,3,149,27,78,997,170,1,0
43234,1,walk,29,-11,3,151,44,126,997,201,1,0
43260,1,walk,29,0,2,128,66,190,997,238,1,0
43286,1,walk,25,11,2,73,115,262,997,295,1,0
43312,1,walk,-3,27,1,-8,234,312,996,390,1,0
43338,1,walk,-43,47,-1,-117,342,314,993,479,1,0
43364,1,walk,-78,65,-5,-244,411,268,992,548,1,0
43390,1,walk,-101,69,-5,-366,441,196,993,606,1,0
43417,1,walk,-117,58,-3,-417,455,133,994,631,1,0
43444,1,walk,-113,49,-1,-355,433,106,995,570,1,0
43470,1,walk,-86,51,-1,-228,378,110,995,455,1,0
43496,1,walk,-55,57,-2,-100,295,125,994,336,1,0
43522,1,walk,-37,53,-1,-4,169,134,995,216,1,0
43548,1,walk,-23,37,1,64,29,137,996,154,1,0
43574,1,walk,-10,16,2,113,-90,135,995,197,1,0
43600,1,walk,5,2,3,144,-179,124,996,261,1,0
43626,1,walk,15,0,3,171,-226,100,997,301,1,0
43652,1,walk,42,3,0,185,-258,67,996,324,1,0
43678,1,walk,77,5,-6,164,-273,38,995,320,1,0
43704,1,walk,105,11,-11,108,-284,13,995,304,1,0
43730,1,walk,108,11,-11,35,-268,-17,996,271,1,0
43757,1,walk,81,7,-7,-19,-224,-47,995,230,1,0
43783,1,walk,70,4,-4,-62,-235,-69,996,252,1,0
43809,1,walk,26,-3,0,-113,-192,-78,994,237,1,0
43835,1,walk,-18,-4,2,-140,-72,-69,993,172,1,0
43861,1,walk,-54,1,2,-143,22,-63,992,157,1,0
43887,1,walk,-72,7,3,-143,108,-74,993,194,1,0
43913,1,walk,-97,0,3,-140,158,-84,993,228,1,0
43939,1,walk,-105,-22,5,-111,135,-77,994,191,1,0
43965,1,walk,-106,-47,6,-35,107,-41,994,120,1,0
43991,1,walk,-95,-54,8,72,70,9,995,101,1,0
44017,1,walk,-69,-43,8,157,15,45,995,164,1,0
44043,1,walk,-47,-32,7,186,-36,60,995,198,1,0
44069,1,walk,-35,-32,7,171,-77,65,996,199,1,0
44095,1,walk,-27,-38,8,138,-93,70,997,181,1,0
44121,1,walk,-23,-48,9,104,-72,78,997,149,1,0
44147,1,walk,-20,-54,10,83,-36,84,998,124,1,0
44173,1,walk,-13,-56,9,72,-10,81,998,109,1,0
44199,1,walk,-4,-53,9,74,10,77,998,107,1,0
44224,1,walk,-3,-48,9,77,20,86,998,117,1,0
44249,1,walk,-5,-39,8,74,16,113,998,136,1,0
44274,1,walk,-1,-26,7,68,1,147,998,162,1,0
44300,1,walk,10,-16,6,63,-36,191,998,204,1,0
44326,1,walk,27,-13,4,55,-86,263,998,282,1,0
44352,1,walk,34,-7,3,45,-53,351,998,358,1,0
44378,1,walk,5,8,2,40,21,408,996,410,1,0
44404,1,walk,-30,33,-1,39,86,396,994,407,1,0
44438,1,walk,-63,47,-3,8,110,311,993,330,1,0
44464,1,walk,-78,41,-1,-17,101,217,994,240,1,0
44490,1,walk,-66,34,0,3,98,145,995,175,1,0
44515,1,walk,-44,33,1,46,108,92,995,149,1,0
44541,1,walk,-20,42,-1,81,140,47,995,168,1,0
44567,1,walk,-7,54,-3,91,171,4,996,194,1,0
44593,1,walk,9,63,-5,74,163,-29,996,181,1,0
44619,1,walk,30,59,-6,35,116,-47,996,130,1,0
44645,1,walk,47,47,-6,-9,69,-51,996,86,1,0
44671,1,walk,58,38,-6,-40,35,-51,996,74,1,0
44697,1,walk,71,35,-7,-55,-6,-59,997,81,1,0
44723,1,walk,89,33,-9,-61,-54,-80,997,114,1,0
44749,1,walk,109,25,-12,-63,-118,-108,996,172,1,0
44776,1,walk,118,10,-12,-74,-174,-136,996,233,1,0
44803,1,walk,105,-6,-8,-72,-201,-160,997,267,1,0
44829,1,walk,86,-11,-5,-51,-218,-186,997,291,1,0
44855,1,walk,81,-4,-4,-36,-246,-214,997,329,1,0
44881,1,walk,80,2,-5,-56,-317,-232,997,396,1,0
44907,1,walk,57,6,-2,-90,-386,-236,997,462,1,0
44933,1,walk,5,10,-1,-103,-353,-227,993,432,1,0
44959,1,walk,-40,14,0,-99,-345,-221,992,421,1,0
44986,1,walk,-74,6,1,-86,-331,-236,991,416,1,0
45012,1,walk,-100,-19,2,-40,-290,-259,991,391,1,0
45038,1,walk,-94,-42,4,66,-224,-275,992,361,1,0
45064,1,walk,-51,-42,4,194,-129,-285,991,368,1,0
45090,1,walk,5,-21,-3,279,-32,-290,988,404,1,0
45116,1,walk,48,6,-11,286,45,-286,987,407,1,0
45142,1,walk,59,20,-11,214,100,-270,989,358,1,0
45168,1,walk,41,18,-6,100,142,-238,991,295,1,0
45194,1,walk,17,5,-2,-18,173,-202,992,266,1,0
45220,1,walk,5,-14,1,-107,185,-163,993,269,1,0
45246,1,walk,15,-32,3,-149,169,-120,994,255,1,0
45272,1,walk,39,-40,1,-142,119,-77,994,201,1,0
45298,1,walk,55,-40,0,-95,64,-40,995,121,1,0
45324,1,walk,64,-35,-1,-27,15,-12,996,33,1,0
45350,1,walk,55,-29,1,52,-6,15,997,55,1,0
45376,1,walk,42,-17,2,128,-38,59,997,147,1,0
45402,1,walk,30,-2,2,171,-104,129,997,238,1,0
45428,1,walk,21,9,2,168,-139,227,997,315,1,0
45454,1,walk,-20,25,1,125,-88,327,994,361,1,0
45480,1,walk,-56,46,-2,66,-42,369,993,377,1,0
45506,1,walk,-87,60,-5,-4,-7,318,992,318,1,0
45532,1,walk,-97,61,-4,-62,19,217,994,227,1,0
45558,1,walk,-81,48,-1,-54,29,130,994,144,1,0
45584,1,walk,-49,35,0,16,38,101,994,109,1,0
45610,1,walk,-9,40,-3,114,50,106,993,164,1,0
45636,1,walk,19,59,-8,177,87,102,993,222,1,0
45662,1,walk,25,73,-10,173,107,66,994,214,1,0
45688,1,walk,27,66,-8,120,92,8,995,151,1,0
45714,1,walk,29,47,-5,56,79,-44,995,107,1,0
45740,1,walk,43,26,-4,-2,68,-71,995,99,1,0
45766,1,walk,60,16,-5,-48,65,-85,995,117,1,0
45792,1,walk,84,19,-9,-76,48,-98,995,133,1,0
45818,1,walk,108,20,-13,-107,18,-119,995,160,1,0
45844,1,walk,116,11,-13,-150,-29,-151,996,215,1,0
45871,1,walk,104,-5,-9,-167,-48,-187,996,255,1,0
45898,1,walk,97,-16,-7,-139,-77,-207,996,261,1,0
45924,1,walk,98,-15,-7,-79,-133,-216,997,266,1,0
45950,1,walk,87,-15,-5,-33,-193,-216,997,291,1,0
45976,1,walk,42,-8,-1,1,-176,-193,995,261,1,0
46002,1,walk,-14,9,-1,5,-115,-180,991,214,1,0
46028,1,walk,-57,26,-2,-23,-45,-201,989,207,1,0
46055,1,walk,-87,27,-1,-69,17,-238,990,248,1,0
46081,1,walk,-100,13,2,-82,69,-257,992,279,1,0
46116,1,walk,-87,-3,5,-33,105,-250,993,273,1,0
46142,1,walk,-52,-5,4,35,105,-235,993,260,1,0
46168,1,walk,-23,-2,4,91,85,-224,993,256,1,0
46194,1,walk,-15,-7,5,119,57,-212,995,250,1,0
46220,1,walk,-15,-15,7,130,32,-190,996,232,1,0
46246,1,walk,-22,-20,8,131,32,-163,997,211,1,0
46272,1,walk,-23,-24,9,124,38,-140,998,190,1,0
46298,1,walk,-20,-29,9,109,52,-131,998,178,1,0
46324,1,walk,-6,-31,9,90,65,-129,998,170,1,0
46350,1,walk,10,-33,7,58,80,-124,998,159,1,0
46376,1,walk,7,-37,8,25,120,-111,998,165,1,0
46402,1,walk,2,-33,8,5,165,-84,998,186,1,0
46428,1,walk,-6,-21,8,-17,193,-48,998,200,1,0
46454,1,walk,0,-7,6,-47,170,1,998,176,1,0
46480,1,walk,0,0,5,-84,105,81,998,157,1,0
46506,1,walk,-1,12,4,-107,56,189,998,224,1,0
46532,1,walk,-27,31,2,-110,14,274,996,296,1,0
46558,1,walk,-64,52,-2,-93,-15,296,994,310,1,0
46584,1,walk,-98,68,-7,-59,-56,249,993,262,1,0
46610,1,walk,-102,70,-6,-10,-92,163,994,188,1,0
46636,1,walk,-83,64,-4,53,-98,86,995,141,1,0
46662,1,walk,-56,62,-4,110,-79,38,995,141,1,0
46688,1,walk,-30,64,-4,129,-27,14,995,132,1,0
46714,1,walk,-18,67,-5,91,36,3,996,98,1,0
46740,1,walk,-8,69,-5,14,64,-4,996,66,1,0
46766,1,walk,5,64,-5,-69,60,-18,997,93,1,0
46792,1,walk,25,49,-5,-143,38,-30,996,151,1,0
46818,1,walk,44,33,-5,-191,15,-36,996,194,1,0
46844,1,walk,60,23,-5,-199,-1,-37,996,203,1,0
46870,1,walk,72,18,-6,-168,-18,-37,997,173,1,0
46896,1,walk,85,13,-7,-122,-51,-38,997,138,1,0
46922,1,walk,94,5,-8,-85,-89,-37,997,128,1,0
46948,1,walk,94,-4,-7,-54,-132,-48,998,151,1,0
46974,1,walk,89,-12,-5,-23,-178,-72,998,193,1,0
47000,1,walk,92,-17,-5,-9,-248,-97,998,266,1,0
47026,1,walk,88,-21,-4,-27,-330,-112,998,349,1,0
47052,1,walk,70,-30,-1,-52,-404,-109,997,422,1,0
47079,1,walk,40,-27,2,-61,-410,-90,996,424,1,0
47105,1,walk,0,-18,3,-64,-372,-94,994,389,1,0
47131,1,walk,-43,-18,4,-62,-292,-125,993,323,1,0
47157,1,walk,-69,-29,6,-47,-184,-162,993,250,1,0
47183,1,walk,-74,-41,8,-6,-69,-198,994,209,1,0
47209,1,walk,-57,-47,9,61,37,-228,995,239,1,0
47235,1,walk,-18,-41,6,131,118,-247,994,303,1,0
47261,1,walk,8,-26,3,176,189,-250,994,359,1,0
47287,1,walk,17,-5,1,181,235,-246,995,385,1,0
47313,1,walk,9,6,1,145,249,-237,995,373,1,0
47339,1,walk,-9,-2,4,77,253,-227,996,348,1,0
47365,1,walk,-22,-22,6,18,250,-217,996,331,1,0
47391,1,walk,-31,-42,8,-11,240,-205,996,316,1,0
47417,1,walk,-21,-51,9,-5,212,-189,996,284,1,0
47443,1,walk,-8,-52,8,19,175,-170,997,245,1,0
47469,1,walk,-2,-48,8,46,134,-134,997,195,1,0
47495,1,walk,1,-40,7,61,108,-71,998,143,1,0
47521,1,walk,2,-27,7,58,100,7,998,116,1,0
47546,1,walk,5,-12,5,28,84,100,997,133,1,0
47572,1,walk,10,-5,4,-27,89,205,998,225,1,0
47598,1,walk,-15,5,4,-90,192,300,997,367,1,0
47624,1,walk,-56,22,1,-132,284,335,994,458,1,0
47650,1,walk,-96,44,-4,-140,361,298,992,489,1,0
47676,1,walk,-128,60,-8,-132,371,214,991,448,1,0
47703,1,walk,-132,63,-8,-94,312,127,993,350,1,0
47729,1,walk,-121,60,-6,-13,242,82,994,255,1,0
47755,1,walk,-99,62,-4,73,175,73,995,203,1,0
47789,1,walk,-76,71,-5,111,127,78,995,186,1,0
47815,1,walk,-59,78,-6,101,68,75,995,143,1,0
47841,1,walk,-39,72,-5,58,-15,66,996,89,1,0
47867,1,walk,-21,51,-3,4,-85,59,995,103,1,0
47893,1,walk,2,30,-1,-41,-134,55,995,151,1,0
47919,1,walk,19,15,0,-65,-155,45,995,175,1,0
47945,1,walk,32,10,0,-53,-160,25,996,171,1,0
47971,1,walk,60,13,-4,-21,-179,2,996,180,1,0
47997,1,walk,89,11,-9,-9,-207,-16,995,208,1,0
48023,1,walk,103,3,-10,-22,-220,-36,996,224,1,0
48049,1,walk,90,-9,-6,-35,-201,-62,996,213,1,0
48075,1,walk,70,-13,-3,-31,-178,-87,996,201,1,0
48101,1,walk,60,-13,-1,-44,-166,-106,997,201,1,0
48127,1,walk,35,-14,2,-64,-126,-114,996,182,1,0
48153,1,walk,1,-12,4,-72,-46,-107,995,137,1,0
48179,1,walk,-16,-5,4,-76,29,-91,995,122,1,0
48205,1,walk,-28,1,5,-104,95,-85,996,164,1,0
48231,1,walk,-54,-4,5,-145,124,-94,996,213,1,0
48257,1,walk,-80,-25,6,-171,140,-114,994,248,1,0
48283,1,walk,-112,-53,5,-152,171,-130,992,263,1,0
48310,1,walk,-124,-71,6,-66,178,-138,993,235,1,0
48337,1,walk,-104,-73,8,44,163,-151,994,226,1,0
48363,1,walk,-73,-67,8,140,128,-167,994,253,1,0
48389,1,walk,-54,-56,8,201,98,-179,994,286,1,0
48415,1,walk,-39,-44,7,212,65,-181,995,287,1,0
48441,1,walk,-36,-35,8,178,40,-181,996,257,1,0
48467,1,walk,-44,-32,8,122,24,-178,997,217,1,0
48493,1,walk,-44,-36,9,68,8,-167,997,181,1,0
48519,1,walk,-35,-38,10,27,-17,-144,998,148,1,0
48545,1,walk,-22,-32,9,-6,-44,-117,998,125,1,0
48571,1,walk,-16,-33,9,-44,-50,-83,998,107,1,0
48597,1,walk,-24,-32,9,-72,-33,-38,998,87,1,0
48623,1,walk,-24,-30,9,-85,-28,32,998,95,1,0
48649,1,walk,-23,-30,9,-104,-13,133,998,170,1,0
48675,1,walk,-27,-19,8,-126,73,242,998,283,1,0
48701,1,walk,-44,10,4,-155,124,296,997,356,1,0
48727,1,walk,-51,42,-1,-201,121,288,996,371,1,0
48753,1,walk,-59,55,-3,-265,91,253,996,378,1,0
48779,1,walk,-67,47,-1,-294,49,223,996,372,1,0
48805,1,walk,-63,43,0,-229,41,202,997,308,1,0
48831,1,walk,-44,48,-1,-111,54,167,997,208,1,0
48857,1,walk,-17,56,-3,-16,87,117,996,147,1,0
48883,1,walk,2,57,-4,35,111,76,997,139,1,0
48909,1,walk,14,51,-4,42,98,58,997,122,1,0
48934,1,walk,32,41,-4,16,54,63,997,85,1,0
48960,1,walk,46,27,-3,-31,5,78,997,84,1,0
48986,1,walk,52,13,-1,-76,-42,87,997,123,1,0
49012,1,walk,53,-1,0,-100,-80,86,998,154,1,0
49038,1,walk,59,-9,0,-94,-117,76,998,169,1,0
49064,1,walk,84,-11,-3,-68,-175,60,997,197,1,0
49090,1,walk,106,-20,-7,-46,-233,34,997,240,1,0
49116,1,walk,112,-31,-7,-27,-269,-4,997,270,1,0
49142,1,walk,104,-42,-5,-6,-270,-46,997,274,1,0
49168,1,walk,96,-49,-3,2,-262,-95,997,279,1,0
49194,1,walk,100,-48,-4,-24,-283,-140,997,316,1,0
49221,1,walk,94,-43,-3,-77,-306,-162,998,354,1,0
49248,1,walk,68,-35,-1,-127,-306,-163,997,369,1,0
49275,1,walk,27,-25,1,-153,-280,-158,995,356,1,0
49302,1,walk,-29,-26,1,-140,-217,-165,991,307,1,0
49329,1,walk,-85,-40,-1,-81,-150,-177,988,246,1,0
49355,1,walk,-114,-57,0,40,-101,-191,988,220,1,0
49381,1,walk,-99,-65,3,202,-70,-202,991,294,1,0
49407,1,walk,-51,-53,2,353,-35,-204,989,410,1,0
49433,1,walk,4,-24,-5,441,-6,-198,986,484,1,0
49467,1,walk,48,9,-13,418,17,-188,985,459,1,0
49493,1,walk,53,23,-11,313,53,-176,988,363,1,0
49519,1,walk,29,16,-6,180,100,-158,990,260,1,0
49545,1,walk,-2,-3,-1,79,165,-131,991,225,1,0
49571,1,walk,-19,-22,3,36,213,-96,992,236,1,0
49597,1,walk,-19,-32,5,44,233,-60,993,245,1,0
49623,1,walk,1,-32,5,71,230,-31,994,243,1,0
49649,1,walk,7,-26,5,98,243,-2,995,262,1,0
49675,1,walk,5,-13,5,115,261,39,996,288,1,0
49701,1,walk,6,2,4,92,278,103,996,311,1,0
49727,1,walk,0,15,3,30,281,197,996,345,1,0
49753,1,walk,-11,14,4,-59,281,326,997,434,1,0
49779,1,walk,-45,14,3,-136,353,462,995,597,1,0
49805,1,walk,-84,26,0,-177,379,543,993,686,1,0
49831,1,walk,-114,47,-5,-193,360,533,993,671,1,0
49857,1,walk,-128,57,-7,-203,290,463,993,583,1,0
49883,1,walk,-126,48,-4,-177,206,396,995,480,1,0
49909,1,walk,-114,36,-2,-102,130,362,995,398,1,0
49935,1,walk,-91,34,0,-8,77,345,995,353,1,0
49961,1,walk,-72,43,0,63,58,322,996,333,1,0
49987,1,walk,-66,54,-1,92,37,285,996,302,1,0
50013,1,walk,-50,56,-1,87,-17,249,996,264,1,0
50039,1,walk,-22,45,-1,55,-86,226,996,248,1,0
50065,1,walk,3,27,0,14,-136,219,995,258,1,0
50091,1,walk,20,11,1,-14,-169,219,996,278,1,0
50117,1,walk,44,1,0,-26,-213,212,995,302,1,0
50143,1,walk,65,-7,-1,-29,-250,194,995,318,1,0
50169,1,walk,88,-14,-3,-29,-287,162,996,331,1,0
50195,1,walk,103,-21,-5,-29,-317,105,996,335,1,0
50221,1,walk,106,-39,-4,-25,-313,42,996,317,1,0
50247,1,walk,91,-40,-2,4,-272,-22,996,273,1,0
50273,1,walk,78,-33,0,-55,-211,-100,997,240,1,0
50299,1,walk,68,-39,2,-146,-202,-167,997,300,1,0
50326,1,walk,39,-46,4,-198,-126,-206,996,312,1,0
50352,1,walk,-6,-44,5,-190,-61,-243,993,315,1,0
50378,1,walk,-48,-36,4,-158,-11,-304,992,343,1,0
50404,1,walk,-86,-32,3,-128,32,-384,991,406,1,0
50430,1,walk,-108,-33,3,-86,60,-454,992,466,1,0
50456,1,walk,-103,-43,5,-16,71,-475,994,481,1,0
50482,1,walk,-67,-36,5,85,66,-446,993,459,1,0
50508,1,walk,-23,-14,1,175,72,-421,991,462,1,0
50534,1,walk,-11,9,0,237,91,-419,992,490,1,0
50560,1,walk,-17,23,0,268,111,-429,994,517,1,0
50586,1,walk,-28,23,2,266,123,-426,995,517,1,0
50612,1,walk,-41,17,3,253,131,-392,996,484,1,0
50638,1,walk,-48,9,5,252,131,-332,996,437,1,0
50664,1,walk,-28,4,5,263,96,-258,997,381,1,0
50690,1,walk,-3,1,4,269,44,-185,996,330,1,0
50716,1,walk,7,-3,4,255,0,-122,997,283,1,0
50742,1,walk,4,-3,5,222,-19,-71,997,234,1,0
50768,1,walk,7,-1,5,184,-52,-25,998,193,1,0
50794,1,walk,26,4,3,167,-99,42,998,199,1,0
50820,1,walk,37,11,2,152,-128,114,998,229,1,0
50846,1,walk,36,15,1,120,-102,198,998,253,1,0
50872,1,walk,4,34,-1,87,3,262,996,276,1,0
50898,1,walk,-38,68,-9,42,95,283,992,301,1,0
50924,1,walk,-73,95,-16,-11,127,268,990,296,1,0
50950,1,walk,-80,96,-14,-60,91,252,992,275,1,0
50976,1,walk,-69,91,-11,-60,65,256,994,271,1,0
51002,1,walk,-53,94,-11,-14,79,250,994,263,1,0
51028,1,walk,-31,96,-11,25,129,213,995,250,1,0
51054,1,walk,-13,91,-10,33,207,158,995,262,1,0
51080,1,walk,-10,76,-7,15,269,102,996,288,1,0
51106,1,walk,-14,58,-3,-8,290,55,996,295,1,0
51140,1,walk,5,35,-1,-35,242,18,996,246,1,0
51166,1,walk,24,18,0,-58,172,-24,996,183,1,0
51192,1,walk,31,10,1,-68,86,-75,996,133,1,0
51218,1,walk,42,10,1,-70,-14,-123,997,142,1,0
51244,1,walk,68,10,-2,-94,-122,-165,997,226,1,0
51271,1,walk,94,8,-6,-157,-223,-211,996,345,1,0
51298,1,walk,98,-4,-5,-229,-280,-258,997,445,1,0
51325,1,walk,81,-19,-1,-262,-281,-293,996,483,1,0
51352,1,walk,61,-23,1,-240,-275,-326,996,489,1,0
51378,1,walk,60,-25,2,-228,-288,-374,997,524,1,0
51405,1,walk,46,-28,4,-227,-265,-414,997,541,1,0
51431,1,walk,16,-26,5,-227,-211,-442,996,540,1,0
51457,1,walk,-27,-25,5,-232,-126,-451,994,523,1,0
51484,1,walk,-72,-25,3,-223,-47,-449,992,503,1,0
51511,1,walk,-106,-28,1,-175,-6,-428,992,463,1,0
51537,1,walk,-121,-32,2,-93,25,-390,993,402,1,0
51563,1,walk,-112,-33,4,-11,59,-341,994,346,1,0
51589,1,walk,-83,-25,5,37,97,-299,994,316,1,0
51615,1,walk,-47,-10,3,50,118,-276,993,304,1,0
51641,1,walk,-17,-5,3,38,96,-255,994,275,1,0
51667,1,walk,-1,-13,4,19,49,-225,995,231,1,0
51693,1,walk,5,-26,6,6,0,-183,996,183,1,0
51719,1,walk,9,-43,7,-2,-45,-136,996,143,1,0
51745,1,walk,4,-56,8,4,-66,-92,996,113,1,0
51770,1,walk,9,-59,8,13,-89,-50,997,103,1,0
51796,1,walk,24,-58,8,7,-123,-19,997,124,1,0
51822,1,walk,41,-61,6,-16,-161,10,997,162,1,0
51848,1,walk,47,-63,6,-31,-177,50,997,186,1,0
51874,1,walk,37,-62,7,-34,-178,108,998,210,1,0
51900,1,walk,25,-59,8,-44,-178,177,998,255,1,0
51926,1,walk,27,-56,7,-50,-165,265,998,316,1,0
51952,1,walk,21,-39,7,-40,-71,342,998,352,1,0
51978,1,walk,2,-8,4,-33,14,347,996,349,1,0
52004,1,walk,-19,23,0,-22,45,308,995,312,1,0
52030,1,walk,-35,39,-2,-24,23,275,995,277,1,0
52056,1,walk,-45,43,-2,-10,-18,290,995,291,1,0
52082,1,walk,-39,56,-3,36,-47,328,996,333,1,0
52108,1,walk,-13,68,-6,64,-44,332,995,341,1,0
52134,1,walk,19,69,-8,47,1,299,995,303,1,0
52160,1,walk,38,61,-8,13,68,256,995,265,1,0
52186,1,walk,47,47,-6,-14,104,222,996,246,1,0
52212,1,walk,58,31,-4,-34,105,199,996,228,1,0
52238,1,walk,75,16,-4,-48,86,176,997,202,1,0
52264,1,walk,84,10,-4,-54,66,143,997,167,1,0
52290,1,walk,91,7,-5,-51,42,108,997,127,1,0
52316,1,walk,101,9,-7,-55,10,78,998,96,1,0
52342,1,walk,121,9,-11,-80,-37,49,997,100,1,0
52368,1,walk,139,1,-14,-137,-82,22,997,161,1,0
52394,1,walk,145,-14,-14,-195,-112,-11,997,225,1,0
52421,1,walk,133,-32,-11,-219,-113,-52,997,252,1,0
52448,1,walk,110,-42,-6,-195,-107,-97,996,243,1,0
52475,1,walk,96,-51,-4,-168,-139,-154,996,267,1,0
52502,1,walk,76,-58,0,-143,-135,-196,996,278,1,0
52528,1,walk,27,-60,3,-109,-78,-229,993,266,1,0
52554,1,walk,-27,-56,3,-69,-11,-252,990,262,1,0
52580,1,walk,-73,-54,2,-37,34,-281,989,285,1,0
52606,1,walk,-104,-62,3,-7,37,-302,989,304,1,0
52632,1,walk,-126,-77,3,18,38,-296,990,299,1,0
52658,1,walk,-131,-86,4,44,51,-268,992,277,1,0
52684,1,walk,-100,-74,6,63,69,-234,993,252,1,0
52710,1,walk,-58,-52,5,60,89,-219,991,244,1,0
52736,1,walk,-29,-37,4,39,94,-218,991,241,1,0
52762,1,walk,-15,-35,5,18,83,-210,993,227,1,0
52788,1,walk,-11,-42,6,17,65,-187,994,199,1,0
52822,1,walk,-10,-49,7,34,46,-145,995,156,1,0
52848,1,walk,-5,-54,8,56,23,-100,996,117,1,0
52874,1,walk,3,-58,8,75,-3,-59,997,96,1,0
52899,1,walk,18,-61,7,90,-33,-18,997,98,1,0
52925,1,walk,34,-60,6,97,-60,25,997,117,1,0
52951,1,walk,39,-56,5,106,-79,68,997,148,1,0
52977,1,walk,37,-53,6,113,-96,110,998,184,1,0
53003,1,walk,26,-53,7,119,-104,154,998,220,1,0
53029,1,walk,16,-51,8,115,-128,223,998,281,1,0
53055,1,walk,24,-43,6,104,-146,335,998,380,1,0
53081,1,walk,23,-23,5,87,-95,440,998,458,1,0
53107,1,walk,7,-1,4,47,-37,501,997,505,1,0
53133,1,walk,-20,15,3,2,16,508,996,508,1,0
53159,1,walk,-43,25,3,-32,53,473,996,477,1,0
53185,1,walk,-48,25,3,-24,61,443,996,448,1,0
53211,1,walk,-43,33,3,34,71,433,997,440,1,0
53237,1,walk,-21,45,0,88,89,419,996,437,1,0
53263,1,walk,7,52,-2,92,141,383,996,418,1,0
53289,1,walk,25,51,-3,54,209,332,996,396,1,0
53315,1,walk,33,41,-3,4,246,287,996,378,1,0
53341,1,walk,37,27,-1,-26,235,255,997,348,1,0
53367,1,walk,44,12,0,-34,190,227,997,298,1,0
53393,1,walk,54,2,-1,-33,130,193,997,235,1,0
53419,1,walk,57,-4,0,-33,85,156,997,181,1,0
53445,1,walk,60,-3,0,-35,41,119,998,130,1,0
53471,1,walk,85,-1,-5,-51,-34,89,997,108,1,0
53497,1,walk,109,3,-10,-79,-99,66,997,143,1,0
53523,1,walk,115,0,-11,-123,-139,38,997,190,1,0
53549,1,walk,100,-11,-7,-169,-129,10,997,213,1,0
53575,1,walk,73,-22,-3,-200,-90,-16,996,220,1,0
53601,1,walk,47,-30,0,-221,-66,-56,996,237,1,0
53627,1,walk,19,-36,3,-205,-36,-92,995,228,1,0
53653,1,walk,-14,-40,5,-154,46,-115,995,198,1,0
53679,1,walk,-58,-36,4,-116,155,-132,992,235,1,0
53705,1,walk,-84,-30,5,-91,218,-154,993,283,1,0
53731,1,walk,-98,-35,5,-52,254,-179,994,315,1,0
53757,1,walk,-118,-44,5,17,287,-194,994,347,1,0
53783,1,walk,-135,-47,4,92,308,-201,995,379,1,0
53809,1,walk,-128,-41,5,152,310,-207,996,402,1,0
53835,1,walk,-105,-28,6,187,300,-217,996,414,1,0
53861,1,walk,-84,-14,6,193,260,-228,996,396,1,0
53887,1,walk,-73,-8,6,182,186,-231,996,348,1,0
53913,1,walk,-64,-8,6,164,94,-219,997,289,1,0
53939,1,walk,-58,-14,7,134,8,-196,997,237,1,0
53965,1,walk,-49,-26,8,99,-73,-167,997,207,1,0
53991,1,walk,-45,-40,8,66,-141,-131,998,204,1,0
54017,1,walk,-37,-42,9,47,-212,-96,998,237,1,0
54043,1,walk,-23,-40,8,27,-277,-68,998,286,1,0
54069,1,walk,-13,-34,8,11,-324,-27,998,325,1,0
54095,1,walk,0,-22,6,0,-363,20,998,363,1,0
54121,1,walk,-3,-8,6,-2,-373,69,998,379,1,0
54147,1,walk,3,-1,5,-15,-399,136,998,422,1,0
54173,1,walk,17,-3,4,-47,-388,243,998,460,1,0
54199,1,walk,4,7,4,-93,-284,369,998,475,1,0
54225,1,walk,-2,31,1,-123,-200,424,997,485,1,0
54251,1,walk,0,53,-2,-126,-157,382,996,432,1,0
54277,1,walk,13,56,-3,-107,-144,310,997,358,1,0
54303,1,walk,19,50,-2,-42,-113,254,997,281,1,0
54329,1,walk,17,44,-1,29,-53,216,997,224,1,0
54355,1,walk,25,38,-1,59,41,190,998,203,1,0
54381,1,walk,38,34,-1,43,159,163,998,232,1,0
54407,1,walk,48,34,-2,2,258,139,998,293,1,0
54433,1,walk,54,31,-3,-27,295,114,998,318,1,0
54459,1,walk,60,25,-3,-19,286,87,998,299,1,0
54492,1,walk,60,23,-3,5,251,38,998,254,1,0
54518,1,walk,62,17,-3,7,191,-18,998,192,1,0
54544,1,walk,70,15,-3,1,108,-60,998,124,1,0
54570,1,walk,83,14,-5,-15,24,-94,998,99,1,0
54596,1,walk,94,7,-7,-50,-77,-123,998,153,1,0
54622,1,walk,92,0,-6,-76,-176,-146,998,241,1,0
54648,1,walk,78,-5,-4,-84,-257,-167,998,317,1,0
54674,1,walk,68,-11,-2,-90,-339,-196,998,402,1,0
54701,1,walk,77,-19,-3,-107,-439,-248,998,516,1,0
54728,1,walk,62,-30,-1,-104,-466,-292,997,560,1,0
54754,1,walk,26,-27,1,-56,-382,-325,996,505,1,0
54780,1,walk,-22,-15,1,0,-258,-360,993,443,1,0
54806,1,walk,-60,-17,2,38,-138,-387,992,412,1,0
54832,1,walk,-88,-28,2,67,-7,-380,992,386,1,0
54858,1,walk,-104,-32,3,89,118,-345,993,375,1,0
54884,1,walk,-84,-19,3,102,197,-310,994,381,1,0
54910,1,walk,-41,3,0,113,221,-293,992,384,1,0
54936,1,walk,1,24,-5,119,196,-289,990,369,1,0
54962,1,walk,21,33,-6,119,147,-285,992,342,1,0
54988,1,walk,20,28,-3,114,97,-266,994,305,1,0
55014,1,walk,15,17,-1,108,64,-227,995,259,1,0
55040,1,walk,9,5,1,105,59,-179,996,216,1,0
55065,1,walk,0,-8,3,99,64,-127,996,174,1,0
55090,1,walk,8,-17,4,86,54,-80,997,130,1,0
55115,1,walk,21,-23,3,68,31,-46,997,88,1,0
55141,1,walk,24,-31,3,48,4,-11,997,49,1,0
55166,1,walk,22,-38,4,38,-30,40,998,62,1,0
55191,1,walk,17,-31,5,51,-71,105,998,136,1,0
55217,1,walk,26,-11,2,64,-141,158,997,222,1,0
55243,1,walk,30,-1,1,27,-231,220,998,320,1,0
55269,1,walk,32,4,1,-14,-267,328,998,423,1,0
55295,1,walk,12,23,0,-1,-236,448,997,506,1,0
55321,1,walk,-18,50,-3,19,-203,503,995,543,1,0
55347,1,walk,-41,70,-5,29,-157,472,994,498,1,0
55373,1,walk,-39,70,-4,31,-95,398,995,411,1,0
55399,1,walk,-31,59,-3,55,0,330,996,335,1,0
55425,1,walk,-11,50,-2,91,77,291,996,314,1,0
55451,1,walk,17,49,-5,101,149,271,995,325,1,0
55477,1,walk,32,52,-6,66,212,251,996,335,1,0
55503,1,walk,33,49,-5,6,222,220,997,313,1,0
55529,1,walk,44,37,-5,-46,181,177,997,257,1,0
55555,1,walk,51,16,-4,-82,132,127,997,201,1,0
55581,1,walk,54,-5,-2,-87,85,77,997,144,1,0
55607,1,walk,59,-16,-2,-47,30,29,997,63,1,0
55633,1,walk,81,-16,-5,17,-41,-14,997,47,1,0
55659,1,walk,106,-9,-11,77,-111,-47,997,143,1,0
55685,1,walk,114,-4,-12,104,-168,-72,997,211,1,0
55711,1,walk,117,1,-13,107,-212,-108,997,261,1,0
55737,1,walk,108,1,-11,92,-213,-156,998,279,1,0
55763,1,walk,99,4,-10,64,-209,-198,998,295,1,0
55789,1,walk,116,13,-15,-2,-247,-228,997,336,1,0
55816,1,walk,102,13,-12,-110,-249,-225,997,353,1,0
55843,1,walk,51,10,-7,-215,-194,-195,994,350,1,0
55869,1,walk,-18,9,-5,-285,-108,-184,988,356,1,0
55896,1,walk,-73,5,-4,-308,-12,-218,986,377,1,0
55922,1,walk,-104,-12,-2,-277,57,-282,987,400,1,0
55949,1,walk,-96,-34,2,-178,78,-333,989,385,1,0
55975,1,walk,-60,-43,3,-28,98,-345,990,360,1,0
56001,1,walk,-24,-30,1,116,134,-327,990,372,1,0
56027,1,walk,-6,-3,-1,203,174,-304,991,405,1,0
56053,1,walk,-6,19,-2,211,198,-291,992,410,1,0
56079,1,walk,-17,24,0,154,201,-280,994,377,1,0
56105,1,walk,-26,13,2,74,181,-262,994,327,1,0
56131,1,walk,-25,-3,4,12,151,-240,995,283,1,0
56165,1,walk,-4,-16,4,1,105,-211,995,236,1,0
56191,1,walk,21,-22,2,23,54,-176,995,185,1,0
56217,1,walk,39,-22,0,55,11,-135,996,146,1,0
56243,1,walk,39,-17,1,94,-17,-92,997,133,1,0
56269,1,walk,25,-9,2,134,-35,-43,997,145,1,0
56295,1,walk,23,2,2,158,-75,24,997,176,1,0
56321,1,walk,30,8,1,142,-122,128,997,227,1,0
56347,1,walk,23,15,1,87,-110,272,998,306,1,0
56373,1,walk,-7,32,0,10,-52,398,996,401,1,0
56399,1,walk,-38,59,-3,-64,7,444,994,449,1,0
56425,1,walk,-62,68,-4,-140,61,412,994,440,1,0
56451,1,walk,-71,59,-1,-175,106,353,995,408,1,0
56477,1,walk,-61,47,1,-141,119,303,996,354,1,0
56503,1,walk,-33,37,0,-72,116,275,995,307,1,0
56529,1,walk,-14,33,0,-6,135,257,996,291,1,0
56555,1,walk,-12,33,1,37,158,234,997,285,1,0
56581,1,walk,-7,34,1,56,150,195,998,252,1,0
56607,1,walk,8,30,0,57,115,145,997,194,1,0
56633,1,walk,22,21,0,52,83,94,998,136,1,0
56659,1,walk,29,15,0,56,57,51,998,95,1,0
56684,1,walk,37,18,-1,69,23,17,998,75,1,0
56710,1,walk,61,25,-6,76,-28,-9,997,82,1,0
56736,1,walk,82,31,-10,64,-75,-28,997,103,1,0
56762,1,walk,86,23,-10,33,-123,-44,998,134,1,0
56788,1,walk,77,8,-7,1,-158,-67,998,172,1,0
56814,1,walk,65,-3,-4,-11,-173,-108,997,204,1,0
56840,1,walk,64,1,-4,1,-221,-175,998,282,1,0
56866,1,walk,64,2,-4,-8,-273,-250,998,370,1,0
56892,1,walk,42,0,-1,-22,-288,-286,998,407,1,0
56918,1,walk,14,0,1,-45,-257,-272,997,377,1,0
56944,1,walk,-18,5,3,-63,-213,-240,996,327,1,0
56970,1,walk,-52,-2,4,-65,-179,-226,994,296,1,0
56996,1,walk,-82,-28,5,-41,-143,-232,993,275,1,0
57022,1,walk,-96,-57,6,34,-96,-234,993,255,1,0
57048,1,walk,-86,-73,8,136,-44,-218,994,261,1,0
57074,1,walk,-49,-64,7,233,3,-201,994,308,1,0
57100,1,walk,-15,-43,3,280,48,-196,993,345,1,0
57126,1,walk,11,-19,-1,261,77,-202,992,339,1,0
57152,1,walk,24,-7,-2,181,98,-206,994,291,1,0
57178,1,walk,21,-11,0,64,124,-201,995,244,1,0
57204,1,walk,8,-19,3,-38,159,-184,995,246,1,0
57230,1,walk,0,-30,5,-100,190,-157,996,266,1,0
57256,1,walk,8,-36,5,-117,185,-131,997,255,1,0
57282,1,walk,18,-35,4,-89,158,-111,997,213,1,0
57308,1,walk,21,-40,4,-35,119,-87,997,152,1,0
57334,1,walk,19,-41,5,28,81,-49,998,99,1,0
57360,1,walk,17,-33,5,82,52,-15,998,98,1,0
57386,1,walk,5,-16,4,105,18,19,997,108,1,0
57412,1,walk,4,4,2,75,-54,75,997,119,1,0
57438,1,walk,14,20,0,-21,-66,161,997,176,1,0
57464,1,walk,-14,36,-1,-129,-29,258,995,290,1,0
57490,1,walk,-48,53,-2,-198,-1,309,994,368,1,0
57516,1,walk,-75,63,-4,-229,26,291,994,371,1,0
57542,1,walk,-94,55,-2,-225,59,224,995,323,1,0
57568,1,walk,-90,39,1,-151,90,157,995,236,1,0
57594,1,walk,-62,31,1,-33,120,113,995,169,1,0
57620,1,walk,-22,34,-2,56,161,87,994,192,1,0
57646,1,walk,2,44,-4,73,211,62,994,232,1,0
57672,1,walk,6,52,-5,27,229,26,995,232,1,0
57698,1,walk,3,43,-3,-56,212,-20,996,220,1,0
57724,1,walk,3,21,0,-145,188,-62,996,245,1,0
57750,1,walk,2,1,2,-208,159,-96,996,279,1,0
57776,1,walk,17,-10,1,-227,100,-124,996,277,1,0
57802,1,walk,43,-11,-2,-206,16,-157,996,260,1,0
57836,1,walk,68,-13,-5,-152,-94,-209,995,275,1,0
57862,1,walk,74,-24,-5,-85,-180,-265,996,331,1,0
57888,1,walk,66,-32,-2,-3,-241,-307,997,391,1,0
57914,1,walk,62,-27,-2,72,-279,-331,997,439,1,0
57940,1,walk,52,-15,-1,90,-297,-343,997,463,1,0
57966,1,walk,28,-3,0,53,-251,-343,997,428,1,0
57992,1,walk,-12,10,1,-33,-130,-335,994,360,1,0
58018,1,walk,-50,21,0,-132,-22,-324,993,350,1,0
58044,1,walk,-79,19,1,-213,70,-319,993,390,1,0
58070,1,walk,-106,-3,2,-248,131,-312,992,420,1,0
58097,1,walk,-115,-32,4,-192,163,-287,993,382,1,0
58124,1,walk,-93,-44,6,-58,180,-252,994,315,1,0
58150,1,walk,-65,-35,6,100,196,-224,994,314,1,0
58176,1,walk,-42,-19,4,221,195,-205,994,359,1,0
58202,1,walk,-31,-8,4,269,179,-182,995,371,1,0
58228,1,walk,-32,-5,5,250,156,-150,996,331,1,0
58254,1,walk,-39,-11,6,189,137,-109,997,257,1,0
58280,1,walk,-52,-23,7,117,132,-63,997,188,1,0
58306,1,walk,-50,-32,8,64,128,-17,997,144,1,0
58332,1,walk,-39,-37,8,30,101,15,998,107,1,0
58358,1,walk,-24,-42,8,10,49,29,998,57,1,0
58384,1,walk,-21,-49,8,4,10,43,998,44,1,0
58409,1,walk,-20,-54,9,4,-17,69,998,71,1,0
58434,1,walk,-17,-51,8,11,-29,103,998,107,1,0
58460,1,walk,-13,-42,7,7,-26,145,998,147,1,0
58486,1,walk,-5,-25,6,-1,39,185,998,190,1,0
58512,1,walk,-27,0,4,-20,131,207,996,245,1,0
58538,1,walk,-56,29,0,-46,206,209,994,297,1,0
58564,1,walk,-86,56,-5,-92,256,194,993,334,1,0
58590,1,walk,-112,73,-9,-142,254,160,992,332,1,0
58616,1,walk,-110,79,-8,-150,233,119,994,301,1,0
58642,1,walk,-90,82,-8,-106,223,85,994,261,1,0
58668,1,walk,-60,83,-8,-52,217,63,994,231,1,0
58694,1,walk,-35,80,-7,-15,231,57,995,238,1,0
58720,1,walk,-34,77,-6,-2,238,71,996,249,1,0
58746,1,walk,-31,73,-4,-12,204,84,997,221,1,0
58772,1,walk,-29,61,-2,-48,151,87,997,181,1,0
58798,1,walk,-21,39,1,-93,85,81,997,150,1,0
58824,1,walk,-10,15,2,-122,24,71,997,143,1,0
58850,1,walk,12,-1,2,-120,-39,60,996,140,1,0
58876,1,walk,48,-8,-2,-96,-107,39,995,149,1,0
58902,1,walk,68,-13,-3,-72,-169,-7,995,183,1,0
58928,1,walk,69,-22,-2,-46,-215,-67,996,230,1,0
58954,1,walk,58,-29,0,-23,-229,-125,997,262,1,0
58980,1,walk,41,-30,2,-16,-240,-180,997,301,1,0
59006,1,walk,22,-29,4,-40,-253,-237,997,349,1,0
59032,1,walk,-2,-25,5,-60,-223,-287,996,369,1,0
59058,1,walk,-37,-16,4,-72,-140,-319,995,356,1,0
59084,1,walk,-63,-5,3,-84,-112,-335,995,364,1,0
59110,1,walk,-78,-4,4,-93,-116,-347,995,378,1,0
59136,1,walk,-101,-22,3,-76,-112,-352,995,377,1,0
59163,1,walk,-120,-44,3,18,-81,-334,994,344,1,0
59189,1,walk,-110,-54,5,151,-41,-305,995,343,1,0
59215,1,walk,-79,-47,6,263,21,-284,995,388,1,0
59241,1,walk,-50,-31,5,310,86,-278,994,425,1,0
59267,1,walk,-30,-16,3,279,136,-282,994,420,1,0
59293,1,walk,-17,-8,3,185,168,-285,995,379,1,0
59319,1,walk,-16,-11,4,60,197,-277,996,345,1,0
59345,1,walk,-27,-24,5,-55,212,-262,996,342,1,0
59371,1,walk,-34,-34,7,-127,205,-244,997,343,1,0
59398,1,walk,-24,-42,7,-156,155,-227,997,316,1,0
59424,1,walk,-18,-49,8,-154,80,-207,998,270,1,0
59450,1,walk,-20,-53,8,-129,18,-178,998,220,1,0
59476,1,walk,-28,-50,8,-92,-14,-139,998,167,1,0
59510,1,walk,-18,-38,7,-52,-48,-95,998,118,1,0
59536,1,walk,-12,-29,7,-40,-83,-33,998,98,1,0
59562,1,walk,-2,-19,6,-32,-109,64,998,131,1,0
59588,1,walk,-19,-5,5,-30,-100,174,997,203,1,0
59614,1,walk,-46,10,3,-22,-89,254,996,270,1,0
59640,1,walk,-81,19,-1,-10,-71,271,995,281,1,0
59666,1,walk,-100,21,-2,12,-52,237,995,243,1,0
59692,1,walk,-88,27,-1,66,-27,176,996,190,1,0
59718,1,walk,-65,34,-1,131,-1,118,995,176,1,0
59744,1,walk,-35,40,-2,167,19,83,995,187,1,0
59770,1,walk,-15,46,-2,159,49,73,995,181,1,0
59796,1,walk,-8,50,-2,117,63,72,996,151,1,0
59822,1,walk,4,48,-2,63,44,66,997,102,1,0
59848,1,walk,15,39,-1,16,19,52,997,57,1,0
59873,1,walk,24,27,-1,-7,0,31,997,32,1,0
59898,1,walk,37,23,-1,2,-13,8,997,16,1,0
59923,1,walk,54,21,-2,23,-28,-17,997,40,1,0
59949,1,walk,65,19,-3,44,-39,-41,998,72,1,0
59975,1,walk,80,21,-5,55,-65,-62,997,106,1,0
60001,1,walk,94,18,-7,32,-98,-81,997,131,1,0
60027,1,walk,97,8,-6,-16,-121,-99,997,157,1,0
60053,1,walk,88,-7,-4,-56,-126,-120,998,183,1,0
60079,1,walk,87,-17,-3,-74,-125,-140,998,202,1,0
60106,1,walk,79,-23,-1,-92,-113,-158,998,214,1,0
60132,1,walk,67,-22,0,-108,-118,-168,998,233,1,0
60158,1,walk,45,-18,2,-140,-90,-179,997,244,1,0
60184,1,walk,13,-18,3,-173,-53,-194,996,265,1,0
60210,1,walk,-31,-21,3,-176,-18,-221,994,283,1,0
60236,1,walk,-74,-33,1,-144,12,-252,992,291,1,0
60262,1,walk,-107,-48,0,-79,33,-275,991,288,1,0
60288,1,walk,-126,-58,0,13,37,-280,993,283,1,0
60314,1,walk,-111,-55,2,109,12,-276,994,297,1,0
60340,1,walk,-70,-38,2,170,-9,-274,993,323,1,0
60366,1,walk,-31,-18,1,173,-24,-277,992,327,1,0
60392,1,walk,0,-2,-1,124,-34,-273,992,302,1,0
60418,1,walk,12,3,-1,41,-26,-251,993,256,1,0
60444,1,walk,11,-4,1,-52,-21,-208,995,216,1,0
60470,1,walk,8,-17,3,-125,-21,-158,996,202,1,0
60496,1,walk,11,-30,5,-155,-27,-108,996,191,1,0
60522,1,walk,28,-39,4,-136,-57,-60,997,159,1,0
60548,1,walk,43,-46,3,-85,-97,-12,997,129,1,0
60574,1,walk,54,-51,3,-20,-129,38,997,136,1,0
60600,1,walk,51,-50,3,52,-142,98,998,180,1,0
60626,1,walk,43,-38,3,115,-154,156,998,248,1,0
60652,1,walk,35,-23,3,143,-178,216,998,314,1,0
60678,1,walk,41,-16,3,126,-190,280,998,361,1,0
60704,1,walk,25,-3,2,96,-101,342,997,369,1,0
60730,1,walk,1,24,0,81,-36,366,996,377,1,0
60756,1,walk,-21,58,-5,79,8,338,994,347,1,0
60782,1,walk,-41,76,-7,63,21,295,994,303,1,0
60808,1,walk,-45,79,-7,64,14,272,995,280,1,0
60834,1,walk,-30,83,-7,108,14,274,995,295,1,0
60860,1,walk,2,90,-10,160,25,281,995,324,1,0
60886,1,walk,31,97,-14,180,67,278,994,338,1,0
60912,1,walk,49,100,-15,153,112,270,995,330,1,0
60938,1,walk,51,91,-13,95,137,259,996,308,1,0
60964,1,walk,57,73,-10,31,133,248,996,283,1,0
60990,1,walk,68,52,-9,-23,112,244,996,269,1,0
61016,1,walk,81,36,-9,-52,73,243,996,259,1,0
61042,1,walk,85,27,-8,-51,40,238,997,247,1,0
61068,1,walk,95,25,-8,-29,-12,226,997,228,1,0
61094,1,walk,113,22,-11,-16,-72,208,997,220,1,0
61120,1,walk,122,14,-12,-19,-126,187,997,226,1,0
61146,1,walk,118,1,-10,-26,-171,167,997,241,1,0
61180,1,walk,109,-7,-8,-23,-183,144,998,234,1,0
61206,1,walk,109,-8,-8,-28,-198,102,998,225,1,0
61232,1,walk,113,-12,-9,-66,-237,58,998,252,1,0
61258,1,walk,92,-17,-5,-106,-230,43,997,257,1,0
61284,1,walk,52,-18,-1,-128,-174,48,995,221,1,0
61310,1,walk,-13,-13,-1,-135,-86,36,990,164,1,0
61336,1,walk,-73,-7,-3,-127,-10,-16,986,128,1,0
61363,1,walk,-106,-12,-2,-114,37,-90,987,150,1,0
61389,1,walk,-110,-28,1,-67,60,-149,990,174,1,0
61415,1,walk,-87,-37,4,35,79,-168,991,189,1,0
61441,1,walk,-46,-27,3,151,92,-166,991,243,1,0
61467,1,walk,-9,-7,0,232,110,-166,991,305,1,0
61493,1,walk,-4,1,1,245,139,-164,992,326,1,0
61519,1,walk,-14,0,3,209,158,-153,994,304,1,0
61545,1,walk,-25,-5,4,152,184,-134,995,274,1,0
61571,1,walk,-33,-10,6,101,210,-115,995,260,1,0
61597,1,walk,-28,-16,7,69,208,-97,996,240,1,0
61623,1,walk,-12,-19,6,52,170,-78,997,194,1,0
61649,1,walk,-2,-18,6,44,117,-54,997,136,1,0
61675,1,walk,-8,-13,6,47,64,-23,997,83,1,0
61700,1,walk,-12,-7,6,55,6,29,998,63,1,0
61725,1,walk,0,0,5,54,-65,110,998,139,1,0
61751,1,walk,11,5,4,34,-147,219,998,266,1,0
61777,1,walk,17,6,4,14,-176,336,998,379,1,0
61803,1,walk,3,19,3,24,-97,417,998,428,1,0
61829,1,walk,-21,48,-2,59,-9,419,996,424,1,0
61855,1,walk,-40,83,-9,85,66,360,994,375,1,0
61881,1,walk,-54,105,-12,80,89,287,994,311,1,0
61907,1,walk,-54,108,-12,66,92,237,995,263,1,0
61933,1,walk,-43,105,-11,67,93,218,996,246,1,0
61959,1,walk,-22,101,-11,80,109,216,996,255,1,0
61985,1,walk,3,105,-13,94,133,216,996,271,1,0
62011,1,walk,24,110,-16,98,137,206,996,266,1,0
62037,1,walk,38,102,-15,91,104,186,996,231,1,0
62063,1,walk,47,84,-12,80,51,168,997,194,1,0
62089,1,walk,50,62,-9,79,10,155,997,174,1,0
62115,1,walk,57,50,-7,92,-20,137,997,166,1,0
62141,1,walk,78,45,-9,107,-47,102,997,155,1,0
62167,1,walk,100,37,-12,103,-58,50,997,128,1,0
62193,1,walk,104,34,-12,86,-38,-11,997,95,1,0
62219,1,walk,91,36,-10,66,-3,-75,997,101,1,0
62245,1,walk,70,32,-7,21,11,-138,997,140,1,0
62271,1,walk,51,33,-5,-50,21,-205,997,212,1,0
62297,1,walk,10,30,-2,-114,57,-255,995,285,1,0
62323,1,walk,-27,35,-1,-155,116,-276,994,337,1,0
62350,1,walk,-44,48,-2,-153,173,-274,995,358,1,0
62377,1,walk,-56,45,-1,-78,156,-259,996,312,1,0
62403,1,walk,-94,13,0,-32,138,-268,992,303,1,0
62429,1,walk,-121,-17,1,39,104,-285,991,305,1,0
62455,1,walk,-122,-29,4,132,69,-272,993,310,1,0
62481,1,walk,-126,-24,5,187,60,-241,995,311,1,0
62507,1,walk,-110,-5,4,198,54,-215,995,297,1,0
62533,1,walk,-81,10,3,169,43,-202,995,267,1,0
62559,1,walk,-61,9,4,114,35,-198,995,231,1,0
62585,1,walk,-54,-3,5,66,20,-187,996,200,1,0
62611,1,walk,-50,-13,7,51,7,-169,996,176,1,0
62637,1,walk,-41,-24,8,53,2,-149,997,158,1,0
62663,1,walk,-29,-28,9,60,-4,-135,997,148,1,0
62689,1,walk,-12,-24,8,64,-16,-122,997,139,1,0
62715,1,walk,-2,-19,7,58,-31,-97,998,118,1,0
62741,1,walk,2,-17,7,39,-57,-66,998,95,1,0
62767,1,walk,-3,-14,7,21,-86,-19,998,91,1,0
62793,1,walk,-3,-7,6,13,-134,52,998,145,1,0
62819,1,walk,-12,4,5,20,-143,129,998,194,1,0
62853,1,walk,-30,21,3,48,-51,194,997,206,1,0
62879,1,walk,-47,43,-2,35,61,201,996,213,1,0
62905,1,walk,-65,58,-4,-4,152,186,996,240,1,0
62931,1,walk,-73,64,-6,-42,189,178,996,263,1,0
62957,1,walk,-66,60,-4,-68,130,189,997,240,1,0
62983,1,walk,-56,64,-4,-54,70,204,997,222,1,0
63009,1,walk,-60,76,-7,-8,69,186,997,199,1,0
63035,1,walk,-66,83,-9,28,113,159,997,197,1,0
63061,1,walk,-52,79,-7,29,168,144,998,223,1,0
63087,1,walk,-31,68,-6,2,192,145,997,241,1,0
63113,1,walk,-10,59,-4,-19,163,152,997,224,1,0
63139,1,walk,21,58,-7,-11,84,153,996,175,1,0
63165,1,walk,39,55,-7,6,13,134,997,135,1,0
63191,1,walk,48,51,-7,7,-43,100,997,109,1,0
63217,1,walk,51,43,-5,1,-88,71,998,113,1,0
63243,1,walk,60,38,-5,4,-128,51,998,138,1,0
63269,1,walk,81,39,-8,-8,-179,23,998,181,1,0
63295,1,walk,93,37,-10,-30,-225,-20,998,228,1,0
63321,1,walk,92,29,-8,-46,-253,-60,998,264,1,0
63347,1,walk,86,22,-6,-49,-271,-88,998,289,1,0
63373,1,walk,82,14,-5,-67,-280,-104,998,306,1,0
63399,1,walk,68,10,-3,-83,-263,-110,998,297,1,0
63425,1,walk,41,1,0,-88,-212,-116,997,257,1,0
63451,1,walk,12,-11,3,-91,-139,-133,996,213,1,0
63477,1,walk,-19,-24,6,-88,-70,-167,995,201,1,0
63503,1,walk,-47,-40,7,-60,-42,-212,994,225,1,0
63529,1,walk,-71,-57,8,1,-46,-254,994,258,1,0
63555,1,walk,-93,-68,8,67,-54,-276,994,289,1,0
63581,1,walk,-97,-68,8,105,-44,-276,995,299,1,0
63607,1,walk,-81,-55,9,108,-30,-269,996,292,1,0
63633,1,walk,-54,-37,7,94,-21,-267,995,284,1,0
63659,1,walk,-25,-28,6,70,-24,-266,995,276,1,0
63685,1,walk,-3,-27,5,49,-31,-260,995,267,1,0
63711,1,walk,9,-28,5,38,-38,-245,996,251,1,0
63737,1,walk,17,-29,6,51,-47,-221,996,232,1,0
63763,1,walk,18,-26,5,80,-48,-189,997,211,1,0
63789,1,walk,26,-18,5,97,-49,-148,997,184,1,0
63815,1,walk,35,-18,4,84,-47,-96,998,136,1,0
63841,1,walk,44,-17,4,55,-42,-34,998,77,1,0
63867,1,walk,47,-10,2,20,-34,29,998,49,1,0
63893,1,walk,42,-5,2,-15,-35,86,998,94,1,0
63919,1,walk,32,-4,3,-40,-51,155,998,168,1,0
63945,1,walk,32,3,2,-54,-80,248,998,266,1,0
63971,1,walk,33,15,0,-79,-66,338,998,353,1,0
63997,1,walk,16,29,-2,-133,-21,404,997,426,1,0
64023,1,walk,-9,47,-4,-173,8,427,996,460,1,0
64049,1,walk,-25,55,-5,-167,19,412,996,445,1,0
64075,1,walk,-30,55,-4,-117,25,394,997,412,1,0
64101,1,walk,-29,54,-4,-28,50,375,997,379,1,0
64127,1,walk,-20,51,-4,48,104,351,997,369,1,0
64153,1,walk,-7,44,-3,70,184,324,997,379,1,0
64179,1,walk,4,36,-2,44,266,296,998,400,1,0
64205,1,walk,10,24,0,-2,303,271,998,407,1,0
64231,1,walk,15,8,2,-36,286,249,998,381,1,0
64257,1,walk,25,-8,3,-46,228,221,997,321,1,0
64283,1,walk,36,-17,3,-35,148,178,998,234,1,0
64309,1,walk,48,-21,2,-19,68,128,997,146,1,0
64335,1,walk,60,-22,1,-8,-23,76,998,80,1,0
64361,1,walk,67,-17,0,-3,-100,21,998,102,1,0
64387,1,walk,79,-11,-3,-16,-173,-33,998,177,1,0
64413,1,walk,92,-8,-6,-50,-254,-89,997,274,1,0
64439,1,walk,93,-13,-5,-83,-301,-146,998,345,1,0
64466,1,walk,83,-26,-2,-89,-312,-190,998,376,1,0
64493,1,walk,55,-28,1,-55,-261,-210,997,340,1,0
64527,1,walk,18,-19,2,-5,-138,-236,995,273,1,0
64553,1,walk,4,-14,3,24,-22,-284,996,286,1,0
64579,1,walk,-14,-25,5,12,72,-340,996,348,1,0
64605,1,walk,-43,-44,7,-27,98,-381,995,395,1,0
64631,1,walk,-63,-61,8,-46,66,-404,995,412,1,0
64657,1,walk,-88,-79,8,-32,32,-414,994,417,1,0
64683,1,walk,-102,-81,8,19,8,-407,995,407,1,0
64709,1,walk,-93,-64,8,80,-9,-397,995,405,1,0
64735,1,walk,-67,-40,6,102,-21,-404,995,417,1,0
64761,1,walk,-33,-27,4,70,-27,-422,994,429,1,0
64787,1,walk,-11,-30,4,8,-29,-428,994,429,1,0
64813,1,walk,-1,-38,5,-45,-26,-416,995,420,1,0
64839,1,walk,2,-43,6,-60,-28,-389,996,394,1,0
64865,1,walk,7,-40,6,-38,-34,-342,997,346,1,0
64891,1,walk,13,-32,6,-2,-42,-286,997,289,1,0
64917,1,walk,7,-23,6,14,-41,-229,998,233,1,0
64943,1,walk,1,-10,5,-11,-42,-161,998,166,1,0
64969,1,walk,2,-1,4,-62,-57,-67,998,108,1,0
64995,1,walk,3,6,3,-101,-76,48,998,136,1,0
65021,1,walk,1,10,3,-122,-111,175,998,240,1,0
65047,1,walk,10,18,1,-95,-123,328,998,362,1,0
65073,1,walk,9,24,0,-44,-33,465,998,468,1,0
65099,1,walk,-6,32,-1,-3,98,559,998,567,1,0
65125,1,walk,-17,43,-2,7,200,601,998,633,1,0
65151,1,walk,-25,55,-4,16,236,606,997,651,1,0
65177,1,walk,-27,73,-8,55,196,613,997,646,1,0
65203,1,walk,-23,86,-11,110,132,629,997,652,1,0
65229,1,walk,-13,88,-11,150,79,645,998,667,1,0
65255,1,walk,11,83,-12,155,63,649,997,670,1,0
65281,1,walk,37,77,-14,125,78,638,996,655,1,0
65307,1,walk,55,70,-14,66,97,621,996,632,1,0
65333,1,walk,61,61,-12,0,111,602,997,612,1,0
65359,1,walk,66,56,-12,-58,130,579,997,596,1,0
65385,1,walk,81,42,-12,-119,128,552,997,579,1,0
65411,1,walk,85,24,-9,-172,117,514,997,555,1,0
65437,1,walk,100,8,-10,-187,71,468,997,509,1,0
65463,1,walk,110,-15,-9,-178,-10,410,996,447,1,0
65489,1,walk,105,-38,-6,-155,-96,334,996,380,1,0
65515,1,walk,102,-56,-4,-105,-210,252,996,344,1,0
65541,1,walk,103,-63,-4,-37,-321,176,997,368,1,0
65567,1,walk,109,-63,-5,13,-421,113,997,436,1,0
65593,1,walk,102,-58,-4,31,-461,63,997,467,1,0
65619,1,walk,49,-43,-1,25,-328,23,993,330,1,0
65645,1,walk,16,-23,0,-13,-166,-20,992,168,1,0
65671,1,walk,-19,-6,0,-78,-18,-76,992,110,1,0
65697,1,walk,-57,2,0,-147,98,-130,991,219,1,0
65723,1,walk,-81,-14,3,-203,139,-167,992,297,1,0
65749,1,walk,-91,-40,6,-194,155,-169,993,300,1,0
65775,1,walk,-84,-52,8,-96,176,-149,994,250,1,0
65801,1,walk,-55,-51,8,32,185,-130,994,229,1,0
65827,1,walk,-31,-49,8,131,190,-115,994,258,1,0
65853,1,walk,-14,-50,8,180,190,-93,995,277,1,0
65879,1,walk,-11,-55,9,179,183,-64,996,264,1,0
65905,1,walk,-14,-66,10,150,185,-36,997,241,1,0
65931,1,walk,-28,-79,11,111,196,-10,996,226,1,0
65957,1,walk,-27,-86,11,76,186,10,997,201,1,0
65983,1,walk,-17,-87,11,53,147,13,998,157,1,0
66009,1,walk,-16,-83,11,55,86,2,998,102,1,0
66035,1,walk,-19,-79,11,90,24,0,998,94,1,0
66061,1,walk,-21,-70,11,151,-21,24,998,155,1,0
66087,1,walk,-14,-51,9,211,-79,71,998,236,1,0
66113,1,walk,0,-27,6,244,-152,136,997,317,1,0
66139,1,walk,15,-7,2,216,-223,247,996,396,1,0
66165,1,walk,5,14,1,128,-189,384,996,447,1,0
66199,1,walk,-41,45,-6,66,-121,425,992,447,1,0
66225,1,walk,-72,74,-12,52,-44,321,991,328,1,0
66251,1,walk,-81,80,-11,53,-5,153,993,162,1,0
66277,1,walk,-58,61,-7,76,17,12,993,79,1,0
66303,1,walk,-31,35,-4,102,51,-43,993,122,1,0
66329,1,walk,-2,25,-3,103,94,-41,993,145,1,0
66355,1,walk,23,33,-6,54,144,-37,993,158,1,0
66381,1,walk,29,40,-6,-44,161,-64,995,178,1,0
66407,1,walk,29,34,-4,-154,129,-118,995,233,1,0
66433,1,walk,34,15,-2,-241,80,-170,996,305,1,0
66459,1,walk,48,-9,-1,-292,20,-205,995,357,1,0
66485,1,walk,64,-16,-2,-293,-46,-228,995,374,1,0
66511,1,walk,91,-16,-6,-251,-133,-255,995,381,1,0
66538,1,walk,106,-23,-8,-193,-229,-282,996,412,1,0
66565,1,walk,115,-34,-9,-134,-304,-305,996,451,1,0
66591,1,walk,111,-41,-7,-86,-342,-335,997,486,1,0
66617,1,walk,113,-41,-7,-69,-405,-368,997,552,1,0
66644,1,walk,95,-38,-4,-115,-461,-381,997,609,1,0
66671,1,walk,58,-28,-1,-176,-502,-385,996,657,1,0
66698,1,walk,1,-7,-1,-215,-400,-412,991,613,1,0
66724,1,walk,-40,11,-2,-227,-298,-457,990,590,1,0
66750,1,walk,-51,13,0,-234,-184,-483,992,567,1,0
66777,1,walk,-54,4,3,-227,-59,-477,993,531,1,0
66803,1,walk,-40,-3,4,-198,82,-447,994,496,1,0
66829,1,walk,-23,-4,4,-161,228,-408,995,494,1,0
66855,1,walk,-8,1,4,-144,347,-374,996,530,1,0
66881,1,walk,-7,6,4,-155,426,-348,997,571,1,0
66907,1,walk,-16,2,5,-186,458,-324,997,591,1,0
66933,1,walk,-32,-9,7,-201,450,-292,997,572,1,0
66959,1,walk,-43,-36,9,-180,402,-241,996,502,1,0
66985,1,walk,-45,-65,10,-118,313,-170,996,375,1,0
67011,1,walk,-38,-81,10,-21,190,-88,996,211,1,0
67037,1,walk,-31,-76,11,94,58,-20,997,112,1,0
67063,1,walk,-33,-71,11,198,-67,28,997,211,1,0
67089,1,walk,-29,-65,11,274,-162,76,998,327,1,0
67115,1,walk,-17,-51,9,304,-223,144,998,404,1,0
67141,1,walk,-3,-35,7,271,-261,241,997,447,1,0
67167,1,walk,1,-18,6,174,-170,342,997,420,1,0
67193,1,walk,-33,14,1,98,-21,380,994,393,1,0
67219,1,walk,-62,54,-7,71,100,325,991,347,1,0
67245,1,walk,-73,81,-11,60,163,230,992,288,1,0
67271,1,walk,-69,82,-10,62,180,160,993,249,1,0
67297,1,walk,-70,74,-7,100,194,147,995,263,1,0
67323,1,walk,-53,71,-6,141,187,177,995,294,1,0
67349,1,walk,-23,80,-9,145,191,208,995,318,1,0
67375,1,walk,-5,89,-11,105,185,209,995,298,1,0
67401,1,walk,9,82,-10,44,138,175,996,227,1,0
67427,1,walk,18,55,-6,-11,96,125,996,158,1,0
67453,1,walk,28,23,-3,-46,77,83,995,122,1,0
67479,1,walk,34,0,0,-56,73,51,995,105,1,0
67505,1,walk,47,-2,-1,-30,46,28,996,62,1,0
67531,1,walk,71,5,-5,6,-20,14,996,25,1,0
67557,1,walk,95,8,-9,16,-120,3,995,121,1,0
67583,1,walk,100,3,-9,-5,-220,-15,996,221,1,0
67609,1,walk,90,-3,-6,-12,-278,-45,997,282,1,0
67635,1,walk,86,-7,-5,-2,-338,-78,997,346,1,0
67661,1,walk,90,-8,-5,-12,-393,-100,997,405,1,0
67687,1,walk,67,-10,-2,-36,-373,-104,997,389,1,0
67713,1,walk,29,-8,0,-52,-297,-92,995,315,1,0
67739,1,walk,-11,2,1,-74,-209,-84,993,237,1,0
67765,1,walk,-49,8,1,-103,-134,-99,992,196,1,0
67791,1,walk,-78,-1,2,-125,-79,-129,992,196,1,0
67817,1,walk,-91,-23,5,-107,-20,-152,993,187,1,0
67843,1,walk,-82,-41,7,-37,41,-150,994,160,1,0
67877,1,walk,-46,-31,6,70,95,-129,993,175,1,0
67903,1,walk,-24,-15,4,143,131,-114,994,225,1,0
67929,1,walk,-12,-6,3,162,124,-101,995,228,1,0
67955,1,walk,-9,-6,4,128,95,-87,996,181,1,0
67981,1,walk,-16,-17,6,64,66,-68,996,114,1,0
68007,1,walk,-21,-37,8,0,39,-50,996,63,1,0
68032,1,walk,-18,-62,9,-42,16,-35,996,57,1,0
68058,1,walk,-7,-78,9,-51,-20,-21,996,59,1,0
68084,1,walk,13,-82,8,-32,-72,-10,996,80,1,0
68110,1,walk,31,-86,6,-9,-116,-6,996,117,1,0
68136,1,walk,29,-81,7,31,-112,-6,997,117,1,0
68162,1,walk,22,-67,7,80,-86,6,997,117,1,0
68187,1,walk,25,-43,5,97,-86,43,997,137,1,0
68213,1,walk,34,-24,3,61,-67,113,997,145,1,0
68239,1,walk,19,-2,2,-2,37,194,996,197,1,0
68265,1,walk,-3,20,0,-62,115,244,995,276,1,0
68291,1,walk,-37,44,-3,-103,176,231,993,308,1,0
68317,1,walk,-61,64,-6,-126,195,172,993,289,1,0
68343,1,walk,-67,66,-5,-125,184,99,994,244,1,0
68369,1,walk,-68,49,-2,-72,165,46,995,186,1,0
68395,1,walk,-50,33,0,20,139,26,995,143,1,0
68421,1,walk,-16,31,-1,99,121,20,994,157,1,0
68447,1,walk,3,37,-3,134,105,5,995,170,1,0
68473,1,walk,8,39,-3,130,59,-27,996,146,1,0
68499,1,walk,23,32,-3,96,4,-73,996,121,1,0
68525,1,walk,38,16,-2,40,-25,-122,996,131,1,0
68551,1,walk,47,6,-2,-8,-39,-165,996,170,1,0
68577,1,walk,65,11,-4,-28,-48,-204,997,212,1,0
68603,1,walk,95,17,-10,-39,-79,-239,996,254,1,0
68629,1,walk,119,17,-15,-60,-128,-269,995,304,1,0
68656,1,walk,123,8,-15,-77,-171,-304,996,357,1,0
68683,1,walk,113,-8,-11,-85,-191,-350,996,408,1,0
68710,1,walk,95,-24,-6,-67,-205,-402,996,456,1,0
68736,1,walk,104,-29,-8,-60,-289,-460,996,547,1,0
68763,1,walk,96,-31,-6,-85,-369,-516,997,640,1,0
68790,1,walk,71,-34,-2,-107,-386,-546,997,677,1,0
68817,1,walk,22,-36,2,-131,-355,-545,994,664,1,0
68844,1,walk,-43,-38,2,-153,-301,-556,988,650,1,0
68871,1,walk,-92,-55,2,-176,-235,-590,987,659,1,0
68898,1,walk,-120,-79,2,-167,-175,-633,987,677,1,0
68925,1,walk,-104,-92,6,-93,-125,-650,990,668,1,0
68951,1,walk,-54,-80,4,8,-74,-647,989,652,1,0
68977,1,walk,-14,-47,0,98,-10,-645,987,652,1,0
69003,1,walk,10,-6,-5,148,40,-648,987,666,1,0
69029,1,walk,16,14,-5,135,67,-647,989,664,1,0
69055,1,walk,4,7,-1,81,101,-625,991,638,1,0
69081,1,walk,-11,-10,3,39,145,-585,992,604,1,0
69107,1,walk,-8,-22,5,30,170,-542,994,568,1,0
69133,1,walk,11,-28,5,43,167,-505,995,534,1,0
69159,1,walk,27,-35,4,65,140,-470,995,495,1,0
69185,1,walk,33,-40,4,91,106,-416,996,438,1,0
69211,1,walk,35,-38,5,113,75,-341,997,367,1,0
69237,1,walk,36,-34,5,112,44,-269,997,295,1,0
69263,1,walk,36,-30,5,93,4,-212,998,232,1,0
69289,1,walk,31,-29,5,71,-3,-165,998,180,1,0
69315,1,walk,13,-21,6,60,66,-136,997,163,1,0
69341,1,walk,-24,2,4,55,110,-145,995,190,1,0
69367,1,walk,-52,34,0,47,92,-196,993,222,1,0
69393,1,walk,-74,41,0,15,45,-265,993,269,1,0
69419,1,walk,-81,30,2,-12,20,-315,995,315,1,0
69445,1,walk,-74,26,3,-1,14,-345,995,345,1,0
69471,1,walk,-44,28,2,9,3,-375,995,375,1,0
69497,1,walk,-25,29,2,-10,22,-417,996,418,1,0
69523,1,walk,-24,26,3,-50,33,-468,997,472,1,0
69557,1,walk,-19,16,5,-79,17,-522,997,528,1,0
69583,1,walk,-4,10,4,-87,-12,-564,997,571,1,0
69609,1,walk,23,14,1,-78,-60,-607,996,615,1,0
69635,1,walk,46,19,-2,-66,-111,-663,996,675,1,0
69661,1,walk,59,19,-4,-50,-159,-730,997,749,1,0
69687,1,walk,70,11,-4,-33,-211,-797,997,825,1,0
69713,1,walk,77,3,-4,-20,-278,-861,997,905,1,0
69739,1,walk,68,-6,-2,-9,-329,-923,998,980,1,0
69765,1,walk,56,-13,0,3,-397,-985,998,1062,1,0
69791,1,walk,67,-11,-2,-4,-466,-1049,998,1147,1,0
69818,1,walk,75,-4,-4,-53,-453,-1113,998,1203,1,0
69845,1,walk,54,4,-2,-117,-326,-1164,997,1214,1,0
69872,1,walk,28,2,1,-188,-156,-1182,996,1207,1,0
69898,1,walk,-8,-5,3,-259,8,-1179,995,1207,1,0
69924,1,walk,-57,-17,4,-306,151,-1172,992,1220,1,0
69951,1,walk,-112,-47,1,-302,215,-1152,988,1210,1,0
69978,1,walk,-122,-86,2,-244,218,-1100,988,1147,1,0
70005,1,walk,-113,-103,4,-133,226,-1020,990,1053,1,0
70032,1,walk,-85,-86,6,-5,209,-956,991,978,1,0
70058,1,walk,-54,-57,5,85,182,-941,991,963,1,0
70084,1,walk,-48,-46,6,98,174,-961,993,982,1,0
70110,1,walk,-61,-52,8,62,182,-975,994,994,1,0
70136,1,walk,-75,-61,9,16,199,-967,995,987,1,0
70162,1,walk,-78,-63,10,-15,216,-945,996,969,1,0
70188,1,walk,-64,-59,10,-30,219,-921,997,947,1,0
70214,1,walk,-52,-50,10,-22,214,-894,997,919,1,0
70240,1,walk,-30,-40,9,-7,160,-854,996,869,1,0
70266,1,walk,-19,-34,8,-1,85,-794,997,799,1,0
70292,1,walk,-27,-32,9,7,15,-708,997,709,1,0
70318,1,walk,-30,-25,9,28,-61,-603,998,606,1,0
70344,1,walk,-18,-7,7,50,-136,-487,997,508,1,0
70370,1,walk,-2,6,4,42,-169,-374,997,413,1,0
70396,1,walk,-10,15,4,18,-86,-279,997,293,1,0
70422,1,walk,-49,29,1,-9,2,-237,995,238,1,0
70448,1,walk,-97,50,-5,-50,35,-257,991,264,1,0
70474,1,walk,-130,56,-8,-121,18,-307,991,331,1,0
70501,1,walk,-135,39,-5,-180,-27,-344,993,389,1,0
70528,1,walk,-115,29,-2,-172,-44,-349,994,391,1,0
70555,1,walk,-77,37,-2,-122,-6,-345,993,366,1,0
70581,1,walk,-46,49,-3,-93,78,-361,993,380,1,0
70607,1,walk,-32,53,-2,-90,154,-392,994,431,1,0
70633,1,walk,-27,46,0,-108,193,-425,996,479,1,0
70659,1,walk,-17,31,2,-125,192,-445,996,500,1,0
70685,1,walk,1,16,3,-133,155,-445,996,490,1,0
70711,1,walk,12,3,4,-127,99,-434,997,463,1,0
70737,1,walk,17,-2,5,-97,35,-424,997,436,1,0
70763,1,walk,25,-1,4,-49,-40,-424,998,428,1,0
70789,1,walk,40,-2,3,-10,-124,-431,998,448,1,0
70815,1,walk,57,-8,2,3,-209,-442,998,489,1,0
70841,1,walk,65,-15,1,-10,-275,-467,998,543,1,0
70867,1,walk,63,-26,2,-34,-304,-510,998,594,1,0
70893,1,walk,67,-37,2,-80,-332,-565,998,660,1,0
70919,1,walk,61,-43,3,-144,-344,-624,998,727,1,0
70946,1,walk,43,-44,5,-195,-339,-668,998,774,1,0
70972,1,walk,0,-34,5,-208,-241,-700,995,769,1,0
70998,1,walk,-41,-17,3,-200,-137,-733,993,772,1,0
71025,1,walk,-77,2,0,-184,-50,-769,992,792,1,0
71051,1,walk,-101,11,-1,-169,-18,-795,992,813,1,0
71078,1,walk,-114,10,-1,-142,-12,-799,993,811,1,0
71104,1,walk,-111,2,1,-94,-7,-783,995,789,1,0
71130,1,walk,-88,0,3,-28,-2,-764,995,764,1,0
71156,1,walk,-53,6,2,41,2,-750,994,751,1,0
71182,1,walk,-28,9,2,88,5,-738,995,744,1,0
71208,1,walk,-20,4,3,110,2,-715,996,723,1,0
71242,1,walk,-16,-6,5,111,-11,-660,996,669,1,0
71268,1,walk,-21,-16,6,106,-14,-599,997,608,1,0
71294,1,walk,-26,-25,7,112,-1,-539,997,550,1,0
71320,1,walk,-15,-28,7,123,0,-487,998,502,1,0
71346,1,walk,8,-22,6,121,-17,-441,997,458,1,0
71372,1,walk,19,-17,5,101,-18,-396,997,409,1,0
71398,1,walk,11,-17,5,86,0,-342,998,353,1,0
71424,1,walk,5,-13,5,86,22,-273,998,287,1,0
71450,1,walk,12,0,4,90,6,-192,998,212,1,0
71476,1,walk,25,13,2,75,-11,-99,997,125,1,0
71502,1,walk,-6,28,0,59,63,-26,996,90,1,0
71528,1,walk,-59,59,-9,76,89,-10,990,117,1,0
71554,1,walk,-90,101,-20,79,44,-55,988,106,1,0
71580,1,walk,-108,126,-25,35,-29,-117,989,125,1,0
71607,1,walk,-101,124,-22,-17,-87,-139,991,165,1,0
71634,1,walk,-79,112,-17,-44,-50,-127,993,144,1,0
71660,1,walk,-54,108,-15,-61,7,-114,993,129,1,0
71686,1,walk,-29,115,-16,-67,73,-112,994,150,1,0
71712,1,walk,-7,121,-17,-79,92,-113,994,166,1,0
71738,1,walk,20,114,-17,-104,33,-96,994,145,1,0
71764,1,walk,47,92,-15,-126,-47,-60,994,147,1,0
71790,1,walk,60,68,-11,-129,-97,-16,994,162,1,0
71816,1,walk,76,55,-10,-105,-139,15,995,174,1,0
71842,1,walk,88,42,-9,-73,-174,21,996,190,1,0
71868,1,walk,98,30,-8,-39,-209,14,996,213,1,0
71894,1,walk,114,23,-9,-19,-247,1,996,248,1,0
71920,1,walk,120,15,-9,-27,-271,-23,997,273,1,0
71946,1,walk,99,7,-5,-44,-257,-55,997,266,1,0
71972,1,walk,102,4,-5,-71,-278,-83,997,299,1,0
71998,1,walk,117,7,-8,-114,-313,-115,997,352,1,0
72025,1,walk,113,3,-7,-178,-343,-131,997,408,1,0
72052,1,walk,90,-1,-3,-239,-306,-121,997,407,1,0
72078,1,walk,41,-4,0,-287,-190,-100,994,358,1,0
72104,1,walk,-12,-5,1,-320,-71,-94,991,341,1,0
72130,1,walk,-59,-15,1,-337,16,-118,989,358,1,0
72156,1,walk,-88,-43,2,-329,70,-155,989,370,1,0
72183,1,walk,-91,-71,5,-255,108,-174,990,327,1,0
72209,1,walk,-69,-77,7,-111,145,-174,992,253,1,0
72235,1,walk,-29,-59,6,61,155,-176,991,242,1,0
72261,1,walk,4,-43,3,195,141,-176,991,298,1,0
72287,1,walk,12,-37,4,264,115,-160,993,330,1,0
72313,1,walk,6,-42,7,269,89,-127,994,310,1,0
72339,1,walk,-17,-51,8,233,83,-84,994,262,1,0
72365,1,walk,-29,-57,9,179,82,-44,995,201,1,0
72391,1,walk,-28,-64,10,114,86,-6,996,143,1,0
72417,1,walk,-20,-67,11,50,86,27,997,103,1,0
72443,1,walk,-14,-59,11,10,93,55,997,108,1,0
72469,1,walk,-7,-46,10,-10,92,90,997,129,1,0
72495,1,walk,-1,-37,9,-35,77,145,998,168,1,0
72521,1,walk,3,-27,8,-65,62,228,998,245,1,0
72547,1,walk,-5,-19,8,-93,26,347,998,360,1,0
72573,1,walk,10,-12,6,-135,-14,486,997,505,1,0
72599,1,walk,-6,2,5,-189,52,623,997,653,1,0
72625,1,walk,-34,23,2,-228,151,699,995,750,1,0
72651,1,walk,-62,50,-3,-239,276,678,994,770,1,0
72677,1,walk,-82,69,-7,-238,339,593,994,724,1,0
72703,1,walk,-77,71,-6,-213,328,503,995,637,1,0
72729,1,walk,-58,59,-3,-147,301,456,995,566,1,0
72755,1,walk,-46,46,-1,-59,306,461,996,557,1,0
72781,1,walk,-34,48,0,35,312,489,997,582,1,0
72807,1,walk,-18,60,-3,101,296,509,997,597,1,0
72833,1,walk,0,67,-5,121,230,504,997,567,1,0
72859,1,walk,13,53,-3,100,128,481,996,507,1,0
72885,1,walk,25,29,0,71,34,459,996,466,1,0
72919,1,walk,45,12,0,56,-50,444,996,451,1,0
72945,1,walk,71,4,-2,57,-144,425,996,452,1,0
72971,1,walk,93,-5,-5,76,-251,392,995,472,1,0
72997,1,walk,101,-19,-4,108,-349,345,996,503,1,0
73023,1,walk,97,-27,-3,163,-419,283,996,531,1,0
73049,1,walk,86,-30,-1,227,-464,208,997,557,1,0
73075,1,walk,90,-27,-1,254,-529,145,997,605,1,0
73101,1,walk,98,-20,-3,218,-577,114,997,628,1,0
73127,1,walk,73,-6,-2,144,-546,92,996,572,1,0
73153,1,walk,34,7,-1,36,-467,62,994,472,1,0
73179,1,walk,-13,17,-1,-74,-371,0,992,379,1,0
73205,1,walk,-48,14,0,-160,-267,-91,992,324,1,0
73231,1,walk,-74,-9,2,-193,-170,-183,992,316,1,0
73257,1,walk,-76,-29,4,-140,-81,-247,993,295,1,0
73283,1,walk,-47,-28,5,-30,2,-280,994,282,1,0
73309,1,walk,-5,-6,1,92,66,-298,992,318,1,0
73335,1,walk,27,17,-5,177,89,-305,991,364,1,0
73361,1,walk,46,32,-7,211,80,-299,992,374,1,0
73387,1,walk,49,30,-5,189,65,-274,994,339,1,0
73413,1,walk,25,10,-1,132,82,-233,994,281,1,0
73439,1,walk,2,-20,3,77,108,-183,993,226,1,0
73465,1,walk,-11,-47,5,53,146,-135,993,206,1,0
73491,1,walk,-3,-52,7,67,156,-107,995,201,1,0
73517,1,walk,13,-42,6,96,125,-100,995,187,1,0
73543,1,walk,23,-35,5,100,94,-96,996,168,1,0
73569,1,walk,15,-30,6,73,91,-73,996,137,1,0
73594,1,walk,12,-20,6,33,94,-31,997,105,1,0
73620,1,walk,4,-7,5,-6,137,23,997,139,1,0
73646,1,walk,-12,7,4,-35,242,79,997,257,1,0
73672,1,walk,-46,31,0,-42,336,117,994,358,1,0
73698,1,walk,-75,61,-7,-61,381,125,993,406,1,0
73724,1,walk,-104,87,-14,-115,364,107,991,397,1,0
73751,1,walk,-112,91,-14,-196,300,88,993,368,1,0
73777,1,walk,-119,81,-11,-246,267,80,994,372,1,0
73803,1,walk,-110,69,-8,-239,253,76,995,356,1,0
73829,1,walk,-86,61,-5,-201,248,68,995,326,1,0
73855,1,walk,-64,54,-3,-162,229,61,995,287,1,0
73881,1,walk,-49,40,-1,-129,170,62,996,222,1,0
73907,1,walk,-35,22,2,-101,93,73,996,155,1,0
73933,1,walk,-23,10,4,-70,19,84,996,111,1,0
73959,1,walk,-4,7,3,-36,-58,83,996,108,1,0
73985,1,walk,16,7,3,-2,-135,68,996,151,1,0
74011,1,walk,45,5,1,25,-221,54,996,228,1,0
74037,1,walk,73,0,-2,36,-297,48,995,303,1,0
74063,1,walk,90,-9,-4,35,-366,44,995,370,1,0
74089,1,walk,90,-20,-2,51,-400,29,996,404,1,0
74115,1,walk,75,-26,1,98,-391,12,997,403,1,0
74141,1,walk,71,-28,2,133,-378,-3,997,400,1,0
74167,1,walk,51,-29,4,146,-338,-16,997,369,1,0
74193,1,walk,23,-19,4,136,-226,-25,996,265,1,0
74219,1,walk,2,-3,4,77,-109,-39,996,139,1,0
74245,1,walk,-15,6,4,-22,-18,-56,996,63,1,0
74271,1,walk,-42,-1,4,-138,45,-63,995,158,1,0
74297,1,walk,-80,-23,3,-236,83,-56,993,256,1,0
74323,1,walk,-114,-46,2,-269,143,-36,991,307,1,0
74349,1,walk,-125,-58,3,-217,199,-17,993,295,1,0
74375,1,walk,-99,-57,5,-117,225,-15,994,254,1,0
74401,1,walk,-54,-51,5,-12,219,-20,992,220,1,0
74427,1,walk,-34,-50,6,64,195,-11,993,205,1,0
74453,1,walk,-32,-55,7,99,154,20,994,184,1,0
74479,1,walk,-51,-60,8,106,131,66,995,181,1,0
74505,1,walk,-67,-66,8,101,101,112,995,181,1,0
74531,1,walk,-70,-79,9,83,62,143,996,176,1,0
74557,1,walk,-68,-89,9,70,29,154,997,171,1,0
74591,1,walk,-60,-87,10,72,3,148,997,164,1,0
74617,1,walk,-48,-80,10,65,-15,142,997,157,1,0
74643,1,walk,-44,-76,10,49,-2,155,998,163,1,0
74669,1,walk,-40,-64,10,42,26,206,998,212,1,0
74695,1,walk,-21,-47,9,15,39,294,997,297,1,0
74721,1,walk,-11,-21,6,-48,134,394,996,419,1,0
74747,1,walk,-27,11,2,-110,215,468,995,526,1,0
74773,1,walk,-41,42,-3,-163,284,499,994,597,1,0
74799,1,walk,-64,66,-7,-214,327,486,993,624,1,0
74825,1,walk,-70,77,-9,-235,268,446,994,571,1,0
74851,1,walk,-50,73,-7,-213,172,399,995,484,1,0
74877,1,walk,-42,60,-4,-143,102,363,995,404,1,0
74903,1,walk,-22,52,-3,-45,40,352,996,357,1,0
74929,1,walk,-1,56,-3,47,9,357,996,360,1,0
74955,1,walk,20,62,-5,117,-38,369,996,389,1,0
74981,1,walk,40,61,-6,162,-99,382,996,427,1,0
75007,1,walk,56,55,-6,183,-147,390,996,456,1,0
75033,1,walk,74,47,-6,181,-191,384,996,466,1,0
75059,1,walk,84,39,-6,170,-221,353,996,450,1,0
75085,1,walk,97,29,-6,168,-257,305,997,433,1,0
75111,1,walk,118,12,-8,168,-299,258,996,430,1,0
75137,1,walk,129,-3,-8,180,-337,228,996,445,1,0
75163,1,walk,133,-11,-8,203,-388,204,997,483,1,0
75189,1,walk,130,-14,-7,219,-428,165,997,508,1,0
75215,1,walk,128,-13,-6,231,-448,103,998,515,1,0
75241,1,walk,132,-12,-7,223,-482,37,998,532,1,0
75267,1,walk,129,-6,-8,191,-482,-16,998,519,1,0
75293,1,walk,77,10,-6,125,-375,-79,994,404,1,0
75319,1,walk,44,30,-5,39,-289,-165,993,335,1,0
75345,1,walk,21,41,-5,-42,-220,-265,993,347,1,0
75371,1,walk,-4,30,-1,-111,-170,-344,994,399,1,0
75398,1,walk,-32,8,1,-136,-122,-384,993,425,1,0
75424,1,walk,-48,-9,4,-104,-53,-389,994,406,1,0
75450,1,walk,-40,-8,5,-41,6,-383,995,385,1,0
75476,1,walk,-7,-1,3,7,33,-385,995,386,1,0
75502,1,walk,27,2,0,24,33,-389,994,391,1,0
75528,1,walk,53,4,-2,24,12,-382,994,383,1,0
75554,1,walk,64,4,-3,13,-1,-365,995,365,1,0
75580,1,walk,55,-3,0,-2,-1,-342,996,342,1,0
75606,1,walk,42,-15,2,-8,2,-315,996,316,1,0
75632,1,walk,41,-27,4,3,2,-291,997,291,1,0
75657,1,walk,51,-32,4,26,-12,-268,997,270,1,0
75683,1,walk,66,-33,2,57,-41,-237,997,247,1,0
75709,1,walk,63,-35,3,78,-63,-188,998,213,1,0
75735,1,walk,52,-35,4,88,-73,-120,998,165,1,0
75761,1,walk,34,-26,5,101,-67,-46,998,130,1,0
75787,1,walk,28,-5,3,122,-64,20,997,139,1,0
75813,1,walk,43,7,0,111,-23,82,997,140,1,0
75839,1,walk,20,14,1,73,81,133,996,172,1,0
75865,1,walk,-13,28,0,42,162,155,995,228,1,0
75891,1,walk,-53,53,-5,4,210,140,992,252,1,0
75917,1,walk,-85,68,-9,-61,174,96,992,208,1,0
75943,1,walk,-82,60,-6,-119,93,44,994,157,1,0
75969,1,walk,-67,43,-2,-119,56,0,994,132,1,0
75995,1,walk,-43,31,0,-56,49,-38,994,83,1,0
76021,1,walk,-17,33,-1,23,70,-84,995,112,1,0
76047,1,walk,-5,35,-1,70,90,-142,996,182,1,0
76073,1,walk,0,28,1,78,78,-199,997,227,1,0
76099,1,walk,21,17,1,59,49,-238,997,250,1,0
76125,1,walk,47,13,-2,25,25,-263,996,265,1,0
76151,1,walk,68,16,-5,-13,4,-282,996,283,1,0
76177,1,walk,79,21,-6,-44,-21,-302,997,306,1,0
76203,1,walk,89,20,-7,-65,-59,-313,997,325,1,0
76229,1,walk,104,13,-8,-78,-114,-309,998,339,1,0
76264,1,walk,116,-3,-10,-90,-173,-298,997,356,1,0
76291,1,walk,109,-16,-7,-89,-183,-307,997,368,1,0
76318,1,walk,98,-21,-4,-89,-167,-327,997,377,1,0
76344,1,walk,91,-23,-3,-140,-141,-343,998,397,1,0
76370,1,walk,56,-23,0,-221,-129,-346,996,430,1,0
76396,1,walk,20,-15,2,-295,-47,-350,995,461,1,0
76422,1,walk,-18,-2,2,-344,59,-374,993,512,1,0
76448,1,walk,-36,13,1,-344,139,-410,994,553,1,0
76474,1,walk,-46,17,2,-316,170,-429,995,559,1,0
76500,1,walk,-60,7,4,-257,170,-421,995,521,1,0
76526,1,walk,-77,-11,6,-157,176,-383,995,450,1,0
76552,1,walk,-80,-22,7,-29,184,-328,996,378,1,0
76578,1,walk,-66,-21,8,85,196,-276,997,350,1,0
76604,1,walk,-50,-15,7,150,195,-239,997,343,1,0
76630,1,walk,-39,-14,8,150,173,-215,997,314,1,0
76656,1,walk,-42,-20,9,99,141,-193,998,258,1,0
76682,1,walk,-44,-35,10,28,96,-166,998,194,1,0
76708,1,walk,-48,-55,10,-33,48,-140,997,151,1,0
76734,1,walk,-37,-74,10,-61,-5,-112,997,128,1,0
76760,1,walk,-18,-77,10,-42,-81,-99,997,134,1,0
76786,1,walk,-10,-79,10,8,-154,-99,997,183,1,0
76812,1,walk,-14,-82,10,64,-178,-83,998,207,1,0
76838,1,walk,-13,-72,10,109,-157,-40,998,195,1,0
76864,1,walk,1,-50,8,108,-125,27,997,167,1,0
76890,1,walk,17,-30,5,30,-62,105,997,125,1,0
76916,1,walk,13,-9,3,-83,95,157,996,201,1,0
76942,1,walk,-13,18,0,-158,261,159,994,344,1,0
76968,1,walk,-50,50,-6,-192,389,128,992,452,1,0
76994,1,walk,-91,77,-13,-215,435,85,989,493,1,0
77020,1,walk,-95,81,-12,-236,398,55,992,466,1,0
77046,1,walk,-97,69,-9,-220,388,50,993,449,1,0
77072,1,walk,-86,56,-5,-156,385,65,994,421,1,0
77098,1,walk,-61,51,-4,-86,395,77,994,412,1,0
77124,1,walk,-48,49,-2,-40,395,80,996,405,1,0
77150,1,walk,-39,42,-1,-20,338,76,996,347,1,0
77176,1,walk,-30,29,1,-14,238,69,996,249,1,0
77202,1,walk,-21,10,3,-11,140,60,996,153,1,0
77228,1,walk,-14,-6,5,2,62,55,997,83,1,0
77253,1,walk,1,-11,5,30,-14,48,997,58,1,0
77279,1,walk,22,-7,3,65,-96,38,997,122,1,0
77305,1,walk,51,-2,0,95,-192,27,996,216,1,0
77331,1,walk,68,-9,-2,93,-280,12,996,295,1,0
77357,1,walk,63,-19,0,90,-326,-6,997,339,1,0
77383,1,walk,55,-25,2,98,-342,-27,997,357,1,0
77409,1,walk,60,-23,1,100,-347,-52,997,365,1,0
77435,1,walk,69,-18,0,72,-365,-75,997,379,1,0
77461,1,walk,68,-15,0,18,-387,-82,998,396,1,0
77487,1,walk,37,-11,2,-52,-305,-79,996,319,1,0
77513,1,walk,-10,-4,1,-115,-202,-86,993,248,1,0
77539,1,walk,-58,0,-1,-159,-114,-114,991,226,1,0
77566,1,walk,-99,-13,-2,-186,-51,-158,990,250,1,0
77593,1,walk,-120,-44,-1,-182,-33,-189,990,265,1,0
77620,1,walk,-117,-71,2,-117,-27,-189,991,224,1,0
77646,1,walk,-88,-79,4,-13,-17,-165,992,166,1,0
77672,1,walk,-45,-65,4,87,-5,-143,991,168,1,0
77698,1,walk,-12,-41,2,143,13,-140,991,201,1,0
77724,1,walk,-1,-29,3,138,10,-154,993,207,1,0
77750,1,walk,-5,-36,5,89,1,-165,994,187,1,0
77776,1,walk,-11,-59,6,26,0,-165,994,167,1,0
77802,1,walk,-16,-90,7,-14,0,-162,994,163,1,0
77828,1,walk,-9,-110,7,-4,-17,-169,995,169,1,0
77854,1,walk,2,-110,7,50,-63,-184,996,201,1,0
77880,1,walk,39,-95,3,116,-151,-189,994,268,1,0
77906,1,walk,42,-74,4,164,-175,-172,995,295,1,0
77940,1,walk,34,-46,3,190,-151,-119,994,270,1,0
77966,1,walk,41,-14,0,182,-142,-35,994,233,1,0
77992,1,walk,47,7,-2,108,-102,80,994,169,1,0
78018,1,walk,20,24,-2,-4,17,204,994,205,1,0
78044,1,walk,-19,39,-3,-88,108,297,992,328,1,0
78070,1,walk,-54,54,-6,-134,157,327,991,387,1,0
78096,1,walk,-83,60,-7,-156,173,305,992,384,1,0
78122,1,walk,-94,57,-6,-143,185,253,993,344,1,0
78148,1,walk,-86,43,-3,-105,204,195,994,301,1,0
78174,1,walk,-56,26,0,-76,225,149,993,281,1,0
78200,1,walk,-32,15,2,-74,271,121,994,306,1,0
78226,1,walk,-30,12,3,-87,304,103,995,332,1,0
78252,1,walk,-36,11,4,-104,288,87,996,319,1,0
78278,1,walk,-23,9,4,-120,215,69,997,255,1,0
78304,1,walk,-1,3,4,-132,115,46,997,181,1,0
78330,1,walk,18,0,4,-119,18,21,997,122,1,0
78356,1,walk,42,-1,2,-74,-75,-8,997,106,1,0
78382,1,walk,60,-1,0,-9,-149,-38,997,154,1,0
78408,1,walk,82,-6,-2,52,-216,-61,996,231,1,0
78434,1,walk,86,-18,-1,92,-268,-75,997,293,1,0
78460,1,walk,76,-26,1,126,-281,-86,997,320,1,0
78486,1,walk,77,-27,1,139,-264,-105,998,316,1,0
78512,1,walk,86,-22,-1,119,-243,-122,998,296,1,0
78538,1,walk,83,-20,0,54,-213,-113,998,247,1,0
78564,1,walk,60,-16,1,-42,-153,-82,997,179,1,0
78590,1,walk,11,-8,1,-133,-22,-70,994,152,1,0
78616,1,walk,-37,1,0,-196,97,-99,992,240,1,0
78642,1,walk,-70,-2,0,-244,157,-156,991,329,1,0
78668,1,walk,-90,-22,1,-273,157,-219,992,383,1,0
78694,1,walk,-87,-49,3,-256,132,-258,993,386,1,0
78720,1,walk,-81,-70,5,-181,120,-258,994,337,1,0
78746,1,walk,-64,-72,7,-70,105,-237,995,269,1,0
78772,1,walk,-45,-60,7,36,93,-225,995,246,1,0
78798,1,walk,-32,-48,7,105,61,-227,996,258,1,0
78824,1,walk,-21,-47,7,125,11,-230,996,262,1,0
78850,1,walk,-17,-55,8,117,-27,-218,997,249,1,0
78876,1,walk,-20,-63,8,104,-43,-185,997,217,1,0
78902,1,walk,-17,-67,8,96,-52,-139,997,177,1,0
78928,1,walk,-7,-69,8,85,-59,-92,998,138,1,0
78954,1,walk,3,-64,8,84,-78,-52,998,126,1,0
78980,1,walk,13,-57,7,92,-98,-16,998,135,1,0
79006,1,walk,20,-54,7,86,-114,27,998,146,1,0
79032,1,walk,18,-49,7,69,-102,83,998,148,1,0
79058,1,walk,9,-39,7,53,-88,153,998,184,1,0
79084,1,walk,13,-32,6,22,-100,233,998,255,1,0
79110,1,walk,2,-17,6,-16,-7,300,998,301,1,0
79136,1,walk,-22,12,2,-36,89,312,996,327,1,0
79162,1,walk,-40,46,-2,-42,161,256,994,305,1,0
79188,1,walk,-56,74,-7,-48,188,169,994,258,1,0
79214,1,walk,-62,87,-8,-52,179,94,994,209,1,0
79240,1,walk,-64,90,-8,-35,174,55,995,185,1,0
79266,1,walk,-46,89,-7,-8,155,60,996,166,1,0
79292,1,walk,-20,91,-8,9,153,95,996,181,1,0
79318,1,walk,-5,98,-9,12,155,134,996,205,1,0
79344,1,walk,7,102,-10,-2,116,158,996,196,1,0
79370,1,walk,19,92,-9,-29,52,164,997,175,1,0
79396,1,walk,28,75,-7,-43,-10,162,996,168,1,0
79422,1,walk,51,54,-6,-40,-73,161,996,181,1,0
79448,1,walk,67,36,-5,-9,-137,159,996,210,1,0
79474,1,walk,93,28,-8,40,-208,156,996,263,1,0
79500,1,walk,109,25,-9,85,-276,145,996,323,1,0
79526,1,walk,113,17,-9,116,-345,130,997,386,1,0
79552,1,walk,104,10,-6,144,-373,103,997,413,1,0
79578,1,walk,97,11,-5,179,-351,58,997,398,1,0
79612,1,walk,103,10,-6,178,-331,22,998,377,1,0
79638,1,walk,96,15,-6,140,-300,22,998,332,1,0
79664,1,walk,64,25,-4,61,-198,41,996,211,1,0
79690,1,walk,24,40,-4,-41,-109,45,994,125,1,0
79716,1,walk,-7,44,-3,-133,-57,14,994,145,1,0
79742,1,walk,-42,29,-1,-191,-29,-32,993,196,1,0
79768,1,walk,-59,3,1,-173,-30,-67,993,188,1,0
79794,1,walk,-67,-20,4,-66,-16,-69,993,97,1,0
79820,1,walk,-56,-25,5,97,6,-44,995,107,1,0
79846,1,walk,-29,-13,4,246,29,-14,995,248,1,0
79872,1,walk,-3,4,2,330,43,11,995,333,1,0
79898,1,walk,21,16,-1,330,43,30,995,334,1,0
79924,1,walk,31,18,-1,264,51,52,996,274,1,0
79950,1,walk,32,10,0,160,60,78,996,187,1,0
79976,1,walk,24,-2,2,57,87,103,996,146,1,0
80002,1,walk,22,-17,4,-12,109,123,997,165,1,0
80028,1,walk,29,-31,5,-49,121,132,997,186,1,0
80054,1,walk,29,-36,6,-53,119,133,998,186,1,0
80080,1,walk,30,-40,6,-44,107,140,998,182,1,0
80106,1,walk,22,-43,6,-24,107,167,998,200,1,0
80132,1,walk,30,-38,6,-7,98,211,998,232,1,0
80158,1,walk,45,-28,3,-6,74,260,998,270,1,0
80184,1,walk,47,-22,3,-33,92,311,998,326,1,0
80210,1,walk,22,-11,3,-49,190,352,997,403,1,0
80236,1,walk,-10,12,1,-34,253,362,995,443,1,0
80262,1,walk,-48,37,-3,-17,266,343,993,434,1,0
80288,1,walk,-89,52,-8,-15,227,316,991,389,1,0
80314,1,walk,-106,63,-9,0,127,292,992,319,1,0
80340,1,walk,-86,70,-8,47,42,271,993,279,1,0
80366,1,walk,-58,78,-9,118,1,245,993,272,1,0
80392,1,walk,-26,84,-11,180,-18,215,993,281,1,0
80418,1,walk,2,86,-11,205,-14,194,994,283,1,0
80444,1,walk,20,82,-11,185,-29,188,994,265,1,0
80470,1,walk,38,70,-10,137,-64,185,994,239,1,0
80496,1,walk,51,54,-8,86,-93,173,995,214,1,0
80522,1,walk,68,39,-8,48,-110,147,996,190,1,0
80548,1,walk,88,25,-9,25,-114,114,995,163,1,0
80574,1,walk,107,15,-10,17,-118,80,996,144,1,0
80600,1,walk,122,12,-12,17,-127,51,996,138,1,0
80626,1,walk,127,12,-13,11,-156,16,997,157,1,0
80652,1,walk,120,9,-11,1,-196,-39,997,199,1,0
80678,1,walk,107,2,-8,-4,-232,-101,997,253,1,0
80704,1,walk,97,0,-6,-6,-265,-152,997,306,1,0
80730,1,walk,77,5,-4,-15,-300,-185,997,353,1,0
80756,1,walk,56,16,-3,-51,-277,-203,997,347,1,0
80782,1,walk,25,32,-3,-115,-183,-211,996,302,1,0
80808,1,walk,-1,44,-3,-183,-108,-205,995,295,1,0
80834,1,walk,-26,46,-2,-237,-62,-187,995,309,1,0
80860,1,walk,-62,31,0,-272,-36,-168,994,322,1,0
80886,1,walk,-93,3,1,-260,-12,-145,992,298,1,0
80912,1,walk,-108,-25,4,-172,17,-114,992,207,1,0
80938,1,walk,-83,-37,6,-34,30,-84,993,95,1,0
80964,1,walk,-37,-33,4,96,31,-66,991,121,1,0
80990,1,walk,1,-25,1,181,24,-55,991,191,1,0
81016,1,walk,23,-23,1,209,10,-43,993,214,1,0
81042,1,walk,17,-28,4,195,16,-27,994,198,1,0
81068,1,walk,3,-41,6,160,27,-8,995,162,1,0
81093,1,walk,-7,-56,8,117,36,5,995,123,1,0
81118,1,walk,-11,-68,9,80,38,3,996,88,1,0
81143,1,walk,-2,-68,9,63,31,-7,997,70,1,0
81168,1,walk,12,-63,8,53,11,-17,997,57,1,0
81194,1,walk,25,-56,7,32,0,-15,997,36,1,0
81220,1,walk,25,-47,7,3,20,-1,998,20,1,0
81245,1,walk,24,-32,6,-21,39,27,997,52,1,0
81279,1,walk,23,-13,4,-65,3,104,997,123,1,0
81305,1,walk,23,1,3,-138,-2,223,997,262,1,0
81331,1,walk,-15,21,0,-199,46,339,994,396,1,0
81357,1,walk,-47,45,-3,-211,80,386,993,447,1,0
81383,1,walk,-71,69,-7,-179,93,362,993,414,1,0
81409,1,walk,-71,73,-7,-127,69,300,994,333,1,0
81435,1,walk,-62,61,-4,-36,56,255,995,263,1,0
81461,1,walk,-40,50,-2,81,63,254,995,273,1,0
81487,1,walk,-12,49,-3,169,93,272,995,334,1,0
81513,1,walk,9,55,-5,204,129,275,995,366,1,0
81539,1,walk,20,58,-6,186,124,251,996,336,1,0
81565,1,walk,29,46,-5,129,78,212,996,260,1,0
81591,1,walk,39,25,-3,67,29,171,996,186,1,0
81617,1,walk,55,5,-3,23,-5,132,996,134,1,0
81643,1,walk,67,-4,-3,11,-16,85,996,87,1,0
81669,1,walk,88,-3,-6,27,-29,33,996,51,1,0
81695,1,walk,114,1,-11,42,-58,-18,996,74,1,0
81721,1,walk,119,0,-12,43,-82,-62,996,111,1,0
81747,1,walk,100,-6,-8,34,-94,-94,996,137,1,0
81773,1,walk,79,-10,-4,15,-103,-124,996,161,1,0
81799,1,walk,77,-7,-4,-24,-146,-159,997,217,1,0
81826,1,walk,78,-6,-4,-93,-203,-190,997,293,1,0
81853,1,walk,51,-3,-1,-157,-187,-205,997,319,1,0
81880,1,walk,0,4,0,-179,-123,-205,993,298,1,0
81906,1,walk,-50,16,-1,-152,-70,-206,991,265,1,0
81932,1,walk,-97,18,-3,-111,-53,-224,989,255,1,0
81958,1,walk,-119,-1,-1,-53,-68,-242,990,257,1,0
81985,1,walk,-114,-25,3,40,-65,-235,991,247,1,0
82011,1,walk,-73,-27,4,153,-58,-208,991,265,1,0
82037,1,walk,-16,-5,-3,240,-43,-187,988,307,1,0
82063,1,walk,28,18,-9,266,-37,-180,987,323,1,0
82089,1,walk,33,23,-7,227,-38,-175,990,289,1,0
82115,1,walk,17,12,-2,163,-29,-162,992,231,1,0
82141,1,walk,-9,-10,2,95,-3,-138,992,168,1,0
82167,1,walk,-26,-36,5,45,23,-109,993,120,1,0
82193,1,walk,-24,-56,7,20,36,-83,993,92,1,0
82219,1,walk,-1,-61,7,17,22,-71,994,76,1,0
82245,1,walk,14,-60,7,12,17,-73,995,76,1,0
82270,1,walk,13,-55,7,-1,40,-73,996,83,1,0
82296,1,walk,11,-44,7,-25,93,-53,997,110,1,0
82322,1,walk,11,-25,6,-62,147,-11,997,159,1,0
82348,1,walk,16,-5,4,-111,174,60,996,215,1,0
82374,1,walk,21,3,3,-173,232,164,997,333,1,0
82400,1,walk,-7,13,3,-215,307,271,996,462,1,0
82426,1,walk,-41,31,0,-231,343,339,994,535,1,0
82452,1,walk,-77,53,-4,-229,339,343,992,534,1,0
82478,1,walk,-108,67,-8,-209,271,295,992,452,1,0
82504,1,walk,-107,61,-6,-156,164,233,993,325,1,0
82530,1,walk,-91,46,-2,-57,87,189,994,216,1,0
82556,1,walk,-63,35,0,57,34,170,994,183,1,0
82582,1,walk,-38,35,0,149,9,157,995,217,1,0
82608,1,walk,-16,39,-1,193,-26,139,995,239,1,0
82634,1,walk,1,40,-2,186,-82,111,995,232,1,0
82660,1,walk,21,31,-2,137,-137,81,995,210,1,0
82686,1,walk,41,18,-2,68,-171,48,995,190,1,0
82712,1,walk,55,6,-2,10,-178,16,996,179,1,0
82738,1,walk,76,4,-4,-21,-183,-13,996,184,1,0
82764,1,walk,103,7,-10,-31,-202,-45,995,209,1,0
82790,1,walk,124,7,-14,-33,-232,-83,995,248,1,0
82816,1,walk,123,2,-12,-20,-255,-124,996,285,1,0
82842,1,walk,115,-3,-10,6,-272,-160,997,316,1,0
82868,1,walk,111,-5,-9,34,-280,-187,997,338,1,0
82894,1,walk,110,-1,-9,44,-312,-201,998,373,1,0
82920,1,walk,95,1,-6,30,-315,-199,998,374,1,0
82955,1,walk,65,9,-4,-23,-215,-184,997,284,1,0
82981,1,walk,28,20,-2,-84,-99,-181,995,222,1,0
83007,1,walk,-12,21,0,-132,-18,-195,994,236,1,0
83033,1,walk,-56,6,2,-165,24,-216,991,272,1,0
83059,1,walk,-89,-21,3,-169,40,-231,990,289,1,0
83085,1,walk,-104,-48,6,-127,45,-235,991,271,1,0
83111,1,walk,-87,-58,8,-35,44,-234,993,241,1,0
83137,1,walk,-42,-49,6,61,44,-238,991,250,1,0
83163,1,walk,-1,-33,2,119,47,-246,990,278,1,0
83189,1,walk,20,-20,0,128,53,-248,992,284,1,0
83215,1,walk,17,-19,3,93,74,-239,994,266,1,0
83241,1,walk,-4,-28,6,42,106,-215,994,243,1,0
83267,1,walk,-21,-45,8,-3,129,-180,995,222,1,0
83293,1,walk,-26,-57,10,-31,138,-146,996,203,1,0
83319,1,walk,-8,-59,9,-37,115,-127,996,176,1,0
83345,1,walk,4,-59,9,-26,75,-119,997,143,1,0
83371,1,walk,13,-61,9,-18,51,-93,997,108,1,0
83397,1,walk,10,-54,9,-16,58,-40,998,72,1,0
83423,1,walk,14,-36,7,-31,71,22,997,80,1,0
83449,1,walk,15,-20,6,-69,94,81,997,142,1,0
83475,1,walk,9,-13,6,-111,169,144,997,248,1,0
83501,1,walk,-13,-4,6,-132,275,206,997,368,1,0
83527,1,walk,-46,13,4,-137,375,253,995,473,1,0
83553,1,walk,-85,36,-1,-140,428,270,993,525,1,0
83579,1,walk,-112,59,-6,-148,378,266,992,485,1,0
83606,1,walk,-112,69,-7,-150,261,244,993,388,1,0
83632,1,walk,-99,66,-5,-114,163,217,994,294,1,0
83658,1,walk,-78,55,-3,-36,88,192,995,215,1,0
83684,1,walk,-48,48,-2,51,41,178,994,189,1,0
83710,1,walk,-23,46,-2,117,13,172,994,208,1,0
83736,1,walk,-16,43,-1,154,-23,165,996,226,1,0
83762,1,walk,-4,38,0,168,-68,154,997,237,1,0
83788,1,walk,13,35,0,164,-89,136,997,231,1,0
83814,1,walk,35,31,-2,140,-108,116,996,212,1,0
83840,1,walk,55,34,-5,120,-134,94,997,203,1,0
83866,1,walk,83,37,-10,104,-178,73,996,219,1,0
83892,1,walk,98,29,-11,80,-244,49,996,261,1,0
83918,1,walk,103,17,-10,69,-335,13,997,343,1,0
83944,1,walk,105,3,-8,84,-411,-38,997,421,1,0
83970,1,walk,105,-9,-7,113,-469,-94,997,492,1,0
83996,1,walk,102,-12,-6,129,-487,-149,997,525,1,0
84023,1,walk,86,-5,-4,114,-409,-199,997,469,1,0
84049,1,walk,52,7,-3,62,-255,-234,996,352,1,0
84075,1,walk,34,21,-2,-26,-145,-250,996,290,1,0
84101,1,walk,12,29,-1,-131,-90,-256,996,302,1,0
84127,1,walk,-23,18,2,-225,-107,-258,994,359,1,0
84154,1,walk,-55,-17,4,-271,-133,-254,992,395,1,0
84181,1,walk,-82,-59,5,-232,-116,-232,990,348,1,0
84208,1,walk,-77,-83,8,-112,-92,-214,992,258,1,0
84234,1,walk,-45,-82,7,26,-66,-213,992,225,1,0
84260,1,walk,-2,-67,4,130,-54,-226,990,266,1,0
84286,1,walk,29,-55,1,166,-38,-237,991,292,1,0
84312,1,walk,45,-50,0,134,-11,-239,992,274,1,0
84338,1,walk,41,-50,2,58,34,-230,994,240,1,0
84364,1,walk,27,-55,4,-26,82,-216,994,232,1,0
84390,1,walk,21,-70,6,-107,113,-205,995,257,1,0
84416,1,walk,22,-84,7,-153,120,-201,996,279,1,0
84442,1,walk,29,-92,7,-145,101,-197,997,265,1,0
84468,1,walk,36,-98,6,-100,76,-185,997,224,1,0
84494,1,walk,25,-95,8,-22,76,-161,997,179,1,0
84520,1,walk,21,-76,7,78,71,-138,997,174,1,0
84546,1,walk,29,-48,5,152,55,-106,996,193,1,0
84572,1,walk,36,-29,3,164,91,-53,996,195,1,0
84598,1,walk,6,-5,3,123,209,16,995,243,1,0
84631,1,walk,-35,25,-1,50,294,55,992,303,1,0
84657,1,walk,-85,48,-6,-38,334,51,988,340,1,0
84683,1,walk,-128,58,-10,-113,299,16,988,320,1,0
84710,1,walk,-125,52,-6,-133,215,-29,990,255,1,0
84737,1,walk,-98,44,-3,-80,146,-68,991,180,1,0
84763,1,walk,-57,39,-2,2,96,-98,991,138,1,0
84789,1,walk,-34,37,-1,62,92,-124,993,167,1,0
84815,1,walk,-28,35,0,82,92,-148,994,193,1,0
84841,1,walk,-18,33,1,66,69,-173,995,197,1,0
84867,1,walk,-4,31,1,24,39,-205,996,210,1,0
84893,1,walk,14,29,0,-22,4,-247,996,248,1,0
84919,1,walk,27,27,0,-55,-15,-293,996,298,1,0
84945,1,walk,46,28,-3,-59,-49,-330,996,338,1,0
84971,1,walk,72,30,-6,-35,-97,-351,996,366,1,0
84997,1,walk,95,24,-10,4,-169,-355,996,393,1,0
85023,1,walk,95,9,-8,46,-239,-341,996,418,1,0
85049,1,walk,84,0,-5,90,-284,-323,997,439,1,0
85075,1,walk,70,0,-3,115,-284,-324,997,446,1,0
85101,1,walk,59,9,-2,94,-300,-351,997,471,1,0
85127,1,walk,44,15,0,19,-295,-386,997,486,1,0
85153,1,walk,13,17,2,-77,-200,-412,996,465,1,0
85179,1,walk,-12,22,2,-166,-116,-424,996,470,1,0
85206,1,walk,-32,26,3,-236,-80,-431,996,498,1,0
85232,1,walk,-63,11,4,-286,-74,-435,995,526,1,0
85258,1,walk,-92,-14,5,-290,-58,-433,993,524,1,0
85285,1,walk,-105,-36,7,-219,-34,-421,994,476,1,0
85311,1,walk,-80,-43,8,-109,-30,-407,994,423,1,0
85337,1,walk,-30,-35,4,1,-46,-399,991,401,1,0
85363,1,walk,10,-24,0,75,-56,-396,991,406,1,0
85389,1,walk,28,-22,0,97,-52,-387,993,402,1,0
85415,1,walk,17,-23,3,82,-16,-370,994,380,1,0
85441,1,walk,8,-25,5,49,20,-352,995,356,1,0
85467,1,walk,9,-37,6,4,46,-340,996,343,1,0
85493,1,walk,24,-35,5,-22,65,-335,997,342,1,0
85519,1,walk,34,-21,3,-27,91,-335,997,348,1,0
85545,1,walk,42,-22,3,-17,93,-298,997,313,1,0
85571,1,walk,47,-17,2,33,98,-217,997,241,1,0
85597,1,walk,37,-10,3,100,131,-128,998,209,1,0
85623,1,walk,7,3,3,115,213,-61,996,249,1,0
85649,1,walk,-3,5,4,100,293,20,997,310,1,0
85675,1,walk,-29,23,2,67,450,86,995,463,1,0
85701,1,walk,-66,38,-1,-15,540,97,994,549,1,0
85727,1,walk,-93,49,-2,-78,526,90,994,540,1,0
85753,1,walk,-116,41,-2,-93,451,93,994,470,1,0
85779,1,walk,-128,47,-3,-36,352,130,995,377,1,0
85805,1,walk,-134,60,-5,34,278,162,995,323,1,0
85831,1,walk,-127,72,-6,71,231,159,996,290,1,0
85857,1,walk,-100,73,-5,56,199,134,996,247,1,0
85883,1,walk,-76,64,-3,5,170,105,996,200,1,0
85909,1,walk,-53,40,0,-52,78,90,995,130,1,0
85935,1,walk,-29,20,1,-97,-49,67,994,128,1,0
85961,1,walk,-17,18,2,-121,-149,34,995,195,1,0
85987,1,walk,-8,19,2,-125,-234,4,996,265,1,0
86013,1,walk,21,23,-1,-98,-305,-22,996,321,1,0
86039,1,walk,39,39,-5,-70,-271,-44,995,283,1,0
86065,1,walk,61,40,-7,-66,-264,-68,995,280,1,0
86091,1,walk,84,34,-10,-54,-246,-92,995,269,1,0
86117,1,walk,83,26,-8,-54,-206,-119,996,244,1,0
86143,1,walk,49,14,-3,-75,-168,-135,995,228,1,0
86169,1,walk,31,-8,1,-122,-176,-128,995,249,1,0
86195,1,walk,23,-16,3,-190,-96,-138,995,254,1,0
86221,1,walk,-6,-31,6,-226,-7,-169,995,283,1,0
86247,1,walk,-43,-47,6,-212,44,-200,993,294,1,0
86273,1,walk,-83,-54,6,-146,114,-227,992,293,1,0
86308,1,walk,-118,-63,4,-74,155,-260,991,312,1,0
86334,1,walk,-142,-72,3,-45,152,-284,992,325,1,0
86360,1,walk,-144,-62,4,-19,132,-280,993,310,1,0
86386,1,walk,-111,-39,4,21,80,-268,993,281,1,0
86412,1,walk,-67,-23,3,58,-9,-268,991,275,1,0
86438,1,walk,-38,-17,3,77,-113,-274,992,307,1,0
86464,1,walk,-20,-16,4,82,-211,-270,993,353,1,0
86490,1,walk,-14,-26,6,72,-263,-248,994,369,1,0
86516,1,walk,-10,-32,7,69,-291,-209,995,365,1,0
86542,1,walk,4,-38,7,41,-309,-159,996,350,1,0
86568,1,walk,21,-43,7,9,-314,-106,996,332,1,0
86594,1,walk,36,-52,6,-24,-292,-46,997,297,1,0
86620,1,walk,50,-55,5,-51,-230,28,997,237,1,0
86646,1,walk,43,-47,6,-51,-159,109,997,199,1,0
86672,1,walk,34,-33,6,-35,-125,190,997,230,1,0
86698,1,walk,33,-27,6,-30,-73,291,998,301,1,0
86724,1,walk,27,-16,5,-42,23,384,998,387,1,0
86750,1,walk,9,-1,4,-76,104,447,997,466,1,0
86776,1,walk,-5,19,3,-82,150,489,996,518,1,0
86802,1,walk,-14,37,0,-48,161,501,996,528,1,0
86828,1,walk,-27,55,-2,16,152,498,996,521,1,0
86854,1,walk,-34,66,-4,87,146,488,996,517,1,0
86880,1,walk,-27,72,-4,138,154,471,996,515,1,0
86906,1,walk,-12,71,-5,154,182,454,997,513,1,0
86932,1,walk,4,66,-4,141,217,445,997,515,1,0
86958,1,walk,8,59,-3,114,233,444,997,515,1,0
86984,1,walk,16,47,-2,84,203,446,998,497,1,0
87010,1,walk,34,37,-2,69,144,441,997,469,1,0
87036,1,walk,52,30,-3,54,88,413,997,426,1,0
87062,1,walk,70,21,-4,30,31,370,997,372,1,0
87088,1,walk,90,16,-6,11,-24,335,997,336,1,0
87114,1,walk,110,23,-11,7,-103,312,997,329,1,0
87140,1,walk,125,19,-14,0,-175,295,997,343,1,0
87166,1,walk,126,11,-13,2,-223,275,997,354,1,0
87192,1,walk,108,7,-9,-5,-220,243,997,328,1,0
87218,1,walk,79,4,-5,-33,-194,205,996,284,1,0
87244,1,walk,49,-1,-1,-37,-154,175,996,236,1,0
87270,1,walk,14,-5,2,1,-64,138,995,153,1,0
87296,1,walk,-26,-13,3,25,32,83,993,92,1,0
87322,1,walk,-58,-24,5,8,71,25,993,76,1,0
87348,1,walk,-72,-33,6,-12,49,-18,994,53,1,0
87374,1,walk,-91,-41,7,1,9,-51,994,52,1,0
87400,1,walk,-107,-52,7,17,-43,-83,994,95,1,0
87426,1,walk,-105,-55,8,31,-78,-110,995,138,1,0
87452,1,walk,-80,-45,8,51,-98,-135,996,175,1,0
87478,1,walk,-36,-28,5,76,-134,-163,993,224,1,0
87504,1,walk,0,-28,3,77,-181,-189,993,273,1,0
87530,1,walk,23,-37,3,67,-219,-194,994,300,1,0
87556,1,walk,37,-46,3,62,-234,-178,995,300,1,0
87582,1,walk,56,-49,2,63,-237,-160,995,293,1,0
87608,1,walk,65,-48,1,76,-226,-144,996,278,1,0
87634,1,walk,55,-48,3,100,-173,-113,997,230,1,0
87660,1,walk,43,-37,4,106,-120,-58,997,171,1,0
87686,1,walk,45,-20,3,68,-93,15,997,116,1,0
87712,1,walk,32,-12,3,14,-72,101,997,125,1,0
87738,1,walk,22,-4,4,-19,-62,194,997,204,1,0
87764,1,walk,21,-2,4,-15,-58,294,998,300,1,0
87790,1,walk,25,-1,3,18,-3,383,998,383,1,0
87816,1,walk,22,8,3,59,92,429,998,443,1,0
87842,1,walk,4,27,1,96,209,440,997,497,1,0
87868,1,walk,-16,43,-1,107,257,431,996,513,1,0
87894,1,walk,-30,59,-3,103,229,415,996,485,1,0
87920,1,walk,-31,72,-5,105,149,399,996,439,1,0
87946,1,walk,-34,80,-6,115,94,370,997,398,1,0
87980,1,walk,-15,79,-7,120,55,315,997,342,1,0
88006,1,walk,22,71,-9,121,36,255,995,285,1,0
88032,1,walk,53,54,-11,119,23,204,994,238,1,0
88058,1,walk,67,36,-10,125,-17,167,994,209,1,0
88084,1,walk,72,23,-8,133,-73,146,995,210,1,0
88110,1,walk,83,23,-9,134,-126,127,996,224,1,0
88136,1,walk,96,22,-11,128,-172,101,996,237,1,0
88162,1,walk,110,24,-14,116,-222,72,996,261,1,0
88188,1,walk,136,31,-21,99,-284,51,996,305,1,0
88214,1,walk,138,31,-21,71,-309,25,997,318,1,0
88240,1,walk,129,29,-18,44,-330,-4,997,333,1,0
88266,1,walk,133,29,-19,-11,-352,-45,998,355,1,0
88293,1,walk,131,30,-19,-80,-353,-102,998,376,1,0
88320,1,walk,115,25,-15,-144,-325,-160,998,390,1,0
88347,1,walk,78,28,-10,-174,-198,-248,996,362,1,0
88374,1,walk,58,35,-8,-179,-72,-316,996,370,1,0
88400,1,walk,40,43,-7,-193,28,-331,996,384,1,0
88426,1,walk,4,43,-4,-221,68,-308,995,385,1,0
88452,1,walk,-33,29,0,-241,84,-272,993,373,1,0
88478,1,walk,-66,12,3,-224,120,-241,992,350,1,0
88504,1,walk,-73,0,5,-160,161,-229,994,322,1,0
88530,1,walk,-48,-3,5,-73,196,-238,994,317,1,0
88556,1,walk,-5,-7,1,-2,221,-251,992,335,1,0
88582,1,walk,14,-11,1,35,265,-251,993,366,1,0
88608,1,walk,16,-10,2,37,309,-234,995,389,1,0
88634,1,walk,-2,-8,4,9,346,-210,996,405,1,0
88660,1,walk,-25,-16,7,-52,348,-186,996,398,1,0
88686,1,walk,-38,-28,9,-126,320,-164,996,381,1,0
88712,1,walk,-31,-40,10,-177,261,-147,996,348,1,0
88738,1,walk,-16,-55,10,-189,187,-136,996,299,1,0
88764,1,walk,-22,-68,11,-150,132,-110,997,228,1,0
88790,1,walk,-22,-70,11,-59,84,-54,997,116,1,0
88816,1,walk,-24,-56,11,53,52,25,997,79,1,0
88842,1,walk,-28,-40,10,137,28,121,997,185,1,0
88868,1,walk,-21,-27,9,173,44,229,998,290,1,0
88894,1,walk,-43,-4,6,166,133,319,996,383,1,0
88920,1,walk,-62,27,2,121,208,369,995,440,1,0
88946,1,walk,-89,56,-4,33,270,379,993,467,1,0
88972,1,walk,-121,71,-8,-73,274,360,992,458,1,0
88998,1,walk,-128,73,-8,-156,243,329,994,438,1,0
89024,1,walk,-118,67,-5,-180,233,289,995,412,1,0
89050,1,walk,-97,49,-2,-162,238,256,995,385,1,0
89076,1,walk,-73,34,1,-120,254,242,995,371,1,0
89102,1,walk,-52,28,2,-80,249,244,995,357,1,0
89128,1,walk,-37,23,3,-62,198,248,996,324,1,0
89154,1,walk,-23,10,4,-75,106,243,997,276,1,0
89180,1,walk,-7,-10,5,-98,11,225,996,246,1,0
89206,1,walk,10,-27,5,-106,-56,192,996,227,1,0
89232,1,walk,36,-40,3,-102,-104,144,995,205,1,0
89258,1,walk,51,-50,3,-97,-123,80,996,176,1,0
89284,1,walk,61,-52,2,-81,-139,9,997,161,1,0
89310,1,walk,60,-54,3,-54,-165,-54,997,182,1,0
89336,1,walk,56,-53,4,-9,-221,-105,997,245,1,0
89362,1,walk,68,-50,1,38,-319,-150,997,354,1,0
89388,1,walk,75,-48,0,73,-425,-177,998,466,1,0
89414,1,walk,71,-48,1,101,-530,-172,998,567,1,0
89440,1,walk,53,-39,3,110,-551,-155,998,583,1,0
89466,1,walk,8,-26,4,83,-501,-158,995,531,1,0
89492,1,walk,-42,-16,3,45,-431,-196,992,476,1,0
89518,1,walk,-84,-21,3,-1,-346,-256,991,430,1,0
89544,1,walk,-105,-35,4,-36,-258,-313,992,407,1,0
89570,1,walk,-91,-50,7,-38,-161,-352,993,389,1,0
89596,1,walk,-52,-55,6,-5,-57,-364,992,368,1,0
89622,1,walk,-1,-45,1,28,31,-362,990,364,1,0
89656,1,walk,33,-25,-3,17,93,-348,990,360,1,0
89682,1,walk,26,-18,0,-33,128,-330,992,356,1,0
89708,1,walk,4,-28,3,-105,143,-308,993,356,1,0
89734,1,walk,-16,-47,6,-161,160,-286,994,365,1,0
89760,1,walk,-26,-73,7,-180,170,-260,993,359,1,0
89786,1,walk,-16,-91,8,-149,163,-227,994,317,1,0
89812,1,walk,8,-92,6,-84,130,-203,995,255,1,0
89838,1,walk,22,-81,5,-7,109,-197,995,226,1,0
89864,1,walk,13,-70,7,48,109,-185,996,220,1,0
89890,1,walk,8,-54,7,64,112,-138,996,189,1,0
89916,1,walk,5,-36,6,29,132,-57,996,147,1,0
89942,1,walk,-4,-15,6,-42,218,33,996,224,1,0
89968,1,walk,-45,12,2,-101,316,91,993,344,1,0
89994,1,walk,-78,43,-3,-144,371,108,991,412,1,0
90020,1,walk,-114,67,-9,-202,376,93,990,437,1,0
90046,1,walk,-128,72,-9,-250,315,75,992,409,1,0
90072,1,walk,-120,60,-5,-231,258,71,993,353,1,0
90098,1,walk,-100,47,-2,-134,228,87,994,278,1,0
90124,1,walk,-72,41,-1,-9,218,106,994,242,1,0
90150,1,walk,-50,42,0,90,216,120,995,263,1,0
90176,1,walk,-40,40,1,138,186,128,995,265,1,0
90202,1,walk,-29,29,2,135,112,136,996,221,1,0
90228,1,walk,-5,15,3,101,26,141,996,175,1,0
90254,1,walk,15,5,3,57,-38,137,996,153,1,0
90280,1,walk,32,3,1,26,-90,118,996,151,1,0
90306,1,walk,55,8,-2,21,-153,85,996,176,1,0
90332,1,walk,87,11,-7,27,-230,49,995,237,1,0
90358,1,walk,100,1,-8,27,-298,23,995,300,1,0
90384,1,walk,95,-11,-5,36,-332,0,996,334,1,0
90410,1,walk,91,-15,-4,46,-328,-25,997,332,1,0
90436,1,walk,87,-15,-3,27,-309,-67,997,317,1,0
90462,1,walk,82,-16,-2,-47,-309,-107,997,331,1,0
90489,1,walk,68,-20,0,-140,-262,-123,998,322,1,0
90516,1,walk,33,-17,3,-203,-137,-110,996,268,1,0
90542,1,walk,-10,-9,3,-220,-32,-103,994,245,1,0
90568,1,walk,-57,-8,3,-214,45,-120,992,249,1,0
90594,1,walk,-103,-26,2,-195,87,-147,990,260,1,0
90621,1,walk,-125,-58,2,-133,97,-162,990,231,1,0
90647,1,walk,-125,-82,4,-22,121,-149,991,193,1,0
90673,1,walk,-85,-78,5,108,144,-124,991,218,1,0
90699,1,walk,-38,-54,3,203,160,-118,989,284,1,0
90725,1,walk,-7,-32,1,236,154,-131,989,311,1,0
90751,1,walk,-2,-22,3,208,126,-141,992,281,1,0
90777,1,walk,-21,-32,5,132,98,-131,993,210,1,0
90803,1,walk,-34,-52,7,44,59,-103,993,126,1,0
90829,1,walk,-36,-70,8,-20,28,-76,995,84,1,0
90855,1,walk,-16,-79,8,-45,-13,-65,995,80,1,0
90881,1,walk,7,-73,7,-35,-68,-69,995,103,1,0
90907,1,walk,20,-65,6,-4,-114,-69,996,133,1,0
90933,1,walk,12,-52,7,32,-120,-38,996,130,1,0
90959,1,walk,12,-34,6,56,-122,31,996,138,1,0
90985,1,walk,16,-14,5,56,-131,135,996,196,1,0
91011,1,walk,39,-1,1,32,-117,250,996,278,1,0
91037,1,walk,17,16,1,5,-18,349,995,349,1,0
91063,1,walk,-19,40,-1,-20,64,399,993,405,1,0
91089,1,walk,-61,62,-6,-60,127,406,991,429,1,0
91115,1,walk,-97,68,-8,-115,150,395,991,437,1,0
91141,1,walk,-101,62,-5,-144,147,381,992,433,1,0
91167,1,walk,-85,48,-2,-124,155,366,993,417,1,0
91193,1,walk,-50,33,0,-82,160,353,993,396,1,0
91219,1,walk,-16,29,-1,-51,171,344,993,388,1,0
91245,1,walk,5,28,-1,-53,166,335,994,377,1,0
91271,1,walk,3,24,1,-78,128,320,995,353,1,0
91297,1,walk,18,13,2,-112,60,291,996,318,1,0
91331,1,walk,41,-3,1,-134,-2,254,996,287,1,0
91357,1,walk,67,-11,-2,-120,-55,214,995,251,1,0
91383,1,walk,94,-14,-5,-75,-110,176,995,221,1,0
91409,1,walk,119,-17,-10,-21,-174,149,995,230,1,0
91435,1,walk,124,-26,-9,27,-214,131,996,252,1,0
91461,1,walk,110,-32,-6,76,-225,115,996,264,1,0
91487,1,walk,97,-31,-4,115,-224,86,996,266,1,0
91513,1,walk,91,-28,-3,102,-227,44,997,253,1,0
91539,1,walk,70,-21,0,60,-214,13,997,223,1,0
91565,1,walk,33,-11,2,3,-141,1,996,141,1,0
91591,1,walk,-5,0,3,-63,-72,5,994,96,1,0
91617,1,walk,-45,2,3,-130,-27,15,992,134,1,0
91643,1,walk,-85,-13,3,-182,-9,26,991,184,1,0
91669,1,walk,-107,-36,4,-179,6,25,991,181,1,0
91695,1,walk,-102,-59,6,-107,47,13,993,117,1,0
91721,1,walk,-64,-68,6,14,89,-8,992,90,1,0
91747,1,walk,-12,-65,2,126,130,-32,990,183,1,0
91773,1,walk,14,-57,2,192,162,-52,991,257,1,0
91799,1,walk,8,-53,4,206,184,-66,993,284,1,0
91825,1,walk,-12,-57,6,180,191,-70,994,272,1,0
91851,1,walk,-38,-69,7,134,199,-66,994,249,1,0
91877,1,walk,-51,-80,8,98,188,-57,995,220,1,0
91903,1,walk,-42,-84,9,80,146,-61,996,177,1,0
91929,1,walk,-30,-80,9,83,83,-78,997,141,1,0
91955,1,walk,-21,-70,9,102,2,-87,997,134,1,0
91981,1,walk,-19,-54,9,119,-60,-76,997,153,1,0
92007,1,walk,-18,-35,8,126,-97,-39,997,164,1,0
92033,1,walk,-14,-13,6,118,-130,32,996,179,1,0
92059,1,walk,12,5,3,69,-146,134,996,210,1,0
92085,1,walk,-16,31,1,-10,-70,235,994,245,1,0
92111,1,walk,-47,58,-3,-75,-7,281,992,291,1,0
92137,1,walk,-86,84,-9,-124,53,265,990,297,1,0
92163,1,walk,-96,95,-10,-169,48,211,992,274,1,0
92189,1,walk,-78,90,-7,-181,39,158,993,243,1,0
92215,1,walk,-58,70,-4,-140,61,136,994,204,1,0
92241,1,walk,-34,55,-2,-58,101,145,994,186,1,0
92267,1,walk,-3,55,-3,18,146,159,994,217,1,0
92293,1,walk,7,58,-2,45,182,161,995,247,1,0
92319,1,walk,7,51,0,22,165,147,996,222,1,0
92345,1,walk,19,35,1,-29,122,125,996,177,1,0
92371,1,walk,38,21,1,-81,81,98,996,151,1,0
92397,1,walk,62,16,-2,-113,21,70,996,135,1,0
92423,1,walk,84,15,-5,-115,-51,44,996,133,1,0
92449,1,walk,100,7,-6,-86,-130,26,996,158,1,0
92475,1,walk,105,-7,-6,-32,-210,7,996,212,1,0
92501,1,walk,99,-18,-4,46,-273,-27,997,279,1,0
92527,1,walk,95,-25,-3,122,-345,-68,997,372,1,0
92553,1,walk,95,-22,-3,166,-395,-98,998,440,1,0
92579,1,walk,77,-15,-1,158,-413,-110,997,455,1,0
92605,1,walk,53,1,0,118,-334,-112,997,372,1,0
92631,1,walk,20,19,0,46,-224,-113,995,255,1,0
92657,1,walk,-16,33,0,-52,-139,-122,994,192,1,0
92683,1,walk,-56,28,0,-156,-73,-129,993,215,1,0
92709,1,walk,-88,5,1,-221,-10,-126,992,255,1,0
92735,1,walk,-104,-21,3,-204,58,-105,992,237,1,0
92761,1,walk,-82,-29,5,-105,113,-74,993,171,1,0
92787,1,walk,-39,-19,3,19,153,-50,992,162,1,0
92813,1,walk,-2,1,0,120,163,-33,991,205,1,0
92839,1,walk,10,14,0,168,148,-14,993,224,1,0
92865,1,walk,3,12,2,159,124,20,995,203,1,0
92891,1,walk,-18,-2,4,111,100,66,995,163,1,0
92917,1,walk,-30,-21,6,57,73,121,995,153,1,0
92943,1,walk,-19,-36,7,23,37,166,995,171,1,0
92969,1,walk,1,-42,6,19,-11,183,996,185,1,0
93002,1,walk,17,-51,6,37,-64,189,996,203,1,0
93028,1,walk,20,-52,6,63,-75,215,997,236,1,0
93054,1,walk,21,-43,6,81,-65,266,997,285,1,0
93080,1,walk,23,-26,5,81,-38,325,997,337,1,0
93106,1,walk,31,-16,4,55,3,387,997,391,1,0
93132,1,walk,25,-3,3,21,124,445,997,462,1,0
93158,1,walk,-8,23,1,-14,227,481,995,532,1,0
93184,1,walk,-34,55,-3,-64,285,489,993,569,1,0
93210,1,walk,-75,86,-11,-135,307,484,990,588,1,0
93237,1,walk,-88,97,-12,-203,241,479,992,573,1,0
93263,1,walk,-73,91,-9,-215,188,476,993,555,1,0
93289,1,walk,-50,74,-6,-160,179,481,993,537,1,0
93315,1,walk,-21,61,-4,-68,199,499,993,542,1,0
93341,1,walk,-2,55,-4,15,228,525,994,572,1,0
93367,1,walk,3,52,-2,59,216,549,995,592,1,0
93393,1,walk,7,41,0,54,155,567,996,590,1,0
93419,1,walk,20,28,1,29,71,578,997,583,1,0
93445,1,walk,40,15,0,6,-18,584,996,584,1,0
93471,1,walk,72,7,-4,-1,-109,591,995,601,1,0
93497,1,walk,102,0,-9,-1,-189,591,995,621,1,0
93523,1,walk,111,-12,-9,12,-254,580,995,634,1,0
93549,1,walk,114,-26,-8,41,-319,554,996,641,1,0
93575,1,walk,135,-38,-12,75,-396,507,996,648,1,0
93601,1,walk,130,-46,-10,103,-416,440,996,614,1,0
93627,1,walk,136,-50,-11,111,-432,377,997,584,1,0
93653,1,walk,134,-50,-11,80,-432,341,997,556,1,0
93679,1,walk,106,-32,-7,19,-361,310,996,476,1,0
93705,1,walk,56,-12,-4,-75,-268,255,992,377,1,0
93731,1,walk,1,1,-2,-178,-179,176,989,307,1,0
93757,1,walk,-56,-8,-1,-258,-101,94,987,293,1,0
93783,1,walk,-94,-35,0,-276,-42,36,986,282,1,0
93809,1,walk,-102,-57,2,-201,35,12,988,205,1,0
93835,1,walk,-73,-61,4,-61,125,11,990,139,1,0
93861,1,walk,-23,-45,1,86,205,13,988,223,1,0
93887,1,walk,22,-23,-3,191,259,15,987,322,1,0
93913,1,walk,38,-10,-4,225,288,22,990,366,1,0
93939,1,walk,28,-12,0,191,293,36,992,351,1,0
93965,1,walk,-6,-27,3,118,295,56,992,323,1,0
93991,1,walk,-34,-52,5,51,282,81,991,298,1,0
94017,1,walk,-45,-73,6,21,257,106,992,278,1,0
94043,1,walk,-36,-79,7,35,200,124,994,238,1,0
94069,1,walk,-14,-77,7,74,109,136,994,189,1,0
94095,1,walk,-3,-71,7,115,37,147,995,191,1,0
94121,1,walk,-7,-58,8,154,12,165,996,226,1,0
94147,1,walk,-17,-40,8,175,26,194,996,263,1,0
94173,1,walk,-26,-19,8,165,33,253,996,304,1,0
94199,1,walk,-25,-2,7,95,38,343,996,358,1,0
94225,1,walk,-50,22,4,23,104,421,995,434,1,0
94251,1,walk,-76,50,0,0,126,449,993,467,1,0
94277,1,walk,-93,69,-3,-2,97,426,994,436,1,0
94303,1,walk,-91,80,-4,13,54,371,994,375,1,0
94329,1,walk,-84,79,-3,47,39,320,995,325,1,0
94355,1,walk,-67,68,0,101,20,287,996,305,1,0
94381,1,walk,-35,58,0,152,17,272,995,312,1,0
94407,1,walk,-8,55,-1,169,38,261,995,313,1,0
94433,1,walk,3,54,0,150,46,243,996,289,1,0
94459,1,walk,15,47,0,103,19,219,996,243,1,0
94485,1,walk,33,35,0,39,-16,192,996,197,1,0
94511,1,walk,60,20,-3,-34,-63,168,996,183,1,0
94537,1,walk,80,11,-5,-90,-107,142,995,199,1,0
94563,1,walk,102,10,-8,-108,-163,112,996,225,1,0
94589,1,walk,124,12,-12,-98,-231,82,996,264,1,0
94615,1,walk,134,3,-13,-85,-290,55,996,307,1,0
94641,1,walk,121,-7,-10,-53,-317,24,997,322,1,0
94675,1,walk,108,-12,-7,6,-308,-21,997,309,1,0
94701,1,walk,94,-11,-5,34,-276,-64,997,286,1,0
94727,1,walk,65,-3,-2,44,-185,-103,996,216,1,0
94753,1,walk,27,12,0,29,-11,-137,994,141,1,0
94779,1,walk,-2,32,0,0,146,-170,993,224,1,0
94805,1,walk,-22,45,-1,-44,233,-197,994,308,1,0
94831,1,walk,-47,36,2,-101,245,-207,994,336,1,0
94857,1,walk,-77,12,3,-122,242,-195,993,334,1,0
94883,1,walk,-102,-15,4,-71,257,-158,992,310,1,0
94909,1,walk,-99,-23,7,30,254,-120,994,283,1,0
94935,1,walk,-70,-11,6,142,229,-108,994,290,1,0
94961,1,walk,-46,0,6,216,181,-119,994,306,1,0
94987,1,walk,-36,-2,7,240,114,-129,996,296,1,0
95013,1,walk,-40,-13,8,225,66,-121,996,264,1,0
95039,1,walk,-49,-24,9,189,36,-98,996,216,1,0
95065,1,walk,-48,-29,9,148,-2,-82,997,169,1,0
95091,1,walk,-33,-27,9,115,-54,-90,997,156,1,0
95117,1,walk,-13,-23,8,89,-129,-112,997,193,1,0
95143,1,walk,-2,-24,7,63,-186,-120,997,230,1,0
95169,1,walk,-2,-21,8,51,-198,-90,998,224,1,0
95195,1,walk,-2,-10,7,55,-204,-18,998,212,1,0
95221,1,walk,11,8,4,53,-229,85,997,250,1,0
95247,1,walk,33,22,0,15,-206,203,997,289,1,0
95273,1,walk,8,39,-1,-39,-89,296,996,311,1,0
95299,1,walk,-30,58,-4,-78,34,325,993,336,1,0
95325,1,walk,-70,81,-9,-105,126,290,991,333,1,0
95351,1,walk,-92,88,-10,-135,163,226,992,310,1,0
95377,1,walk,-91,76,-6,-138,178,174,994,284,1,0
95403,1,walk,-74,58,-3,-90,189,155,994,261,1,0
95429,1,walk,-44,50,-2,-20,207,158,994,261,1,0
95455,1,walk,-18,56,-3,28,230,155,994,278,1,0
95481,1,walk,-3,64,-4,32,213,136,995,254,1,0
95507,1,walk,8,58,-3,1,137,106,996,173,1,0
95533,1,walk,22,34,-1,-41,48,79,995,101,1,0
95559,1,walk,34,12,0,-62,-25,59,995,89,1,0
95585,1,walk,51,9,-1,-45,-76,37,996,96,1,0
95611,1,walk,78,15,-5,-2,-119,5,996,119,1,0
95637,1,walk,100,18,-9,42,-170,-19,996,176,1,0
95663,1,walk,112,16,-11,72,-218,-30,996,231,1,0
95689,1,walk,112,14,-10,76,-238,-53,997,256,1,0
95715,1,walk,104,13,-9,72,-272,-112,997,303,1,0
95741,1,walk,99,6,-7,61,-346,-174,997,392,1,0
95767,1,walk,78,-3,-3,25,-403,-198,997,450,1,0
95793,1,walk,38,-4,0,-11,-390,-210,995,443,1,0
95819,1,walk,-8,2,1,-20,-344,-235,993,417,1,0
95845,1,walk,-39,6,2,-13,-315,-277,993,420,1,0
95871,1,walk,-59,-4,4,-9,-310,-312,993,440,1,0
95897,1,walk,-69,-25,6,12,-296,-323,994,438,1,0
95923,1,walk,-57,-42,8,74,-258,-304,995,406,1,0
95949,1,walk,-20,-36,6,164,-200,-268,994,372,1,0
95975,1,walk,29,-10,-3,239,-139,-235,990,363,1,0
96001,1,walk,63,17,-10,256,-83,-217,990,346,1,0
96027,1,walk,67,22,-9,206,-26,-207,992,293,1,0
96053,1,walk,56,7,-5,121,32,-186,993,225,1,0
96079,1,walk,43,-14,-1,39,89,-154,993,182,1,0
96105,1,walk,48,-33,0,-21,117,-120,994,169,1,0
96131,1,walk,64,-43,-1,-41,126,-103,995,168,1,0
96157,1,walk,70,-47,0,-13,117,-95,996,152,1,0
96183,1,walk,69,-48,0,38,92,-76,997,126,1,0
96209,1,walk,63,-42,1,84,83,-47,997,127,1,0
96235,1,walk,47,-27,2,117,109,-20,997,162,1,0
96261,1,walk,39,-4,1,143,128,5,996,192,1,0
96287,1,walk,37,13,-1,138,138,52,996,202,1,0
96313,1,walk,35,35,-3,94,198,131,996,255,1,0
96347,1,walk,-10,54,-4,13,290,199,993,352,1,0
96373,1,walk,-68,70,-9,-65,342,229,989,417,1,0
96399,1,walk,-106,78,-11,-135,346,220,989,431,1,0
96426,1,walk,-115,72,-8,-173,316,194,991,409,1,0
96452,1,walk,-106,55,-3,-149,275,178,993,360,1,0
96478,1,walk,-75,41,-1,-77,250,176,993,316,1,0
96504,1,walk,-34,42,-2,-9,262,177,992,316,1,0
96530,1,walk,-15,54,-4,26,290,162,993,333,1,0
96556,1,walk,-6,55,-4,22,280,136,994,312,1,0
96582,1,walk,0,44,-2,-10,245,115,995,271,1,0
96608,1,walk,8,31,0,-44,202,110,995,234,1,0
96634,1,walk,27,28,-1,-59,135,101,996,179,1,0
96660,1,walk,49,27,-4,-56,48,78,996,108,1,0
96686,1,walk,63,18,-4,-40,-39,42,996,70,1,0
96712,1,walk,72,4,-4,-13,-109,-4,996,109,1,0
96738,1,walk,70,-9,-2,31,-141,-65,997,158,1,0
96764,1,walk,60,-22,0,89,-140,-143,997,219,1,0
96790,1,walk,54,-28,2,125,-132,-229,997,293,1,0
96816,1,walk,57,-30,2,87,-149,-315,997,359,1,0
96842,1,walk,38,-27,4,1,-108,-388,997,403,1,0
96868,1,walk,1,-24,6,-103,-36,-437,996,451,1,0
96894,1,walk,-46,-22,6,-186,54,-469,993,508,1,0
96920,1,walk,-99,-28,3,-229,122,-497,990,560,1,0
96947,1,walk,-144,-49,0,-229,121,-516,988,577,1,0
96974,1,walk,-160,-83,0,-162,82,-506,989,537,1,0
97000,1,walk,-149,-108,2,-33,53,-459,990,463,1,0
97027,1,walk,-112,-101,5,131,34,-404,991,426,1,0
97053,1,walk,-62,-65,2,268,10,-382,987,467,1,0
97079,1,walk,-31,-31,0,325,-8,-401,987,516,1,0
97105,1,walk,-28,-15,1,300,-20,-431,989,526,1,0
97131,1,walk,-36,-16,4,235,-26,-441,992,500,1,0
97157,1,walk,-46,-27,7,168,-22,-425,993,457,1,0
97183,1,walk,-45,-40,9,119,-27,-403,995,421,1,0
97209,1,walk,-39,-42,10,101,-54,-394,996,410,1,0
97235,1,walk,-21,-35,9,114,-116,-403,996,435,1,0
97261,1,walk,-5,-31,8,142,-191,-400,996,465,1,0
97287,1,walk,-2,-26,8,172,-245,-356,997,465,1,0
97313,1,walk,4,-10,6,196,-281,-280,997,443,1,0
97339,1,walk,12,10,4,196,-267,-196,996,385,1,0
97365,1,walk,0,34,1,176,-167,-132,996,277,1,0
97391,1,walk,-35,62,-4,145,-59,-104,993,188,1,0
97417,1,walk,-60,91,-9,74,-2,-93,992,119,1,0
97443,1,walk,-79,104,-12,-43,4,-85,993,95,1,0
97469,1,walk,-86,99,-10,-158,-13,-71,994,173,1,0
97495,1,walk,-79,89,-7,-209,-18,-68,995,221,1,0
97521,1,walk,-61,77,-4,-211,22,-93,996,232,1,0
97547,1,walk,-36,65,-2,-202,103,-138,996,265,1,0
97573,1,walk,-17,58,-2,-195,182,-190,996,328,1,0
97599,1,walk,-7,50,-1,-195,235,-237,996,386,1,0
97625,1,walk,9,39,0,-198,251,-267,996,417,1,0
97651,1,walk,14,27,2,-200,237,-276,996,415,1,0
97677,1,walk,29,24,1,-189,171,-266,997,368,1,0
97703,1,walk,47,28,-1,-156,71,-252,997,305,1,0
97729,1,walk,66,32,-4,-98,-52,-246,997,269,1,0
97755,1,walk,91,34,-8,-24,-185,-257,996,318,1,0
97781,1,walk,95,30,-8,55,-282,-291,997,409,1,0
97807,1,walk,83,13,-4,135,-336,-332,997,491,1,0
97833,1,walk,82,0,-3,188,-396,-371,997,574,1,0
97859,1,walk,91,0,-4,190,-451,-415,997,641,1,0
97885,1,walk,86,4,-4,128,-482,-456,998,676,1,0
97911,1,walk,57,12,-1,29,-383,-475,997,611,1,0
97937,1,walk,10,21,-1,-81,-255,-478,994,548,1,0
97963,1,walk,-31,24,0,-180,-142,-485,993,536,1,0
97990,1,walk,-74,6,1,-258,-57,-498,991,564,1,0
98025,1,walk,-91,-29,3,-254,-25,-501,991,562,1,0
98051,1,walk,-79,-59,6,-168,5,-477,991,506,1,0
98077,1,walk,-45,-67,6,-48,25,-436,991,439,1,0
98103,1,walk,-2,-49,3,50,45,-401,990,407,1,0
98129,1,walk,24,-28,0,93,70,-387,990,404,1,0
98155,1,walk,27,-18,1,75,97,-385,992,404,1,0
98181,1,walk,19,-19,3,21,130,-379,994,401,1,0
98207,1,walk,5,-28,5,-38,163,-361,995,398,1,0
98233,1,walk,-9,-38,7,-67,193,-323,995,382,1,0
98259,1,walk,12,-41,7,-59,174,-271,996,327,1,0
98285,1,walk,21,-42,7,-44,149,-220,997,270,1,0
98311,1,walk,21,-36,7,-22,145,-176,997,229,1,0
98337,1,walk,4,-30,8,-2,170,-131,997,214,1,0
98363,1,walk,-8,-20,8,-3,192,-75,997,206,1,0
98389,1,walk,-13,-7,7,-26,197,1,997,199,1,0
98415,1,walk,-3,-1,6,-68,193,110,997,232,1,0
98441,1,walk,-35,10,4,-105,254,224,996,355,1,0
98467,1,walk,-67,27,1,-126,291,301,994,437,1,0
98493,1,walk,-103,43,-4,-137,307,316,993,462,1,0
98520,1,walk,-135,47,-7,-141,273,285,993,419,1,0
98547,1,walk,-138,43,-5,-103,206,237,994,330,1,0
98573,1,walk,-119,37,-2,-42,155,198,995,255,1,0
98599,1,walk,-86,35,-1,7,137,174,994,221,1,0
98625,1,walk,-56,38,-1,24,154,158,994,222,1,0
98651,1,walk,-41,40,0,12,164,140,995,216,1,0
98677,1,walk,-29,36,1,-12,137,121,996,183,1,0
98703,1,walk,-18,28,2,-33,83,97,997,132,1,0
98729,1,walk,0,13,3,-36,14,70,996,80,1,0
98754,1,walk,11,8,4,-2,-54,38,997,66,1,0
98779,1,walk,37,4,2,48,-124,-7,996,133,1,0
98805,1,walk,74,3,-4,97,-206,-59,995,236,1,0
98831,1,walk,97,-3,-6,115,-287,-115,995,330,1,0
98857,1,walk,98,-8,-5,104,-334,-156,996,383,1,0
98883,1,walk,88,-10,-3,74,-330,-189,997,388,1,0
98909,1,walk,78,-2,-2,36,-295,-223,997,371,1,0
98935,1,walk,72,10,-3,-34,-251,-263,997,365,1,0
98962,1,walk,35,20,-1,-113,-192,-292,995,368,1,0
98989,1,walk,2,22,0,-192,-108,-293,995,366,1,0
99015,1,walk,-21,26,1,-259,-58,-275,995,382,1,0
99041,1,walk,-45,27,1,-294,-38,-266,995,398,1,0
99067,1,walk,-69,14,2,-285,-63,-274,995,401,1,0
99093,1,walk,-87,-11,4,-228,-79,-285,994,373,1,0
99119,1,walk,-102,-36,5,-116,-65,-282,994,311,1,0
99146,1,walk,-101,-44,7,31,-32,-266,995,270,1,0
99172,1,walk,-69,-33,6,168,16,-260,995,309,1,0
99198,1,walk,-39,-15,4,245,80,-271,994,374,1,0
99224,1,walk,-12,2,2,257,133,-285,993,406,1,0
99250,1,walk,5,9,1,218,178,-277,994,395,1,0
99276,1,walk,8,5,2,145,212,-238,995,350,1,0
99302,1,walk,-4,-2,4,75,231,-176,996,300,1,0
99328,1,walk,-6,-8,6,18,225,-110,997,252,1,0
99354,1,walk,-5,-11,7,-19,200,-54,998,208,1,0
99380,1,walk,3,-14,6,-36,147,-6,998,151,1,0
99406,1,walk,4,-16,7,-29,109,43,998,121,1,0
99432,1,walk,-4,-15,7,1,84,101,998,131,1,0
99457,1,walk,-5,-9,7,41,51,173,998,185,1,0
99483,1,walk,1,0,5,66,-1,253,998,261,1,0
99509,1,walk,16,8,3,60,-31,339,998,346,1,0
99535,1,walk,-18,19,2,35,20,409,996,411,1,0
99561,1,walk,-58,41,-4,38,61,432,993,438,1,0
99587,1,walk,-95,64,-11,53,64,393,991,401,1,0
99613,1,walk,-120,67,-12,63,17,325,993,331,1,0
99639,1,walk,-117,56,-9,107,-50,270,994,294,1,0
99665,1,walk,-91,46,-5,174,-81,246,994,312,1,0
99699,1,walk,-46,50,-6,203,-63,238,992,319,1,0
99725,1,walk,-15,63,-8,173,-10,216,993,277,1,0
99751,1,walk,-2,68,-8,92,28,176,994,200,1,0
99777,1,walk,13,66,-8,-7,36,127,995,133,1,0
99803,1,walk,34,54,-7,-103,24,82,995,134,1,0
99829,1,walk,52,39,-6,-167,2,42,995,172,1,0
99855,1,walk,70,32,-6,-179,-25,6,995,180,1,0
99881,1,walk,96,28,-9,-148,-79,-39,995,173,1,0
99907,1,walk,116,19,-11,-97,-151,-86,996,199,1,0
99933,1,walk,120,12,-10,-31,-221,-124,996,255,1,0
99960,1,walk,115,5,-8,24,-275,-150,997,314,1,0
99986,1,walk,104,2,-6,53,-308,-171,997,357,1,0
100012,1,walk,101,5,-6,48,-325,-207,997,388,1,0
100038,1,walk,93,7,-5,-6,-328,-253,998,414,1,0
100065,1,walk,80,9,-3,-81,-281,-286,998,409,1,0
100092,1,walk,51,7,-1,-148,-196,-293,996,383,1,0
100118,1,walk,11,2,2,-175,-108,-286,995,353,1,0
100145,1,walk,-39,-10,2,-164,-54,-284,992,332,1,0
100172,1,walk,-87,-28,1,-117,-33,-294,989,318,1,0
100198,1,walk,-121,-48,0,-32,-33,-305,989,309,1,0
100225,1,walk,-119,-54,3,97,-49,-317,992,335,1,0
100251,1,walk,-71,-42,3,213,-48,-332,990,397,1,0
100277,1,walk,-18,-21,-1,264,-35,-350,988,440,1,0
100303,1,walk,32,-3,-7,235,-36,-356,987,428,1,0
100329,1,walk,51,1,-7,144,-27,-337,989,368,1,0
100355,1,walk,35,-9,-2,30,-5,-292,991,293,1,0
100381,1,walk,16,-28,2,-69,9,-233,991,243,1,0
100407,1,walk,12,-49,5,-130,14,-183,992,225,1,0
100433,1,walk,29,-65,5,-143,3,-154,993,210,1,0
100459,1,walk,48,-74,4,-105,-10,-142,994,177,1,0
100485,1,walk,47,-84,5,-36,-2,-127,995,132,1,0
100511,1,walk,36,-79,7,44,2,-94,996,104,1,0
100537,1,walk,30,-59,7,110,7,-60,996,125,1,0
100563,1,walk,23,-38,6,140,12,-27,996,143,1,0
100589,1,walk,31,-19,4,135,26,10,996,138,1,0
100615,1,walk,22,6,2,113,87,37,996,147,1,0
100641,1,walk,-5,30,0,78,127,52,994,158,1,0
100667,1,walk,-49,57,-6,28,144,61,991,159,1,0
100693,1,walk,-93,76,-13,-35,112,64,989,133,1,0
100719,1,walk,-105,78,-12,-84,42,64,991,114,1,0
100745,1,walk,-90,80,-10,-74,-6,53,993,91,1,0
100771,1,walk,-51,82,-10,-29,-39,24,992,54,1,0
100797,1,walk,-12,79,-10,1,-30,-3,992,31,1,0
100823,1,walk,11,73,-10,1,-7,-12,993,14,1,0
100849,1,walk,21,65,-8,-28,0,-11,994,30,1,0
100875,1,walk,36,56,-6,-74,-11,-14,995,76,1,0
100901,1,walk,54,43,-6,-127,-28,-26,995,133,1,0
100927,1,walk,76,29,-6,-166,-52,-46,995,180,1,0
100954,1,walk,99,18,-8,-170,-70,-65,995,195,1,0
100981,1,walk,120,17,-12,-137,-89,-79,995,181,1,0
101008,1,walk,135,13,-14,-98,-106,-95,996,173,1,0
101035,1,walk,130,3,-11,-61,-114,-126,996,180,1,0
101062,1,walk,117,-12,-7,-25,-110,-170,996,204,1,0
101089,1,walk,102,-23,-4,2,-102,-228,997,250,1,0
101115,1,walk,101,-23,-3,-1,-150,-295,997,331,1,0
101142,1,walk,98,-27,-2,-49,-255,-349,997,435,1,0
101169,1,walk,70,-31,2,-96,-277,-368,997,470,1,0
101196,1,walk,17,-29,4,-121,-248,-373,993,464,1,0
101223,1,walk,-38,-26,4,-117,-200,-392,990,455,1,0
101250,1,walk,-85,-35,3,-113,-160,-425,989,468,1,0
101277,1,walk,-111,-59,5,-96,-142,-452,989,484,1,0
101304,1,walk,-102,-78,8,-31,-114,-458,991,473,1,0
101331,1,walk,-57,-72,7,54,-77,-454,990,464,1,0
101357,1,walk,-8,-49,2,104,-22,-452,988,465,1,0
101392,1,walk,15,-23,0,78,43,-450,989,459,1,0
101418,1,walk,16,-11,2,14,85,-438,992,446,1,0
101444,1,walk,2,-20,5,-55,126,-410,993,433,1,0
101470,1,walk,-12,-37,7,-99,165,-366,994,413,1,0
101496,1,walk,-14,-56,9,-100,189,-306,994,373,1,0
101523,1,walk,3,-62,9,-56,176,-251,995,311,1,0
101549,1,walk,24,-58,8,4,126,-208,995,243,1,0
101575,1,walk,33,-58,7,44,84,-167,996,192,1,0
101601,1,walk,28,-53,8,66,65,-114,997,147,1,0
101627,1,walk,20,-39,8,82,60,-70,997,123,1,0
101653,1,walk,15,-26,7,81,61,-30,997,106,1,0
101679,1,walk,10,-13,7,65,140,14,997,155,1,0
101705,1,walk,-26,10,4,52,231,53,994,243,1,0
101731,1,walk,-53,40,-1,23,279,80,993,292,1,0
101757,1,walk,-88,67,-7,-42,296,103,991,316,1,0
101784,1,walk,-109,77,-9,-126,245,124,992,302,1,0
101811,1,walk,-108,75,-7,-167,183,141,994,285,1,0
101838,1,walk,-90,66,-5,-148,132,145,994,245,1,0
101864,1,walk,-61,58,-3,-104,109,136,994,203,1,0
101890,1,walk,-43,55,-1,-58,110,121,995,173,1,0
101916,1,walk,-32,51,0,-24,92,105,996,142,1,0
101942,1,walk,-17,43,1,-10,40,96,996,105,1,0
101968,1,walk,2,30,2,-13,-19,92,996,95,1,0
101994,1,walk,26,19,1,-19,-71,88,996,115,1,0
102020,1,walk,48,14,0,-21,-107,74,996,132,1,0
102046,1,walk,73,11,-3,-19,-130,56,996,143,1,0
102072,1,walk,92,11,-6,-23,-148,37,996,154,1,0
102098,1,walk,105,9,-7,-35,-169,6,996,173,1,0
102124,1,walk,96,-7,-4,-56,-177,-36,997,190,1,0
102151,1,walk,82,-25,-1,-73,-196,-83,996,225,1,0
102178,1,walk,83,-33,0,-100,-234,-138,997,289,1,0
102205,1,walk,78,-39,1,-156,-267,-193,997,364,1,0
102232,1,walk,52,-42,4,-208,-243,-224,997,391,1,0
102259,1,walk,20,-36,6,-240,-184,-242,995,387,1,0
102285,1,walk,-12,-27,7,-255,-133,-265,995,391,1,0
102312,1,walk,-52,-29,7,-259,-109,-292,993,405,1,0
102339,1,walk,-80,-50,7,-227,-109,-305,993,396,1,0
102366,1,walk,-92,-76,8,-141,-93,-298,993,343,1,0
102393,1,walk,-80,-89,10,-10,-64,-278,994,286,1,0
102419,1,walk,-48,-80,10,122,-24,-268,994,296,1,0
102445,1,walk,-15,-64,7,203,23,-275,993,342,1,0
102471,1,walk,2,-51,6,217,71,-283,994,363,1,0
102497,1,walk,3,-44,7,176,115,-276,995,347,1,0
102523,1,walk,-1,-42,8,102,137,-252,996,305,1,0
102549,1,walk,-6,-46,9,19,142,-218,997,261,1,0
102575,1,walk,-10,-58,10,-44,128,-179,997,224,1,0
102601,1,walk,-9,-69,11,-74,100,-144,997,190,1,0
102627,1,walk,0,-68,10,-52,48,-131,998,149,1,0
102653,1,walk,7,-65,9,0,-13,-132,998,133,1,0
102679,1,walk,4,-63,10,66,-52,-109,998,138,1,0
102705,1,walk,1,-53,10,127,-73,-52,998,155,1,0
102731,1,walk,8,-37,8,149,-81,26,998,171,1,0
102757,1,walk,19,-15,5,114,-15,101,997,153,1,0
102783,1,walk,-3,12,3,39,86,151,996,178,1,0
102809,1,walk,-30,40,-1,-54,165,182,994,251,1,0
102835,1,walk,-62,64,-6,-154,212,207,993,334,1,0
102862,1,walk,-90,73,-8,-225,192,231,993,375,1,0
102889,1,walk,-89,71,-6,-224,142,248,994,363,1,0
102915,1,walk,-71,62,-3,-153,119,246,995,313,1,0
102941,1,walk,-42,54,-2,-60,128,234,995,273,1,0
102967,1,walk,-12,51,-2,10,161,221,995,274,1,0
102993,1,walk,1,49,-2,31,191,210,996,286,1,0
103019,1,walk,11,45,-1,4,196,205,996,283,1,0
103045,1,walk,18,38,-1,-58,184,202,997,279,1,0
103080,1,walk,30,27,0,-144,136,196,997,279,1,0
103106,1,walk,46,14,0,-205,60,188,997,284,1,0
103132,1,walk,64,0,-1,-222,-27,181,997,288,1,0
103158,1,walk,77,-19,-1,-198,-113,176,997,288,1,0
103185,1,walk,75,-34,0,-117,-190,164,997,277,1,0
103211,1,walk,74,-47,1,11,-281,137,997,313,1,0
103237,1,walk,82,-59,0,128,-384,98,997,416,1,0
103263,1,walk,86,-60,0,214,-439,63,997,492,1,0
103289,1,walk,75,-50,1,260,-448,45,997,520,1,0
103315,1,walk,58,-27,1,239,-369,32,997,441,1,0
103341,1,walk,28,-3,1,151,-246,12,995,289,1,0
103367,1,walk,-3,17,0,36,-170,-25,994,175,1,0
103393,1,walk,-35,16,1,-73,-118,-67,994,155,1,0
103419,1,walk,-61,-9,3,-139,-110,-93,993,201,1,0
103445,1,walk,-70,-38,5,-126,-100,-88,993,183,1,0
103472,1,walk,-62,-53,7,-35,-62,-68,994,98,1,0
103498,1,walk,-36,-46,7,92,-13,-69,995,115,1,0
103524,1,walk,-7,-28,4,196,44,-94,994,222,1,0
103550,1,walk,16,-19,2,237,85,-120,994,279,1,0
103576,1,walk,18,-18,3,212,120,-124,995,274,1,0
103602,1,walk,10,-17,5,157,132,-109,996,232,1,0
103628,1,walk,0,-22,6,92,131,-87,997,182,1,0
103654,1,walk,-7,-37,7,36,115,-55,997,133,1,0
103680,1,walk,0,-48,8,14,82,-30,998,89,1,0
103706,1,walk,12,-45,7,38,27,-29,998,55,1,0
103732,1,walk,12,-42,7,95,-24,-38,998,105,1,0
103758,1,walk,11,-36,7,165,-61,-23,998,178,1,0
103784,1,walk,10,-19,6,228,-78,21,998,242,1,0
103810,1,walk,23,6,1,242,-110,91,997,281,1,0
103836,1,walk,32,31,-3,181,-58,168,996,254,1,0
103862,1,walk,7,61,-6,96,37,223,994,246,1,0
103888,1,walk,-25,92,-12,30,116,242,992,270,1,0
103914,1,walk,-62,117,-18,-22,144,232,990,274,1,0
103941,1,walk,-85,123,-19,-48,119,217,991,252,1,0
103968,1,walk,-74,119,-16,-17,80,222,993,237,1,0
103994,1,walk,-46,114,-15,54,52,247,993,258,1,0
104020,1,walk,-10,115,-17,112,54,276,993,303,1,0
104046,1,walk,10,118,-18,125,95,297,994,336,1,0
104072,1,walk,12,116,-17,100,116,307,995,344,1,0
104098,1,walk,22,101,-14,53,93,311,996,329,1,0
104124,1,walk,38,75,-11,-7,45,315,995,318,1,0
104150,1,walk,58,52,-9,-46,-12,319,995,322,1,0
104176,1,walk,80,35,-10,-58,-75,311,995,325,1,0
104202,1,walk,101,27,-12,-39,-131,286,995,317,1,0
104228,1,walk,123,18,-15,-12,-185,244,995,307,1,0
104255,1,walk,128,8,-15,16,-221,181,996,286,1,0
104281,1,walk,119,-4,-11,50,-244,104,996,269,1,0
104307,1,walk,109,4,-9,42,-216,-14,997,220,1,0
104333,1,walk,106,-8,-8,-66,-235,-117,997,271,1,0
104360,1,walk,103,-20,-6,-159,-246,-154,997,331,1,0
104387,1,walk,84,-24,-3,-201,-187,-174,997,325,1,0
104414,1,walk,41,-5,-1,-186,-80,-207,994,290,1,0
104441,1,walk,8,12,-1,-47,-15,-295,993,299,1,0
104467,1,walk,-59,-3,-1,-18,108,-337,987,354,1,0
104493,1,walk,-103,-9,-1,-9,152,-355,987,386,1,0
104519,1,walk,-122,-25,2,4,185,-361,989,405,1,0
104545,1,walk,-114,-28,5,24,204,-357,991,412,1,0
104571,1,walk,-71,-15,4,46,184,-347,991,396,1,0
104597,1,walk,-18,-4,-1,78,123,-350,988,379,1,0
104623,1,walk,19,9,-5,112,62,-375,989,396,1,0
104649,1,walk,36,12,-5,137,7,-393,991,416,1,0
104675,1,walk,36,3,-1,144,-31,-393,993,420,1,0
104701,1,walk,36,2,0,140,-48,-380,994,408,1,0
104727,1,walk,29,1,2,109,-41,-366,996,384,1,0
104761,1,walk,31,-14,4,65,-40,-318,996,327,1,0
104787,1,walk,35,-21,4,60,-29,-233,996,242,1,0
104813,1,walk,21,-22,6,62,-8,-142,997,155,1,0
104839,1,walk,1,-16,7,55,18,-48,997,75,1,0
104865,1,walk,-8,-12,7,35,23,49,997,64,1,0
104891,1,walk,-8,-5,7,22,-6,158,997,160,1,0
104917,1,walk,-13,-2,7,19,2,270,998,271,1,0
104943,1,walk,-30,4,7,-5,54,337,997,341,1,0
104969,1,walk,-44,20,5,-30,72,342,997,351,1,0
104995,1,walk,-64,43,1,-20,55,313,996,318,1,0
105021,1,walk,-73,62,-2,31,11,289,996,291,1,0
105047,1,walk,-76,80,-6,86,0,276,996,289,1,0
105073,1,walk,-70,85,-6,84,16,248,996,262,1,0
105099,1,walk,-38,72,-5,24,24,218,995,220,1,0
105125,1,walk,4,48,-6,-49,36,183,993,192,1,0
105151,1,walk,34,16,-5,-118,26,141,991,186,1,0
105177,1,walk,44,-25,-3,-182,-9,97,991,206,1,0
105203,1,walk,57,-48,-2,-208,-65,39,992,222,1,0
105230,1,walk,73,-49,-3,-193,-112,-41,993,227,1,0
105257,1,walk,80,-25,-5,-139,-131,-126,993,229,1,0
105284,1,walk,68,17,-9,-48,-136,-186,992,235,1,0
105311,1,walk,82,43,-15,5,-185,-209,992,279,1,0
105338,1,walk,101,52,-19,-33,-248,-215,993,330,1,0
105365,1,walk,111,45,-19,-95,-327,-224,994,408,1,0
105392,1,walk,111,30,-16,-137,-377,-234,995,465,1,0
105419,1,walk,106,4,-12,-176,-372,-243,995,478,1,0
105446,1,walk,92,-14,-7,-193,-295,-248,995,431,1,0
105473,1,walk,60,-24,-2,-170,-172,-271,994,363,1,0
105500,1,walk,21,-35,3,-134,-42,-299,993,331,1,0
105526,1,walk,-17,-45,6,-92,54,-339,992,356,1,0
105552,1,walk,-53,-56,8,-37,104,-373,991,389,1,0
105578,1,walk,-84,-66,9,20,127,-389,991,409,1,0
105604,1,walk,-95,-67,11,62,132,-392,993,418,1,0
105630,1,walk,-83,-56,11,92,136,-387,994,421,1,0
105656,1,walk,-57,-33,9,125,138,-381,994,424,1,0
105682,1,walk,-28,-7,5,151,117,-380,993,426,1,0
105708,1,walk,-1,8,1,157,64,-384,993,419,1,0
105734,1,walk,16,12,1,143,9,-385,994,411,1,0
105760,1,walk,15,5,3,124,-27,-376,996,397,1,0
105786,1,walk,13,-6,5,107,-49,-348,996,368,1,0
105812,1,walk,23,-21,5,86,-74,-308,997,329,1,0
105838,1,walk,42,-32,4,68,-111,-270,997,300,1,0
105864,1,walk,58,-31,2,56,-146,-235,997,282,1,0
105890,1,walk,60,-30,2,59,-149,-203,997,258,1,0
105916,1,walk,46,-28,4,71,-118,-159,998,211,1,0
105942,1,walk,4,-26,5,75,-78,-96,995,145,1,0
105968,1,walk,5,-21,6,93,-121,24,996,154,1,0
105994,1,walk,14,0,3,120,-141,160,996,245,1,0
106020,1,walk,-1,30,-1,128,-130,241,995,303,1,0
106046,1,walk,-18,52,-3,119,-129,271,995,323,1,0
106072,1,walk,-31,65,-4,102,-141,261,995,314,1,0
106098,1,walk,-34,71,-4,76,-166,252,996,312,1,0
106124,1,walk,-31,76,-5,56,-174,253,996,312,1,0
106150,1,walk,-15,80,-7,43,-141,247,996,288,1,0
106176,1,walk,17,79,-10,16,-63,219,995,228,1,0
106202,1,walk,56,65,-14,-34,29,174,994,179,1,0
106228,1,walk,77,45,-14,-76,108,133,994,188,1,0
106254,1,walk,80,28,-11,-90,144,104,995,199,1,0
106280,1,walk,87,22,-11,-88,134,71,996,175,1,0
106306,1,walk,97,21,-12,-80,102,36,996,134,1,0
106332,1,walk,100,25,-13,-79,69,-7,997,105,1,0
106358,1,walk,106,28,-15,-94,24,-50,997,109,1,0
106385,1,walk,120,32,-19,-116,-22,-84,997,145,1,0
106412,1,walk,127,36,-21,-154,-51,-119,997,201,1,0
106447,1,walk,120,22,-17,-195,-76,-165,998,267,1,0
106474,1,walk,107,1,-12,-205,-79,-195,997,293,1,0
106501,1,walk,97,-15,-9,-207,-90,-202,997,303,1,0
106528,1,walk,75,-14,-4,-207,-46,-194,997,287,1,0
106555,1,walk,34,-16,1,-203,53,-197,995,288,1,0
106581,1,walk,-14,-24,5,-200,148,-214,992,328,1,0
106608,1,walk,-59,-41,7,-181,207,-238,990,363,1,0
106635,1,walk,-97,-61,9,-131,225,-254,989,364,1,0
106661,1,walk,-128,-78,10,-75,220,-256,989,345,1,0
106688,1,walk,-132,-88,11,-38,204,-245,991,321,1,0
106715,1,walk,-108,-81,13,-6,200,-235,993,308,1,0
106741,1,walk,-70,-63,11,31,193,-227,992,300,1,0
106767,1,walk,-37,-43,8,70,170,-218,992,285,1,0
106793,1,walk,-22,-31,8,94,146,-212,993,274,1,0
106819,1,walk,-21,-30,9,99,121,-203,995,256,1,0
106845,1,walk,-31,-33,11,94,96,-182,996,227,1,0
106871,1,walk,-43,-37,12,88,68,-147,996,184,1,0
106897,1,walk,-40,-39,12,80,21,-97,997,127,1,0
106923,1,walk,-23,-35,11,69,-40,-47,997,93,1,0
106949,1,walk,-4,-31,9,54,-102,1,997,115,1,0
106975,1,walk,11,-32,7,40,-150,42,997,161,1,0
107001,1,walk,13,-35,8,42,-164,80,998,188,1,0
107027,1,walk,12,-37,8,63,-165,130,998,219,1,0
107053,1,walk,16,-37,8,82,-169,205,998,278,1,0
107079,1,walk,18,-35,7,83,-115,293,998,326,1,0
107105,1,walk,-4,-10,6,72,-9,341,996,348,1,0
107131,1,walk,-29,19,3,47,78,343,995,355,1,0
107157,1,walk,-56,44,0,26,132,325,994,352,1,0
107183,1,walk,-76,64,-3,17,139,315,993,345,1,0
107209,1,walk,-78,77,-5,18,137,312,994,341,1,0
107235,1,walk,-69,86,-6,28,160,299,995,340,1,0
107261,1,walk,-43,85,-7,28,206,267,995,338,1,0
107287,1,walk,-14,72,-6,7,254,223,995,339,1,0
107313,1,walk,-2,47,-3,-28,282,181,994,336,1,0
107339,1,walk,3,22,0,-63,246,147,995,294,1,0
107365,1,walk,19,4,1,-93,158,113,995,215,1,0
107391,1,walk,38,-6,0,-102,64,68,995,138,1,0
107417,1,walk,45,-5,-1,-83,10,21,996,86,1,0
107443,1,walk,52,3,-2,-67,-19,-39,997,80,1,0
107469,1,walk,63,15,-5,-72,-38,-108,997,135,1,0
107495,1,walk,73,23,-8,-95,-61,-159,997,195,1,0
107522,1,walk,68,21,-6,-119,-76,-182,998,230,1,0
107549,1,walk,43,13,-2,-131,-72,-186,997,238,1,0
107576,1,walk,31,5,1,-153,-96,-174,997,251,1,0
107602,1,walk,39,-5,1,-199,-131,-168,997,291,1,0
107629,1,walk,21,-17,4,-236,-99,-186,997,316,1,0
107655,1,walk,-17,-38,7,-245,-41,-215,994,329,1,0
107682,1,walk,-65,-59,8,-218,34,-250,991,333,1,0
107709,1,walk,-116,-77,6,-165,82,-284,988,339,1,0
107736,1,walk,-155,-87,4,-107,85,-292,988,323,1,0
107763,1,walk,-160,-85,5,-49,50,-276,990,285,1,0
107789,1,walk,-132,-68,7,11,23,-255,991,256,1,0
107815,1,walk,-86,-42,5,64,1,-251,989,259,1,0
107841,1,walk,-43,-22,2,99,-38,-268,989,288,1,0
107868,1,walk,-24,-22,3,113,-86,-287,991,320,1,0
107894,1,walk,-19,-34,6,112,-138,-290,992,340,1,0
107921,1,walk,-22,-51,8,104,-180,-271,994,342,1,0
107947,1,walk,-22,-65,10,102,-205,-233,995,326,1,0
107974,1,walk,-9,-71,10,106,-218,-185,995,305,1,0
108000,1,walk,7,-77,9,96,-226,-137,996,281,1,0
108026,1,walk,22,-66,7,77,-239,-91,996,267,1,0
108052,1,walk,31,-46,5,53,-257,-30,996,264,1,0
108078,1,walk,32,-21,3,30,-267,47,996,273,1,0
108104,1,walk,31,-1,2,5,-278,128,996,307,1,0
108138,1,walk,37,7,0,5,-266,228,996,350,1,0
108164,1,walk,27,9,2,11,-172,316,997,360,1,0
108190,1,walk,7,12,3,-16,-59,371,996,376,1,0
108216,1,walk,-13,29,2,-60,20,370,996,376,1,0
108242,1,walk,-24,40,2,-76,13,345,996,353,1,0
108268,1,walk,-16,42,1,-39,-31,335,997,338,1,0
108294,1,walk,-13,39,2,12,-47,325,997,329,1,0
108320,1,walk,3,36,1,44,-51,296,997,304,1,0
108346,1,walk,43,29,-5,41,-35,238,995,244,1,0
108372,1,walk,78,17,-10,21,-18,161,994,164,1,0
108398,1,walk,99,1,-12,9,-10,95,994,96,1,0
108424,1,walk,102,-1,-11,33,-4,40,995,52,1,0
108450,1,walk,105,19,-14,76,5,3,995,76,1,0
108476,1,walk,123,39,-21,94,10,-34,995,100,1,0
108502,1,walk,146,45,-28,82,28,-73,995,113,1,0
108528,1,walk,140,37,-24,62,67,-106,996,140,1,0
108554,1,walk,134,27,-21,23,55,-128,997,141,1,0
108580,1,walk,130,25,-20,-36,14,-140,997,146,1,0
108607,1,walk,104,21,-14,-80,-4,-137,997,159,1,0
108634,1,walk,80,16,-9,-108,-10,-120,996,161,1,0
108661,1,walk,72,12,-7,-144,-17,-114,997,184,1,0
108688,1,walk,52,8,-3,-172,37,-124,997,215,1,0
108714,1,walk,16,4,2,-167,125,-143,995,253,1,0
108740,1,walk,-36,-5,4,-154,195,-174,992,303,1,0
108767,1,walk,-78,-21,7,-133,199,-198,990,310,1,0
108794,1,walk,-104,-36,9,-94,153,-199,991,268,1,0
108820,1,walk,-122,-49,10,-45,101,-189,992,219,1,0
108847,1,walk,-118,-55,12,14,77,-177,994,193,1,0
108873,1,walk,-91,-46,12,73,80,-172,994,204,1,0
108899,1,walk,-51,-30,8,121,82,-173,992,226,1,0
108925,1,walk,-22,-16,5,154,74,-177,993,246,1,0
108951,1,walk,-17,-9,6,171,61,-177,995,253,1,0
108977,1,walk,-13,-6,6,161,47,-166,996,236,1,0
109003,1,walk,-12,-8,8,133,32,-144,997,199,1,0
109029,1,walk,-6,-14,8,100,13,-107,997,147,1,0
109055,1,walk,4,-22,8,67,-7,-67,998,95,1,0
109081,1,walk,17,-29,7,30,-32,-34,998,56,1,0
109107,1,walk,24,-35,6,0,-65,-2,998,65,1,0
109133,1,walk,17,-31,7,-2,-87,41,998,96,1,0
109159,1,walk,6,-27,8,3,-126,85,998,152,1,0
109185,1,walk,8,-24,7,3,-181,137,998,227,1,0
109211,1,walk,20,-26,6,3,-229,214,998,313,1,0
109237,1,walk,16,-18,6,15,-165,306,998,348,1,0
109263,1,walk,-3,7,4,27,-78,362,997,371,1,0
109289,1,walk,-19,33,2,31,-20,370,996,372,1,0
109315,1,walk,-46,52,0,38,14,363,995,365,1,0
109341,1,walk,-65,56,0,46,-11,372,995,375,1,0
109367,1,walk,-57,58,0,69,-33,402,996,409,1,0
109393,1,walk,-32,68,-4,113,-18,411,995,426,1,0
109419,1,walk,2,79,-10,128,26,377,994,399,1,0
109445,1,walk,26,75,-11,106,80,317,995,344,1,0
109471,1,walk,41,54,-10,66,122,266,995,299,1,0
109497,1,walk,44,30,-6,26,139,239,995,278,1,0
109523,1,walk,52,17,-5,7,123,225,996,256,1,0
109549,1,walk,62,14,-5,0,98,202,997,225,1,0
109575,1,walk,73,20,-8,-3,74,167,997,182,1,0
109601,1,walk,84,31,-12,-3,49,132,997,141,1,0
109627,1,walk,98,37,-15,-21,31,99,997,105,1,0
109653,1,walk,104,35,-17,-61,12,65,998,90,1,0
109679,1,walk,99,25,-14,-116,-9,35,998,121,1,0
109705,1,walk,77,11,-9,-158,-22,14,997,161,1,0
109731,1,walk,49,0,-3,-169,-46,8,996,175,1,0
109757,1,walk,46,-8,-2,-177,-121,-2,996,214,1,0
109783,1,walk,38,-16,1,-174,-161,-26,997,238,1,0
109818,1,walk,3,-20,4,-138,-108,-73,995,190,1,0
109844,1,walk,-36,-25,7,-100,-26,-117,994,157,1,0
109870,1,walk,-75,-35,9,-72,49,-152,992,175,1,0
109896,1,walk,-106,-46,10,-49,90,-169,992,197,1,0
109922,1,walk,-131,-54,10,-24,116,-164,993,202,1,0
109949,1,walk,-128,-52,11,7,134,-148,994,200,1,0
109975,1,walk,-102,-39,11,29,150,-145,995,211,1,0
110001,1,walk,-70,-28,9,35,153,-153,994,219,1,0
110027,1,walk,-49,-25,9,31,136,-161,995,213,1,0
110053,1,walk,-42,-30,10,18,116,-161,996,199,1,0
110079,1,walk,-43,-38,11,0,90,-153,997,177,1,0
110105,1,walk,-45,-46,12,-6,59,-136,997,149,1,0
110131,1,walk,-37,-53,12,3,25,-114,997,117,1,0
110157,1,walk,-27,-61,12,12,-13,-93,998,95,1,0
110183,1,walk,-9,-62,10,22,-70,-72,998,102,1,0
110209,1,walk,10,-56,7,28,-131,-37,997,139,1,0
110235,1,walk,7,-46,8,32,-155,11,998,159,1,0
110261,1,walk,-1,-41,8,23,-152,75,998,171,1,0
110287,1,walk,-9,-33,9,11,-129,162,998,208,1,0
110313,1,walk,-1,-25,7,17,-106,265,998,286,1,0
110339,1,walk,0,-16,6,33,-6,359,998,361,1,0
110365,1,walk,-23,6,5,40,119,410,996,428,1,0
110391,1,walk,-40,32,2,23,199,423,996,468,1,0
110417,1,walk,-57,53,0,3,219,409,995,464,1,0
110443,1,walk,-68,59,-1,19,183,409,996,449,1,0
110469,1,walk,-63,58,0,49,135,407,996,431,1,0
110495,1,walk,-60,55,1,73,115,377,997,401,1,0
110521,1,walk,-43,52,1,95,120,336,997,369,1,0
110547,1,walk,-22,38,1,97,158,296,996,349,1,0
110573,1,walk,-9,9,3,77,186,256,996,326,1,0
110599,1,walk,8,-4,2,68,157,212,996,273,1,0
110625,1,walk,37,5,-3,73,39,145,995,167,1,0
110651,1,walk,51,6,-4,50,-68,59,995,104,1,0
110677,1,walk,47,5,-3,21,-141,-10,996,143,1,0
110703,1,walk,41,12,-2,26,-194,-42,997,200,1,0
110729,1,walk,51,21,-5,34,-247,-68,997,258,1,0
110755,1,walk,68,18,-7,9,-326,-105,997,343,1,0
110781,1,walk,92,11,-12,-47,-422,-143,996,448,1,0
110808,1,walk,105,-6,-13,-98,-446,-186,996,493,1,0
110835,1,walk,103,-17,-11,-113,-413,-229,996,485,1,0
110862,1,walk,99,-16,-10,-119,-345,-269,997,453,1,0
110889,1,walk,86,-14,-8,-131,-204,-318,997,400,1,0
110916,1,walk,49,-14,-3,-139,-61,-383,995,412,1,0
110942,1,walk,8,-20,1,-131,40,-443,994,464,1,0
110968,1,walk,-36,-29,4,-107,104,-489,992,511,1,0
110995,1,walk,-74,-37,6,-71,130,-504,991,525,1,0
111021,1,walk,-102,-36,6,-30,149,-496,991,519,1,0
111047,1,walk,-106,-27,7,6,160,-478,993,504,1,0
111073,1,walk,-75,-15,6,32,145,-461,993,485,1,0
111099,1,walk,-27,-6,1,46,121,-457,991,475,1,0
111125,1,walk,9,-7,-2,48,94,-460,991,472,1,0
111151,1,walk,25,-10,-2,50,67,-451,993,459,1,0
111177,1,walk,19,-19,1,41,49,-424,994,428,1,0
111203,1,walk,8,-21,4,40,34,-381,995,384,1,0
111229,1,walk,-3,-21,5,44,26,-338,996,341,1,0
111255,1,walk,-4,-12,5,61,18,-288,997,295,1,0
111281,1,walk,2,-9,5,66,-5,-238,997,247,1,0
111307,1,walk,10,-9,4,59,-37,-186,997,199,1,0
111333,1,walk,6,-5,5,69,-51,-120,998,147,1,0
111359,1,walk,4,-3,5,86,-82,-40,998,125,1,0
111385,1,walk,10,-1,4,102,-120,46,998,164,1,0
111411,1,walk,25,5,1,130,-129,141,998,232,1,0
111437,1,walk,19,18,0,161,-49,214,998,272,1,0
111463,1,walk,-4,44,-2,187,58,258,996,324,1,0
111497,1,walk,-33,69,-5,185,139,298,994,377,1,0
111523,1,walk,-64,90,-9,144,159,347,993,408,1,0
111549,1,walk,-67,98,-9,88,121,413,994,439,1,0
111575,1,walk,-50,98,-10,54,113,452,995,469,1,0
111601,1,walk,-22,97,-11,52,137,445,995,469,1,0
111627,1,walk,3,91,-12,51,210,399,995,454,1,0
111653,1,walk,9,75,-9,39,310,340,996,462,1,0
111679,1,walk,14,58,-6,18,360,289,996,462,1,0
111705,1,walk,12,43,-4,0,354,248,996,432,1,0
111731,1,walk,15,35,-2,-6,309,222,997,381,1,0
111757,1,walk,21,32,-2,-16,231,198,997,305,1,0
111783,1,walk,26,30,-2,-38,145,170,998,226,1,0
111809,1,walk,42,30,-4,-63,45,128,998,150,1,0
111835,1,walk,65,27,-9,-93,-69,62,997,131,1,0
111861,1,walk,72,17,-8,-111,-156,-9,997,192,1,0
111888,1,walk,66,11,-6,-97,-207,-69,998,239,1,0
111915,1,walk,52,4,-3,-56,-240,-114,998,271,1,0
111941,1,walk,42,-2,-1,8,-246,-157,998,291,1,0
111967,1,walk,7,-9,3,89,-169,-183,996,265,1,0
111993,1,walk,-27,-4,4,169,-59,-189,995,260,1,0
112019,1,walk,-48,16,3,197,11,-207,995,286,1,0
112045,1,walk,-73,42,-1,142,59,-246,993,290,1,0
112071,1,walk,-99,41,-1,6,66,-271,993,279,1,0
112097,1,walk,-125,20,1,-137,76,-275,993,316,1,0
112124,1,walk,-143,0,3,-210,117,-264,993,357,1,0
112151,1,walk,-133,-12,6,-213,153,-249,994,362,1,0
112178,1,walk,-99,-14,6,-172,152,-246,994,337,1,0
112204,1,walk,-66,-16,6,-117,124,-241,993,295,1,0
112230,1,walk,-41,-22,6,-67,84,-222,994,247,1,0
112256,1,walk,-41,-27,7,-30,49,-190,995,199,1,0
112282,1,walk,-41,-31,9,-14,8,-154,996,155,1,0
112308,1,walk,-47,-39,10,-22,-26,-127,996,132,1,0
112334,1,walk,-42,-48,11,-40,-66,-109,997,134,1,0
112360,1,walk,-29,-57,11,-60,-94,-103,997,152,1,0
112387,1,walk,-18,-64,10,-51,-110,-104,997,160,1,0
112414,1,walk,-7,-73,10,-22,-119,-100,997,157,1,0
112440,1,walk,0,-73,10,24,-120,-77,998,145,1,0
112466,1,walk,1,-58,9,78,-113,-27,998,140,1,0
112492,1,walk,8,-36,6,100,-121,59,997,168,1,0
112518,1,walk,13,-9,3,56,-60,162,996,182,1,0
112544,1,walk,-12,21,0,-42,20,240,994,245,1,0
112570,1,walk,-38,44,-2,-160,87,269,994,324,1,0
112596,1,walk,-83,52,-5,-268,155,255,991,401,1,0
112623,1,walk,-115,45,-5,-326,172,230,992,434,1,0
112650,1,walk,-110,33,-1,-300,178,209,993,406,1,0
112677,1,walk,-86,23,1,-214,188,205,994,350,1,0
112703,1,walk,-47,21,0,-116,195,216,993,314,1,0
112729,1,walk,-14,27,-2,-49,211,233,993,318,1,0
112755,1,walk,2,29,-2,-31,208,242,994,321,1,0
112781,1,walk,10,21,-1,-57,175,239,995,302,1,0
112807,1,walk,16,7,0,-105,138,231,995,288,1,0
112833,1,walk,21,-7,2,-140,93,218,996,275,1,0
112859,1,walk,27,-17,3,-143,50,202,996,252,1,0
112885,1,walk,49,-22,1,-114,-18,183,996,216,1,0
112911,1,walk,79,-27,-4,-66,-100,155,995,196,1,0
112937,1,walk,93,-38,-5,-7,-176,117,996,212,1,0
112963,1,walk,83,-53,-3,61,-221,76,996,242,1,0
112989,1,walk,70,-59,0,128,-235,46,996,272,1,0
113015,1,walk,57,-49,1,157,-232,25,996,281,1,0
113041,1,walk,41,-32,2,129,-214,4,996,250,1,0
113067,1,walk,14,-14,2,53,-139,-16,995,149,1,0
113093,1,walk,-28,0,2,-44,-38,-31,993,66,1,0
113119,1,walk,-68,6,1,-127,51,-44,992,144,1,0
113145,1,walk,-111,-6,1,-184,112,-56,990,223,1,0
113180,1,walk,-131,-31,2,-170,133,-52,991,222,1,0
113207,1,walk,-124,-55,5,-95,164,-27,992,192,1,0
113233,1,walk,-101,-63,8,12,207,6,993,207,1,0
113259,1,walk,-64,-55,7,101,240,33,992,263,1,0
113285,1,walk,-39,-43,6,134,267,42,993,302,1,0
113311,1,walk,-40,-39,7,104,284,47,994,306,1,0
113337,1,walk,-52,-47,9,35,295,59,995,302,1,0
113363,1,walk,-74,-60,9,-42,308,83,995,321,1,0
113389,1,walk,-77,-76,10,-102,295,110,995,331,1,0
113416,1,walk,-70,-89,10,-125,260,126,996,315,1,0
113443,1,walk,-53,-99,10,-97,171,132,996,237,1,0
113469,1,walk,-51,-106,10,-38,80,144,997,169,1,0
113495,1,walk,-50,-104,11,41,12,167,997,173,1,0
113521,1,walk,-44,-89,10,118,-41,184,997,222,1,0
113547,1,walk,-34,-65,9,171,-94,193,996,274,1,0
113573,1,walk,-22,-45,8,164,-136,207,996,297,1,0
113599,1,walk,-31,-23,7,123,-81,227,996,270,1,0
113625,1,walk,-70,5,2,95,2,240,993,258,1,0
113651,1,walk,-105,36,-5,73,51,233,991,250,1,0
113677,1,walk,-129,67,-11,39,43,192,990,200,1,0
113703,1,walk,-126,84,-12,4,-2,133,992,133,1,0
113729,1,walk,-109,87,-10,1,-35,84,993,91,1,0
113755,1,walk,-74,81,-8,32,-49,64,993,87,1,0
113781,1,walk,-32,76,-8,60,-22,77,992,100,1,0
113807,1,walk,-9,73,-7,63,29,105,993,126,1,0
113833,1,walk,0,71,-6,45,59,125,994,146,1,0
113859,1,walk,3,62,-3,16,63,123,996,139,1,0
113885,1,walk,10,46,-1,-15,54,103,996,118,1,0
113911,1,walk,30,33,-1,-34,32,80,996,92,1,0
113937,1,walk,60,32,-4,-25,-17,60,995,68,1,0
113963,1,walk,91,30,-8,-6,-78,44,995,89,1,0
113989,1,walk,110,22,-10,-1,-142,27,995,144,1,0
114015,1,walk,113,11,-9,-7,-196,11,996,196,1,0
114041,1,walk,103,1,-6,-2,-230,-3,996,230,1,0
114067,1,walk,83,-7,-2,21,-240,-19,996,242,1,0
114093,1,walk,70,-10,0,38,-254,-43,997,260,1,0
114119,1,walk,54,-10,2,45,-247,-74,997,262,1,0
114145,1,walk,28,-3,3,52,-175,-98,996,207,1,0
114171,1,walk,-2,3,4,23,-119,-112,996,165,1,0
114197,1,walk,-38,8,4,-19,-67,-126,994,144,1,0
114223,1,walk,-80,4,2,-51,-38,-149,992,162,1,0
114249,1,walk,-109,-6,2,-55,-49,-179,992,194,1,0
114276,1,walk,-118,-22,3,-24,-57,-207,993,216,1,0
114302,1,walk,-101,-34,6,40,-55,-221,994,231,1,0
114328,1,walk,-56,-30,5,109,-32,-222,993,250,1,0
114354,1,walk,-9,-19,2,145,-2,-214,991,258,1,0
114380,1,walk,22,-12,0,133,17,-194,991,236,1,0
114406,1,walk,28,-12,1,88,36,-162,993,188,1,0
114432,1,walk,17,-19,3,30,55,-127,994,142,1,0
114458,1,walk,3,-34,6,-20,71,-98,995,122,1,0
114484,1,walk,0,-47,7,-45,66,-85,996,117,1,0
114510,1,walk,14,-54,8,-35,37,-91,996,104,1,0
114536,1,walk,29,-59,7,-2,-14,-107,997,108,1,0
114562,1,walk,37,-62,6,45,-65,-110,997,135,1,0
114588,1,walk,33,-57,7,99,-95,-91,998,165,1,0
114614,1,walk,27,-40,7,142,-99,-64,997,184,1,0
114640,1,walk,24,-22,5,144,-92,-28,997,173,1,0
114666,1,walk,31,-1,3,104,-53,24,997,119,1,0
114692,1,walk,11,27,0,40,42,73,995,93,1,0
114718,1,walk,-17,50,-3,-37,124,106,994,167,1,0
114744,1,walk,-53,69,-6,-107,182,119,993,242,1,0
114771,1,walk,-76,81,-8,-160,187,106,993,267,1,0
114797,1,walk,-76,81,-7,-173,176,76,995,258,1,0
114823,1,walk,-69,69,-4,-124,182,43,995,225,1,0
114857,1,walk,-41,58,-3,-41,205,30,995,211,1,0
114883,1,walk,-21,54,-2,15,235,34,996,238,1,0
114909,1,walk,-12,52,-1,26,228,40,996,233,1,0
114935,1,walk,-2,46,-1,0,189,38,997,192,1,0
114961,1,walk,9,31,1,-50,142,29,997,153,1,0
114987,1,walk,22,18,2,-92,95,19,997,134,1,0
115013,1,walk,39,15,1,-101,36,10,997,107,1,0
115039,1,walk,60,14,-1,-79,-50,-1,997,93,1,0
115065,1,walk,72,7,-2,-36,-145,-13,997,150,1,0
115091,1,walk,79,-3,-2,24,-243,-34,997,247,1,0
115117,1,walk,77,-13,-1,99,-313,-71,998,336,1,0
115143,1,walk,73,-18,0,172,-359,-111,998,413,1,0
115170,1,walk,74,-10,-1,210,-384,-148,998,462,1,0
115197,1,walk,67,4,-1,184,-366,-172,998,444,1,0
115224,1,walk,53,17,-2,97,-320,-179,998,380,1,0
115251,1,walk,23,28,-1,-8,-231,-172,996,288,1,0
115277,1,walk,-20,34,-1,-80,-140,-163,994,229,1,0
115304,1,walk,-54,27,0,-116,-87,-162,993,217,1,0
115331,1,walk,-85,5,1,-117,-61,-166,993,212,1,0
115357,1,walk,-98,-18,3,-66,-52,-162,993,183,1,0
115383,1,walk,-88,-34,6,19,-37,-146,995,152,1,0
115409,1,walk,-57,-33,6,103,-17,-126,994,164,1,0
115435,1,walk,-27,-21,4,149,14,-118,994,190,1,0
115461,1,walk,-4,-10,3,140,43,-116,994,187,1,0
115487,1,walk,10,-6,2,82,66,-108,995,151,1,0
115513,1,walk,14,-12,3,-3,86,-89,996,124,1,0
115539,1,walk,14,-23,5,-87,105,-58,997,148,1,0
115565,1,walk,17,-34,6,-142,112,-22,997,183,1,0
115591,1,walk,30,-40,6,-158,92,15,998,184,1,0
115617,1,walk,42,-45,5,-141,47,49,998,157,1,0
115643,1,walk,46,-49,5,-99,4,81,998,128,1,0
115669,1,walk,40,-49,5,-44,-12,115,998,123,1,0
115695,1,walk,35,-40,5,12,-9,148,998,149,1,0
115721,1,walk,32,-23,4,38,-10,191,998,195,1,0
115747,1,walk,38,-8,2,3,-14,250,998,250,1,0
115773,1,walk,24,10,1,-78,63,316,997,332,1,0
115799,1,walk,-12,32,-2,-165,135,356,994,415,1,0
115825,1,walk,-49,53,-5,-241,192,356,993,471,1,0
115852,1,walk,-89,68,-10,-285,211,326,991,482,1,0
115879,1,walk,-87,70,-8,-273,163,299,993,436,1,0
115905,1,walk,-60,63,-6,-194,114,290,993,367,1,0
115931,1,walk,-28,53,-5,-86,90,305,993,329,1,0
115957,1,walk,-1,48,-5,1,108,328,994,345,1,0
115983,1,walk,13,55,-6,47,138,344,995,374,1,0
116009,1,walk,20,60,-7,53,130,346,995,373,1,0
116035,1,walk,28,53,-5,24,80,342,996,352,1,0
116061,1,walk,42,35,-4,-19,21,342,996,344,1,0
116087,1,walk,60,19,-5,-49,-30,347,996,352,1,0
116113,1,walk,81,11,-6,-52,-74,345,996,357,1,0
116139,1,walk,102,8,-9,-34,-114,330,996,351,1,0
116165,1,walk,122,0,-12,-18,-161,299,996,340,1,0
116191,1,walk,129,-15,-12,3,-208,254,996,329,1,0
116217,1,walk,122,-34,-9,29,-236,203,996,313,1,0
116243,1,walk,108,-47,-6,67,-241,150,996,292,1,0
116269,1,walk,96,-45,-4,98,-243,87,996,276,1,0
116295,1,walk,86,-39,-3,103,-256,22,997,277,1,0
116321,1,walk,69,-30,-1,68,-230,-27,996,241,1,0
116347,1,walk,41,-20,1,16,-172,-57,996,182,1,0
116373,1,walk,1,-13,3,-18,-109,-78,994,135,1,0
116399,1,walk,-48,-18,3,-36,-70,-89,992,119,1,0
116425,1,walk,-91,-38,3,-44,-66,-92,990,121,1,0
116451,1,walk,-115,-62,4,-13,-75,-90,990,118,1,0
116478,1,walk,-106,-79,6,71,-70,-84,992,130,1,0
116504,1,walk,-61,-77,6,168,-50,-79,991,192,1,0
116538,1,walk,-6,-52,0,223,-11,-91,988,241,1,0
116564,1,walk,33,-31,-5,208,15,-109,987,236,1,0
116590,1,walk,45,-25,-4,133,27,-120,990,181,1,0
116616,1,walk,37,-35,0,37,33,-116,992,126,1,0
116642,1,walk,19,-57,3,-46,42,-109,992,126,1,0
116668,1,walk,7,-78,5,-87,50,-116,993,153,1,0
116694,1,walk,11,-89,6,-79,34,-150,995,173,1,0
116720,1,walk,27,-89,5,-41,-16,-192,995,197,1,0
116746,1,walk,39,-89,4,4,-68,-225,996,235,1,0
116772,1,walk,38,-82,5,46,-84,-231,997,250,1,0
116798,1,walk,40,-59,4,89,-79,-222,996,252,1,0
116824,1,walk,50,-24,0,109,-82,-198,995,240,1,0
116850,1,walk,57,-1,-2,70,-58,-131,995,160,1,0
116876,1,walk,34,20,-2,3,38,-20,995,43,1,0
116902,1,walk,-8,38,-3,-73,121,94,992,170,1,0
116928,1,walk,-60,60,-7,-138,176,159,989,275,1,0
116955,1,walk,-96,80,-10,-185,157,151,989,286,1,0
116982,1,walk,-96,71,-6,-192,85,120,991,242,1,0
117008,1,walk,-79,46,-2,-118,28,119,992,170,1,0
117034,1,walk,-42,28,-1,8,-4,149,991,150,1,0
117060,1,walk,-6,29,-2,127,7,176,991,218,1,0
117086,1,walk,11,40,-4,205,28,178,992,272,1,0
117112,1,walk,20,48,-4,223,23,159,994,275,1,0
117138,1,walk,33,47,-5,189,-4,136,995,233,1,0
117164,1,walk,53,43,-6,123,-32,118,995,173,1,0
117190,1,walk,76,41,-9,49,-55,103,995,127,1,0
117216,1,walk,101,37,-13,-13,-76,92,995,120,1,0
117242,1,walk,121,32,-16,-46,-103,90,995,145,1,0
117269,1,walk,136,19,-18,-56,-142,87,995,176,1,0
117295,1,walk,128,-1,-14,-41,-181,54,996,193,1,0
117321,1,walk,110,-22,-9,10,-219,-12,995,219,1,0
117347,1,walk,105,-30,-7,74,-270,-91,996,295,1,0
117373,1,walk,104,-28,-7,120,-310,-166,997,371,1,0
117400,1,walk,89,-21,-4,131,-298,-222,997,394,1,0
117427,1,walk,62,-7,-2,116,-188,-255,996,337,1,0
117453,1,walk,29,11,0,71,-64,-274,995,291,1,0
117479,1,walk,-9,26,0,-2,17,-295,993,295,1,0
117505,1,walk,-51,19,2,-90,62,-319,992,338,1,0
117531,1,walk,-84,-10,5,-152,81,-333,991,375,1,0
117558,1,walk,-90,-44,7,-143,91,-317,991,360,1,0
117585,1,walk,-71,-59,9,-52,118,-277,992,306,1,0
117611,1,walk,-30,-46,6,71,133,-253,991,295,1,0
117637,1,walk,-1,-31,4,165,145,-261,992,341,1,0
117663,1,walk,2,-27,5,201,156,-278,994,377,1,0
117689,1,walk,-3,-33,7,180,164,-287,995,376,1,0
117715,1,walk,-20,-44,9,117,174,-282,995,351,1,0
117741,1,walk,-32,-56,10,34,183,-273,996,330,1,0
117768,1,walk,-34,-60,11,-35,175,-279,997,331,1,0
117794,1,walk,-21,-55,11,-75,131,-306,997,341,1,0
117820,1,walk,-11,-51,10,-86,71,-334,997,352,1,0
117847,1,walk,-10,-48,10,-67,29,-331,998,339,1,0
117873,1,walk,-9,-35,9,-25,9,-297,998,298,1,0
117899,1,walk,-3,-12,6,16,-11,-231,997,232,1,0
117925,1,walk,12,7,3,23,-11,-145,996,148,1,0
117951,1,walk,-3,28,2,-4,86,-53,996,101,1,0
117977,1,walk,-38,53,-2,-61,175,17,993,186,1,0
118003,1,walk,-74,78,-6,-157,240,43,992,290,1,0
118030,1,walk,-122,90,-12,-274,278,33,989,392,1,0
118057,1,walk,-139,90,-11,-347,246,8,991,425,1,0
118084,1,walk,-117,82,-8,-323,180,-10,992,370,1,0
118111,1,walk,-77,68,-5,-236,118,-16,992,264,1,0
118137,1,walk,-47,55,-3,-135,88,-14,992,162,1,0
118163,1,walk,-31,47,-1,-61,73,-10,994,95,1,0
118189,1,walk,-24,42,1,-31,49,-11,995,59,1,0
118223,1,walk,-12,34,1,-52,19,-17,995,58,1,0
118249,1,walk,4,21,2,-94,-7,-25,995,98,1,0
118275,1,walk,30,12,0,-122,-35,-30,995,130,1,0
118301,1,walk,58,12,-3,-121,-64,-25,995,139,1,0
118328,1,walk,83,15,-7,-97,-110,-15,995,147,1,0
118354,1,walk,92,10,-7,-61,-161,-10,996,173,1,0
118380,1,walk,90,-3,-5,-16,-229,-17,996,230,1,0
118406,1,walk,90,-17,-4,36,-296,-29,997,300,1,0
118432,1,walk,88,-25,-3,84,-342,-49,997,356,1,0
118458,1,walk,90,-26,-3,103,-400,-76,998,420,1,0
118485,1,walk,86,-23,-3,78,-399,-106,998,421,1,0
118511,1,walk,54,-16,1,28,-300,-120,996,325,1,0
118537,1,walk,18,-8,3,-36,-200,-117,995,235,1,0
118563,1,walk,-24,-3,4,-109,-102,-110,993,186,1,0
118590,1,walk,-66,-9,4,-178,-28,-108,992,210,1,0
118617,1,walk,-88,-33,6,-222,12,-110,992,248,1,0
118644,1,walk,-82,-64,8,-202,48,-102,992,231,1,0
118670,1,walk,-55,-75,8,-119,78,-90,993,168,1,0
118696,1,walk,-9,-64,4,-18,81,-88,991,121,1,0
118722,1,walk,9,-56,4,46,97,-89,993,139,1,0
118748,1,walk,-4,-54,7,70,119,-83,994,161,1,0
118774,1,walk,-13,-54,8,61,123,-69,995,154,1,0
118800,1,walk,-17,-59,9,26,121,-54,996,135,1,0
118826,1,walk,-17,-70,10,-15,111,-38,996,118,1,0
118852,1,walk,-9,-83,9,-36,101,-26,997,111,1,0
118878,1,walk,4,-94,8,-37,90,-17,997,99,1,0
118904,1,walk,22,-101,6,-41,69,-17,997,82,1,0
118930,1,walk,25,-101,6,-39,76,-22,998,88,1,0
118956,1,walk,16,-102,7,-32,91,-13,998,98,1,0
118982,1,walk,9,-91,8,-14,109,13,998,111,1,0
119008,1,walk,13,-68,7,5,79,63,997,101,1,0
119034,1,walk,30,-42,4,5,-5,142,996,143,1,0
119060,1,walk,16,-14,3,-19,-3,242,995,242,1,0
119086,1,walk,-30,10,1,-46,24,310,992,315,1,0
119112,1,walk,-80,36,-3,-66,53,301,988,313,1,0
119138,1,walk,-107,53,-5,-93,40,226,990,247,1,0
119164,1,walk,-96,49,-2,-99,-7,145,992,176,1,0
119190,1,walk,-60,36,-1,-41,-57,113,991,133,1,0
119216,1,walk,-25,29,-1,54,-68,118,991,147,1,0
119242,1,walk,3,35,-2,121,-34,122,992,175,1,0
119268,1,walk,14,45,-3,128,20,93,993,160,1,0
119294,1,walk,18,45,-3,83,43,38,994,101,1,0
119320,1,walk,34,30,-2,15,37,-15,995,43,1,0
119346,1,walk,52,10,-3,-49,40,-48,994,79,1,0
119372,1,walk,64,-2,-3,-86,57,-65,995,122,1,0
119398,1,walk,81,0,-5,-90,56,-80,996,133,1,0
119424,1,walk,100,4,-9,-78,23,-103,996,132,1,0
119450,1,walk,106,2,-9,-57,-32,-135,996,150,1,0
119476,1,walk,99,-11,-7,-31,-99,-166,997,196,1,0
119502,1,walk,89,-20,-5,-2,-173,-186,997,254,1,0
119528,1,walk,82,-20,-3,22,-229,-197,997,302,1,0
119554,1,walk,58,-14,-1,15,-250,-210,997,327,1,0
119580,1,walk,28,-2,2,-14,-184,-234,996,298,1,0
119606,1,walk,1,12,3,-65,-69,-261,995,278,1,0
119632,1,walk,-21,26,3,-125,4,-275,995,302,1,0
119658,1,walk,-53,26,4,-179,27,-268,994,323,1,0
119684,1,walk,-81,6,5,-208,29,-241,994,320,1,0
119710,1,walk,-108,-23,5,-184,35,-198,992,272,1,0
119737,1,walk,-101,-38,8,-88,26,-151,994,177,1,0
119763,1,walk,-61,-37,6,28,7,-117,993,120,1,0
119789,1,walk,-22,-37,4,110,0,-94,992,145,1,0
119815,1,walk,-6,-38,4,143,18,-72,993,161,1,0
119841,1,walk,-2,-37,5,134,56,-50,994,153,1,0
119867,1,walk,0,-38,6,86,86,-32,996,125,1,0
119901,1,walk,-4,-51,7,7,118,-23,996,121,1,0
119927,1,walk,-1,-62,8,-43,143,-25,997,151,1,0
119953,1,walk,15,-66,6,-48,131,-33,997,143,1,0
119979,1,walk,24,-71,6,-30,96,-40,998,109,1,0
120005,1,walk,12,-73,7,11,79,-33,998,86,1,0
120031,1,walk,-3,-70,8,68,56,-2,998,88,1,0
120057,1,walk,-6,-55,8,119,33,45,998,132,1,0
120083,1,walk,13,-32,5,132,-33,116,997,179,1,0
120109,1,walk,31,-11,1,77,-69,219,996,242,1,0
120135,1,walk,13,3,2,-38,-3,337,996,339,1,0
120161,1,walk,-36,13,2,-160,83,421,992,458,1,0
120187,1,walk,-92,29,-3,-251,147,418,988,509,1,0
120214,1,walk,-120,34,-3,-300,161,321,990,468,1,0
120241,1,walk,-105,16,1,-262,116,207,991,353,1,0
120267,1,walk,-72,-9,2,-126,71,147,991,206,1,0
120293,1,walk,-43,-16,3,52,53,143,991,161,1,0
120319,1,walk,-16,-5,2,186,49,147,992,242,1,0
120345,1,walk,-5,13,1,232,19,125,993,264,1,0
120371,1,walk,6,18,1,205,-62,76,994,227,1,0
120397,1,walk,23,3,1,137,-137,27,995,196,1,0
120423,1,walk,41,-13,0,76,-176,-9,995,192,1,0
120449,1,walk,69,-15,-4,49,-206,-40,995,215,1,0
120475,1,walk,97,-7,-9,56,-241,-78,994,259,1,0
120501,1,walk,120,1,-14,89,-295,-114,995,329,1,0
120528,1,walk,127,0,-15,127,-343,-138,996,391,1,0
120555,1,walk,116,-1,-12,174,-365,-157,996,434,1,0
120582,1,walk,117,4,-12,207,-388,-182,997,476,1,0
120609,1,walk,129,13,-15,199,-423,-209,997,512,1,0
120636,1,walk,124,18,-15,140,-465,-219,997,532,1,0
120663,1,walk,93,26,-10,65,-395,-218,996,456,1,0
120690,1,walk,35,39,-7,-2,-255,-220,992,337,1,0
120717,1,walk,-23,51,-6,-49,-131,-226,988,266,1,0
120744,1,walk,-63,47,-3,-88,-39,-226,988,245,1,0
120771,1,walk,-79,34,0,-91,23,-204,990,225,1,0
120797,1,walk,-59,23,2,-36,58,-183,991,196,1,0
120823,1,walk,-18,19,0,50,88,-162,991,191,1,0
120849,1,walk,16,22,-3,118,121,-141,991,220,1,0
120875,1,walk,24,24,-2,139,151,-120,993,237,1,0
120901,1,walk,9,14,1,112,170,-100,994,227,1,0
120927,1,walk,-14,-3,5,69,174,-80,995,204,1,0
120953,1,walk,-22,-20,7,36,166,-65,995,182,1,0
120979,1,walk,-24,-38,8,21,166,-67,996,180,1,0
121005,1,walk,-6,-54,7,35,140,-73,996,162,1,0
121031,1,walk,9,-57,6,64,112,-91,996,158,1,0
121057,1,walk,7,-49,7,92,104,-117,997,181,1,0
121083,1,walk,4,-39,7,95,101,-122,998,185,1,0
121109,1,walk,11,-27,6,74,86,-93,998,146,1,0
121135,1,walk,17,-9,4,43,54,-29,997,75,1,0
121161,1,walk,31,6,1,-6,46,52,997,70,1,0
121187,1,walk,1,29,1,-42,119,117,995,172,1,0
121213,1,walk,-34,61,-3,-41,173,149,992,232,1,0
121239,1,walk,-66,100,-10,-23,202,148,990,252,1,0
121265,1,walk,-83,129,-15,-24,157,125,990,202,1,0
121291,1,walk,-76,128,-13,-38,92,102,992,142,1,0
121317,1,walk,-66,119,-10,-25,87,86,994,125,1,0
121343,1,walk,-50,114,-9,11,114,74,995,137,1,0
121369,1,walk,-21,110,-10,32,146,60,995,161,1,0
121395,1,walk,-10,106,-9,26,166,48,996,174,1,0
121421,1,walk,-1,98,-8,-3,147,31,996,150,1,0
121447,1,walk,19,82,-7,-47,96,15,996,108,1,0
121473,1,walk,41,53,-7,-99,53,5,995,112,1,0
121499,1,walk,48,35,-5,-120,31,3,995,124,1,0
121525,1,walk,59,24,-4,-103,-5,9,996,103,1,0
121551,1,walk,89,23,-10,-54,-76,20,995,95,1,0
121585,1,walk,103,15,-12,0,-149,20,996,150,1,0
121611,1,walk,88,11,-8,72,-194,9,996,207,1,0
121637,1,walk,77,11,-6,139,-231,-14,997,270,1,0
121663,1,walk,79,15,-6,156,-261,-47,997,307,1,0
121690,1,walk,69,22,-5,101,-273,-89,997,305,1,0
121717,1,walk,42,26,-2,10,-238,-121,997,267,1,0
121744,1,walk,9,30,0,-61,-153,-130,996,210,1,0
121770,1,walk,-15,37,1,-111,-99,-124,996,193,1,0
121796,1,walk,-49,32,3,-152,-77,-117,994,207,1,0
121823,1,walk,-81,16,5,-160,-64,-120,993,210,1,0
121850,1,walk,-100,-11,7,-118,-43,-127,993,179,1,0
121876,1,walk,-90,-35,9,-30,-25,-121,994,127,1,0
121902,1,walk,-51,-39,8,79,-18,-105,993,132,1,0
121928,1,walk,-10,-28,3,171,-24,-94,992,197,1,0
121954,1,walk,14,-20,1,214,-40,-88,993,235,1,0
121980,1,walk,21,-16,2,198,-44,-85,994,220,1,0
122006,1,walk,17,-20,4,136,-38,-87,996,166,1,0
122032,1,walk,10,-33,6,50,-27,-95,996,110,1,0
122058,1,walk,7,-53,7,-28,-2,-103,996,106,1,0
122084,1,walk,12,-66,7,-62,10,-110,997,127,1,0
122110,1,walk,24,-73,6,-57,3,-115,997,128,1,0
122136,1,walk,31,-73,6,-25,-17,-108,997,112,1,0
122162,1,walk,26,-59,6,30,-12,-79,998,85,1,0
122188,1,walk,29,-33,4,86,-8,-25,997,90,1,0
122214,1,walk,35,-6,1,98,-11,53,996,112,1,0
122240,1,walk,43,12,-2,52,24,147,996,158,1,0
122266,1,walk,22,32,-2,-3,112,231,995,257,1,0
122292,1,walk,-12,56,-4,-49,173,284,994,337,1,0
122318,1,walk,-47,82,-7,-95,201,301,992,374,1,0
122344,1,walk,-83,97,-10,-140,171,278,991,356,1,0
122371,1,walk,-82,91,-7,-155,112,244,993,310,1,0
122397,1,walk,-61,80,-5,-115,73,217,993,256,1,0
122423,1,walk,-28,70,-6,-47,63,199,993,214,1,0
122449,1,walk,-5,65,-6,12,79,187,994,203,1,0
122475,1,walk,16,65,-7,41,70,174,994,192,1,0
122501,1,walk,26,59,-6,31,24,158,995,162,1,0
122527,1,walk,36,43,-5,-8,-38,139,996,145,1,0
122553,1,walk,47,23,-4,-53,-97,119,996,163,1,0
122579,1,walk,66,5,-5,-81,-145,96,995,192,1,0
122605,1,walk,87,1,-8,-65,-183,68,996,206,1,0
122631,1,walk,126,6,-19,-13,-244,43,994,248,1,0
122657,1,walk,145,7,-24,44,-286,17,994,290,1,0
122683,1,walk,134,0,-19,104,-292,-20,995,311,1,0
122710,1,walk,117,-6,-14,163,-277,-56,996,326,1,0
122737,1,walk,119,-4,-15,181,-304,-78,996,362,1,0
122764,1,walk,118,6,-15,150,-347,-91,997,388,1,0
122791,1,walk,94,13,-11,79,-334,-100,996,358,1,0
122818,1,walk,53,22,-7,-5,-233,-113,994,259,1,0
122844,1,walk,-3,31,-4,-63,-105,-134,991,182,1,0
122871,1,walk,-51,37,-2,-94,-18,-165,989,191,1,0
122898,1,walk,-74,26,2,-102,6,-190,991,216,1,0
122924,1,walk,-70,1,6,-66,-8,-183,992,195,1,0
122950,1,walk,-41,-13,6,22,-21,-143,992,146,1,0
122976,1,walk,-1,-9,2,122,-19,-100,992,159,1,0
123002,1,walk,24,0,-2,176,11,-82,992,195,1,0
123028,1,walk,26,2,-1,167,49,-87,994,195,1,0
123054,1,walk,22,-5,2,113,85,-97,995,172,1,0
123080,1,walk,15,-24,5,39,123,-98,995,161,1,0
123106,1,walk,7,-47,7,-28,158,-88,995,183,1,0
123132,1,walk,17,-59,6,-61,173,-79,996,200,1,0
123158,1,walk,37,-56,4,-55,160,-88,996,191,1,0
123184,1,walk,47,-56,3,-30,126,-104,997,166,1,0
123210,1,walk,50,-60,2,-4,88,-103,997,135,1,0
123236,1,walk,35,-55,5,24,96,-81,997,128,1,0
123270,1,walk,31,-36,4,50,109,-36,997,125,1,0
123296,1,walk,28,-14,3,54,113,31,997,129,1,0
123322,1,walk,27,2,2,24,137,133,997,192,1,0
123348,1,walk,-11,21,2,-32,234,253,995,346,1,0
123374,1,walk,-65,45,-2,-101,310,330,990,464,1,0
123401,1,walk,-119,68,-8,-172,324,322,987,488,1,0
123428,1,walk,-140,68,-6,-231,286,258,989,449,1,0
123455,1,walk,-127,49,-1,-222,228,205,990,378,1,0
123481,1,walk,-101,23,2,-144,189,193,991,306,1,0
123507,1,walk,-70,7,4,-42,190,204,991,282,1,0
123533,1,walk,-46,8,4,31,224,205,992,305,1,0
123559,1,walk,-41,13,5,52,246,181,994,310,1,0
123585,1,walk,-39,13,6,23,223,134,995,261,1,0
123611,1,walk,-34,4,7,-30,180,82,996,200,1,0
123637,1,walk,-16,-6,7,-86,122,42,996,155,1,0
123663,1,walk,5,-9,5,-117,47,14,996,127,1,0
123689,1,walk,28,-9,3,-110,-54,-5,996,123,1,0
123715,1,walk,40,-13,2,-70,-173,-20,997,188,1,0
123741,1,walk,44,-23,2,-10,-318,-39,997,321,1,0
123767,1,walk,51,-35,2,52,-445,-75,997,454,1,0
123793,1,walk,55,-42,2,115,-509,-132,998,539,1,0
123820,1,walk,63,-46,1,145,-514,-201,998,571,1,0
123847,1,walk,56,-40,2,139,-419,-257,998,511,1,0
123874,1,walk,28,-20,3,92,-215,-294,996,376,1,0
123900,1,walk,-9,2,3,1,-24,-311,994,311,1,0
123926,1,walk,-45,17,3,-111,114,-313,993,351,1,0
123953,1,walk,-75,13,5,-227,168,-306,993,416,1,0
123979,1,walk,-92,-7,7,-300,167,-293,993,451,1,0
124006,1,walk,-99,-35,9,-280,170,-265,994,422,1,0
124033,1,walk,-91,-55,11,-175,184,-222,994,338,1,0
124060,1,walk,-66,-58,11,-36,189,-182,994,265,1,0
124086,1,walk,-48,-52,10,84,188,-157,995,258,1,0
124112,1,walk,-42,-48,11,155,174,-145,996,275,1,0
124138,1,walk,-43,-51,11,169,160,-140,997,271,1,0
124164,1,walk,-48,-57,12,141,156,-140,997,253,1,0
124190,1,walk,-51,-65,12,93,147,-144,997,226,1,0
124216,1,walk,-44,-71,12,48,117,-151,998,197,1,0
124242,1,walk,-34,-76,12,22,75,-158,998,177,1,0
124268,1,walk,-22,-80,11,11,18,-167,998,168,1,0
124294,1,walk,-25,-76,11,17,-9,-170,998,171,1,0
124320,1,walk,-24,-68,11,36,-26,-149,998,156,1,0
124346,1,walk,-20,-53,10,52,-28,-95,998,112,1,0
124372,1,walk,-8,-35,8,50,-5,-7,998,51,1,0
124398,1,walk,-19,-6,6,26,83,75,996,115,1,0
124424,1,walk,-46,27,2,-7,140,109,994,178,1,0
124450,1,walk,-78,58,-3,-36,179,120,992,218,1,0
124476,1,walk,-111,86,-9,-67,152,127,991,209,1,0
124503,1,walk,-112,98,-10,-84,58,127,992,163,1,0
124530,1,walk,-96,98,-8,-68,-1,114,994,133,1,0
124556,1,walk,-68,90,-7,-32,-14,89,994,96,1,0
124582,1,walk,-42,77,-5,-2,18,58,994,61,1,0
124608,1,walk,-27,65,-3,14,63,36,995,74,1,0
124634,1,walk,-16,56,-1,18,74,25,996,80,1,0
124660,1,walk,1,46,-1,3,46,16,996,49,1,0
124686,1,walk,18,30,0,-25,5,0,996,26,1,0
124712,1,walk,26,14,1,-49,-25,-27,996,62,1,0
124738,1,walk,37,11,0,-47,-60,-64,997,100,1,0
124764,1,walk,62,16,-4,-25,-121,-109,996,165,1,0
124791,1,walk,81,18,-7,7,-199,-146,996,246,1,0
124817,1,walk,92,12,-9,33,-264,-175,997,318,1,0
124843,1,walk,95,8,-8,56,-293,-208,997,364,1,0
124869,1,walk,98,7,-9,72,-301,-240,997,391,1,0
124895,1,walk,101,8,-9,64,-312,-246,997,403,1,0
124921,1,walk,89,9,-7,13,-305,-222,998,377,1,0
124956,1,walk,54,15,-4,-65,-206,-185,996,285,1,0
124982,1,walk,11,21,-2,-129,-110,-164,994,236,1,0
125009,1,walk,-29,21,0,-176,-56,-167,992,249,1,0
125036,1,walk,-65,0,3,-203,-27,-183,991,275,1,0
125062,1,walk,-91,-32,5,-178,-10,-194,991,264,1,0
125089,1,walk,-88,-59,7,-91,12,-188,992,209,1,0
125115,1,walk,-62,-60,8,35,54,-179,993,190,1,0
125141,1,walk,-27,-46,5,143,99,-178,992,249,1,0
125167,1,walk,-1,-28,3,190,137,-184,992,298,1,0
125193,1,walk,2,-17,3,170,174,-185,993,305,1,0
125219,1,walk,-2,-15,4,100,194,-173,995,278,1,0
125245,1,walk,-10,-22,6,7,207,-144,995,253,1,0
125271,1,walk,-20,-35,8,-75,218,-105,996,254,1,0
125297,1,walk,-14,-46,8,-122,201,-69,997,245,1,0
125323,1,walk,-3,-51,8,-125,169,-45,997,215,1,0
125349,1,walk,0,-56,8,-92,135,-32,997,166,1,0
125374,1,walk,-13,-58,9,-37,121,-19,998,128,1,0
125400,1,walk,-19,-57,10,19,87,1,998,89,1,0
125426,1,walk,-20,-51,10,59,50,38,998,86,1,0
125452,1,walk,-13,-41,9,78,23,98,998,127,1,0
125478,1,walk,-24,-17,7,73,77,170,997,201,1,0
125504,1,walk,-51,21,2,33,132,221,994,260,1,0
125530,1,walk,-80,58,-4,-44,162,240,992,293,1,0
125556,1,walk,-114,79,-9,-139,149,243,990,317,1,0
125583,1,walk,-121,77,-8,-209,87,244,992,333,1,0
125610,1,walk,-105,60,-4,-212,55,246,993,329,1,0
125636,1,walk,-76,37,0,-167,45,249,993,303,1,0
125662,1,walk,-45,21,1,-108,65,246,993,276,1,0
125688,1,walk,-33,14,3,-60,100,234,994,261,1,0
125714,1,walk,-24,8,4,-36,93,216,995,238,1,0
125740,1,walk,-8,3,4,-36,48,195,996,204,1,0
125766,1,walk,14,-4,3,-46,-18,173,996,180,1,0
125792,1,walk,33,-9,2,-44,-85,150,996,178,1,0
125818,1,walk,58,-10,-2,-24,-159,129,996,206,1,0
125844,1,walk,90,-6,-7,12,-224,111,995,251,1,0
125870,1,walk,110,-6,-10,52,-273,85,995,290,1,0
125896,1,walk,109,-12,-9,103,-301,49,996,322,1,0
125922,1,walk,91,-22,-5,160,-283,2,996,325,1,0
125948,1,walk,71,-22,-2,213,-242,-51,996,326,1,0
125974,1,walk,63,-15,-1,211,-218,-101,997,320,1,0
126001,1,walk,47,-3,0,151,-160,-135,997,258,1,0
126027,1,walk,21,6,1,50,-85,-144,996,174,1,0
126053,1,walk,1,17,2,-51,-35,-147,996,160,1,0
126079,1,walk,-26,23,3,-119,-21,-164,996,204,1,0
126106,1,walk,-60,10,4,-138,-50,-184,994,236,1,0
126133,1,walk,-86,-18,5,-84,-57,-181,993,208,1,0
126159,1,walk,-95,-41,7,28,-31,-150,994,156,1,0
126185,1,walk,-68,-40,7,165,0,-117,994,202,1,0
126211,1,walk,-29,-22,4,258,42,-105,993,282,1,0
126237,1,walk,2,-6,0,271,84,-113,992,305,1,0
126263,1,walk,7,-2,1,203,134,-121,994,271,1,0
126289,1,walk,0,-5,3,92,173,-117,995,228,1,0
126315,1,walk,-9,-16,5,-23,192,-101,995,218,1,0
126341,1,walk,-13,-36,6,-113,180,-81,996,228,1,0
126367,1,walk,-8,-52,7,-146,148,-66,996,218,1,0
126393,1,walk,3,-57,7,-113,88,-64,997,157,1,0
126419,1,walk,10,-57,7,-39,20,-70,997,83,1,0
126445,1,walk,4,-56,8,48,-33,-68,998,90,1,0
126471,1,walk,5,-45,7,129,-70,-52,998,156,1,0
126497,1,walk,8,-24,5,178,-84,-17,997,197,1,0
126523,1,walk,8,-4,4,164,-73,45,997,185,1,0
126549,1,walk,-5,22,2,100,23,120,996,158,1,0
126575,1,walk,-33,53,-3,12,104,174,994,203,1,0
126601,1,walk,-60,85,-9,-87,139,190,992,251,1,0
126636,1,walk,-80,98,-10,-173,85,166,993,255,1,0
126662,1,walk,-76,89,-7,-206,39,150,994,258,1,0
126688,1,walk,-69,74,-4,-158,29,148,995,218,1,0
126714,1,walk,-46,64,-3,-66,45,146,995,167,1,0
126740,1,walk,-23,59,-2,16,86,132,996,158,1,0
126766,1,walk,-12,55,-2,61,115,112,996,172,1,0
126792,1,walk,0,46,-1,62,104,96,997,154,1,0
126818,1,walk,13,36,-1,26,70,88,997,115,1,0
126844,1,walk,29,29,-2,-29,20,85,997,92,1,0
126870,1,walk,48,22,-3,-88,-43,79,996,126,1,0
126896,1,walk,69,16,-5,-128,-106,66,996,179,1,0
126922,1,walk,99,15,-11,-133,-175,51,996,225,1,0
126948,1,walk,120,7,-14,-115,-236,31,996,264,1,0
126974,1,walk,118,-6,-12,-61,-253,4,996,260,1,0
127000,1,walk,104,-13,-8,45,-237,-38,997,244,1,0
127027,1,walk,97,-8,-7,169,-231,-87,997,299,1,0
127053,1,walk,85,-1,-6,240,-239,-131,997,363,1,0
127080,1,walk,62,8,-3,218,-193,-149,997,327,1,0
127106,1,walk,25,17,-2,125,-121,-145,995,226,1,0
127132,1,walk,-5,25,0,-7,-98,-133,995,165,1,0
127158,1,walk,-43,18,1,-141,-102,-126,993,215,1,0
127185,1,walk,-81,-11,3,-232,-139,-115,991,294,1,0
127212,1,walk,-108,-43,3,-230,-165,-105,990,302,1,0
127239,1,walk,-101,-69,6,-143,-163,-96,991,237,1,0
127266,1,walk,-60,-76,6,-24,-131,-86,991,159,1,0
127292,1,walk,-2,-61,0,67,-93,-75,988,137,1,0
127318,1,walk,40,-41,-6,108,-47,-61,987,133,1,0
127344,1,walk,55,-29,-6,86,9,-43,989,96,1,0
127370,1,walk,48,-32,-3,19,71,-18,992,76,1,0
127396,1,walk,29,-42,1,-54,129,5,993,140,1,0
127422,1,walk,14,-55,4,-101,170,20,994,199,1,0
127448,1,walk,9,-72,5,-112,184,29,995,217,1,0
127474,1,walk,17,-81,6,-79,174,39,996,195,1,0
127500,1,walk,19,-79,6,-11,176,43,996,181,1,0
127526,1,walk,7,-67,7,76,187,50,997,208,1,0
127552,1,walk,1,-48,7,147,177,80,997,243,1,0
127578,1,walk,4,-29,6,150,150,149,996,259,1,0
127604,1,walk,-3,-9,5,72,192,238,997,314,1,0
127630,1,walk,-31,17,3,-31,243,307,995,392,1,0
127656,1,walk,-55,45,0,-125,284,332,994,455,1,0
127682,1,walk,-88,68,-5,-188,292,322,992,473,1,0
127709,1,walk,-105,75,-5,-201,233,291,993,423,1,0
127736,1,walk,-103,64,-3,-148,175,262,994,348,1,0
127762,1,walk,-91,54,0,-52,150,245,995,291,1,0
127788,1,walk,-66,53,0,44,152,233,995,282,1,0
127814,1,walk,-47,58,0,103,171,223,996,299,1,0
127840,1,walk,-34,61,0,117,162,213,997,293,1,0
127866,1,walk,-11,54,-1,92,110,205,996,250,1,0
127892,1,walk,13,40,-1,42,47,197,996,206,1,0
127918,1,walk,26,27,-1,-2,-6,180,996,180,1,0
127944,1,walk,36,18,-1,-17,-57,151,996,162,1,0
127970,1,walk,52,13,-2,-6,-111,115,996,160,1,0
127996,1,walk,70,9,-4,29,-177,84,997,198,1,0
128022,1,walk,84,6,-5,83,-244,59,997,265,1,0
128048,1,walk,85,-2,-5,141,-294,18,997,327,1,0
128074,1,walk,78,-13,-3,192,-320,-39,997,375,1,0
128101,1,walk,73,-13,-2,222,-328,-99,998,408,1,0
128128,1,walk,74,1,-4,176,-323,-172,997,406,1,0
128154,1,walk,59,0,-2,51,-292,-237,997,379,1,0
128180,1,walk,29,3,1,-69,-185,-275,996,338,1,0
128206,1,walk,-8,21,0,-66,-141,-300,994,338,1,0
128232,1,walk,-47,18,2,-21,-93,-330,993,344,1,0
128258,1,walk,-97,8,0,-1,-73,-348,990,355,1,0
128284,1,walk,-109,2,2,42,-93,-368,992,382,1,0
128319,1,walk,-88,-1,4,95,-61,-376,993,393,1,0
128345,1,walk,-55,17,2,124,-15,-383,993,403,1,0
128371,1,walk,-11,36,-4,121,16,-393,991,411,1,0
128397,1,walk,15,33,-5,95,35,-392,992,405,1,0
128423,1,walk,25,22,-3,72,37,-381,994,390,1,0
128449,1,walk,22,14,-1,71,39,-367,995,376,1,0
128475,1,walk,17,5,1,80,29,-336,996,347,1,0
128501,1,walk,24,-2,2,87,2,-293,996,306,1,0
128527,1,walk,36,-7,2,65,-21,-252,997,261,1,0
128553,1,walk,48,-7,1,37,-63,-208,997,221,1,0
128579,1,walk,48,-8,1,21,-94,-170,997,195,1,0
128605,1,walk,37,-12,3,24,-107,-125,998,166,1,0
128631,1,walk,28,-10,4,44,-120,-58,998,140,1,0
128657,1,walk,22,0,3,67,-127,25,998,146,1,0
128683,1,walk,28,9,2,81,-122,123,998,192,1,0
128709,1,walk,15,25,1,75,-57,194,997,216,1,0
128735,1,walk,-7,49,-2,43,-17,221,996,225,1,0
128761,1,walk,-36,76,-7,19,-16,218,994,220,1,0
128787,1,walk,-55,101,-12,19,-58,219,993,227,1,0
128813,1,walk,-57,118,-14,41,-99,240,994,263,1,0
128839,1,walk,-46,126,-16,65,-99,256,995,282,1,0
128865,1,walk,-15,125,-18,61,-59,259,994,273,1,0
128891,1,walk,29,107,-20,18,-13,250,993,251,1,0
128917,1,walk,62,80,-20,-41,32,238,991,244,1,0
128943,1,walk,72,52,-16,-92,50,229,992,252,1,0
128969,1,walk,77,28,-12,-117,23,215,993,246,1,0
128995,1,walk,82,19,-10,-121,-2,183,995,219,1,0
129021,1,walk,94,18,-11,-119,-37,139,995,187,1,0
129047,1,walk,109,17,-14,-115,-70,105,996,170,1,0
129074,1,walk,124,20,-17,-106,-86,74,996,155,1,0
129101,1,walk,136,22,-20,-114,-112,27,996,162,1,0
129128,1,walk,131,13,-18,-118,-138,-21,997,183,1,0
129155,1,walk,116,8,-14,-92,-160,-60,997,194,1,0
129182,1,walk,111,5,-12,-83,-203,-94,998,239,1,0
129209,1,walk,107,-2,-11,-117,-219,-123,998,277,1,0
129236,1,walk,83,-12,-5,-148,-161,-146,997,264,1,0
129263,1,walk,51,-23,0,-157,-95,-162,996,245,1,0
129289,1,walk,22,-34,4,-150,-42,-191,995,247,1,0
129315,1,walk,-27,-48,7,-130,19,-235,992,269,1,0
129341,1,walk,-67,-68,8,-79,28,-267,990,280,1,0
129367,1,walk,-90,-85,10,-16,37,-275,991,278,1,0
129393,1,walk,-88,-89,12,29,65,-264,993,274,1,0
129419,1,walk,-64,-77,12,54,85,-250,994,269,1,0
129445,1,walk,-27,-55,8,76,78,-242,993,266,1,0
129471,1,walk,3,-35,4,79,63,-253,992,273,1,0
129497,1,walk,21,-30,2,66,36,-266,993,276,1,0
129523,1,walk,26,-35,3,43,13,-263,994,266,1,0
129549,1,walk,22,-40,5,30,1,-246,995,248,1,0
129575,1,walk,27,-43,5,38,-25,-218,996,222,1,0
129601,1,walk,42,-44,4,56,-57,-180,997,197,1,0
129627,1,walk,55,-47,2,65,-75,-133,997,166,1,0
129653,1,walk,58,-45,1,62,-76,-75,997,124,1,0
129679,1,walk,54,-38,2,55,-65,-19,998,88,1,0
129705,1,walk,44,-29,3,56,-48,40,998,84,1,0
129731,1,walk,31,-21,4,56,-34,117,998,134,1,0
129757,1,walk,32,-16,3,48,-27,224,998,230,1,0
129783,1,walk,21,-3,3,29,60,335,998,342,1,0
129809,1,walk,-4,14,3,-7,147,404,997,430,1,0
129835,1,walk,-28,31,3,-23,208,429,996,477,1,0
129861,1,walk,-51,46,2,-12,229,419,995,477,1,0
129887,1,walk,-55,55,1,34,198,417,996,463,1,0
129913,1,walk,-53,70,-1,107,205,406,996,467,1,0
129939,1,walk,-39,80,-4,147,221,377,996,461,1,0
129965,1,walk,-17,76,-5,138,251,343,996,447,1,0
130000,1,walk,-1,59,-4,108,266,314,996,425,1,0
130026,1,walk,3,40,-1,87,243,293,996,391,1,0
130052,1,walk,15,25,-1,72,181,269,996,332,1,0
130078,1,walk,29,17,-1,62,111,233,996,265,1,0
130104,1,walk,44,19,-4,53,47,194,997,207,1,0
130130,1,walk,55,24,-6,28,-8,161,997,164,1,0
130156,1,walk,72,31,-10,-9,-65,138,997,153,1,0
130182,1,walk,91,34,-14,-54,-125,126,997,185,1,0
130209,1,walk,93,34,-14,-109,-165,103,998,223,1,0
130236,1,walk,76,23,-9,-166,-183,71,997,258,1,0
130262,1,walk,56,11,-5,-194,-198,49,997,281,1,0
130288,1,walk,59,1,-4,-211,-239,23,997,319,1,0
130314,1,walk,54,-6,-3,-205,-230,-17,997,309,1,0
130341,1,walk,31,-16,1,-183,-150,-79,997,250,1,0
130367,1,walk,-3,-24,5,-171,-47,-138,995,225,1,0
130393,1,walk,-49,-32,7,-166,62,-193,993,262,1,0
130420,1,walk,-99,-41,7,-130,136,-226,990,294,1,0
130447,1,walk,-134,-47,7,-55,170,-230,990,291,1,0
130474,1,walk,-142,-48,8,19,175,-217,992,279,1,0
130500,1,walk,-119,-35,9,79,170,-201,993,275,1,0
130526,1,walk,-74,-18,6,121,146,-192,991,270,1,0
130552,1,walk,-31,-5,1,141,104,-188,990,257,1,0
130578,1,walk,-13,-2,1,133,62,-180,992,232,1,0
130604,1,walk,-9,-10,4,103,21,-164,994,195,1,0
130630,1,walk,-17,-26,6,75,-14,-133,994,153,1,0
130656,1,walk,-19,-41,8,65,-46,-92,995,121,1,0
130682,1,walk,-12,-54,9,71,-75,-45,996,113,1,0
130708,1,walk,5,-57,8,96,-119,-5,996,153,1,0
130734,1,walk,23,-49,5,126,-174,26,996,216,1,0
130760,1,walk,29,-40,4,148,-215,59,997,268,1,0
130786,1,walk,23,-31,5,165,-233,107,997,305,1,0
130812,1,walk,20,-16,4,173,-237,172,997,340,1,0
130838,1,walk,23,2,2,173,-238,258,997,392,1,0
130864,1,walk,38,14,-2,193,-170,378,997,457,1,0
130890,1,walk,12,37,-3,210,-16,481,995,525,1,0
130916,1,walk,-24,71,-8,181,102,506,992,547,1,0
130942,1,walk,-54,94,-11,97,145,473,991,504,1,0
130968,1,walk,-65,103,-11,3,143,413,993,437,1,0
130994,1,walk,-60,86,-6,-66,119,362,994,386,1,0
131020,1,walk,-43,58,-3,-76,118,329,994,358,1,0
131046,1,walk,-4,41,-4,-52,135,311,993,343,1,0
131072,1,walk,23,33,-6,-40,175,286,993,338,1,0
131098,1,walk,27,32,-5,-49,196,245,995,318,1,0
131124,1,walk,14,23,-1,-81,179,193,996,276,1,0
131150,1,walk,8,5,2,-124,145,139,996,236,1,0
131176,1,walk,15,-13,4,-163,95,80,997,205,1,0
131202,1,walk,38,-19,1,-167,22,12,996,169,1,0
131228,1,walk,67,-20,-4,-137,-57,-55,995,158,1,0
131255,1,walk,84,-27,-7,-86,-129,-95,996,182,1,0
131281,1,walk,83,-28,-6,-21,-172,-121,996,212,1,0
131308,1,walk,71,-22,-4,57,-171,-164,997,244,1,0
131335,1,walk,66,-13,-4,112,-176,-225,997,307,1,0
131362,1,walk,66,-8,-4,95,-197,-265,997,343,1,0
131388,1,walk,59,-1,-3,14,-180,-252,998,311,1,0
131415,1,walk,24,10,-1,-120,-109,-214,996,269,1,0
131442,1,walk,-18,19,1,-267,-23,-185,994,326,1,0
131469,1,walk,-66,16,2,-388,57,-186,991,434,1,0
131496,1,walk,-104,-10,4,-466,101,-199,990,517,1,0
131523,1,walk,-119,-44,7,-458,128,-212,990,520,1,0
131550,1,walk,-101,-71,9,-333,160,-220,991,430,1,0
131577,1,walk,-52,-77,6,-147,182,-225,989,325,1,0
131603,1,walk,-8,-67,2,31,214,-227,989,313,1,0
131629,1,walk,8,-53,2,154,255,-226,991,374,1,0
131655,1,walk,-13,-46,5,195,291,-222,992,415,1,0
131690,1,walk,-33,-47,8,141,285,-214,994,383,1,0
131716,1,walk,-55,-57,10,57,269,-194,994,337,1,0
131742,1,walk,-60,-74,11,-19,248,-163,995,298,1,0
131768,1,walk,-55,-83,12,-49,230,-128,996,268,1,0
131795,1,walk,-50,-77,12,-30,196,-92,996,219,1,0
131821,1,walk,-47,-71,13,5,155,-53,997,164,1,0
131847,1,walk,-52,-65,13,54,136,-10,997,146,1,0
131873,1,walk,-51,-51,12,111,105,48,997,160,1,0
131899,1,walk,-36,-30,9,152,25,124,997,198,1,0
131925,1,walk,-29,-12,8,141,4,213,997,255,1,0
131951,1,walk,-76,12,4,109,52,285,993,310,1,0
131977,1,walk,-107,44,-2,76,88,306,991,327,1,0
132003,1,walk,-129,83,-11,32,102,275,989,295,1,0
132030,1,walk,-120,101,-12,-34,63,224,991,236,1,0
132057,1,walk,-104,93,-8,-72,51,192,993,211,1,0
132083,1,walk,-84,73,-4,-67,77,191,993,216,1,0
132109,1,walk,-58,59,-2,-40,111,199,994,232,1,0
132135,1,walk,-40,52,-1,-19,126,199,994,236,1,0
132161,1,walk,-34,43,1,-12,90,189,995,210,1,0
132187,1,walk,-21,28,3,-21,3,172,996,173,1,0
132213,1,walk,-4,13,4,-37,-83,152,996,177,1,0
132239,1,walk,26,3,2,-57,-159,120,996,207,1,0
132265,1,walk,53,0,-2,-74,-207,71,995,231,1,0
132291,1,walk,80,1,-6,-67,-241,19,995,251,1,0
132317,1,walk,102,-3,-10,-39,-256,-16,995,260,1,0
132344,1,walk,105,-11,-9,7,-247,-28,996,248,1,0
132370,1,walk,98,-13,-7,63,-209,-41,996,222,1,0
132396,1,walk,85,-7,-5,128,-159,-68,997,215,1,0
132422,1,walk,74,-2,-4,154,-150,-85,997,231,1,0
132448,1,walk,53,2,-1,124,-132,-76,997,196,1,0
132474,1,walk,10,9,1,69,-18,-53,995,89,1,0
132500,1,walk,-29,23,1,16,73,-37,993,83,1,0
132526,1,walk,-51,37,1,-45,92,-43,993,111,1,0
132552,1,walk,-73,29,3,-118,75,-64,994,154,1,0
132578,1,walk,-96,-5,5,-168,62,-79,992,196,1,0
132604,1,walk,-108,-42,7,-150,83,-76,992,187,1,0
132630,1,walk,-96,-64,9,-71,131,-71,993,165,1,0
132656,1,walk,-65,-63,9,23,176,-90,993,198,1,0
132682,1,walk,-41,-53,9,96,203,-129,994,259,1,0
132708,1,walk,-37,-46,10,135,214,-167,996,303,1,0
132734,1,walk,-38,-45,11,134,206,-187,997,309,1,0
132760,1,walk,-44,-51,12,97,191,-181,997,280,1,0
132786,1,walk,-43,-55,12,46,154,-161,997,228,1,0
132812,1,walk,-44,-55,12,-1,121,-154,998,196,1,0
132838,1,walk,-36,-52,12,-24,70,-164,998,179,1,0
132864,1,walk,-24,-50,11,-26,6,-182,998,184,1,0
132890,1,walk,-24,-49,11,-26,-27,-188,998,192,1,0
132917,1,walk,-33,-45,11,-21,-30,-168,998,172,1,0
132943,1,walk,-35,-31,10,1,-24,-103,998,106,1,0
132969,1,walk,-18,-19,8,14,-44,5,997,47,1,0
132995,1,walk,-26,3,6,-3,44,116,997,124,1,0
133021,1,walk,-66,34,0,-30,154,173,993,234,1,0
133047,1,walk,-103,69,-9,-74,222,164,990,286,1,0
133074,1,walk,-130,94,-15,-135,216,120,990,281,1,0
133101,1,walk,-127,90,-12,-180,164,92,992,260,1,0
133127,1,walk,-114,73,-7,-158,147,104,993,240,1,0
133153,1,walk,-83,58,-4,-89,147,141,993,223,1,0
133179,1,walk,-49,52,-3,-20,173,171,993,244,1,0
133205,1,walk,-39,53,-2,26,196,177,994,265,1,0
133231,1,walk,-35,50,0,46,166,159,995,234,1,0
133257,1,walk,-21,36,1,37,99,133,996,170,1,0
133283,1,walk,-5,21,3,15,33,109,996,115,1,0
133309,1,walk,16,15,2,7,-24,90,996,94,1,0
133335,1,walk,41,16,-1,17,-79,71,996,107,1,0
133369,1,walk,66,15,-4,28,-145,51,996,157,1,0
133395,1,walk,79,6,-4,20,-214,26,996,217,1,0
133421,1,walk,80,-10,-2,-8,-257,-16,996,257,1,0
133447,1,walk,65,-28,1,-26,-259,-87,996,275,1,0
133473,1,walk,58,-37,2,-28,-260,-170,996,312,1,0
133500,1,walk,57,-40,3,-29,-254,-240,997,351,1,0
133527,1,walk,33,-33,5,-16,-168,-272,996,320,1,0
133553,1,walk,5,-23,5,-13,-87,-267,996,281,1,0
133579,1,walk,-19,-10,6,-34,-33,-252,995,257,1,0
133606,1,walk,-55,-5,5,-78,-13,-254,994,266,1,0
133632,1,walk,-91,-17,4,-115,-27,-272,993,296,1,0
133659,1,walk,-112,-45,4,-119,-28,-276,992,302,1,0
133686,1,walk,-111,-72,6,-73,-4,-253,993,263,1,0
133712,1,walk,-84,-78,7,10,35,-227,994,230,1,0
133738,1,walk,-51,-70,7,95,75,-221,993,252,1,0
133764,1,walk,-28,-60,7,145,111,-228,994,292,1,0
133790,1,walk,-17,-51,8,153,146,-232,995,314,1,0
133816,1,walk,-26,-47,8,125,184,-225,996,316,1,0
133842,1,walk,-35,-86,7,41,197,-205,994,287,1,0
133869,1,walk,-43,-83,8,5,187,-181,995,260,1,0
133895,1,walk,-38,-81,9,-7,150,-164,996,223,1,0
133921,1,walk,-35,-77,9,18,96,-156,997,184,1,0
133947,1,walk,-33,-74,10,56,23,-140,997,153,1,0
133973,1,walk,-29,-67,10,83,-32,-102,998,135,1,0
133999,1,walk,-22,-48,9,106,-61,-47,997,131,1,0
134025,1,walk,-10,-23,7,107,-82,23,996,137,1,0
134051,1,walk,-5,3,4,70,-14,95,996,119,1,0
134077,1,walk,-43,32,-1,25,108,150,993,187,1,0
134103,1,walk,-78,66,-8,-13,212,170,990,273,1,0
134130,1,walk,-113,97,-17,-58,246,151,988,295,1,0
134157,1,walk,-117,103,-16,-111,175,133,991,246,1,0
134184,1,walk,-104,86,-11,-132,118,136,992,223,1,0
134211,1,walk,-85,68,-7,-96,97,153,993,205,1,0
134237,1,walk,-63,61,-4,-38,104,159,994,193,1,0
134263,1,walk,-49,61,-3,-3,118,146,995,188,1,0
134289,1,walk,-38,58,-2,-5,98,128,995,161,1,0
134315,1,walk,-18,48,0,-37,30,116,996,125,1,0
134341,1,walk,9,38,0,-69,-46,111,995,139,1,0
134367,1,walk,36,34,-2,-85,-123,103,995,182,1,0
134393,1,walk,66,34,-5,-76,-200,91,994,233,1,0
134419,1,walk,91,25,-7,-52,-276,85,995,293,1,0
134445,1,walk,111,13,-8,-10,-346,87,995,357,1,0
134471,1,walk,125,5,-10,46,-399,74,995,408,1,0
134497,1,walk,121,-6,-7,100,-406,40,996,420,1,0
134523,1,walk,115,-16,-5,133,-390,6,996,412,1,0
134549,1,walk,112,-13,-5,117,-363,-19,997,382,1,0
134575,1,walk,96,-2,-4,54,-317,-46,997,325,1,0
134602,1,walk,78,7,-2,-47,-249,-67,997,262,1,0
134628,1,walk,53,15,-1,-161,-161,-82,996,242,1,0
134655,1,walk,13,16,1,-251,-74,-97,995,279,1,0
134681,1,walk,-32,0,2,-306,-10,-111,992,326,1,0
134707,1,walk,-73,-30,2,-318,53,-117,990,343,1,0
134734,1,walk,-97,-58,3,-258,122,-113,990,307,1,0
134761,1,walk,-83,-72,6,-129,183,-105,992,248,1,0
134787,1,walk,-45,-31,2,54,234,-107,989,263,1,0
134813,1,walk,-1,-27,0,163,260,-113,989,327,1,0
134839,1,walk,16,-20,1,221,282,-121,991,378,1,0
134865,1,walk,9,-20,3,217,287,-126,993,381,1,0
134891,1,walk,-10,-32,5,167,275,-121,993,344,1,0
134917,1,walk,-28,-52,7,98,242,-101,994,280,1,0
134943,1,walk,-25,-67,8,45,180,-85,995,204,1,0
134969,1,walk,-11,-70,9,32,91,-87,996,130,1,0
134995,1,walk,4,-72,8,48,-9,-100,996,111,1,0
135021,1,walk,7,-71,9,79,-64,-100,997,142,1,0
135055,1,walk,0,-58,9,126,-57,-71,997,155,1,0
135081,1,walk,11,-34,7,161,-45,-25,996,169,1,0
135107,1,walk,18,-11,5,161,-46,47,996,173,1,0
135133,1,walk,24,8,3,115,11,151,996,190,1,0
135159,1,walk,-13,33,0,37,127,255,993,287,1,0
135185,1,walk,-68,62,-9,-59,232,300,989,383,1,0
135212,1,walk,-112,82,-15,-158,283,273,987,424,1,0
135239,1,walk,-140,85,-17,-219,308,199,989,427,1,0
135266,1,walk,-127,71,-12,-196,287,152,991,380,1,0
135293,1,walk,-88,51,-7,-120,257,151,990,321,1,0
135319,1,walk,-54,37,-3,-48,244,175,990,304,1,0
135345,1,walk,-37,31,-1,-9,231,195,992,303,1,0
135371,1,walk,-37,28,1,-7,190,195,994,272,1,0
135397,1,walk,-34,19,3,-35,111,181,995,216,1,0
135423,1,walk,-20,8,5,-71,13,157,995,173,1,0
135449,1,walk,5,1,4,-95,-89,129,995,183,1,0
135475,1,walk,39,-4,2,-98,-195,92,994,237,1,0
135501,1,walk,69,-12,0,-77,-292,51,994,306,1,0
135527,1,walk,89,-20,-2,-34,-370,8,994,371,1,0
135553,1,walk,99,-31,-2,19,-417,-49,995,421,1,0
135579,1,walk,87,-36,0,83,-417,-122,996,443,1,0
135605,1,walk,85,-33,1,138,-393,-194,997,460,1,0
135632,1,walk,92,-24,0,139,-374,-249,997,471,1,0
135659,1,walk,79,-10,0,83,-276,-279,997,401,1,0
135685,1,walk,41,4,1,-2,-127,-282,995,309,1,0
135711,1,walk,5,14,2,-97,-12,-268,994,285,1,0
135737,1,walk,-37,13,1,-191,60,-252,992,322,1,0
135764,1,walk,-84,-7,0,-262,72,-238,990,361,1,0
135791,1,walk,-105,-44,0,-265,58,-218,989,348,1,0
135818,1,walk,-106,-82,1,-188,79,-181,990,273,1,0
135844,1,walk,-78,-92,3,-44,113,-149,991,192,1,0
135870,1,walk,-27,-77,2,111,128,-146,989,224,1,0
135896,1,walk,0,-61,3,220,127,-172,990,307,1,0
135922,1,walk,-1,-57,5,260,113,-205,993,350,1,0
135948,1,walk,-19,-59,7,243,105,-227,994,349,1,0
135974,1,walk,-38,-68,7,192,90,-231,994,313,1,0
136000,1,walk,-44,-75,8,127,53,-233,995,271,1,0
136026,1,walk,-30,-75,9,80,-8,-253,996,265,1,0
136052,1,walk,-17,-74,9,63,-71,-278,997,294,1,0
136078,1,walk,-1,-72,9,72,-127,-281,997,317,1,0
136104,1,walk,4,-59,8,106,-127,-247,997,297,1,0
136130,1,walk,20,-34,6,149,-117,-188,996,267,1,0
136156,1,walk,38,-6,2,163,-97,-117,995,223,1,0
136182,1,walk,29,24,0,124,21,-45,994,134,1,0
136208,1,walk,-19,56,-5,60,140,-4,990,152,1,0
136234,1,walk,-58,92,-13,-27,228,4,988,229,1,0
136260,1,walk,-101,120,-22,-135,248,-5,986,282,1,0
136287,1,walk,-104,121,-19,-238,175,-8,989,295,1,0
136314,1,walk,-91,103,-14,-275,130,1,991,304,1,0
136340,1,walk,-68,85,-9,-228,112,14,992,255,1,0
136366,1,walk,-43,73,-5,-140,109,21,993,179,1,0
136392,1,walk,-28,67,-3,-50,90,22,994,105,1,0
136418,1,walk,-14,61,-2,18,26,22,995,39,1,0
136444,1,walk,8,49,0,58,-68,25,995,93,1,0
136470,1,walk,34,36,-1,70,-157,25,994,174,1,0
136496,1,walk,58,30,-1,70,-221,13,995,232,1,0
136522,1,walk,81,32,-4,72,-271,-15,995,281,1,0
136548,1,walk,109,34,-8,80,-324,-44,995,337,1,0
136575,1,walk,138,29,-13,85,-377,-67,994,392,1,0
136602,1,walk,149,20,-14,81,-394,-107,995,417,1,0
136629,1,walk,135,9,-10,69,-352,-171,996,398,1,0
136655,1,walk,132,6,-9,44,-315,-238,996,397,1,0
136681,1,walk,140,12,-11,-14,-286,-284,996,404,1,0
136708,1,walk,127,14,-8,-90,-222,-304,997,387,1,0
136743,1,walk,82,14,-4,-152,-73,-283,994,329,1,0
136769,1,walk,33,21,-2,-192,64,-247,992,320,1,0
136796,1,walk,-24,26,-3,-216,163,-219,988,348,1,0
136823,1,walk,-75,8,-3,-223,191,-200,986,355,1,0
136850,1,walk,-100,-25,-1,-188,183,-172,987,314,1,0
136877,1,walk,-91,-54,3,-94,176,-119,989,233,1,0
136903,1,walk,-55,-59,5,32,175,-65,989,190,1,0
136929,1,walk,-18,-46,4,151,165,-38,990,227,1,0
136955,1,walk,2,-35,5,220,151,-45,991,270,1,0
136981,1,walk,-5,-37,7,223,142,-69,993,273,1,0
137007,1,walk,-18,-49,9,178,127,-93,994,238,1,0
137033,1,walk,-35,-64,9,115,118,-111,994,199,1,0
137059,1,walk,-37,-74,10,63,95,-122,996,168,1,0
137085,1,walk,-24,-75,11,35,57,-138,997,153,1,0
137111,1,walk,-4,-66,10,33,-4,-152,997,156,1,0
137137,1,walk,5,-56,10,41,-54,-151,997,166,1,0
137163,1,walk,5,-45,10,43,-71,-122,997,148,1,0
137189,1,walk,9,-28,9,39,-63,-66,997,99,1,0
137215,1,walk,13,-7,7,21,-57,11,997,62,1,0
137241,1,walk,23,5,5,-23,-23,101,997,106,1,0
137267,1,walk,-7,25,3,-82,100,186,995,226,1,0
137293,1,walk,-48,53,-3,-139,196,225,992,329,1,0
137320,1,walk,-86,85,-11,-192,240,218,989,377,1,0
137347,1,walk,-110,101,-15,-246,184,194,990,363,1,0
137374,1,walk,-102,92,-11,-250,89,183,992,323,1,0
137401,1,walk,-77,75,-7,-176,41,196,992,267,1,0
137427,1,walk,-39,63,-4,-72,35,216,992,230,1,0
137453,1,walk,-6,63,-4,18,62,223,992,232,1,0
137479,1,walk,5,62,-3,64,78,211,994,234,1,0
137505,1,walk,6,52,0,64,54,191,995,208,1,0
137531,1,walk,17,39,2,36,0,177,996,181,1,0
137557,1,walk,37,26,2,2,-62,172,996,183,1,0
137583,1,walk,56,20,1,-23,-114,163,996,200,1,0
137609,1,walk,84,22,-3,-19,-170,145,996,224,1,0
137635,1,walk,119,22,-10,-3,-239,118,994,266,1,0
137661,1,walk,138,10,-12,11,-303,77,995,313,1,0
137687,1,walk,128,-6,-8,51,-337,22,995,342,1,0
137713,1,walk,114,-14,-5,108,-353,-27,996,370,1,0
137740,1,walk,111,-14,-4,122,-367,-63,997,392,1,0
137767,1,walk,111,-6,-4,68,-346,-96,997,366,1,0
137794,1,walk,88,5,-2,-20,-233,-124,997,265,1,0
137820,1,walk,51,15,0,-130,-108,-136,995,217,1,0
137847,1,walk,0,20,0,-235,17,-141,992,275,1,0
137873,1,walk,-61,6,-1,-324,102,-148,988,371,1,0
137900,1,walk,-101,-23,-2,-353,126,-145,986,402,1,0
137927,1,walk,-114,-55,0,-279,134,-118,988,331,1,0
137954,1,walk,-85,-66,4,-135,131,-72,989,201,1,0
137980,1,walk,-33,-50,2,27,122,-31,987,129,1,0
138006,1,walk,9,-30,-1,148,107,-10,987,183,1,0
138032,1,walk,24,-20,0,206,98,-3,989,228,1,0
138058,1,walk,22,-25,3,198,99,3,992,222,1,0
138084,1,walk,7,-43,6,146,114,15,993,185,1,0
138110,1,walk,-10,-68,7,82,120,29,993,148,1,0
138136,1,walk,-9,-88,8,39,106,33,994,117,1,0
138162,1,walk,-1,-98,9,32,73,19,995,82,1,0
138188,1,walk,6,-97,9,54,25,-1,996,60,1,0
138214,1,walk,11,-93,9,79,-20,-12,997,82,1,0
138240,1,walk,8,-81,10,94,-32,-15,997,100,1,0
138266,1,walk,12,-61,9,101,-36,-21,997,109,1,0
138292,1,walk,25,-39,7,93,-54,-21,996,109,1,0
138318,1,walk,42,-26,5,58,-49,18,996,78,1,0
138344,1,walk,24,-5,4,5,40,84,995,93,1,0
138370,1,walk,-17,21,2,-38,101,131,993,170,1,0
138396,1,walk,-61,49,-4,-76,127,144,990,207,1,0
138431,1,walk,-95,62,-7,-125,82,134,990,201,1,0
138458,1,walk,-86,62,-5,-130,9,133,992,186,1,0
138484,1,walk,-57,58,-3,-77,-26,138,992,160,1,0
138510,1,walk,-24,55,-3,-8,-15,132,992,133,1,0
138536,1,walk,-5,53,-2,40,36,110,994,123,1,0
138562,1,walk,6,51,-1,58,64,85,995,121,1,0
138588,1,walk,16,44,0,52,51,68,995,99,1,0
138613,1,walk,34,37,0,37,9,61,996,73,1,0
138639,1,walk,54,32,-1,23,-39,60,996,75,1,0
138665,1,walk,70,33,-3,21,-84,56,996,103,1,0
138691,1,walk,88,37,-6,33,-125,47,996,137,1,0
138717,1,walk,111,41,-10,59,-175,35,996,187,1,0
138743,1,walk,126,38,-13,86,-223,19,996,240,1,0
138769,1,walk,126,26,-11,113,-257,-3,997,281,1,0
138795,1,walk,113,11,-7,132,-256,-23,997,289,1,0
138821,1,walk,109,6,-6,127,-253,-41,997,286,1,0
138847,1,walk,109,10,-6,74,-255,-66,997,274,1,0
138874,1,walk,90,12,-4,-24,-232,-95,997,252,1,0
138901,1,walk,56,14,-1,-118,-131,-116,996,211,1,0
138928,1,walk,15,16,1,-200,-14,-117,994,232,1,0
138955,1,walk,-34,15,2,-262,70,-120,992,296,1,0
138982,1,walk,-78,1,2,-302,99,-130,990,343,1,0
139008,1,walk,-112,-28,2,-302,104,-136,989,347,1,0
139035,1,walk,-120,-60,3,-238,105,-120,990,286,1,0
139062,1,walk,-96,-69,6,-114,117,-89,992,186,1,0
139088,1,walk,-53,-55,6,17,129,-72,991,149,1,0
139114,1,walk,-18,-35,4,105,130,-75,990,184,1,0
139140,1,walk,-1,-27,4,123,124,-83,992,194,1,0
139166,1,walk,-6,-34,6,83,125,-78,993,169,1,0
139192,1,walk,-15,-49,8,19,123,-55,994,136,1,0
139218,1,walk,-16,-68,8,-42,118,-26,995,128,1,0
139244,1,walk,-10,-83,9,-74,94,-7,995,120,1,0
139270,1,walk,3,-94,9,-68,51,-4,996,85,1,0
139296,1,walk,5,-96,9,-28,8,-2,997,29,1,0
139322,1,walk,2,-91,9,26,-9,10,997,29,1,0
139348,1,walk,-11,-78,10,84,5,29,997,89,1,0
139374,1,walk,-4,-54,9,123,10,52,997,134,1,0
139400,1,walk,13,-36,7,105,-7,94,996,141,1,0
139426,1,walk,18,-22,6,44,52,172,997,185,1,0
139452,1,walk,-18,1,4,-13,135,260,994,293,1,0
139478,1,walk,-62,29,-1,-67,179,305,991,360,1,0
139505,1,walk,-108,59,-8,-115,173,287,988,354,1,0
139532,1,walk,-123,64,-8,-145,74,231,990,283,1,0
139559,1,walk,-100,49,-4,-96,-29,183,991,209,1,0
139585,1,walk,-62,33,-1,16,-77,160,991,178,1,0
139611,1,walk,-19,29,-2,128,-70,148,990,208,1,0
139637,1,walk,7,38,-3,204,-27,127,991,242,1,0
139663,1,walk,9,49,-2,230,0,96,993,249,1,0
139689,1,walk,16,53,-2,207,-19,67,994,218,1,0
139715,1,walk,37,48,-3,145,-71,47,995,168,1,0
139741,1,walk,64,41,-5,75,-136,35,995,160,1,0
139767,1,walk,87,35,-7,27,-189,29,995,193,1,0
139793,1,walk,111,31,-10,8,-227,28,995,229,1,0
139819,1,walk,135,30,-15,12,-254,26,995,255,1,0
139845,1,walk,141,26,-15,29,-266,15,996,268,1,0
139871,1,walk,132,17,-12,55,-259,-6,996,265,1,0
139897,1,walk,112,7,-7,88,-231,-24,996,248,1,0
139923,1,walk,109,2,-6,93,-219,-35,997,241,1,0
139949,1,walk,109,3,-6,42,-220,-42,997,228,1,0
139975,1,walk,91,8,-4,-39,-180,-50,997,191,1,0
140001,1,walk,58,12,-1,-118,-98,-53,996,162,1,0
140027,1,walk,22,16,2,-181,-20,-56,995,191,1,0
140053,1,walk,-30,13,2,-214,57,-71,991,233,1,0
140079,1,walk,-81,-2,1,-201,100,-100,989,246,1,0
140114,1,walk,-97,-33,3,-117,125,-135,990,217,1,0
140141,1,walk,-76,-51,6,12,153,-151,991,215,1,0
140167,1,walk,-34,-42,5,158,173,-165,991,286,1,0
140193,1,walk,3,-24,1,264,190,-183,990,373,1,0
140219,1,walk,12,-8,2,302,203,-207,992,419,1,0
140245,1,walk,-3,0,4,276,209,-228,993,414,1,0
140271,1,walk,-29,-4,5,193,193,-238,993,362,1,0
140297,1,walk,-46,-19,7,86,160,-231,994,294,1,0
140323,1,walk,-46,-40,9,-10,122,-216,995,248,1,0
140349,1,walk,-32,-56,9,-65,77,-213,995,236,1,0
140375,1,walk,-12,-63,9,-73,9,-235,996,246,1,0
140401,1,walk,-1,-67,8,-53,-71,-270,996,285,1,0
140427,1,walk,0,-64,9,-14,-129,-293,997,320,1,0
140453,1,walk,1,-50,9,34,-156,-286,997,327,1,0
140479,1,walk,7,-22,6,75,-170,-248,996,310,1,0
140505,1,walk,20,7,2,74,-176,-185,995,266,1,0
140531,1,walk,9,37,0,33,-75,-99,994,129,1,0
140557,1,walk,-23,70,-5,-27,39,-11,992,49,1,0
140583,1,walk,-49,107,-12,-95,117,47,990,158,1,0
140610,1,walk,-67,131,-17,-178,131,60,991,229,1,0
140637,1,walk,-76,127,-15,-249,120,62,992,283,1,0
140663,1,walk,-74,108,-10,-252,112,74,993,286,1,0
140690,1,walk,-56,88,-6,-203,107,97,994,250,1,0
140716,1,walk,-33,72,-3,-147,113,121,994,221,1,0
140742,1,walk,-19,60,-1,-108,115,137,995,209,1,0
140768,1,walk,-3,46,0,-90,93,143,995,193,1,0
140794,1,walk,16,28,1,-91,63,139,995,178,1,0
140820,1,walk,32,13,2,-98,38,127,995,165,1,0
140846,1,walk,50,3,1,-104,14,109,996,152,1,0
140872,1,walk,63,-2,0,-103,-6,82,996,132,1,0
140898,1,walk,85,-6,-3,-97,-40,55,996,119,1,0
140924,1,walk,102,-17,-5,-99,-71,30,996,125,1,0
140950,1,walk,91,-29,-2,-86,-63,0,997,107,1,0
140976,1,walk,71,-39,1,-42,-52,-43,996,80,1,0
141002,1,walk,61,-45,3,10,-78,-95,997,124,1,0
141028,1,walk,70,-45,2,34,-160,-152,997,224,1,0
141054,1,walk,63,-41,3,36,-229,-201,997,307,1,0
141080,1,walk,35,-33,5,30,-206,-223,997,305,1,0
141106,1,walk,10,-19,5,-20,-152,-223,996,271,1,0
141132,1,walk,-26,-1,5,-106,-101,-221,994,265,1,0
141159,1,walk,-69,-3,4,-206,-87,-227,992,319,1,0
141186,1,walk,-109,-33,2,-275,-104,-232,990,374,1,0
141213,1,walk,-128,-70,1,-257,-107,-222,989,356,1,0
141240,1,walk,-108,-88,4,-134,-104,-202,991,264,1,0
141267,1,walk,-54,-80,3,31,-111,-192,988,224,1,0
141294,1,walk,-1,-61,-1,180,-114,-189,986,285,1,0
141321,1,walk,32,-44,-3,270,-99,-179,987,338,1,0
141347,1,walk,42,-31,-2,296,-68,-158,989,342,1,0
141373,1,walk,35,-27,0,265,-28,-136,992,299,1,0
141399,1,walk,33,-34,2,198,0,-115,993,229,1,0
141425,1,walk,40,-48,3,124,17,-100,994,160,1,0
141451,1,walk,41,-62,4,74,35,-88,995,121,1,0
141477,1,walk,45,-73,4,55,48,-72,996,102,1,0
141503,1,walk,49,-76,4,58,59,-45,997,95,1,0
141529,1,walk,38,-67,6,79,89,-15,997,120,1,0
141555,1,walk,30,-48,6,108,121,12,997,163,1,0
141581,1,walk,28,-25,5,119,149,48,996,197,1,0
141607,1,walk,37,-8,3,78,170,110,996,217,1,0
141633,1,walk,11,10,3,4,261,194,995,325,1,0
141659,1,walk,-32,36,0,-58,321,259,992,416,1,0
141685,1,walk,-73,62,-5,-106,337,273,990,447,1,0
141712,1,walk,-115,79,-10,-153,297,253,989,419,1,0
141739,1,walk,-122,80,-8,-174,176,231,991,338,1,0
141766,1,walk,-99,76,-5,-154,75,228,992,285,1,0
141800,1,walk,-69,68,-3,-110,44,242,993,270,1,0
141826,1,walk,-46,59,-1,-83,54,255,994,274,1,0
141852,1,walk,-35,51,1,-73,80,261,995,283,1,0
141878,1,walk,-23,44,2,-74,78,261,995,282,1,0
141904,1,walk,-2,35,2,-78,44,259,996,274,1,0
141930,1,walk,26,21,1,-82,-8,257,995,270,1,0
141956,1,walk,50,9,-1,-74,-63,251,995,269,1,0
141982,1,walk,72,4,-3,-40,-109,235,995,263,1,0
142008,1,walk,87,0,-4,12,-141,214,996,256,1,0
142034,1,walk,99,-4,-5,67,-177,194,996,271,1,0
142060,1,walk,99,-12,-4,109,-213,175,997,296,1,0
142086,1,walk,100,-17,-4,138,-244,143,997,314,1,0
142112,1,walk,86,-20,-2,149,-236,94,997,295,1,0
142138,1,walk,80,-2,-2,123,-185,19,997,223,1,0
142164,1,walk,57,-1,1,-18,-117,-72,997,138,1,0
142190,1,walk,40,-14,3,-149,-27,-113,997,189,1,0
142216,1,walk,-19,-22,3,-212,156,-116,992,288,1,0
142243,1,walk,-70,5,-1,-149,252,-161,988,335,1,0
142270,1,walk,-87,-11,2,-32,252,-282,990,380,1,0
142296,1,walk,-128,-31,0,73,285,-344,989,452,1,0
142323,1,walk,-157,-40,-1,172,294,-356,990,493,1,0
142350,1,walk,-155,-27,0,257,306,-321,992,513,1,0
142377,1,walk,-135,-1,1,290,328,-282,992,521,1,0
142403,1,walk,-92,31,-2,276,315,-271,990,499,1,0
142429,1,walk,-53,48,-3,219,279,-288,989,457,1,0
142455,1,walk,-33,42,-1,150,213,-304,991,401,1,0
142481,1,walk,-24,19,2,96,148,-301,992,348,1,0
142507,1,walk,-30,-5,5,84,130,-267,993,309,1,0
142533,1,walk,-31,-12,7,113,126,-207,995,268,1,0
142559,1,walk,-32,-4,7,158,112,-149,996,244,1,0
142585,1,walk,-25,2,7,183,67,-112,997,225,1,0
142611,1,walk,-30,4,8,195,26,-86,997,215,1,0
142637,1,walk,-40,13,7,206,-6,-49,997,212,1,0
142663,1,walk,-47,22,6,203,-42,4,998,208,1,0
142689,1,walk,-42,30,6,181,-93,70,998,215,1,0
142715,1,walk,-42,36,5,142,-134,152,998,247,1,0
142741,1,walk,-47,49,3,107,-132,253,998,305,1,0
142767,1,walk,-70,69,-2,79,-91,327,996,349,1,0
142793,1,walk,-93,85,-6,52,-84,357,996,370,1,0
142819,1,walk,-104,90,-8,23,-113,362,996,380,1,0
142846,1,walk,-90,88,-6,9,-161,379,996,412,1,0
142872,1,walk,-65,89,-6,23,-167,398,996,433,1,0
142898,1,walk,-39,87,-6,42,-122,389,996,410,1,0
142924,1,walk,-8,77,-5,37,-38,351,995,355,1,0
142950,1,walk,7,57,-2,9,55,303,995,308,1,0
142976,1,walk,1,36,1,-15,125,272,996,300,1,0
143002,1,walk,8,31,2,-14,133,250,996,283,1,0
143028,1,walk,25,36,0,5,107,221,997,246,1,0
143054,1,walk,45,45,-3,25,72,177,996,193,1,0
143080,1,walk,63,48,-5,28,40,118,997,128,1,0
143106,1,walk,66,53,-5,25,8,61,997,66,1,0
143132,1,walk,65,56,-5,22,-39,14,998,47,1,0
143158,1,walk,68,51,-5,13,-117,-27,998,120,1,0
143184,1,walk,62,44,-3,8,-191,-60,998,201,1,0
143210,1,walk,49,39,-2,21,-240,-75,998,252,1,0
143236,1,walk,49,36,-1,29,-289,-72,998,299,1,0
143262,1,walk,62,31,-2,8,-347,-70,998,354,1,0
143288,1,walk,58,31,-2,-17,-366,-67,998,373,1,0
143314,1,walk,32,28,0,-28,-305,-70,997,314,1,0
143340,1,walk,-3,21,2,-22,-200,-94,996,222,1,0
143366,1,walk,-31,8,3,-11,-103,-152,995,184,1,0
143392,1,walk,-59,-11,4,2,-44,-227,994,231,1,0
143418,1,walk,-69,-25,6,25,-42,-282,995,286,1,0
143444,1,walk,-67,-27,7,64,-31,-309,996,317,1,0
143479,1,walk,-58,-11,6,107,15,-320,996,338,1,0
143505,1,walk,-46,7,4,108,63,-336,996,358,1,0
143531,1,walk,-35,16,4,77,92,-350,997,370,1,0
143557,1,walk,-23,16,4,38,88,-350,997,363,1,0
143583,1,walk,-17,8,5,11,65,-334,997,341,1,0
143609,1,walk,-11,1,6,15,45,-303,998,306,1,0
143635,1,walk,0,-2,5,43,29,-262,998,267,1,0
143661,1,walk,11,-2,5,67,24,-221,998,233,1,0
143687,1,walk,19,-3,5,66,20,-183,999,195,1,0
143713,1,walk,25,-4,5,44,8,-136,999,144,1,0
143739,1,walk,24,-3,5,28,1,-79,999,83,1,0
143765,1,walk,17,3,4,9,2,-15,999,17,1,0
143790,1,walk,10,-18,6,-60,-5,56,998,82,1,0
143816,1,walk,10,-8,5,-118,-26,147,998,190,1,0
143842,1,walk,16,10,2,-168,-11,249,998,301,1,0
143868,1,walk,7,34,-1,-189,22,316,997,369,1,0
143894,1,walk,-9,51,-3,-195,56,341,997,397,1,0
143920,1,walk,-25,57,-4,-186,84,334,997,392,1,0
143946,1,walk,-36,56,-3,-154,96,323,997,370,1,0
143972,1,walk,-34,63,-4,-76,114,315,997,344,1,0
143998,1,walk,-28,74,-6,21,150,295,997,331,1,0
144024,1,walk,-17,84,-9,105,199,268,997,350,1,0
144050,1,walk,-9,91,-10,149,254,239,997,379,1,0
144076,1,walk,-2,90,-10,159,274,213,998,382,1,0
144102,1,walk,6,81,-9,142,251,195,998,348,1,0
144128,1,walk,18,66,-6,116,196,178,998,289,1,0
144154,1,walk,26,52,-4,105,133,155,998,230,1,0
144180,1,walk,35,45,-4,106,67,124,999,177,1,0
144206,1,walk,43,42,-4,104,-2,86,999,135,1,0
144232,1,walk,53,40,-4,95,-76,46,999,130,1,0
144258,1,walk,72,40,-7,76,-161,13,998,179,1,0
144284,1,walk,93,40,-11,46,-252,-16,998,256,1,0
144311,1,walk,97,39,-11,10,-308,-42,998,311,1,0
144338,1,walk,84,36,-9,-25,-316,-60,998,322,1,0
144365,1,walk,80,33,-7,-73,-317,-73,999,334,1,0
144392,1,walk,79,29,-7,-130,-303,-83,999,340,1,0
144419,1,walk,69,28,-5,-164,-248,-96,999,312,1,0
144446,1,walk,47,19,-3,-172,-122,-124,998,245,1,0
144473,1,walk,13,4,1,-174,24,-167,996,242,1,0
144499,1,walk,-31,-14,2,-160,135,-208,993,296,1,0
144526,1,walk,-71,-30,2,-116,195,-230,991,323,1,0
144552,1,walk,-104,-37,2,-50,218,-236,991,325,1,0
144579,1,walk,-107,-38,3,2,208,-233,993,313,1,0
144605,1,walk,-86,-31,4,34,177,-229,994,291,1,0
144631,1,walk,-51,-22,4,55,126,-225,994,264,1,0
144657,1,walk,-26,-14,3,66,77,-222,994,244,1,0
144683,1,walk,-18,-11,4,69,39,-217,995,231,1,0
144709,1,walk,-16,-12,5,65,15,-205,996,215,1,0
144735,1,walk,-19,-12,5,64,15,-181,997,193,1,0
144761,1,walk,-12,-16,6,51,23,-147,998,157,1,0
144787,1,walk,0,-25,7,39,20,-108,998,116,1,0
144812,1,walk,13,-23,6,40,3,-66,998,78,1,0
144838,1,walk,21,-17,5,54,-28,-21,998,64,1,0
144864,1,walk,22,-9,4,65,-68,25,998,98,1,0
144890,1,walk,12,-6,4,57,-97,73,998,134,1,0
144916,1,walk,-1,-5,5,26,-119,134,998,181,1,0
144942,1,walk,-7,1,4,2,-143,219,998,262,1,0
144968,1,walk,-9,17,2,-14,-110,308,998,328,1,0
144994,1,walk,-28,40,-3,-31,-92,362,996,375,1,0
145020,1,walk,-41,55,-5,-47,-124,368,996,391,1,0
145047,1,walk,-44,54,-5,-51,-150,353,997,387,1,0
145073,1,walk,-38,52,-4,-33,-142,356,997,384,1,0
145099,1,walk,-23,51,-4,-2,-103,360,997,374,1,0
145125,1,walk,3,45,-5,11,-24,347,996,348,1,0
145159,1,walk,26,26,-3,-19,96,313,996,328,1,0
145185,1,walk,35,5,-1,-54,186,281,996,341,1,0
145211,1,walk,38,-10,1,-66,223,250,996,341,1,0
145237,1,walk,45,-20,2,-53,215,212,997,306,1,0
145263,1,walk,52,-25,2,-33,178,165,998,245,1,0
145289,1,walk,58,-25,2,-15,122,114,998,168,1,0
145315,1,walk,65,-23,1,-5,48,69,998,84,1,0
145341,1,walk,79,-20,-1,-4,-33,28,998,43,1,0
145367,1,walk,86,-20,-2,-28,-111,-27,998,118,1,0
145394,1,walk,83,-18,-2,-64,-179,-96,998,213,1,0
145421,1,walk,72,-21,0,-90,-194,-161,998,268,1,0
145448,1,walk,65,-28,1,-91,-201,-222,998,313,1,0
145475,1,walk,65,-32,1,-72,-204,-270,998,346,1,0
145502,1,walk,52,-29,2,-52,-134,-337,998,367,1,0
145528,1,walk,8,-32,4,-28,-17,-419,995,420,1,0
145554,1,walk,-38,-42,4,5,82,-484,993,491,1,0
145580,1,walk,-74,-61,4,49,109,-522,991,535,1,0
145606,1,walk,-98,-75,4,89,67,-537,992,548,1,0
145632,1,walk,-109,-80,5,94,-3,-543,993,551,1,0
145658,1,walk,-110,-69,6,79,-45,-560,994,567,1,0
145684,1,walk,-88,-43,5,82,-68,-583,994,592,1,0
145710,1,walk,-50,-18,2,99,-102,-617,992,633,1,0
145737,1,walk,-23,-9,1,102,-138,-645,993,667,1,0
145764,1,walk,-17,-12,2,94,-151,-651,994,675,1,0
145790,1,walk,-12,-5,2,121,-138,-615,995,642,1,0
145816,1,walk,8,3,1,156,-109,-571,995,602,1,0
145842,1,walk,29,9,-1,177,-94,-541,996,577,1,0
145868,1,walk,42,3,-1,171,-94,-512,996,548,1,0
145894,1,walk,51,-2,0,152,-99,-454,997,489,1,0
145920,1,walk,46,-1,0,121,-95,-380,997,410,1,0
145946,1,walk,25,1,2,84,-102,-302,997,329,1,0
145972,1,walk,6,8,2,57,-101,-207,997,237,1,0
145998,1,walk,2,16,1,44,-110,-93,997,151,1,0
146024,1,walk,20,22,-1,56,-124,39,997,142,1,0
146050,1,walk,37,28,-4,57,-80,149,997,179,1,0
146076,1,walk,27,43,-5,38,-10,198,997,202,1,0
146102,1,walk,-5,58,-7,36,60,207,995,219,1,0
146128,1,walk,-36,63,-8,41,97,207,995,232,1,0
146154,1,walk,-55,62,-7,54,104,220,995,249,1,0
146180,1,walk,-62,69,-8,70,103,228,996,260,1,0
146206,1,walk,-42,72,-8,55,99,215,996,243,1,0
146232,1,walk,-9,66,-9,15,134,182,995,226,1,0
146258,1,walk,15,48,-7,-37,179,135,995,228,1,0
146284,1,walk,26,27,-4,-72,198,89,995,229,1,0
146310,1,walk,30,15,-3,-88,188,46,995,213,1,0
146336,1,walk,34,16,-2,-87,158,7,996,181,1,0
146362,1,walk,45,23,-4,-80,115,-34,997,144,1,0
146388,1,walk,58,25,-5,-80,58,-77,997,126,1,0
146414,1,walk,66,25,-6,-91,-5,-119,998,150,1,0
146441,1,walk,70,23,-6,-119,-89,-158,998,217,1,0
146468,1,walk,75,27,-7,-158,-191,-200,998,319,1,0
146495,1,walk,73,25,-7,-212,-276,-246,998,427,1,0
146522,1,walk,59,12,-3,-244,-318,-285,998,492,1,0
146549,1,walk,53,-1,-1,-236,-342,-315,998,522,1,0
146576,1,walk,45,-12,1,-197,-295,-360,998,506,1,0
146603,1,walk,19,-28,4,-163,-166,-427,996,487,1,0
146629,1,walk,7,-50,6,-149,-69,-468,996,496,1,0
146655,1,walk,-2,-59,8,-120,-4,-490,996,505,1,0
146681,1,walk,-31,-57,9,-67,39,-509,996,514,1,0
146707,1,walk,-65,-64,8,-11,67,-516,995,520,1,0
146733,1,walk,-89,-72,8,38,94,-503,994,513,1,0
146759,1,walk,-85,-69,9,72,93,-473,995,487,1,0
146785,1,walk,-59,-47,7,101,65,-440,995,456,1,0
146811,1,walk,-23,-23,3,120,15,-418,993,435,1,0
146846,1,walk,3,-14,1,113,-33,-408,993,424,1,0
146872,1,walk,17,-17,1,92,-67,-398,994,414,1,0
146898,1,walk,23,-26,3,73,-87,-380,995,396,1,0
146924,1,walk,25,-33,4,62,-100,-352,996,371,1,0
146950,1,walk,35,-34,4,40,-120,-315,997,339,1,0
146976,1,walk,49,-37,3,10,-150,-265,997,304,1,0
147002,1,walk,54,-32,2,-16,-170,-209,997,270,1,0
147028,1,walk,40,-20,2,-37,-176,-154,997,237,1,0
147054,1,walk,30,-13,2,-38,-196,-83,997,216,1,0
147080,1,walk,39,-5,1,-20,-195,10,997,196,1,0
147106,1,walk,46,3,-1,21,-136,113,997,178,1,0
147132,1,walk,39,15,-2,52,-14,185,997,192,1,0
147158,1,walk,26,30,-3,50,116,208,997,243,1,0
147184,1,walk,6,43,-4,32,224,211,997,310,1,0
147210,1,walk,-38,56,-7,24,286,215,994,359,1,0
147236,1,walk,-67,66,-9,17,253,233,993,344,1,0
147262,1,walk,-69,77,-10,16,211,244,995,323,1,0
147288,1,walk,-58,88,-12,17,197,228,995,302,1,0
147314,1,walk,-33,88,-12,5,206,196,995,284,1,0
147340,1,walk,-5,77,-11,-20,234,162,995,285,1,0
147366,1,walk,8,63,-9,-46,268,133,996,303,1,0
147392,1,walk,13,51,-7,-63,270,114,996,300,1,0
147418,1,walk,21,40,-5,-75,232,95,996,262,1,0
147444,1,walk,28,31,-4,-85,163,71,997,197,1,0
147470,1,walk,40,27,-4,-85,77,47,997,124,1,0
147496,1,walk,52,27,-5,-83,0,26,998,87,1,0
147522,1,walk,68,28,-8,-95,-70,5,997,118,1,0
147548,1,walk,80,26,-9,-116,-142,-19,997,185,1,0
147575,1,walk,76,18,-7,-135,-190,-45,998,237,1,0
147602,1,walk,64,10,-4,-147,-245,-68,998,293,1,0
147629,1,walk,58,3,-3,-156,-307,-77,998,353,1,0
147656,1,walk,41,0,0,-139,-320,-81,998,358,1,0
147682,1,walk,20,-2,1,-90,-272,-106,997,305,1,0
147708,1,walk,11,-11,3,-37,-206,-148,997,256,1,0
147734,1,walk,-4,-28,6,-18,-101,-178,997,206,1,0
147760,1,walk,-35,-37,7,-8,-12,-196,996,196,1,0
147786,1,walk,-71,-43,7,18,32,-206,994,209,1,0
147812,1,walk,-102,-55,7,51,61,-208,994,222,1,0
147838,1,walk,-119,-69,7,65,93,-195,994,226,1,0
147864,1,walk,-108,-67,9,66,112,-172,995,216,1,0
147890,1,walk,-72,-54,8,56,109,-160,995,202,1,0
147916,1,walk,-27,-40,4,41,98,-162,992,194,1,0
147942,1,walk,-7,-32,3,27,105,-170,993,201,1,0
147968,1,walk,-7,-34,5,6,106,-173,994,203,1,0
147994,1,walk,-6,-40,6,-13,87,-166,995,188,1,0
148020,1,walk,-8,-45,8,-23,68,-145,996,162,1,0
148046,1,walk,-2,-53,8,-11,47,-110,997,120,1,0
148072,1,walk,11,-59,8,10,17,-67,997,70,1,0
148098,1,walk,21,-60,7,23,-18,-16,997,33,1,0
148124,1,walk,22,-56,7,27,-37,38,997,59,1,0
148150,1,walk,11,-48,8,32,-40,82,998,97,1,0
148176,1,walk,-7,-41,8,44,-32,129,997,140,1,0
148202,1,walk,-10,-36,8,45,-49,199,998,210,1,0
148228,1,walk,-1,-29,7,51,-44,301,998,308,1,0
148254,1,walk,-17,-12,5,43,43,384,997,388,1,0
148280,1,walk,-35,7,3,8,108,401,996,415,1,0
148306,1,walk,-54,11,2,-29,132,360,996,385,1,0
148332,1,walk,-63,5,4,-42,102,321,997,340,1,0
148358,1,walk,-61,3,4,-20,57,303,997,309,1,0
148384,1,walk,-55,14,3,27,28,277,997,279,1,0
148410,1,walk,-32,24,1,55,17,222,997,229,1,0
148436,1,walk,-1,23,-1,32,39,144,996,153,1,0
148462,1,walk,12,12,0,-22,76,65,996,103,1,0
148488,1,walk,5,2,2,-60,93,0,997,110,1,0
148522,1,walk,10,5,2,-48,69,-48,997,97,1,0
148548,1,walk,26,7,0,-28,28,-101,997,108,1,0
148574,1,walk,39,8,-1,-22,-14,-165,998,167,1,0
148600,1,walk,52,8,-2,-28,-56,-221,998,230,1,0
148626,1,walk,70,6,-4,-49,-99,-268,998,289,1,0
148653,1,walk,84,2,-5,-95,-139,-316,998,358,1,0
148680,1,walk,82,-3,-5,-152,-165,-364,998,428,1,0
148707,1,walk,62,-9,-2,-185,-164,-401,998,471,1,0
148734,1,walk,51,-12,0,-189,-154,-414,998,480,1,0
148761,1,walk,23,-10,2,-183,-70,-421,997,464,1,0
148787,1,walk,-20,-8,2,-169,43,-427,994,461,1,0
148814,1,walk,-24,-23,4,-159,119,-418,995,463,1,0
148841,1,walk,-32,-40,6,-149,171,-420,995,477,1,0
148867,1,walk,-57,-38,6,-116,145,-437,995,475,1,0
148893,1,walk,-91,-40,5,-59,74,-464,994,473,1,0
148920,1,walk,-114,-54,4,6,3,-482,994,482,1,0
148946,1,walk,-127,-71,4,44,-50,-478,994,483,1,0
148973,1,walk,-116,-71,6,60,-78,-457,995,467,1,0
149000,1,walk,-84,-57,6,70,-88,-432,995,446,1,0
149026,1,walk,-45,-44,5,61,-92,-418,994,432,1,0
149052,1,walk,-22,-43,5,31,-93,-414,994,425,1,0
149078,1,walk,-16,-49,6,-1,-101,-402,995,414,1,0
149104,1,walk,-10,-55,7,-13,-113,-375,996,392,1,0
149131,1,walk,-4,-59,8,-13,-128,-340,997,364,1,0
149157,1,walk,10,-55,7,-13,-151,-296,997,332,1,0
149184,1,walk,13,-49,7,-24,-160,-245,998,294,1,0
149210,1,walk,13,-42,7,-44,-186,-183,998,265,1,0
149236,1,walk,21,-35,5,-75,-222,-113,998,260,1,0
149262,1,walk,22,-29,5,-104,-254,-42,998,278,1,0
149288,1,walk,23,-25,5,-119,-284,44,998,310,1,0
149314,1,walk,30,-29,4,-129,-239,144,998,307,1,0
149340,1,walk,22,-21,4,-152,-137,216,998,298,1,0
149366,1,walk,23,-5,3,-184,-60,252,998,318,1,0
149392,1,walk,22,13,0,-207,-27,259,998,332,1,0
149418,1,walk,19,29,-1,-199,-43,251,997,323,1,0
149444,1,walk,16,40,-3,-150,-75,233,997,287,1,0
149470,1,walk,13,48,-4,-72,-74,207,998,231,1,0
149496,1,walk,19,48,-4,-4,-35,177,998,181,1,0
149522,1,walk,34,43,-5,19,29,148,998,152,1,0
149548,1,walk,48,34,-5,11,73,127,998,147,1,0
149574,1,walk,62,24,-5,-6,81,114,998,140,1,0
149600,1,walk,76,16,-6,-12,58,100,998,116,1,0
149626,1,walk,88,11,-7,-7,19,78,998,81,1,0
149652,1,walk,95,2,-7,-12,-17,46,998,50,1,0
149678,1,walk,98,-8,-7,-30,-43,7,998,52,1,0
149704,1,walk,110,-16,-8,-53,-72,-26,998,93,1,0
149731,1,walk,120,-19,-10,-72,-107,-52,998,139,1,0
149758,1,walk,124,-20,-11,-87,-136,-78,998,179,1,0
149785,1,walk,118,-22,-10,-97,-140,-107,998,202,1,0
149812,1,walk,107,-27,-7,-107,-125,-130,999,210,1,0
149839,1,walk,111,-35,-8,-127,-127,-137,999,226,1,0
149866,1,walk,99,-36,-6,-149,-101,-140,998,228,1,0
149893,1,walk,66,-38,-2,-174,-52,-155,997,239,1,0
149919,1,walk,24,-43,2,-185,-7,-188,995,264,1,0
149945,1,walk,-20,-50,4,-152,28,-220,993,269,1,0
149971,1,walk,-60,-56,4,-75,54,-233,992,250,1,0
149997,1,walk,-87,-58,5,5,83,-226,992,241,1,0
150023,1,walk,-90,-56,6,57,114,-207,994,244,1,0
150049,1,walk,-66,-45,6,88,145,-183,994,250,1,0
150075,1,walk,-38,-33,5,100,163,-161,994,250,1,0
150101,1,walk,-18,-24,4,99,160,-142,995,236,1,0
150127,1,walk,-8,-25,5,101,132,-121,996,205,1,0
150153,1,walk,0,-30,5,112,83,-92,997,167,1,0
150179,1,walk,7,-37,6,121,28,-58,997,137,1,0
150213,1,walk,17,-40,5,122,-19,-17,998,124,1,0
150239,1,walk,29,-41,4,117,-59,20,998,133,1,0
150265,1,walk,45,-44,2,105,-98,53,998,153,1,0
150291,1,walk,55,-51,1,85,-128,82,998,174,1,0
150317,1,walk,57,-60,1,72,-152,111,998,202,1,0
150343,1,walk,57,-64,1,73,-167,147,998,234,1,0
150369,1,walk,58,-63,1,73,-169,182,998,259,1,0
150395,1,walk,60,-59,1,69,-145,227,998,278,1,0
150421,1,walk,55,-47,1,73,-57,275,998,290,1,0
150447,1,walk,28,-21,1,74,62,285,996,301,1,0
150473,1,walk,-4,7,0,75,146,264,994,311,1,0
150499,1,walk,-31,28,-1,89,167,228,993,296,1,0
150525,1,walk,-42,39,-1,102,132,212,994,270,1,0
150551,1,walk,-41,49,-1,122,93,203,995,255,1,0
150577,1,walk,-34,60,-3,129,68,176,996,229,1,0
150603,1,walk,-16,64,-4,109,72,129,996,183,1,0
150629,1,walk,2,55,-4,83,101,72,997,149,1,0
150655,1,walk,8,34,-1,59,120,26,997,136,1,0
150681,1,walk,16,19,0,55,101,-13,997,116,1,0
150707,1,walk,33,11,-1,67,61,-50,997,104,1,0
150733,1,walk,43,15,-2,83,18,-94,998,126,1,0
150759,1,walk,55,25,-5,94,-47,-136,998,172,1,0
150785,1,walk,69,32,-8,94,-113,-179,998,231,1,0
150811,1,walk,78,39,-10,93,-168,-213,998,287,1,0
150838,1,walk,78,41,-11,87,-196,-223,998,309,1,0
150865,1,walk,73,32,-8,75,-192,-224,998,304,1,0
150891,1,walk,67,25,-7,73,-216,-231,999,324,1,0
150917,1,walk,51,36,-6,86,-252,-234,998,354,1,0
150943,1,walk,57,36,-7,70,-320,-226,998,398,1,0
150969,1,walk,47,31,-5,58,-345,-219,998,412,1,0
150995,1,walk,35,17,-3,72,-317,-209,998,387,1,0
151021,1,walk,35,5,-1,104,-297,-211,998,379,1,0
151047,1,walk,27,13,-1,93,-197,-266,998,344,1,0
151073,1,walk,-13,15,1,55,-135,-333,996,363,1,0
151099,1,walk,-58,10,2,12,-69,-391,993,397,1,0
151125,1,walk,-81,-2,4,-23,31,-438,994,440,1,0
151151,1,walk,-85,-15,6,-44,132,-471,995,492,1,0
151178,1,walk,-47,-16,4,-48,200,-500,994,540,1,0
151204,1,walk,-2,-12,-1,-51,244,-521,992,578,1,0
151230,1,walk,19,-6,-3,-53,283,-527,993,601,1,0
151256,1,walk,7,-6,0,-58,324,-518,994,614,1,0
151282,1,walk,-18,-9,2,-69,352,-511,994,625,1,0
151308,1,walk,-34,-12,5,-85,351,-513,995,627,1,0
151334,1,walk,-52,-13,6,-92,340,-512,996,621,1,0
151361,1,walk,-51,-18,7,-84,290,-491,997,577,1,0
151387,1,walk,-32,-20,6,-97,201,-463,997,513,1,0
151414,1,walk,-33,-17,7,-129,134,-433,997,471,1,0
151440,1,walk,-51,-18,7,-161,103,-397,997,440,1,0
151467,1,walk,-58,-20,8,-171,59,-323,997,370,1,0
151493,1,walk,-51,-21,8,-165,-1,-195,997,255,1,0
151519,1,walk,-43,-11,7,-147,5,-42,997,153,1,0
151545,1,walk,-73,11,3,-109,56,71,995,141,1,0
151571,1,walk,-82,41,-1,-59,73,108,995,143,1,0
151597,1,walk,-89,61,-4,-43,70,96,995,126,1,0
151623,1,walk,-106,62,-4,-63,36,67,996,99,1,0
151649,1,walk,-106,60,-3,-69,8,32,996,76,1,0
151675,1,walk,-93,55,-2,-54,10,-2,997,55,1,0
151701,1,walk,-61,46,-1,-51,32,-24,996,65,1,0
151727,1,walk,-32,38,-1,-57,78,-32,995,102,1,0
151753,1,walk,-24,31,0,-65,130,-39,996,151,1,0
151779,1,walk,-21,29,1,-69,151,-57,997,175,1,0
151805,1,walk,-11,22,2,-86,146,-88,998,191,1,0
151831,1,walk,-8,12,3,-113,142,-129,998,222,1,0
151857,1,walk,6,3,3,-131,124,-171,998,249,1,0
151891,1,walk,24,-1,2,-127,89,-211,998,262,1,0
151917,1,walk,49,-1,-2,-110,29,-237,997,263,1,0
151943,1,walk,55,-5,-2,-95,-35,-262,997,281,1,0
151969,1,walk,42,-14,0,-75,-80,-292,997,312,1,0
151995,1,walk,38,-24,2,-56,-127,-324,998,352,1,0
152021,1,walk,37,-27,2,-48,-166,-345,998,386,1,0
152048,1,walk,29,-26,3,-59,-199,-351,998,408,1,0
152074,1,walk,1,-21,4,-92,-195,-349,997,410,1,0
152101,1,walk,-34,-16,4,-134,-179,-348,995,414,1,0
152128,1,walk,-73,-16,3,-161,-177,-360,994,432,1,0
152155,1,walk,-116,-31,1,-160,-196,-382,992,458,1,0
152182,1,walk,-139,-59,0,-111,-212,-399,991,465,1,0
152209,1,walk,-140,-85,1,-2,-182,-396,992,436,1,0
152236,1,walk,-110,-88,4,140,-123,-371,993,415,1,0
152262,1,walk,-51,-65,1,271,-72,-343,988,443,1,0
152288,1,walk,1,-32,-6,340,-29,-333,985,477,1,0
152314,1,walk,16,-11,-5,330,18,-340,988,474,1,0
152340,1,walk,11,-9,-2,254,57,-350,991,436,1,0
152366,1,walk,-3,-18,1,146,89,-350,992,390,1,0
152392,1,walk,-13,-33,4,36,103,-339,994,356,1,0
152418,1,walk,-15,-50,5,-46,99,-316,994,334,1,0
152444,1,walk,-4,-61,6,-81,73,-288,995,309,1,0
152470,1,walk,2,-60,6,-70,46,-264,996,277,1,0
152496,1,walk,-6,-54,7,-30,41,-240,997,245,1,0
152522,1,walk,-7,-44,7,13,26,-201,997,203,1,0
152548,1,walk,4,-29,5,38,5,-143,997,148,1,0
152574,1,walk,9,-18,5,37,6,-73,997,82,1,0
152599,1,walk,0,-5,4,22,78,-4,997,81,1,0
152625,1,walk,-28,17,2,8,156,49,996,163,1,0
152651,1,walk,-63,49,-4,-24,200,78,993,216,1,0
152677,1,walk,-108,66,-10,-98,198,80,990,235,1,0
152704,1,walk,-132,67,-11,-181,135,63,991,235,1,0
152731,1,walk,-125,61,-8,-209,91,31,993,230,1,0
152757,1,walk,-104,52,-5,-165,97,-10,994,191,1,0
152783,1,walk,-69,41,-3,-92,136,-44,993,170,1,0
152809,1,walk,-40,34,-1,-28,193,-58,994,204,1,0
152835,1,walk,-33,32,0,8,236,-59,995,244,1,0
152861,1,walk,-24,30,1,12,225,-56,996,232,1,0
152887,1,walk,-8,27,1,-12,177,-58,996,187,1,0
152913,1,walk,4,20,1,-48,116,-64,996,141,1,0
152939,1,walk,22,13,1,-73,44,-77,996,115,1,0
152965,1,walk,38,8,1,-72,-27,-95,997,122,1,0
152991,1,walk,58,5,-1,-48,-104,-115,997,162,1,0
153017,1,walk,68,4,-2,-13,-166,-143,997,220,1,0
153043,1,walk,67,-3,-1,26,-215,-185,998,285,1,0
153069,1,walk,60,-15,1,58,-241,-237,998,343,1,0
153095,1,walk,56,-23,2,65,-246,-287,998,383,1,0
153121,1,walk,56,-24,2,44,-257,-323,998,415,1,0
153147,1,walk,48,-21,3,0,-244,-345,998,423,1,0
153173,1,walk,26,-13,3,-52,-160,-352,997,390,1,0
153199,1,walk,-6,-4,3,-97,-77,-351,996,372,1,0
153225,1,walk,-48,-2,2,-129,-24,-353,994,377,1,0
153252,1,walk,-98,-14,-1,-153,9,-364,991,395,1,0
153279,1,walk,-129,-38,-2,-150,22,-375,990,404,1,0
153306,1,walk,-130,-60,0,-112,41,-374,992,393,1,0
153332,1,walk,-105,-66,3,-46,86,-365,993,378,1,0
153358,1,walk,-59,-53,3,22,129,-358,991,381,1,0
153384,1,walk,-22,-33,1,62,166,-362,991,403,1,0
153410,1,walk,-12,-23,3,61,188,-373,993,422,1,0
153436,1,walk,-20,-28,5,27,200,-379,994,430,1,0
153462,1,walk,-31,-39,6,-17,188,-373,995,418,1,0
153488,1,walk,-39,-54,7,-55,157,-348,995,386,1,0
153515,1,walk,-34,-67,7,-77,102,-308,996,334,1,0
153542,1,walk,-23,-73,8,-78,41,-274,997,288,1,0
153577,1,walk,-30,-70,9,-47,-1,-256,997,260,1,0
153603,1,walk,-28,-66,9,-20,-54,-229,998,236,1,0
153629,1,walk,-18,-57,8,2,-95,-176,998,200,1,0
153655,1,walk,-7,-38,7,32,-148,-84,997,173,1,0
153681,1,walk,13,-20,5,37,-182,32,997,189,1,0
153707,1,walk,-12,4,3,10,-108,140,995,177,1,0
153733,1,walk,-59,28,-3,-31,-28,193,992,198,1,0
153760,1,walk,-105,51,-11,-83,25,175,989,195,1,0
153787,1,walk,-121,57,-11,-147,5,124,991,192,1,0
153814,1,walk,-109,50,-7,-169,-37,78,993,190,1,0
153841,1,walk,-81,38,-4,-121,-48,56,993,142,1,0
153867,1,walk,-50,26,-1,-52,-23,50,993,76,1,0
153893,1,walk,-30,23,0,2,32,41,994,52,1,0
153919,1,walk,-17,24,1,30,61,20,995,71,1,0
153945,1,walk,3,19,2,28,39,-9,996,49,1,0
153970,1,walk,26,9,1,8,5,-38,995,39,1,0
153996,1,walk,36,1,2,-9,7,-68,996,69,1,0
154022,1,walk,48,3,1,0,8,-104,997,104,1,0
154048,1,walk,63,11,-1,24,-11,-143,997,146,1,0
154074,1,walk,80,17,-3,61,-57,-172,997,191,1,0
154100,1,walk,92,17,-4,87,-109,-187,997,233,1,0
154126,1,walk,91,11,-3,97,-138,-200,998,262,1,0
154152,1,walk,83,3,-1,90,-145,-216,998,275,1,0
154178,1,walk,84,1,-1,55,-152,-236,998,286,1,0
154204,1,walk,67,1,0,-20,-124,-257,998,286,1,0
154230,1,walk,42,-1,2,-107,-68,-270,997,299,1,0
154256,1,walk,18,0,3,-185,12,-268,997,326,1,0
154282,1,walk,-4,1,4,-242,77,-253,997,359,1,0
154308,1,walk,-44,-6,3,-266,113,-239,994,375,1,0
154335,1,walk,-88,-25,0,-251,112,-233,992,360,1,0
154362,1,walk,-122,-50,-2,-192,97,-237,991,320,1,0
154389,1,walk,-137,-78,-3,-87,95,-241,991,273,1,0
154416,1,walk,-140,-100,-3,29,120,-236,992,266,1,0
154443,1,walk,-91,-85,0,148,105,-226,991,290,1,0
154469,1,walk,-40,-57,-1,210,84,-221,988,316,1,0
154495,1,walk,-12,-35,-1,201,53,-222,989,304,1,0
154521,1,walk,-2,-29,1,133,12,-227,991,263,1,0
154547,1,walk,-9,-40,3,39,-8,-229,993,233,1,0
154573,1,walk,-13,-61,5,-37,-24,-228,994,232,1,0
154599,1,walk,-4,-76,5,-70,-45,-228,995,243,1,0
154626,1,walk,8,-83,6,-50,-68,-236,996,251,1,0
154652,1,walk,15,-83,6,8,-90,-244,996,260,1,0
154678,1,walk,18,-76,7,69,-112,-241,997,275,1,0
154704,1,walk,23,-61,6,112,-131,-219,997,279,1,0
154730,1,walk,41,-38,4,131,-165,-172,996,271,1,0
154756,1,walk,50,-15,2,120,-198,-92,996,249,1,0
154782,1,walk,52,-1,2,86,-167,16,996,188,1,0
154808,1,walk,17,16,1,51,-65,126,995,150,1,0
154834,1,walk,-30,39,-3,11,18,200,991,201,1,0
154860,1,walk,-69,59,-8,-38,64,222,990,235,1,0
154886,1,walk,-101,65,-10,-85,50,213,991,234,1,0
154912,1,walk,-101,61,-7,-85,-12,192,993,211,1,0
154939,1,walk,-73,53,-4,-23,-34,175,993,180,1,0
154965,1,walk,-42,45,-2,44,5,159,994,165,1,0
154991,1,walk,-13,43,-1,83,84,138,994,182,1,0
155017,1,walk,4,43,-1,81,167,107,995,214,1,0
155043,1,walk,12,42,0,43,216,68,996,230,1,0
155069,1,walk,25,38,0,-17,221,28,996,223,1,0
155095,1,walk,39,31,1,-76,193,-3,997,207,1,0
155121,1,walk,56,27,0,-118,145,-26,997,189,1,0
155147,1,walk,74,28,-2,-130,98,-44,997,169,1,0
155173,1,walk,91,32,-5,-110,58,-57,997,137,1,0
155199,1,walk,103,32,-6,-79,18,-67,997,105,1,0
155225,1,walk,100,21,-5,-56,-4,-81,997,98,1,0
155259,1,walk,77,5,-1,-37,-9,-116,996,122,1,0
155285,1,walk,66,-7,1,-38,-15,-166,997,171,1,0
155311,1,walk,75,-13,0,-68,-59,-216,997,233,1,0
155338,1,walk,70,-16,1,-112,-112,-238,997,286,1,0
155365,1,walk,45,-17,3,-151,-116,-237,997,304,1,0
155392,1,walk,7,-16,3,-175,-91,-219,995,295,1,0
155418,1,walk,-46,-16,1,-177,-70,-215,992,288,1,0
155445,1,walk,-99,-29,-3,-166,-84,-243,989,306,1,0
155472,1,walk,-136,-50,-6,-133,-111,-292,988,339,1,0
155499,1,walk,-149,-83,-7,-74,-112,-340,989,366,1,0
155526,1,walk,-132,-101,-4,21,-91,-305,991,319,1,0
155553,1,walk,-77,-88,-2,115,-56,-292,988,319,1,0
155579,1,walk,-20,-59,-3,168,-21,-296,985,341,1,0
155605,1,walk,8,-37,-2,166,3,-312,987,354,1,0
155631,1,walk,13,-31,0,113,23,-327,990,347,1,0
155657,1,walk,5,-37,3,38,40,-330,992,334,1,0
155683,1,walk,-11,-54,4,-23,52,-317,993,322,1,0
155709,1,walk,-11,-70,5,-46,37,-295,994,301,1,0
155735,1,walk,-3,-81,6,-23,13,-269,995,271,1,0
155761,1,walk,-2,-78,7,50,-26,-248,996,254,1,0
155787,1,walk,12,-66,6,138,-99,-236,996,291,1,0
155813,1,walk,18,-58,7,196,-154,-229,997,338,1,0
155839,1,walk,27,-47,6,242,-190,-211,997,373,1,0
155865,1,walk,47,-25,4,274,-250,-155,996,402,1,0
155891,1,walk,60,-1,1,258,-267,-61,995,376,1,0
155917,1,walk,26,24,0,194,-157,32,994,252,1,0
155943,1,walk,-24,50,-5,102,-55,82,990,142,1,0
155969,1,walk,-70,78,-11,-2,19,61,987,64,1,0
155995,1,walk,-96,87,-13,-110,39,-5,989,117,1,0
156022,1,walk,-87,83,-9,-162,3,-63,991,174,1,0
156049,1,walk,-57,76,-6,-130,-27,-80,992,155,1,0
156076,1,walk,-27,68,-4,-64,-23,-70,992,98,1,0
156102,1,walk,3,65,-4,-19,-6,-66,993,69,1,0
156128,1,walk,22,65,-4,-2,4,-76,994,76,1,0
156154,1,walk,36,63,-3,-1,-13,-93,995,94,1,0
156180,1,walk,56,55,-3,-8,-42,-109,995,117,1,0
156206,1,walk,72,43,-3,-23,-65,-113,996,132,1,0
156232,1,walk,83,36,-3,-25,-82,-105,996,135,1,0
156258,1,walk,99,35,-5,-2,-110,-95,996,146,1,0
156284,1,walk,124,39,-10,33,-154,-89,996,181,1,0
156311,1,walk,138,36,-12,57,-186,-94,996,216,1,0
156338,1,walk,130,30,-9,72,-189,-118,997,234,1,0
156365,1,walk,124,20,-8,79,-183,-155,997,252,1,0
156392,1,walk,126,11,-7,68,-180,-184,997,267,1,0
156418,1,walk,134,9,-9,35,-230,-202,997,308,1,0
156444,1,walk,125,5,-7,-20,-255,-209,998,330,1,0
156471,1,walk,88,9,-3,-82,-181,-210,996,289,1,0
156497,1,walk,36,18,-2,-133,-81,-222,993,271,1,0
156524,1,walk,-19,23,-2,-165,14,-253,989,303,1,0
156551,1,walk,-74,13,-3,-180,86,-284,987,347,1,0
156578,1,walk,-102,-6,-2,-164,125,-300,988,364,1,0
156605,1,walk,-100,-20,1,-99,160,-287,991,343,1,0
156631,1,walk,-66,-21,3,-1,175,-259,991,312,1,0
156657,1,walk,-21,-11,2,86,175,-232,990,303,1,0
156683,1,walk,7,4,0,136,173,-220,991,311,1,0
156709,1,walk,16,9,1,138,162,-223,993,308,1,0
156735,1,walk,4,-1,4,97,159,-231,994,297,1,0
156761,1,walk,-11,-20,6,43,153,-230,995,280,1,0
156788,1,walk,-22,-39,7,4,148,-220,995,266,1,0
156814,1,walk,-16,-53,8,-8,131,-213,996,250,1,0
156840,1,walk,0,-58,8,0,101,-224,996,246,1,0
156866,1,walk,9,-50,8,25,61,-251,997,260,1,0
156892,1,walk,12,-43,8,47,24,-270,997,275,1,0
156918,1,walk,6,-37,8,59,-2,-252,998,259,1,0
156952,1,walk,21,-16,6,82,-50,-162,997,189,1,0
156978,1,walk,34,6,3,99,-63,-42,996,125,1,0
157004,1,walk,13,28,2,103,21,75,995,129,1,0
157030,1,walk,-29,54,-3,85,113,153,992,208,1,0
157056,1,walk,-77,82,-11,32,186,192,989,269,1,0
157082,1,walk,-127,97,-19,-50,201,210,986,294,1,0
157109,1,walk,-138,94,-17,-111,133,225,989,284,1,0
157136,1,walk,-116,86,-12,-110,73,244,991,278,1,0
157163,1,walk,-87,77,-8,-57,59,253,992,266,1,0
157189,1,walk,-57,69,-5,-4,76,251,992,263,1,0
157215,1,walk,-36,62,-3,27,100,247,993,268,1,0
157241,1,walk,-16,57,-2,32,101,246,994,267,1,0
157267,1,walk,1,51,-1,14,96,241,994,260,1,0
157293,1,walk,18,46,-1,-12,84,228,995,243,1,0
157319,1,walk,36,45,-1,-31,55,207,995,216,1,0
157345,1,walk,51,46,-2,-33,8,188,996,191,1,0
157371,1,walk,67,45,-3,-16,-67,182,996,194,1,0
157397,1,walk,85,41,-5,10,-149,184,996,237,1,0
157423,1,walk,97,29,-5,31,-208,174,997,273,1,0
157449,1,walk,90,10,-2,46,-218,132,996,259,1,0
157475,1,walk,87,-8,-1,53,-237,69,996,253,1,0
157501,1,walk,98,-14,-2,45,-280,2,997,284,1,0
157527,1,walk,93,-13,-1,18,-329,-64,997,336,1,0
157553,1,walk,66,-14,2,-12,-316,-116,997,337,1,0
157580,1,walk,41,-8,3,-38,-265,-151,996,307,1,0
157606,1,walk,3,-2,4,-65,-207,-177,995,280,1,0
157632,1,walk,-58,-6,1,-98,-162,-204,990,278,1,0
157659,1,walk,-110,-23,-3,-131,-135,-231,987,298,1,0
157686,1,walk,-124,-40,-1,-141,-118,-238,989,301,1,0
157713,1,walk,-115,-53,2,-110,-81,-254,992,288,1,0
157740,1,walk,-54,-46,1,-28,-76,-269,988,281,1,0
157766,1,walk,6,-32,-3,68,-68,-282,985,298,1,0
157792,1,walk,39,-22,-4,143,-41,-294,987,329,1,0
157818,1,walk,46,-20,-1,176,-7,-301,990,349,1,0
157844,1,walk,44,-25,2,166,27,-309,993,352,1,0
157870,1,walk,38,-38,4,118,69,-315,994,343,1,0
157896,1,walk,30,-53,6,47,119,-316,995,341,1,0
157922,1,walk,30,-59,7,-12,175,-311,996,357,1,0
157948,1,walk,35,-59,7,-59,208,-302,997,371,1,0
157974,1,walk,32,-55,8,-97,232,-297,997,389,1,0
158000,1,walk,28,-50,8,-114,241,-296,998,399,1,0
158026,1,walk,24,-43,8,-106,230,-279,998,377,1,0
158052,1,walk,28,-27,7,-67,187,-224,998,299,1,0
158078,1,walk,28,-13,6,-27,147,-136,998,202,1,0
158104,1,walk,6,2,6,5,181,-34,997,184,1,0
158130,1,walk,-40,22,2,11,242,52,993,248,1,0
158156,1,walk,-88,44,-5,-44,297,112,990,321,1,0
158183,1,walk,-124,58,-9,-154,307,147,990,374,1,0
158210,1,walk,-141,67,-11,-245,258,167,991,393,1,0
158237,1,walk,-150,69,-11,-271,209,156,993,376,1,0
158264,1,walk,-124,54,-6,-241,176,130,993,326,1,0
158290,1,walk,-102,29,-1,-188,177,111,993,281,1,0
158316,1,walk,-86,8,2,-133,190,101,994,253,1,0
158342,1,walk,-75,-1,5,-84,191,91,995,227,1,0
158368,1,walk,-58,-1,6,-51,152,72,996,176,1,0
158394,1,walk,-33,0,6,-41,78,46,996,99,1,0
158420,1,walk,-9,2,6,-40,-3,19,996,44,1,0
158446,1,walk,13,0,5,-34,-78,1,996,85,1,0
158472,1,walk,33,-1,4,-16,-142,-11,996,143,1,0
158498,1,walk,53,0,3,15,-192,-22,996,194,1,0
158524,1,walk,69,-3,2,41,-232,-46,996,240,1,0
158550,1,walk,70,-10,3,52,-261,-87,997,280,1,0
158576,1,walk,64,-23,4,42,-270,-135,997,305,1,0
158602,1,walk,64,-30,4,19,-297,-170,998,343,1,0
158636,1,walk,61,-26,5,-21,-320,-196,998,376,1,0
158662,1,walk,36,-20,5,-67,-261,-215,997,344,1,0
158688,1,walk,8,-13,6,-108,-190,-223,996,312,1,0
158714,1,walk,-20,-4,5,-137,-128,-225,996,293,1,0
158740,1,walk,-60,-3,3,-153,-105,-226,994,293,1,0
158767,1,walk,-94,-23,1,-153,-121,-229,993,301,1,0
158794,1,walk,-107,-52,2,-115,-127,-212,993,272,1,0
158821,1,walk,-103,-73,3,-33,-93,-177,994,202,1,0
158847,1,walk,-75,-75,5,71,-45,-172,994,191,1,0
158873,1,walk,-16,-57,2,159,-29,-171,990,235,1,0
158899,1,walk,12,-43,2,192,6,-174,991,259,1,0
158925,1,walk,18,-35,3,174,47,-175,993,252,1,0
158951,1,walk,21,-31,4,120,76,-175,994,225,1,0
158977,1,walk,19,-36,6,54,100,-173,996,206,1,0
159003,1,walk,14,-50,7,-4,110,-164,996,197,1,0
159029,1,walk,10,-67,7,-32,116,-147,997,190,1,0
159055,1,walk,10,-76,8,-26,111,-130,997,172,1,0
159081,1,walk,5,-72,8,5,96,-122,997,155,1,0
159107,1,walk,1,-65,8,32,76,-118,998,143,1,0
159133,1,walk,0,-56,8,39,70,-91,998,121,1,0
159159,1,walk,14,-37,7,24,52,-25,997,63,1,0
159185,1,walk,25,-16,5,-21,51,77,997,95,1,0
159211,1,walk,12,4,4,-79,125,193,996,243,1,0
159237,1,walk,-30,25,0,-115,208,287,993,372,1,0
159263,1,walk,-72,49,-6,-127,259,341,991,447,1,0
159290,1,walk,-111,70,-12,-130,245,362,990,456,1,0
159317,1,walk,-124,77,-12,-111,149,371,992,415,1,0
159344,1,walk,-123,66,-10,-63,81,377,993,391,1,0
159371,1,walk,-98,55,-6,8,43,387,994,389,1,0
159397,1,walk,-71,45,-3,67,48,377,994,386,1,0
159423,1,walk,-55,37,0,98,75,348,995,369,1,0
159449,1,walk,-36,25,2,96,76,311,995,334,1,0
159475,1,walk,-10,14,3,70,47,275,995,288,1,0
159501,1,walk,15,7,3,37,7,242,995,245,1,0
159527,1,walk,33,4,3,9,-21,208,995,209,1,0
159553,1,walk,49,3,2,-8,-42,175,996,180,1,0
159579,1,walk,65,2,1,-17,-60,147,996,159,1,0
159605,1,walk,82,5,0,-14,-83,124,997,150,1,0
159631,1,walk,91,4,-1,-8,-97,98,997,138,1,0
159657,1,walk,92,-5,0,-11,-107,57,997,122,1,0
159683,1,walk,84,-15,1,-21,-112,-4,997,114,1,0
159709,1,walk,74,-20,2,-42,-120,-71,998,145,1,0
159735,1,walk,75,-22,3,-93,-164,-123,998,225,1,0
159762,1,walk,64,-22,4,-170,-205,-153,998,307,1,0
159789,1,walk,30,-19,5,-238,-167,-170,997,337,1,0
159816,1,walk,-2,-9,4,-268,-123,-186,996,349,1,0
159842,1,walk,-29,0,4,-262,-109,-215,995,355,1,0
159869,1,walk,-59,-11,3,-234,-122,-246,995,361,1,0
159896,1,walk,-85,-38,2,-177,-121,-263,994,340,1,0
159923,1,walk,-95,-63,2,-72,-78,-255,994,276,1,0
159950,1,walk,-72,-64,4,50,-22,-234,995,240,1,0
159976,1,walk,-36,-45,3,147,30,-229,993,273,1,0
160002,1,walk,-1,-23,2,188,50,-239,992,308,1,0
160028,1,walk,17,-13,2,164,53,-249,994,303,1,0
160054,1,walk,13,-17,4,99,56,-249,995,274,1,0
160080,1,walk,5,-28,5,31,54,-240,996,248,1,0
160106,1,walk,0,-43,6,-20,48,-228,996,234,1,0
160132,1,walk,9,-62,6,-37,34,-220,996,225,1,0
160158,1,walk,11,-74,6,-12,38,-220,997,223,1,0
160184,1,walk,12,-73,6,50,49,-225,997,236,1,0
160210,1,walk,18,-62,6,110,49,-224,997,254,1,0
160236,1,walk,24,-49,6,123,46,-208,998,246,1,0
160262,1,walk,25,-34,5,104,56,-166,997,204,1,0
160288,1,walk,27,-16,4,65,52,-88,997,121,1,0
160322,1,walk,21,-1,4,10,88,21,997,91,1,0
160348,1,walk,-23,17,1,-12,159,110,994,194,1,0
160374,1,walk,-71,40,-6,-7,198,165,991,258,1,0
160400,1,walk,-100,67,-11,1,205,204,990,289,1,0
160426,1,walk,-109,86,-13,-6,138,234,991,272,1,0
160453,1,walk,-112,103,-15,5,63,256,993,264,1,0
160479,1,walk,-85,96,-11,15,12,274,993,275,1,0
160505,1,walk,-64,80,-7,21,13,284,994,285,1,0
160531,1,walk,-50,64,-4,13,42,287,995,291,1,0
160557,1,walk,-34,48,-1,-13,61,281,995,288,1,0
160583,1,walk,-13,33,1,-49,59,260,995,271,1,0
160609,1,walk,12,18,2,-80,40,224,995,241,1,0
160635,1,walk,37,7,2,-100,23,178,995,206,1,0
160661,1,walk,54,1,2,-103,-2,128,996,164,1,0
160687,1,walk,67,3,1,-84,-39,77,996,120,1,0
160713,1,walk,84,5,-1,-50,-93,27,996,109,1,0
160739,1,walk,96,6,-2,-9,-144,-22,997,146,1,0
160765,1,walk,99,4,-2,25,-194,-72,997,209,1,0
160791,1,walk,99,-4,-2,41,-238,-128,997,273,1,0
160817,1,walk,97,-11,-1,35,-270,-182,998,327,1,0
160843,1,walk,111,-13,-3,2,-327,-232,998,401,1,0
160870,1,walk,112,-14,-3,-74,-378,-274,998,473,1,0
160897,1,walk,75,-18,0,-157,-354,-307,996,494,1,0
160924,1,walk,33,-21,2,-214,-297,-328,994,491,1,0
160951,1,walk,-5,-24,3,-236,-249,-347,993,488,1,0
160978,1,walk,-48,-38,1,-217,-225,-364,991,480,1,0
161005,1,walk,-73,-65,1,-150,-244,-370,991,468,1,0
161032,1,walk,-39,-97,0,-42,-301,-349,990,462,1,0
161059,1,walk,-39,-115,0,88,-273,-314,992,426,1,0
161086,1,walk,-14,-104,2,227,-238,-288,992,437,1,0
161113,1,walk,31,-74,-2,329,-207,-274,990,475,1,0
161140,1,walk,59,-49,-3,351,-165,-275,990,475,1,0
161167,1,walk,69,-35,-3,296,-111,-280,992,422,1,0
161193,1,walk,64,-34,-1,207,-43,-279,993,350,1,0
161219,1,walk,58,-40,1,115,27,-270,994,294,1,0
161245,1,walk,63,-47,1,44,82,-255,995,272,1,0
161271,1,walk,75,-48,1,13,118,-243,996,270,1,0
161297,1,walk,84,-41,0,31,134,-233,997,271,1,0
161323,1,walk,86,-34,0,74,139,-215,997,267,1,0
161349,1,walk,70,-24,1,116,149,-174,997,257,1,0
161375,1,walk,57,-10,2,148,153,-104,997,236,1,0
161401,1,walk,49,8,2,162,139,2,997,213,1,0
161427,1,walk,54,19,1,133,102,119,997,206,1,0
161453,1,walk,32,32,1,80,168,220,997,288,1,0
161479,1,walk,-17,51,-2,13,237,279,993,367,1,0
161505,1,walk,-68,76,-9,-53,241,285,989,377,1,0
161532,1,walk,-111,83,-12,-131,179,254,988,337,1,0
161559,1,walk,-129,71,-11,-173,70,226,990,293,1,0
161586,1,walk,-105,49,-6,-149,-22,221,991,267,1,0
161612,1,walk,-72,31,-2,-86,-38,225,991,244,1,0
161638,1,walk,-32,28,-1,-27,-8,212,991,214,1,0
161664,1,walk,-6,34,-1,7,37,171,992,175,1,0
161690,1,walk,4,33,0,11,54,120,993,132,1,0
161716,1,walk,19,28,0,-7,43,81,994,92,1,0
161741,1,walk,40,25,0,-33,11,62,995,71,1,0
161767,1,walk,66,27,-3,-54,-43,52,995,87,1,0
161793,1,walk,93,26,-6,-64,-106,40,995,130,1,0
161819,1,walk,120,24,-10,-57,-174,12,995,184,1,0
161845,1,walk,132,17,-12,-20,-231,-41,995,236,1,0
161872,1,walk,125,2,-9,54,-278,-113,995,305,1,0
161898,1,walk,114,-15,-6,132,-296,-168,996,365,1,0
161925,1,walk,98,-18,-3,183,-260,-205,996,379,1,0
161952,1,walk,73,-5,-1,183,-181,-238,996,351,1,0
161978,1,walk,61,16,-1,99,-59,-264,996,288,1,0
162013,1,walk,51,34,-2,-72,68,-273,996,291,1,0
162039,1,walk,25,37,0,-229,135,-273,996,381,1,0
162065,1,walk,-15,22,2,-326,145,-267,994,445,1,0
162091,1,walk,-66,-13,0,-347,129,-259,989,452,1,0
162118,1,walk,-81,-39,2,-258,72,-237,990,358,1,0
162144,1,walk,-90,-63,3,-94,44,-200,992,225,1,0
162170,1,walk,-91,-86,4,78,56,-136,993,166,1,0
162196,1,walk,-69,-91,5,209,55,-104,994,240,1,0
162222,1,walk,-24,-60,2,285,23,-132,991,315,1,0
162248,1,walk,-5,-35,2,268,0,-170,991,317,1,0
162274,1,walk,-16,-23,4,188,-5,-205,993,278,1,0
162300,1,walk,-31,-28,5,79,-12,-229,994,242,1,0
162326,1,walk,-33,-40,6,-15,-22,-234,995,236,1,0
162352,1,walk,-18,-50,7,-60,-43,-226,996,238,1,0
162379,1,walk,-1,-50,6,-48,-64,-218,996,232,1,0
162405,1,walk,8,-44,7,8,-61,-206,997,215,1,0
162431,1,walk,12,-31,6,70,-36,-171,997,188,1,0
162457,1,walk,25,-11,4,108,-15,-111,996,155,1,0
162483,1,walk,30,7,3,106,42,-28,996,118,1,0
162509,1,walk,17,32,2,70,160,54,996,183,1,0
162535,1,walk,-14,63,-2,19,265,112,993,288,1,0
162561,1,walk,-47,102,-10,-44,329,152,991,365,1,0
162588,1,walk,-72,123,-14,-133,288,183,991,366,1,0
162615,1,walk,-89,136,-16,-198,198,195,992,342,1,0
162642,1,walk,-109,140,-18,-185,174,199,993,323,1,0
162669,1,walk,-94,117,-12,-129,177,203,993,299,1,0
162696,1,walk,-74,105,-8,-37,194,207,994,286,1,0
162722,1,walk,-46,103,-8,46,174,211,994,277,1,0
162748,1,walk,-23,98,-7,89,107,217,995,258,1,0
162774,1,walk,-1,85,-5,89,12,230,994,247,1,0
162800,1,walk,21,70,-4,66,-66,245,994,263,1,0
162826,1,walk,47,60,-5,36,-121,252,994,282,1,0
162852,1,walk,61,54,-5,15,-155,243,995,288,1,0
162878,1,walk,84,53,-7,14,-187,226,995,294,1,0
162904,1,walk,110,44,-10,18,-222,203,995,302,1,0
162930,1,walk,123,34,-11,37,-249,168,995,303,1,0
162956,1,walk,126,21,-10,68,-268,131,996,306,1,0
162982,1,walk,108,10,-6,98,-257,101,996,293,1,0
163008,1,walk,96,9,-4,102,-273,79,996,302,1,0
163034,1,walk,73,12,-1,63,-275,44,997,285,1,0
163060,1,walk,34,17,1,13,-220,2,995,221,1,0
163086,1,walk,8,23,2,-42,-147,-37,995,157,1,0
163112,1,walk,-21,27,3,-84,-71,-64,995,128,1,0
163138,1,walk,-57,22,3,-108,-23,-79,994,135,1,0
163164,1,walk,-77,4,4,-118,-3,-81,994,144,1,0
163190,1,walk,-88,-21,6,-103,18,-76,994,130,1,0
163216,1,walk,-81,-42,7,-55,64,-57,995,102,1,0
163242,1,walk,-55,-41,8,23,125,-37,995,133,1,0
163268,1,walk,-13,-27,5,89,175,-31,993,199,1,0
163294,1,walk,8,-17,4,115,223,-36,994,253,1,0
163320,1,walk,6,-17,6,109,269,-41,995,293,1,0
163346,1,walk,-5,-23,7,89,305,-39,996,320,1,0
163372,1,walk,-7,-32,8,64,316,-33,996,324,1,0
163398,1,walk,-8,-44,9,45,305,-34,997,310,1,0
163424,1,walk,-7,-55,9,48,264,-34,997,271,1,0
163450,1,walk,-9,-54,9,78,204,-34,998,221,1,0
163476,1,walk,1,-63,9,96,120,-25,997,155,1,0
163502,1,walk,-6,-61,9,95,51,-14,998,108,1,0
163528,1,walk,-12,-51,9,86,19,-13,998,89,1,0
163554,1,walk,-8,-38,8,72,-9,-27,998,78,1,0
163580,1,walk,-2,-20,7,52,-31,-32,997,68,1,0
163606,1,walk,0,-5,6,37,5,5,997,37,1,0
163631,1,walk,-38,22,1,38,90,70,994,120,1,0
163657,1,walk,-78,55,-6,20,152,127,991,199,1,0
163691,1,walk,-98,77,-10,-59,128,140,991,198,1,0
163717,1,walk,-175,85,-28,-142,122,169,982,253,1,0
163744,1,walk,-155,79,-21,-174,58,166,986,248,1,0
163771,1,walk,-112,68,-14,-158,35,173,986,237,1,0
163797,1,walk,-67,58,-10,-137,41,195,987,241,1,0
163823,1,walk,-40,50,-6,-130,66,215,989,260,1,0
163849,1,walk,-32,38,-2,-140,78,222,991,274,1,0
163875,1,walk,-26,22,1,-162,71,217,992,280,1,0
163901,1,walk,-14,8,3,-176,42,209,994,276,1,0
163927,1,walk,12,-2,4,-172,-28,198,994,264,1,0
163953,1,walk,33,-9,3,-147,-107,187,994,261,1,0
163979,1,walk,49,-12,3,-91,-180,178,995,269,1,0
164005,1,walk,72,-15,1,-19,-245,161,995,294,1,0
164031,1,walk,85,-19,0,55,-303,125,996,332,1,0
164057,1,walk,85,-22,1,131,-335,72,997,367,1,0
164083,1,walk,81,-29,2,180,-357,12,997,400,1,0
164109,1,walk,84,-34,2,184,-379,-45,997,423,1,0
164135,1,walk,87,-31,2,148,-413,-91,998,448,1,0
164161,1,walk,79,-24,2,88,-403,-122,998,430,1,0
164187,1,walk,47,-14,3,11,-323,-150,996,356,1,0
164213,1,walk,7,-7,4,-77,-241,-190,995,316,1,0
164239,1,walk,-33,-10,4,-146,-166,-249,993,333,1,0
164266,1,walk,-64,-26,4,-185,-137,-306,993,382,1,0
164293,1,walk,-70,-48,5,-163,-137,-343,993,404,1,0
164320,1,walk,-58,-58,7,-71,-118,-355,995,380,1,0
164347,1,walk,-24,-49,6,56,-85,-350,994,365,1,0
164373,1,walk,5,-29,4,161,-29,-345,993,381,1,0
164399,1,walk,17,-3,2,219,29,-344,993,409,1,0
164425,1,walk,25,11,1,214,73,-337,994,406,1,0
164451,1,walk,24,18,2,153,96,-321,995,368,1,0
164477,1,walk,18,18,3,56,104,-306,996,328,1,0
164503,1,walk,25,9,3,-3,65,-288,997,295,1,0
164529,1,walk,47,-9,2,8,0,-253,996,253,1,0
164555,1,walk,54,-16,3,69,-43,-205,997,220,1,0
164581,1,walk,56,-20,3,145,-97,-150,997,230,1,0
164607,1,walk,44,-16,4,218,-93,-95,997,255,1,0
164633,1,walk,30,-5,4,267,-54,-49,997,276,1,0
164659,1,walk,38,11,2,268,-20,-9,997,269,1,0
164685,1,walk,53,23,-1,228,36,56,997,237,1,0
164711,1,walk,53,43,-3,202,130,152,997,284,1,0
164737,1,walk,27,71,-7,193,227,244,995,385,1,0
164763,1,walk,-17,100,-12,194,275,314,991,460,1,0
164790,1,walk,-72,124,-21,175,247,331,987,449,1,0
164817,1,walk,-92,129,-21,137,131,322,989,374,1,0
164844,1,walk,-71,119,-17,125,3,325,991,348,1,0
164870,1,walk,-34,110,-15,162,-68,329,991,373,1,0
164897,1,walk,-1,104,-14,179,-38,300,991,352,1,0
164923,1,walk,15,99,-13,147,44,247,993,291,1,0
164949,1,walk,26,94,-11,80,101,193,994,232,1,0
164975,1,walk,32,79,-8,2,117,159,995,197,1,0
165001,1,walk,50,69,-7,-38,83,139,996,166,1,0
165027,1,walk,60,58,-6,-52,53,107,996,131,1,0
165053,1,walk,71,60,-8,-36,18,71,997,81,1,0
165079,1,walk,85,53,-8,-26,-5,39,997,47,1,0
165105,1,walk,100,53,-10,-12,-48,3,997,50,1,0
165131,1,walk,114,44,-12,-32,-110,-47,997,124,1,0
165158,1,walk,114,42,-11,-82,-150,-119,998,208,1,0
165185,1,walk,101,22,-7,-120,-226,-168,997,306,1,0
165212,1,walk,92,8,-4,-107,-274,-185,997,347,1,0
165239,1,walk,90,3,-3,-126,-291,-230,997,391,1,0
165266,1,walk,70,0,0,-189,-279,-309,997,457,1,0
165292,1,walk,45,-11,3,-222,-213,-383,996,491,1,0
165319,1,walk,3,-24,5,-217,-119,-441,994,506,1,0
165345,1,walk,-38,-36,6,-173,-102,-486,992,526,1,0
165380,1,walk,-64,-35,7,-73,-128,-500,993,522,1,0
165407,1,walk,-93,-21,5,-1,-131,-512,993,528,1,0
165434,1,walk,-84,-17,6,17,-162,-514,994,540,1,0
165460,1,walk,-50,-11,5,24,-184,-508,994,541,1,0
165487,1,walk,-12,-5,3,40,-201,-485,993,527,1,0
165513,1,walk,19,2,0,65,-240,-458,993,521,1,0
165539,1,walk,41,10,-2,72,-266,-434,993,514,1,0
165565,1,walk,52,13,-2,53,-273,-400,995,487,1,0
165591,1,walk,63,16,-3,39,-292,-353,996,459,1,0
165617,1,walk,85,15,-6,28,-328,-306,996,450,1,0
165643,1,walk,107,5,-9,1,-357,-266,996,445,1,0
165669,1,walk,125,-17,-11,-48,-395,-227,995,458,1,0
165696,1,walk,141,-33,-13,-74,-429,-171,995,468,1,0
165723,1,walk,137,-37,-11,-92,-422,-119,996,448,1,0
165750,1,walk,133,-35,-10,-92,-435,-74,997,450,1,0
165777,1,walk,134,-30,-10,-67,-426,-14,997,431,1,0
165803,1,walk,139,-25,-12,-39,-378,81,998,389,1,0
165829,1,walk,150,-18,-15,-21,-295,186,997,349,1,0
165855,1,walk,142,-1,-16,-2,-203,255,997,326,1,0
165881,1,walk,120,18,-14,13,-85,283,997,296,1,0
165907,1,walk,71,37,-11,33,28,288,993,291,1,0
165933,1,walk,36,61,-10,99,72,301,992,325,1,0
165959,1,walk,23,95,-16,174,136,314,991,384,1,0
165985,1,walk,23,119,-20,200,202,311,992,421,1,0
166011,1,walk,47,111,-21,167,257,304,993,432,1,0
166037,1,walk,80,81,-22,100,311,295,992,440,1,0
166063,1,walk,103,46,-21,27,327,274,991,427,1,0
166089,1,walk,112,22,-19,-28,321,247,992,406,1,0
166115,1,walk,107,8,-14,-47,303,215,993,374,1,0
166141,1,walk,99,0,-11,-46,274,173,994,327,1,0
166167,1,walk,100,-9,-9,-39,229,125,995,264,1,0
166193,1,walk,104,-6,-10,-25,171,73,996,188,1,0
166219,1,walk,112,7,-13,-23,99,33,997,106,1,0
166245,1,walk,114,21,-15,-52,26,9,997,59,1,0
166271,1,walk,108,31,-15,-101,-32,-4,997,105,1,0
166298,1,walk,106,32,-14,-141,-78,-12,998,162,1,0
166325,1,walk,103,17,-12,-194,-113,-29,998,226,1,0
166352,1,walk,89,-10,-7,-247,-143,-26,997,286,1,0
166379,1,walk,81,-19,-5,-285,-146,13,997,320,1,0
166405,1,walk,66,-18,-2,-311,-88,29,997,325,1,0
166431,1,walk,32,-27,3,-306,2,-4,995,306,1,0
166457,1,walk,-13,-47,8,-257,79,-60,993,276,1,0
166483,1,walk,-57,-69,10,-176,146,-99,990,249,1,0
166510,1,walk,-102,-79,11,-85,203,-111,989,246,1,0
166537,1,walk,-112,-72,13,-10,225,-103,991,248,1,0
166563,1,walk,-93,-56,13,48,251,-83,992,268,1,0
166589,1,walk,-59,-35,10,80,263,-71,992,284,1,0
166615,1,walk,-20,-17,5,103,244,-67,991,273,1,0
166641,1,walk,8,-14,2,104,222,-67,992,254,1,0
166667,1,walk,3,-22,6,77,182,-77,994,212,1,0
166693,1,walk,1,-39,7,42,117,-78,994,147,1,0
166719,1,walk,-7,-56,10,12,80,-75,995,110,1,0
166745,1,walk,-10,-73,11,-17,30,-70,995,78,1,0
166771,1,walk,3,-87,10,-30,-47,-67,996,87,1,0
166797,1,walk,18,-84,8,-17,-114,-64,996,132,1,0
166823,1,walk,22,-77,8,4,-157,-64,997,169,1,0
166849,1,walk,19,-69,9,21,-167,-50,998,176,1,0
166875,1,walk,14,-52,9,32,-147,-23,997,152,1,0
166901,1,walk,14,-44,8,42,-130,24,998,139,1,0
166927,1,walk,18,-39,8,65,-92,132,998,173,1,0
166953,1,walk,-13,-17,8,79,-6,254,996,266,1,0
166979,1,walk,-58,19,4,98,77,333,991,356,1,0
167005,1,walk,-92,53,-1,135,98,342,989,380,1,0
167031,1,walk,-92,66,-1,165,49,332,991,374,1,0
167066,1,walk,-86,65,1,177,19,347,993,390,1,0
167092,1,walk,-70,64,1,167,11,365,994,402,1,0
167118,1,walk,-34,61,-1,129,52,367,994,392,1,0
167144,1,walk,10,43,-4,71,110,359,992,382,1,0
167170,1,walk,33,11,-4,9,155,336,991,371,1,0
167196,1,walk,40,-18,-2,-42,171,294,992,343,1,0
167222,1,walk,43,-25,0,-70,161,222,994,283,1,0
167248,1,walk,55,-25,-1,-80,130,129,995,200,1,0
167274,1,walk,59,-21,-1,-86,124,26,996,153,1,0
167300,1,walk,56,-22,0,-91,117,-76,997,167,1,0
167326,1,walk,63,-17,-1,-87,91,-148,997,194,1,0
167352,1,walk,61,-4,-2,-91,67,-200,997,229,1,0
167378,1,walk,49,2,0,-112,65,-219,998,254,1,0
167404,1,walk,26,6,2,-143,100,-225,997,284,1,0
167430,1,walk,6,0,5,-196,109,-227,997,320,1,0
167456,1,walk,-35,3,7,-225,165,-217,995,354,1,0
167483,1,walk,-76,-2,8,-223,293,-199,993,418,1,0
167509,1,walk,-111,-24,9,-221,364,-191,991,466,1,0
167536,1,walk,-133,-47,10,-177,345,-195,992,434,1,0
167563,1,walk,-151,-62,10,-86,308,-200,992,377,1,0
167590,1,walk,-180,-61,8,-3,304,-217,992,374,1,0
167617,1,walk,-216,-48,2,47,338,-225,991,409,1,0
167644,1,walk,-188,-48,6,84,319,-222,993,397,1,0
167670,1,walk,-144,-55,8,106,263,-235,992,368,1,0
167696,1,walk,-111,-59,10,98,182,-265,992,336,1,0
167722,1,walk,-89,-55,11,63,99,-300,993,322,1,0
167748,1,walk,-75,-50,12,33,52,-320,995,325,1,0
167774,1,walk,-80,-50,13,25,46,-314,996,318,1,0
167800,1,walk,-86,-44,13,46,29,-290,997,295,1,0
167826,1,walk,-92,-38,13,55,28,-253,997,260,1,0
167852,1,walk,-88,-40,14,44,10,-207,997,212,1,0
167878,1,walk,-77,-36,14,33,-14,-154,998,158,1,0
167904,1,walk,-80,-33,14,25,-64,-94,998,117,1,0
167930,1,walk,-77,-34,14,3,-120,-27,999,123,1,0
167956,1,walk,-70,-32,13,-26,-153,60,998,166,1,0
167982,1,walk,-76,-23,12,-48,-121,160,998,206,1,0
168009,1,walk,-86,-4,10,-43,-67,233,997,246,1,0
168035,1,walk,-86,15,8,-25,-27,263,997,265,1,0
168061,1,walk,-91,36,5,-2,-4,263,997,263,1,0
168087,1,walk,-99,51,3,0,-32,263,997,265,1,0
168113,1,walk,-87,63,2,-1,-90,270,997,285,1,0
168139,1,walk,-77,71,1,25,-85,263,997,278,1,0
168165,1,walk,-71,70,1,58,-19,238,998,246,1,0
168191,1,walk,-52,62,2,85,58,214,998,237,1,0
168217,1,walk,-33,55,3,97,137,189,998,253,1,0
168243,1,walk,-16,51,2,88,172,170,998,257,1,0
168269,1,walk,2,48,1,70,158,152,997,230,1,0
168295,1,walk,17,46,1,55,116,125,998,179,1,0
168321,1,walk,30,37,1,43,59,95,998,119,1,0
168347,1,walk,39,28,1,30,3,63,998,70,1,0
168373,1,walk,49,24,1,16,-51,30,998,62,1,0
168399,1,walk,61,24,-1,-3,-100,-6,998,100,1,0
168425,1,walk,67,22,-1,-24,-140,-44,998,149,1,0
168452,1,walk,67,17,-1,-44,-173,-77,999,194,1,0
168479,1,walk,59,7,1,-64,-183,-101,999,218,1,0
168505,1,walk,52,-2,2,-75,-179,-112,999,224,1,0
168531,1,walk,49,-7,3,-84,-162,-121,998,219,1,0
168558,1,walk,26,-6,4,-83,-103,-162,998,209,1,0
168584,1,walk,-5,-16,6,-72,-23,-225,996,238,1,0
168610,1,walk,-47,-36,6,-43,52,-296,994,304,1,0
168636,1,walk,-94,-60,4,-1,98,-355,990,368,1,0
168662,1,walk,-126,-72,2,52,102,-381,990,398,1,0
168689,1,walk,-138,-69,3,98,92,-388,992,411,1,0
168715,1,walk,-126,-54,5,125,88,-387,994,416,1,0
168749,1,walk,-102,-26,4,137,109,-384,993,423,1,0
168775,1,walk,-71,-2,3,137,117,-385,992,426,1,0
168801,1,walk,-50,10,2,120,118,-382,993,418,1,0
168827,1,walk,-46,8,4,88,114,-368,994,395,1,0
168853,1,walk,-43,-2,6,61,107,-339,995,361,1,0
168879,1,walk,-34,-12,7,49,107,-301,996,323,1,0
168905,1,walk,-22,-16,8,52,109,-264,997,290,1,0
168931,1,walk,-5,-18,8,52,97,-235,997,259,1,0
168957,1,walk,5,-18,7,46,67,-208,998,223,1,0
168983,1,walk,-3,-17,8,48,28,-170,998,179,1,0
169009,1,walk,-21,-15,8,56,-15,-114,998,128,1,0
169035,1,walk,-38,-9,7,58,-63,-40,998,95,1,0
169061,1,walk,-30,-2,7,40,-124,52,998,141,1,0
169087,1,walk,-18,6,6,16,-141,172,997,222,1,0
169113,1,walk,-25,26,3,16,-88,261,997,276,1,0
169139,1,walk,-44,49,0,44,-36,305,996,310,1,0
169165,1,walk,-72,65,-4,85,-10,306,995,318,1,0
169191,1,walk,-91,69,-5,110,-43,304,995,326,1,0
169217,1,walk,-91,69,-5,113,-92,314,996,346,1,0
169243,1,walk,-81,69,-4,108,-107,313,997,348,1,0
169269,1,walk,-62,68,-3,87,-74,297,997,318,1,0
169295,1,walk,-36,63,-3,45,-18,264,997,268,1,0
169321,1,walk,-10,54,-2,-2,30,231,996,233,1,0
169347,1,walk,7,46,-1,-31,53,204,997,213,1,0
169373,1,walk,28,42,-2,-40,37,180,997,188,1,0
169399,1,walk,52,39,-4,-36,9,148,996,152,1,0
169425,1,walk,65,36,-4,-30,-13,107,997,112,1,0
169451,1,walk,73,35,-5,-33,-40,64,997,82,1,0
169477,1,walk,85,31,-6,-51,-75,21,998,93,1,0
169503,1,walk,95,26,-6,-86,-119,-27,998,149,1,0
169530,1,walk,88,18,-4,-128,-144,-78,998,208,1,0
169557,1,walk,73,5,-1,-158,-143,-120,998,244,1,0
169584,1,walk,69,-7,0,-163,-149,-146,998,265,1,0
169611,1,walk,56,-8,1,-148,-121,-168,998,254,1,0
169637,1,walk,31,-7,3,-113,-64,-206,997,244,1,0
169663,1,walk,-1,-16,4,-76,22,-251,996,263,1,0
169689,1,walk,-39,-30,5,-42,97,-287,994,306,1,0
169715,1,walk,-84,-46,2,-8,144,-308,991,340,1,0
169741,1,walk,-119,-63,0,19,145,-309,990,342,1,0
169768,1,walk,-133,-73,1,33,126,-285,992,314,1,0
169794,1,walk,-124,-72,3,34,111,-259,994,284,1,0
169820,1,walk,-92,-59,5,23,89,-248,994,264,1,0
169846,1,walk,-51,-42,4,5,59,-248,992,255,1,0
169872,1,walk,-25,-35,4,-14,30,-260,993,262,1,0
169898,1,walk,-18,-38,6,-24,1,-267,994,268,1,0
169924,1,walk,-15,-42,7,-15,-23,-257,996,258,1,0
169950,1,walk,-13,-42,8,10,-37,-231,997,234,1,0
169976,1,walk,-2,-40,8,32,-55,-200,997,209,1,0
170002,1,walk,13,-39,7,37,-77,-170,998,190,1,0
170028,1,walk,24,-40,7,24,-99,-137,998,170,1,0
170054,1,walk,27,-40,7,6,-118,-95,998,151,1,0
170080,1,walk,20,-37,7,-2,-124,-46,998,132,1,0
170106,1,walk,14,-29,7,5,-127,12,998,128,1,0
170132,1,walk,10,-18,6,8,-119,80,998,143,1,0
170158,1,walk,18,-12,5,9,-79,173,998,190,1,0
170184,1,walk,14,3,4,11,16,255,998,256,1,0
170210,1,walk,2,24,2,2,100,306,997,322,1,0
170236,1,walk,-18,43,-1,9,150,341,996,372,1,0
170262,1,walk,-47,58,-4,34,159,360,995,395,1,0
170288,1,walk,-61,71,-6,79,126,382,995,410,1,0
170314,1,walk,-60,83,-7,134,106,393,996,428,1,0
170340,1,walk,-43,89,-8,160,109,379,996,426,1,0
170366,1,walk,-21,88,-8,147,135,347,996,401,1,0
170392,1,walk,-2,77,-6,113,164,318,996,375,1,0
170426,1,walk,14,65,-5,83,162,305,997,355,1,0
170452,1,walk,28,59,-4,61,135,291,997,326,1,0
170478,1,walk,43,56,-5,43,82,263,998,279,1,0
170504,1,walk,57,50,-5,17,19,224,998,226,1,0
170530,1,walk,63,42,-4,-21,-39,180,998,185,1,0
170556,1,walk,70,36,-4,-57,-96,136,998,176,1,0
170582,1,walk,87,28,-6,-99,-162,92,998,211,1,0
170608,1,walk,95,19,-6,-141,-223,41,998,267,1,0
170635,1,walk,93,10,-5,-175,-261,-12,998,314,1,0
170662,1,walk,78,1,-2,-192,-260,-57,998,328,1,0
170688,1,walk,74,-9,-1,-209,-260,-98,998,348,1,0
170715,1,walk,72,-16,0,-215,-236,-140,998,348,1,0
170742,1,walk,49,-21,2,-197,-147,-188,997,310,1,0
170769,1,walk,24,-30,4,-169,-70,-238,997,300,1,0
170795,1,walk,-4,-42,6,-127,-33,-295,996,323,1,0
170821,1,walk,-44,-54,5,-74,-33,-340,994,349,1,0
170847,1,walk,-83,-63,3,-22,-48,-351,992,355,1,0
170874,1,walk,-104,-64,3,21,-44,-332,993,335,1,0
170901,1,walk,-92,-51,4,52,-16,-300,994,305,1,0
170927,1,walk,-53,-30,3,73,9,-277,993,287,1,0
170953,1,walk,-8,-15,0,81,15,-259,991,272,1,0
170979,1,walk,22,-17,-1,67,13,-246,992,256,1,0
171005,1,walk,28,-31,1,47,22,-231,993,237,1,0
171031,1,walk,28,-48,3,38,28,-207,994,213,1,0
171057,1,walk,31,-56,4,47,33,-176,996,185,1,0
171083,1,walk,32,-48,5,63,42,-146,997,165,1,0
171109,1,walk,36,-44,5,57,41,-127,997,145,1,0
171135,1,walk,37,-37,5,48,32,-105,998,120,1,0
171161,1,walk,38,-33,4,40,4,-69,998,79,1,0
171187,1,walk,24,-24,5,41,-10,-20,998,47,1,0
171213,1,walk,11,-12,5,41,-27,45,998,67,1,0
171239,1,walk,7,-6,5,30,-55,138,998,151,1,0
171265,1,walk,14,-3,4,7,-35,276,998,278,1,0
171291,1,walk,-6,17,2,2,66,390,997,395,1,0
171317,1,walk,-36,41,-2,13,155,429,995,456,1,0
171343,1,walk,-47,56,-3,52,184,414,995,456,1,0
171369,1,walk,-49,59,-3,89,151,392,996,430,1,0
171395,1,walk,-45,62,-3,129,102,388,997,421,1,0
171421,1,walk,-40,69,-4,174,81,384,997,429,1,0
171447,1,walk,-26,73,-5,187,95,365,997,421,1,0
171473,1,walk,-9,71,-5,157,132,324,998,383,1,0
171499,1,walk,2,64,-4,111,152,282,998,339,1,0
171525,1,walk,11,53,-3,67,131,245,998,286,1,0
171551,1,walk,27,39,-2,30,77,205,997,221,1,0
171577,1,walk,44,27,-3,6,15,156,997,157,1,0
171603,1,walk,56,23,-3,-5,-43,101,997,110,1,0
171629,1,walk,60,27,-4,0,-93,46,998,104,1,0
171655,1,walk,72,37,-6,12,-148,0,998,149,1,0
171681,1,walk,90,46,-11,7,-217,-44,997,222,1,0
171707,1,walk,93,44,-11,-33,-282,-94,998,299,1,0
171734,1,walk,86,34,-8,-82,-334,-127,998,367,1,0
171761,1,walk,79,24,-6,-108,-381,-134,998,418,1,0
171788,1,walk,83,14,-6,-125,-439,-138,998,477,1,0
171815,1,walk,82,7,-5,-141,-457,-151,998,502,1,0
171842,1,walk,70,1,-3,-142,-406,-182,998,467,1,0
171869,1,walk,46,-4,0,-128,-303,-224,997,398,1,0
171895,1,walk,7,-10,2,-96,-189,-277,995,349,1,0
171921,1,walk,-38,-28,3,-59,-90,-313,992,331,1,0
171947,1,walk,-67,-43,4,-9,-13,-315,992,316,1,0
171973,1,walk,-76,-45,5,46,55,-297,994,306,1,0
171999,1,walk,-53,-31,5,96,109,-272,994,308,1,0
172025,1,walk,-5,-8,-1,133,142,-255,991,321,1,0
172051,1,walk,33,12,-7,142,162,-259,990,337,1,0
172077,1,walk,50,19,-8,123,162,-265,991,334,1,0
172112,1,walk,33,13,-5,94,149,-251,993,306,1,0
172138,1,walk,25,3,-2,77,113,-218,994,258,1,0
172164,1,walk,18,-6,1,73,78,-178,995,208,1,0
172190,1,walk,22,-14,2,61,32,-139,996,155,1,0
172216,1,walk,37,-20,2,31,-33,-101,996,111,1,0
172242,1,walk,49,-26,1,0,-89,-60,997,108,1,0
172268,1,walk,49,-28,2,-8,-122,-11,997,123,1,0
172294,1,walk,49,-25,2,-5,-156,37,998,160,1,0
172320,1,walk,60,-21,0,-2,-198,81,998,213,1,0
172346,1,walk,66,-22,-1,-14,-211,136,998,252,1,0
172372,1,walk,65,-16,-1,-10,-157,222,998,272,1,0
172398,1,walk,39,9,-2,21,-43,286,996,290,1,0
172424,1,walk,2,36,-4,51,64,307,994,318,1,0
172450,1,walk,-36,58,-7,75,129,301,992,335,1,0
172476,1,walk,-61,64,-7,98,139,304,993,349,1,0
172502,1,walk,-62,68,-6,126,135,331,994,379,1,0
172528,1,walk,-47,77,-7,143,150,341,995,399,1,0
172554,1,walk,-20,81,-9,125,189,317,995,390,1,0
172580,1,walk,2,69,-8,74,237,266,995,364,1,0
172606,1,walk,13,46,-5,7,265,216,995,342,1,0
172632,1,walk,19,20,-2,-54,250,177,995,311,1,0
172658,1,walk,35,0,-2,-101,201,149,995,270,1,0
172684,1,walk,50,-4,-3,-128,144,114,995,225,1,0
172710,1,walk,54,0,-3,-144,88,68,996,182,1,0
172736,1,walk,57,8,-3,-153,37,15,997,158,1,0
172762,1,walk,64,10,-4,-171,-19,-32,998,175,1,0
172789,1,walk,68,9,-4,-197,-76,-74,998,224,1,0
172816,1,walk,64,-2,-2,-226,-112,-112,998,276,1,0
172843,1,walk,51,-13,0,-239,-135,-138,998,307,1,0
172870,1,walk,51,-20,1,-242,-166,-158,998,334,1,0
172897,1,walk,49,-29,1,-251,-186,-194,998,367,1,0
172924,1,walk,30,-38,4,-241,-138,-234,997,364,1,0
172950,1,walk,-1,-49,6,-224,-44,-277,996,359,1,0
172976,1,walk,-35,-58,7,-204,52,-320,995,383,1,0
173002,1,walk,-70,-71,7,-167,131,-357,994,415,1,0
173029,1,walk,-100,-83,7,-102,183,-372,993,427,1,0
173056,1,walk,-114,-87,7,-20,216,-370,994,429,1,0
173083,1,walk,-102,-77,8,52,250,-368,995,448,1,0
173109,1,walk,-73,-55,7,96,274,-374,994,473,1,0
173135,1,walk,-46,-34,5,113,274,-383,994,485,1,0
173162,1,walk,-34,-22,5,112,254,-388,995,478,1,0
173188,1,walk,-46,-21,6,93,224,-377,996,448,1,0
173214,1,walk,-55,-26,7,57,162,-352,996,392,1,0
173240,1,walk,-55,-31,8,28,80,-320,997,331,1,0
173266,1,walk,-39,-36,8,14,-9,-280,997,281,1,0
173292,1,walk,-27,-36,8,-1,-89,-243,997,259,1,0
173318,1,walk,-21,-34,8,-20,-145,-205,998,252,1,0
173344,1,walk,-18,-32,8,-33,-179,-150,998,236,1,0
173370,1,walk,-28,-27,8,-32,-204,-65,998,216,1,0
173396,1,walk,-38,-19,7,-29,-242,49,998,249,1,0
173422,1,walk,-28,-13,7,-36,-253,199,998,324,1,0
173448,1,walk,-37,6,4,-13,-159,337,997,373,1,0
173474,1,walk,-47,30,1,20,-36,405,996,407,1,0
173500,1,walk,-59,55,-3,65,52,424,996,432,1,0
173526,1,walk,-69,68,-5,104,69,431,996,449,1,0
173552,1,walk,-73,70,-4,154,52,462,997,490,1,0
173578,1,walk,-69,70,-4,209,41,507,997,550,1,0
173604,1,walk,-44,68,-4,215,53,531,997,575,1,0
173630,1,walk,-9,63,-5,174,78,519,996,553,1,0
173656,1,walk,14,50,-5,116,94,493,995,515,1,0
173682,1,walk,32,36,-4,78,88,470,995,485,1,0
173708,1,walk,45,25,-4,60,68,439,996,449,1,0
173734,1,walk,57,20,-4,47,43,390,997,395,1,0
173760,1,walk,68,24,-6,36,21,328,997,331,1,0
173794,1,walk,84,29,-8,17,-5,269,997,269,1,0
173820,1,walk,97,29,-10,-21,-25,224,997,227,1,0
173846,1,walk,101,25,-10,-85,-47,190,998,214,1,0
173873,1,walk,92,19,-8,-167,-61,153,998,235,1,0
173899,1,walk,74,9,-5,-228,-75,118,997,268,1,0
173925,1,walk,66,1,-3,-238,-105,86,997,274,1,0
173951,1,walk,54,-8,-1,-196,-108,49,997,229,1,0
173977,1,walk,25,-16,2,-128,-56,9,996,140,1,0
174003,1,walk,-4,-28,4,-78,16,-31,995,86,1,0
174029,1,walk,-35,-40,6,-47,84,-70,994,119,1,0
174055,1,walk,-69,-47,5,-10,113,-112,994,159,1,0
174082,1,walk,-100,-52,5,34,94,-158,993,187,1,0
174108,1,walk,-120,-59,4,74,69,-193,994,217,1,0
174134,1,walk,-125,-62,5,100,69,-208,995,241,1,0
174160,1,walk,-109,-49,6,116,90,-215,996,260,1,0
174186,1,walk,-73,-28,5,127,99,-222,994,275,1,0
174212,1,walk,-40,-9,2,125,102,-242,993,291,1,0
174238,1,walk,-22,-3,2,106,95,-261,994,297,1,0
174264,1,walk,-22,-6,3,77,87,-266,995,290,1,0
174290,1,walk,-24,-13,5,45,69,-250,996,263,1,0
174316,1,walk,-16,-23,6,9,31,-224,996,226,1,0
174342,1,walk,-7,-35,6,-21,-18,-198,997,200,1,0
174368,1,walk,3,-42,7,-38,-81,-171,997,193,1,0
174394,1,walk,12,-48,6,-45,-144,-142,997,207,1,0
174420,1,walk,15,-48,6,-36,-195,-101,998,223,1,0
174446,1,walk,14,-42,6,-12,-230,-47,998,235,1,0
174472,1,walk,18,-31,5,6,-257,10,998,257,1,0
174498,1,walk,24,-21,4,19,-278,85,998,291,1,0
174524,1,walk,21,-10,3,52,-238,192,998,310,1,0
174550,1,walk,4,10,2,88,-171,286,997,345,1,0
174576,1,walk,-11,34,-1,96,-110,345,996,374,1,0
174602,1,walk,-32,57,-4,78,-76,357,995,373,1,0
174628,1,walk,-45,62,-4,45,-95,347,996,362,1,0
174654,1,walk,-40,58,-3,49,-109,351,996,371,1,0
174680,1,walk,-25,64,-4,85,-94,350,997,372,1,0
174706,1,walk,2,68,-6,108,-54,326,996,347,1,0
174732,1,walk,33,61,-8,99,6,288,996,304,1,0
174758,1,walk,56,47,-9,59,65,248,995,263,1,0
174784,1,walk,75,33,-9,7,104,216,995,239,1,0
174810,1,walk,89,24,-9,-33,125,190,996,230,1,0
174836,1,walk,96,21,-9,-54,132,163,997,216,1,0
174862,1,walk,98,23,-10,-60,131,134,997,197,1,0
174888,1,walk,93,29,-9,-61,129,92,998,170,1,0
174914,1,walk,100,30,-10,-73,104,46,998,135,1,0
174940,1,walk,107,29,-12,-94,62,-7,998,113,1,0
174966,1,walk,103,21,-10,-117,20,-63,998,134,1,0
174993,1,walk,86,6,-6,-127,-12,-107,998,167,1,0
175020,1,walk,71,-9,-3,-124,-32,-136,997,187,1,0
175046,1,walk,61,-22,-1,-134,-54,-175,997,227,1,0
175073,1,walk,56,-26,0,-138,-75,-210,998,262,1,0
175100,1,walk,39,-32,3,-131,-61,-241,997,280,1,0
175126,1,walk,3,-38,5,-112,-14,-281,995,302,1,0
175152,1,walk,-48,-49,5,-75,29,-334,992,344,1,0
175178,1,walk,-100,-70,2,-29,43,-390,989,394,1,0
175205,1,walk,-135,-94,0,13,29,-429,988,430,1,0
175232,1,walk,-138,-107,1,55,11,-435,990,439,1,0
175259,1,walk,-111,-88,4,103,14,-417,991,430,1,0
175285,1,walk,-68,-51,2,140,21,-406,989,430,1,0
175311,1,walk,-36,-14,-1,152,20,-413,988,441,1,0
175337,1,walk,-18,2,-2,128,3,-425,990,443,1,0
175363,1,walk,-11,1,0,77,-29,-423,992,431,1,0
175389,1,walk,-12,-10,2,31,-56,-403,993,408,1,0
175415,1,walk,-12,-24,4,12,-72,-359,994,366,1,0
175441,1,walk,-2,-32,5,16,-71,-301,995,309,1,0
175475,1,walk,16,-30,5,20,-58,-239,996,247,1,0
175501,1,walk,30,-25,4,5,-49,-192,996,198,1,0
175527,1,walk,35,-25,3,-18,-31,-151,997,155,1,0
175553,1,walk,24,-25,5,-24,3,-89,997,92,1,0
175579,1,walk,10,-23,6,-22,31,6,997,38,1,0
175605,1,walk,15,-24,5,-48,38,129,997,143,1,0
175631,1,walk,9,-15,5,-82,74,260,997,282,1,0
175657,1,walk,-6,8,3,-97,100,320,996,349,1,0
175683,1,walk,-39,23,2,-106,107,331,995,364,1,0
175709,1,walk,-73,24,1,-120,85,319,994,352,1,0
175735,1,walk,-79,15,2,-129,27,317,995,344,1,0
175761,1,walk,-66,15,3,-96,-7,320,996,334,1,0
175787,1,walk,-42,20,2,-51,3,295,996,299,1,0
175813,1,walk,-18,21,2,-27,44,242,996,248,1,0
175839,1,walk,2,17,1,-22,83,191,996,209,1,0
175865,1,walk,11,11,2,-16,103,154,996,186,1,0
175891,1,walk,22,7,1,-4,96,125,997,158,1,0
175917,1,walk,37,3,1,7,73,96,997,121,1,0
175942,1,walk,49,2,0,16,48,63,997,81,1,0
175968,1,walk,53,6,-1,25,26,28,998,46,1,0
175994,1,walk,61,11,-2,31,-2,-9,998,32,1,0
176020,1,walk,71,13,-3,21,-36,-50,998,65,1,0
176046,1,walk,87,13,-6,-13,-88,-101,998,135,1,0
176073,1,walk,95,6,-7,-71,-156,-168,998,240,1,0
176100,1,walk,89,-4,-5,-119,-203,-235,998,332,1,0
176127,1,walk,76,-17,-3,-157,-226,-289,998,399,1,0
176154,1,walk,56,-24,0,-182,-223,-326,997,435,1,0
176181,1,walk,34,-26,2,-174,-167,-349,997,424,1,0
176207,1,walk,18,-34,4,-165,-66,-364,997,404,1,0
176233,1,walk,1,-39,6,-168,39,-373,997,411,1,0
176259,1,walk,-23,-42,7,-158,109,-384,996,430,1,0
176286,1,walk,-59,-53,7,-133,146,-403,995,449,1,0
176312,1,walk,-89,-74,5,-96,143,-406,993,441,1,0
176339,1,walk,-110,-89,5,-37,150,-393,994,423,1,0
176366,1,walk,-97,-83,6,32,157,-380,995,412,1,0
176392,1,walk,-61,-59,6,83,155,-377,994,416,1,0
176418,1,walk,-29,-34,3,103,146,-378,992,418,1,0
176445,1,walk,-18,-19,3,97,123,-376,993,407,1,0
176471,1,walk,-16,-14,3,76,78,-359,994,375,1,0
176497,1,walk,-9,-18,4,53,16,-335,995,340,1,0
176523,1,walk,4,-31,4,33,-52,-311,996,317,1,0
176549,1,walk,22,-42,4,33,-111,-296,996,318,1,0
176575,1,walk,35,-49,3,54,-137,-282,996,318,1,0
176601,1,walk,45,-50,2,88,-149,-260,997,312,1,0
176627,1,walk,41,-42,2,140,-154,-229,997,309,1,0
176653,1,walk,26,-30,4,201,-148,-180,997,308,1,0
176679,1,walk,3,-14,4,242,-141,-103,997,299,1,0
176705,1,walk,-5,2,3,247,-145,14,997,287,1,0
176731,1,walk,2,20,1,228,-109,168,997,304,1,0
176757,1,walk,-19,43,-1,181,-24,278,995,333,1,0
176783,1,walk,-56,55,-3,104,35,298,994,318,1,0
176809,1,walk,-76,49,-2,41,54,275,994,284,1,0
176835,1,walk,-86,33,0,16,61,269,995,276,1,0
176861,1,walk,-79,29,1,32,63,273,996,282,1,0
176887,1,walk,-54,29,1,35,84,260,995,276,1,0
176913,1,walk,-25,27,1,-5,129,223,995,258,1,0
176939,1,walk,-8,23,1,-73,163,177,996,251,1,0
176965,1,walk,3,16,2,-127,154,131,997,239,1,0
176991,1,walk,18,8,1,-145,106,91,997,201,1,0
177017,1,walk,28,5,1,-128,56,52,997,149,1,0
177043,1,walk,38,9,0,-101,11,11,997,103,1,0
177069,1,walk,47,18,-2,-77,-25,-25,997,85,1,0
177095,1,walk,60,25,-4,-70,-69,-51,997,110,1,0
177121,1,walk,76,28,-7,-88,-117,-75,997,165,1,0
177156,1,walk,80,21,-6,-134,-163,-118,998,242,1,0
177183,1,walk,72,9,-4,-182,-180,-171,998,307,1,0
177210,1,walk,62,-3,-2,-208,-195,-216,998,358,1,0
177237,1,walk,61,-14,-1,-229,-224,-237,997,399,1,0
177264,1,walk,48,-21,1,-247,-205,-237,997,399,1,0
177291,1,walk,17,-26,3,-261,-141,-237,996,380,1,0
177317,1,walk,-15,-37,5,-276,-65,-249,995,377,1,0
177344,1,walk,-47,-54,5,-267,7,-262,994,374,1,0
177370,1,walk,-76,-68,5,-219,70,-274,994,357,1,0
177397,1,walk,-95,-74,5,-130,132,-268,994,326,1,0
177424,1,walk,-94,-62,5,-34,193,-254,995,321,1,0
177450,1,walk,-71,-38,5,36,234,-247,995,342,1,0
177476,1,walk,-40,-15,3,66,237,-250,994,351,1,0
177502,1,walk,-23,-4,3,65,211,-250,995,333,1,0
177528,1,walk,-18,-1,3,55,175,-237,996,299,1,0
177554,1,walk,-18,-3,4,47,127,-209,996,248,1,0
177580,1,walk,-14,-9,5,39,70,-171,997,189,1,0
177606,1,walk,-5,-18,5,34,22,-129,997,136,1,0
177632,1,walk,12,-27,4,30,-7,-87,997,92,1,0
177658,1,walk,32,-33,3,23,-29,-53,997,64,1,0
177684,1,walk,40,-36,2,26,-47,-22,997,58,1,0
177710,1,walk,33,-34,3,39,-56,13,998,69,1,0
177736,1,walk,22,-28,4,63,-72,54,998,110,1,0
177762,1,walk,13,-19,4,80,-95,118,998,171,1,0
177788,1,walk,21,-10,3,74,-137,204,998,257,1,0
177814,1,walk,24,-1,2,82,-123,316,998,349,1,0
177840,1,walk,11,11,2,114,-42,420,997,437,1,0
177866,1,walk,-11,26,1,130,47,478,997,498,1,0
177892,1,walk,-38,42,-1,128,97,499,996,524,1,0
177918,1,walk,-61,46,-1,104,85,508,995,526,1,0
177944,1,walk,-65,42,0,84,47,523,996,532,1,0
177970,1,walk,-57,38,1,86,36,535,997,543,1,0
177996,1,walk,-38,35,1,91,64,531,997,543,1,0
178022,1,walk,-12,32,0,84,117,508,997,528,1,0
178048,1,walk,12,26,-1,62,161,473,997,504,1,0
178074,1,walk,27,22,-1,37,184,439,997,478,1,0
178100,1,walk,38,19,-2,21,178,410,997,447,1,0
178126,1,walk,48,20,-3,16,149,379,997,407,1,0
178152,1,walk,49,23,-3,17,114,344,998,362,1,0
178178,1,walk,56,28,-4,18,68,306,998,314,1,0
178204,1,walk,65,32,-5,7,25,261,998,263,1,0
178230,1,walk,76,33,-7,-23,-23,214,998,217,1,0
178256,1,walk,79,28,-7,-69,-74,167,998,196,1,0
178282,1,walk,69,18,-5,-109,-111,120,998,196,1,0
178309,1,walk,56,5,-2,-134,-141,69,998,207,1,0
178335,1,walk,42,-12,0,-170,-172,14,997,242,1,0
178361,1,walk,21,-23,2,-196,-162,-22,997,255,1,0
178388,1,walk,-5,-26,3,-185,-117,-48,996,224,1,0
178414,1,walk,-42,-28,4,-152,-52,-79,995,180,1,0
178440,1,walk,-80,-33,3,-106,-10,-123,993,162,1,0
178467,1,walk,-116,-45,1,-57,13,-160,992,170,1,0
178493,1,walk,-135,-58,1,1,24,-171,993,173,1,0
178519,1,walk,-129,-61,2,68,54,-153,994,176,1,0
178545,1,walk,-101,-46,4,132,103,-136,994,216,1,0
178571,1,walk,-62,-25,2,168,139,-139,993,258,1,0
178598,1,walk,-34,-16,2,168,146,-152,993,269,1,0
178624,1,walk,-30,-16,3,144,140,-159,995,256,1,0
178650,1,walk,-35,-23,5,102,114,-154,996,217,1,0
178676,1,walk,-38,-31,6,63,75,-129,996,162,1,0
178702,1,walk,-36,-34,6,25,40,-99,997,110,1,0
178728,1,walk,-27,-32,6,-17,-16,-76,997,80,1,0
178754,1,walk,-16,-34,6,-60,-76,-52,998,109,1,0
178780,1,walk,-11,-37,6,-85,-120,-4,998,147,1,0
178806,1,walk,-15,-36,6,-97,-152,64,998,191,1,0
178841,1,walk,-15,-32,7,-98,-185,129,998,246,1,0
178867,1,walk,-6,-32,6,-83,-239,191,998,317,1,0
178893,1,walk,18,-40,4,-60,-305,281,997,419,1,0
178919,1,walk,26,-30,3,-18,-285,393,997,486,1,0
178945,1,walk,15,-2,1,27,-244,453,996,516,1,0
178971,1,walk,-5,24,0,66,-203,455,995,503,1,0
178997,1,walk,-29,40,-2,100,-180,432,995,478,1,0
179024,1,walk,-29,47,-2,144,-171,419,996,475,1,0
179050,1,walk,-18,56,-3,198,-125,406,996,469,1,0
179076,1,walk,6,63,-5,220,-59,378,996,442,1,0
179102,1,walk,41,59,-8,194,23,341,995,393,1,0
179128,1,walk,68,45,-10,142,105,309,994,356,1,0
179154,1,walk,71,30,-8,91,164,279,995,336,1,0
179180,1,walk,71,19,-7,54,180,248,995,312,1,0
179206,1,walk,80,13,-7,39,159,212,996,268,1,0
179232,1,walk,87,11,-8,31,131,163,996,211,1,0
179258,1,walk,90,18,-8,21,97,106,997,145,1,0
179284,1,walk,95,27,-9,7,60,53,997,81,1,0
179310,1,walk,104,32,-11,-24,25,13,998,37,1,0
179336,1,walk,106,31,-12,-77,-5,-29,998,82,1,0
179362,1,walk,94,27,-9,-131,-34,-64,998,149,1,0
179389,1,walk,73,19,-6,-173,-75,-85,997,207,1,0
179415,1,walk,58,7,-3,-190,-131,-91,997,248,1,0
179441,1,walk,59,-2,-3,-175,-186,-82,997,268,1,0
179468,1,walk,50,-5,-1,-144,-167,-83,997,236,1,0
179494,1,walk,23,-6,1,-110,-86,-99,997,171,1,0
179520,1,walk,-3,-10,3,-86,3,-126,996,152,1,0
179546,1,walk,-29,-17,4,-70,68,-170,996,196,1,0
179572,1,walk,-65,-31,4,-40,87,-221,994,241,1,0
179598,1,walk,-93,-46,4,13,88,-255,993,270,1,0
179624,1,walk,-104,-54,5,80,108,-262,994,295,1,0
179651,1,walk,-85,-42,5,150,141,-249,995,323,1,0
179677,1,walk,-56,-12,3,209,176,-244,994,366,1,0
179703,1,walk,-22,9,0,235,178,-252,993,387,1,0
179729,1,walk,-4,18,-1,239,173,-252,994,388,1,0
179755,1,walk,-8,16,1,215,180,-251,995,376,1,0
179781,1,walk,-12,7,2,186,167,-233,996,341,1,0
179807,1,walk,-19,-3,4,159,174,-201,996,310,1,0
179833,1,walk,-21,-9,5,135,170,-154,997,267,1,0
179859,1,walk,-20,-9,6,104,164,-106,998,221,1,0
179885,1,walk,-17,-12,6,59,130,-62,998,155,1,0
179911,1,walk,-17,-10,6,33,89,-3,998,95,1,0
179937,1,walk,-27,-2,6,25,54,62,998,86,1,0
179962,1,walk,-29,6,5,9,6,133,998,134,1,0
179988,1,walk,-22,12,4,-21,-45,222,998,227,1,0
180014,1,walk,-11,16,3,-47,-48,328,998,335,1,0
180040,1,walk,-12,28,2,-50,-19,401,998,404,1,0
180066,1,walk,-19,42,1,-37,-5,432,998,433,1,0
180092,1,walk,-37,55,-1,-11,14,444,997,445,1,0
180118,1,walk,-63,69,-4,26,6,440,996,441,1,0
180144,1,walk,-76,82,-6,60,-21,432,996,436,1,0
180170,1,walk,-68,99,-9,106,-17,410,996,424,1,0
180196,1,walk,-51,112,-12,153,40,373,996,405,1,0
180222,1,walk,-25,111,-12,170,128,329,996,392,1,0
180249,1,walk,-6,92,-9,140,224,288,996,391,1,0
180275,1,walk,9,73,-7,86,276,266,996,393,1,0
180301,1,walk,22,62,-6,34,269,245,996,366,1,0
180327,1,walk,31,55,-6,-4,210,214,996,300,1,0
180353,1,walk,40,50,-6,-30,118,167,997,207,1,0
180379,1,walk,51,46,-6,-49,23,112,997,125,1,0
180405,1,walk,62,43,-7,-71,-59,51,998,106,1,0
180431,1,walk,72,36,-7,-97,-135,-11,998,167,1,0
180458,1,walk,79,29,-7,-113,-201,-71,998,241,1,0
180485,1,walk,70,21,-5,-125,-240,-136,998,302,1,0
180520,1,walk,58,11,-3,-131,-281,-203,998,371,1,0
180547,1,walk,56,2,-2,-141,-329,-268,998,447,1,0
180574,1,walk,51,-3,0,-145,-328,-321,998,482,1,0
180601,1,walk,28,-13,2,-148,-273,-379,997,489,1,0
180628,1,walk,-13,-23,3,-138,-195,-434,995,495,1,0
180655,1,walk,-55,-35,3,-91,-133,-482,993,508,1,0
180681,1,walk,-89,-49,3,-20,-97,-505,992,515,1,0
180707,1,walk,-109,-59,3,38,-74,-500,993,507,1,0
180733,1,walk,-104,-58,5,81,-41,-470,994,479,1,0
180759,1,walk,-72,-37,4,112,3,-435,994,449,1,0
180785,1,walk,-30,-12,0,120,23,-422,991,439,1,0
180811,1,walk,2,1,-2,103,17,-424,991,437,1,0
180837,1,walk,9,-1,-1,75,4,-428,993,434,1,0
180863,1,walk,7,-11,1,50,-14,-418,994,421,1,0
180889,1,walk,6,-21,3,41,-38,-394,995,398,1,0
180915,1,walk,9,-26,4,40,-60,-367,996,374,1,0
180941,1,walk,22,-26,3,50,-82,-336,997,349,1,0
180967,1,walk,39,-20,2,67,-102,-294,997,319,1,0
180993,1,walk,53,-12,-1,75,-112,-235,997,271,1,0
181019,1,walk,52,-4,-1,83,-103,-157,997,205,1,0
181045,1,walk,36,2,0,93,-64,-70,997,132,1,0
181071,1,walk,20,5,1,84,-22,17,997,89,1,0
181097,1,walk,19,4,2,62,11,120,997,135,1,0
181123,1,walk,2,15,2,48,78,220,997,238,1,0
181149,1,walk,-19,30,0,30,122,270,996,297,1,0
181175,1,walk,-37,46,-1,28,120,284,996,310,1,0
181201,1,walk,-51,51,-2,24,72,290,996,300,1,0
181227,1,walk,-59,53,-1,48,20,295,997,299,1,0
181253,1,walk,-57,60,-2,111,7,279,997,301,1,0
181279,1,walk,-40,63,-3,151,26,231,997,277,1,0
181305,1,walk,-22,57,-3,148,68,169,997,234,1,0
181331,1,walk,-6,46,-2,116,96,118,997,191,1,0
181357,1,walk,13,39,-2,82,82,85,997,144,1,0
181383,1,walk,36,38,-5,57,37,54,996,87,1,0
181409,1,walk,56,42,-8,34,-19,16,996,42,1,0
181435,1,walk,66,47,-10,13,-74,-36,997,83,1,0
181461,1,walk,76,47,-10,-8,-126,-90,997,155,1,0
181488,1,walk,84,47,-11,-28,-162,-143,998,218,1,0
181515,1,walk,91,47,-12,-53,-188,-189,998,272,1,0
181542,1,walk,87,48,-12,-91,-215,-234,998,331,1,0
181569,1,walk,73,35,-8,-148,-244,-276,998,397,1,0
181596,1,walk,74,17,-6,-204,-304,-304,998,475,1,0
181623,1,walk,84,4,-7,-243,-352,-334,997,543,1,0
181650,1,walk,61,-2,-3,-228,-283,-379,997,525,1,0
181677,1,walk,21,-11,0,-180,-142,-427,995,485,1,0
181704,1,walk,-8,-24,3,-127,-23,-466,994,483,1,0
181730,1,walk,-36,-45,5,-89,36,-477,994,486,1,0
181756,1,walk,-66,-66,5,-55,52,-449,993,455,1,0
181782,1,walk,-81,-81,6,-25,74,-392,993,400,1,0
181808,1,walk,-70,-76,8,-1,121,-336,995,357,1,0
181834,1,walk,-37,-56,6,8,161,-305,994,345,1,0
181860,1,walk,-5,-39,3,0,170,-293,993,339,1,0
181886,1,walk,13,-36,2,-19,156,-287,994,327,1,0
181912,1,walk,18,-41,3,-31,127,-276,995,305,1,0
181938,1,walk,19,-46,4,-30,87,-257,996,273,1,0
181964,1,walk,15,-51,5,-23,49,-234,997,240,1,0
181990,1,walk,18,-55,6,-17,8,-205,998,206,1,0
182016,1,walk,28,-55,5,-15,-28,-169,998,172,1,0
182042,1,walk,38,-53,4,-29,-52,-125,998,139,1,0
182068,1,walk,42,-48,3,-57,-76,-70,998,118,1,0
182094,1,walk,43,-41,3,-74,-108,-10,998,131,1,0
182120,1,walk,36,-34,3,-78,-135,47,998,163,1,0
182146,1,walk,27,-32,4,-85,-156,108,998,208,1,0
182172,1,walk,32,-37,3,-107,-141,201,998,268,1,0
182207,1,walk,24,-20,3,-140,-58,284,998,322,1,0
182233,1,walk,7,-1,2,-169,19,316,997,359,1,0
182259,1,walk,-25,18,1,-170,64,317,995,365,1,0
182285,1,walk,-51,30,0,-130,45,317,995,345,1,0
182311,1,walk,-57,43,-1,-37,8,326,995,328,1,0
182337,1,walk,-45,58,-3,77,0,321,995,330,1,0
182363,1,walk,-20,66,-6,152,46,294,995,334,1,0
182389,1,walk,2,64,-7,164,117,253,995,324,1,0
182415,1,walk,20,47,-5,125,168,222,996,305,1,0
182441,1,walk,26,28,-3,69,182,205,996,282,1,0
182467,1,walk,30,18,-2,34,155,188,997,246,1,0
182493,1,walk,42,11,-2,28,96,157,997,186,1,0
182519,1,walk,58,7,-4,29,36,109,997,118,1,0
182545,1,walk,64,6,-4,26,-1,53,998,59,1,0
182571,1,walk,76,10,-6,11,-38,9,998,41,1,0
182597,1,walk,92,21,-10,-14,-86,-24,998,90,1,0
182623,1,walk,98,31,-13,-50,-146,-57,998,164,1,0
182650,1,walk,87,26,-10,-104,-196,-94,998,241,1,0
182677,1,walk,74,12,-7,-141,-224,-115,998,288,1,0
182704,1,walk,72,-3,-5,-148,-240,-116,997,305,1,0
182731,1,walk,70,-6,-5,-127,-215,-117,998,276,1,0
182758,1,walk,47,-11,-2,-104,-136,-130,997,215,1,0
182785,1,walk,19,-17,2,-85,-40,-144,996,172,1,0
182811,1,walk,-17,-22,4,-52,51,-166,995,182,1,0
182837,1,walk,-61,-30,4,5,94,-193,993,214,1,0
182863,1,walk,-94,-42,4,65,88,-209,992,236,1,0
182889,1,walk,-112,-54,5,110,81,-213,993,253,1,0
182915,1,walk,-104,-49,7,133,77,-212,994,262,1,0
182941,1,walk,-73,-28,5,140,64,-210,994,260,1,0
182967,1,walk,-37,-7,2,132,44,-210,992,252,1,0
182993,1,walk,-14,4,0,103,28,-213,993,238,1,0
183019,1,walk,-2,2,1,55,14,-207,994,215,1,0
183045,1,walk,1,-5,2,13,8,-192,995,193,1,0
183071,1,walk,6,-17,3,-19,1,-168,996,169,1,0
183097,1,walk,21,-31,2,-43,-14,-133,996,141,1,0
183123,1,walk,34,-46,2,-70,-32,-100,996,126,1,0
183149,1,walk,29,-56,3,-97,-47,-75,997,131,1,0
183175,1,walk,27,-59,4,-112,-89,-39,997,149,1,0
183201,1,walk,25,-49,4,-97,-135,8,997,166,1,0
183227,1,walk,22,-26,3,-45,-168,56,997,183,1,0
183253,1,walk,30,-4,0,10,-188,104,997,216,1,0
183279,1,walk,48,3,-3,26,-159,180,996,241,1,0
183305,1,walk,50,12,-4,23,-36,297,997,300,1,0
183331,1,walk,21,27,-3,20,124,381,996,401,1,0
183357,1,walk,-20,39,-3,26,235,415,994,477,1,0
183383,1,walk,-56,41,-2,26,266,420,993,498,1,0
183409,1,walk,-70,33,0,15,213,430,994,481,1,0
183435,1,walk,-61,27,2,25,150,449,995,474,1,0
183461,1,walk,-43,30,1,50,135,449,996,471,1,0
183487,1,walk,-32,33,1,59,178,411,996,452,1,0
183513,1,walk,-24,31,2,56,245,360,997,439,1,0
183539,1,walk,-16,23,3,54,279,316,998,425,1,0
183565,1,walk,-3,17,2,58,266,283,998,393,1,0
183591,1,walk,13,15,1,56,215,251,998,335,1,0
183617,1,walk,29,19,-1,44,155,214,998,267,1,0
183643,1,walk,36,26,-2,20,98,169,998,197,1,0
183669,1,walk,41,28,-3,-15,37,125,998,131,1,0
183695,1,walk,50,25,-4,-49,-31,86,998,104,1,0
183721,1,walk,46,23,-3,-73,-89,52,998,126,1,0
183747,1,walk,40,16,-2,-102,-154,17,999,185,1,0
183773,1,walk,36,5,0,-135,-225,-17,998,263,1,0
183799,1,walk,46,-5,-1,-171,-311,-58,998,360,1,0
183826,1,walk,50,-15,-1,-198,-366,-106,998,430,1,0
183853,1,walk,34,-22,1,-187,-333,-156,998,413,1,0
183887,1,walk,15,-36,4,-173,-252,-211,997,371,1,0
183913,1,walk,-18,-54,5,-161,-173,-254,995,347,1,0
183940,1,walk,-58,-76,5,-145,-134,-308,993,366,1,0
183967,1,walk,-92,-101,4,-117,-108,-334,991,370,1,0
183994,1,walk,-103,-111,5,-68,-69,-316,993,331,1,0
184021,1,walk,-88,-94,6,-3,-6,-283,994,283,1,0
184047,1,walk,-43,-63,3,44,40,-262,991,269,1,0
184073,1,walk,4,-34,-3,59,63,-261,988,275,1,0
184099,1,walk,27,-20,-5,38,68,-265,990,276,1,0
184125,1,walk,30,-20,-3,0,49,-260,992,264,1,0
184151,1,walk,26,-29,-1,-25,15,-236,993,238,1,0
184177,1,walk,15,-37,2,-28,-17,-197,995,199,1,0
184203,1,walk,11,-43,4,-10,-48,-143,996,151,1,0
184229,1,walk,27,-49,3,11,-84,-83,996,119,1,0
184255,1,walk,44,-46,1,15,-122,-32,997,127,1,0
184281,1,walk,58,-45,-1,-9,-158,2,997,159,1,0
184307,1,walk,54,-49,0,-53,-181,24,997,190,1,0
184333,1,walk,53,-63,0,-91,-208,65,997,236,1,0
184359,1,walk,38,-68,2,-82,-187,147,997,252,1,0
184385,1,walk,36,-65,2,-20,-110,284,998,305,1,0
184411,1,walk,15,-36,3,56,26,386,996,391,1,0
184437,1,walk,-11,6,0,100,140,415,993,450,1,0
184463,1,walk,-28,39,-3,123,194,410,992,470,1,0
184489,1,walk,-51,54,-3,149,186,403,993,468,1,0
184515,1,walk,-55,60,-2,192,132,418,994,478,1,0
184541,1,walk,-49,69,-3,237,99,433,995,504,1,0
184567,1,walk,-29,73,-4,246,121,430,996,510,1,0
184593,1,walk,-6,70,-5,209,189,407,996,495,1,0
184619,1,walk,19,55,-6,153,240,375,995,471,1,0
184645,1,walk,37,27,-5,84,260,329,994,428,1,0
184671,1,walk,38,-4,-3,16,244,270,994,364,1,0
184697,1,walk,37,-17,-1,-14,213,214,995,302,1,0
184723,1,walk,38,-8,-1,-3,182,156,996,239,1,0
184749,1,walk,37,15,-3,26,158,92,996,184,1,0
184775,1,walk,39,33,-4,32,132,33,996,139,1,0
184801,1,walk,56,44,-8,11,67,-28,996,73,1,0
184827,1,walk,61,43,-8,-46,-2,-91,997,102,1,0
184853,1,walk,53,31,-5,-107,-70,-126,997,180,1,0
184880,1,walk,37,21,-2,-137,-80,-114,997,195,1,0
184906,1,walk,24,14,0,-149,-65,-70,997,177,1,0
184932,1,walk,7,18,1,-181,-1,-21,997,182,1,0
184958,1,walk,-25,15,3,-213,73,-4,996,225,1,0
184984,1,walk,-52,-12,5,-237,113,-11,994,263,1,0
185011,1,walk,-77,-31,6,-222,122,-33,994,256,1,0
185038,1,walk,-105,-43,6,-176,119,-58,993,220,1,0
185065,1,walk,-129,-50,6,-113,154,-66,994,202,1,0
185091,1,walk,-135,-54,6,-49,218,-67,995,233,1,0
185117,1,walk,-121,-48,7,16,273,-71,996,282,1,0
185143,1,walk,-100,-39,8,78,307,-88,996,329,1,0
185169,1,walk,-82,-35,9,119,307,-107,997,346,1,0
185195,1,walk,-74,-30,9,139,261,-126,997,321,1,0
185221,1,walk,-63,-32,9,139,166,-145,997,261,1,0
185247,1,walk,-58,-35,9,127,58,-161,998,213,1,0
185273,1,walk,-60,-38,9,109,-50,-171,998,209,1,0
185299,1,walk,-57,-39,9,93,-147,-176,998,248,1,0
185325,1,walk,-42,-34,9,91,-232,-164,998,298,1,0
185351,1,walk,-24,-31,8,80,-278,-130,998,317,1,0
185377,1,walk,-9,-38,7,58,-304,-91,998,322,1,0
185403,1,walk,3,-48,6,32,-292,-52,998,298,1,0
185429,1,walk,6,-49,6,3,-245,-2,998,245,1,0
185455,1,walk,9,-40,6,-14,-180,89,998,201,1,0
185481,1,walk,0,-23,5,-11,-56,223,998,230,1,0
185507,1,walk,-20,4,3,-25,77,330,996,340,1,0
185533,1,walk,-40,33,0,-40,182,388,995,430,1,0
185567,1,walk,-59,52,-2,-16,200,390,994,439,1,0
185593,1,walk,-59,59,-2,28,132,382,995,405,1,0
185619,1,walk,-51,66,-2,87,69,372,996,388,1,0
185645,1,walk,-46,76,-3,131,49,342,996,370,1,0
185671,1,walk,-34,81,-4,151,74,301,997,345,1,0
185697,1,walk,-18,74,-3,150,115,254,997,317,1,0
185723,1,walk,-10,58,-2,136,135,216,997,289,1,0
185749,1,walk,-3,42,0,125,116,196,997,259,1,0
185775,1,walk,9,35,-1,111,82,178,997,225,1,0
185801,1,walk,25,38,-2,81,41,143,997,169,1,0
185827,1,walk,38,42,-4,43,-6,96,997,105,1,0
185853,1,walk,46,43,-5,4,-47,50,998,69,1,0
185879,1,walk,54,40,-5,-37,-92,5,998,99,1,0
185905,1,walk,57,31,-4,-82,-147,-38,998,173,1,0
185932,1,walk,51,17,-2,-118,-187,-78,998,234,1,0
185959,1,walk,45,5,0,-143,-207,-117,998,278,1,0
185985,1,walk,52,-11,0,-185,-246,-168,998,351,1,0
186012,1,walk,48,-20,0,-217,-260,-223,998,405,1,0
186039,1,walk,22,-25,2,-216,-191,-282,997,403,1,0
186065,1,walk,-26,-27,3,-196,-96,-338,994,402,1,0
186092,1,walk,-65,-36,3,-153,-21,-386,992,415,1,0
186119,1,walk,-96,-54,2,-82,48,-402,992,413,1,0
186146,1,walk,-127,-65,1,11,112,-393,992,409,1,0
186173,1,walk,-128,-56,2,104,172,-371,993,422,1,0
186200,1,walk,-102,-38,3,168,231,-356,993,456,1,0
186226,1,walk,-60,-11,0,201,267,-365,991,495,1,0
186253,1,walk,-42,17,-1,215,293,-371,992,519,1,0
186279,1,walk,-48,25,0,202,320,-352,993,516,1,0
186305,1,walk,-47,22,1,193,341,-301,995,494,1,0
186331,1,walk,-68,10,2,187,365,-244,995,477,1,0
186357,1,walk,-66,-2,4,155,304,-187,996,389,1,0
186383,1,walk,-72,2,5,115,221,-137,997,284,1,0
186409,1,walk,-73,5,5,83,128,-79,997,171,1,0
186435,1,walk,-70,9,5,68,43,-14,998,82,1,0
186461,1,walk,-75,18,4,75,-8,33,998,82,1,0
186487,1,walk,-80,27,3,73,-45,67,998,108,1,0
186513,1,walk,-73,23,4,37,-24,129,998,137,1,0
186539,1,walk,-79,24,3,-4,62,202,998,212,1,0
186565,1,walk,-70,35,2,-48,111,256,998,283,1,0
186591,1,walk,-41,44,0,-95,130,291,997,332,1,0
186617,1,walk,-42,51,-1,-141,141,319,997,376,1,0
186643,1,walk,-55,53,-1,-154,105,341,997,389,1,0
186669,1,walk,-65,59,-2,-99,72,347,998,368,1,0
186695,1,walk,-66,71,-4,5,67,325,998,331,1,0
186721,1,walk,-62,78,-5,98,100,281,998,314,1,0
186747,1,walk,-55,81,-6,149,164,235,998,323,1,0
186773,1,walk,-49,76,-4,145,221,200,998,332,1,0
186799,1,walk,-37,66,-3,104,238,181,998,317,1,0
186825,1,walk,-21,58,-2,69,208,166,998,275,1,0
186851,1,walk,-5,45,-1,51,149,141,998,211,1,0
186877,1,walk,6,39,0,63,84,103,998,147,1,0
186903,1,walk,12,37,0,91,18,53,999,107,1,0
186929,1,walk,20,38,0,111,-47,0,999,120,1,0
186955,1,walk,25,40,-1,107,-121,-48,999,168,1,0
186981,1,walk,28,37,-1,76,-197,-88,999,229,1,0
187007,1,walk,17,30,1,40,-254,-117,999,282,1,0
187033,1,walk,18,19,2,17,-312,-135,999,340,1,0
187059,1,walk,34,9,1,-14,-392,-163,998,425,1,0
187085,1,walk,33,7,2,-53,-424,-219,998,480,1,0
187111,1,walk,14,9,2,-80,-370,-287,998,475,1,0
187138,1,walk,-14,10,2,-78,-256,-354,997,444,1,0
187164,1,walk,-47,5,1,-44,-153,-411,996,441,1,0
187190,1,walk,-68,8,0,7,-95,-462,996,472,1,0
187216,1,walk,-88,-11,1,23,-88,-510,995,518,1,0
187251,1,walk,-87,-31,2,51,-65,-521,996,527,1,0
187277,1,walk,-82,-35,4,88,-12,-509,997,517,1,0
187303,1,walk,-49,-23,4,106,18,-500,996,512,1,0
187329,1,walk,-18,-9,2,85,37,-505,995,513,1,0
187355,1,walk,2,-6,2,33,40,-509,996,512,1,0
187381,1,walk,6,-12,3,-24,50,-503,997,506,1,0
187407,1,walk,14,-22,4,-67,54,-481,997,488,1,0
187433,1,walk,22,-31,5,-85,48,-450,998,461,1,0
187459,1,walk,29,-36,5,-68,37,-423,998,430,1,0
187485,1,walk,30,-39,5,-16,31,-391,998,393,1,0
187511,1,walk,32,-42,5,42,4,-349,998,352,1,0
187537,1,walk,32,-41,5,87,-38,-304,998,318,1,0
187563,1,walk,23,-41,6,114,-81,-256,999,292,1,0
187589,1,walk,19,-34,6,130,-127,-204,999,274,1,0
187615,1,walk,27,-13,3,143,-189,-135,998,273,1,0
187641,1,walk,43,13,-2,141,-268,-37,997,305,1,0
187667,1,walk,83,38,-12,116,-302,86,993,335,1,0
187693,1,walk,59,48,-10,74,-198,211,994,299,1,0
187719,1,walk,12,54,-10,34,-65,275,992,284,1,0
187745,1,walk,-30,62,-11,0,51,268,991,273,1,0
187771,1,walk,-72,68,-13,-23,110,214,990,242,1,0
187797,1,walk,-73,56,-9,-15,60,189,992,199,1,0
187823,1,walk,-46,45,-6,46,2,199,993,204,1,0
187849,1,walk,-22,42,-5,110,7,217,994,243,1,0
187875,1,walk,-15,45,-4,134,59,209,995,255,1,0
187901,1,walk,-1,48,-4,108,115,169,996,231,1,0
187927,1,walk,20,46,-4,37,136,110,996,179,1,0
187953,1,walk,46,38,-5,-51,122,57,996,144,1,0
187979,1,walk,60,24,-4,-131,95,18,996,162,1,0
188005,1,walk,68,9,-3,-180,65,-14,996,192,1,0
188031,1,walk,72,-5,-2,-198,33,-53,997,208,1,0
188057,1,walk,79,-15,-1,-187,0,-107,998,216,1,0
188083,1,walk,86,-20,-1,-150,-39,-176,998,235,1,0
188110,1,walk,89,-22,-2,-102,-95,-250,998,286,1,0
188137,1,walk,85,-26,-1,-74,-152,-321,998,363,1,0
188164,1,walk,72,-27,1,-67,-180,-390,998,435,1,0
188190,1,walk,74,-22,0,-80,-229,-454,998,515,1,0
188217,1,walk,71,-16,0,-113,-251,-509,998,579,1,0
188244,1,walk,46,-12,1,-147,-183,-538,997,587,1,0
188270,1,walk,-1,-9,1,-170,-68,-542,994,572,1,0
188296,1,walk,-50,-11,0,-182,16,-532,992,562,1,0
188323,1,walk,-92,-22,-2,-196,41,-505,991,543,1,0
188350,1,walk,-110,-42,-1,-203,24,-477,992,519,1,0
188377,1,walk,-112,-60,1,-175,35,-461,993,494,1,0
188404,1,walk,-95,-67,4,-113,90,-475,994,496,1,0
188430,1,walk,-61,-62,4,-50,136,-517,994,537,1,0
188456,1,walk,-33,-58,5,-11,158,-562,994,584,1,0
188482,1,walk,-20,-60,6,6,155,-585,995,605,1,0
188508,1,walk,-16,-62,7,16,138,-581,996,597,1,0
188534,1,walk,-18,-68,7,20,114,-560,997,572,1,0
188560,1,walk,-19,-73,8,23,90,-540,997,548,1,0
188586,1,walk,-14,-73,8,37,52,-529,998,533,1,0
188612,1,walk,1,-73,8,61,-2,-519,998,523,1,0
188638,1,walk,0,-73,8,90,-54,-501,998,512,1,0
188664,1,walk,-6,-68,8,126,-112,-470,998,500,1,0
188690,1,walk,-9,-62,8,165,-180,-436,999,499,1,0
188716,1,walk,-1,-53,8,205,-250,-391,998,507,1,0
188742,1,walk,22,-35,5,224,-297,-315,997,487,1,0
188768,1,walk,35,-12,2,191,-241,-213,996,374,1,0
188794,1,walk,6,10,0,98,-117,-140,995,207,1,0
188820,1,walk,-35,30,-3,-4,-24,-136,992,138,1,0
188847,1,walk,-81,37,-7,-86,50,-213,990,236,1,0
188874,1,walk,-95,24,-5,-114,65,-308,992,335,1,0
188901,1,walk,-64,9,-2,-61,48,-363,992,371,1,0
188935,1,walk,-35,5,-1,8,51,-367,993,371,1,0
188961,1,walk,-27,6,1,36,67,-373,994,381,1,0
188987,1,walk,-21,5,2,23,62,-410,995,415,1,0
189013,1,walk,-12,-5,3,-18,50,-475,996,478,1,0
189039,1,walk,-2,-19,4,-55,52,-551,996,556,1,0
189065,1,walk,2,-26,5,-62,66,-636,997,642,1,0
189091,1,walk,7,-25,5,-35,70,-724,997,728,1,0
189117,1,walk,11,-21,5,17,61,-798,998,801,1,0
189143,1,walk,21,-15,4,77,31,-846,998,850,1,0
189169,1,walk,35,-4,3,123,-8,-866,998,875,1,0
189195,1,walk,35,4,2,126,-48,-867,998,878,1,0
189221,1,walk,38,11,1,75,-100,-871,998,879,1,0
189247,1,walk,39,13,1,-16,-132,-884,998,894,1,0
189273,1,walk,49,14,0,-115,-155,-903,998,923,1,0
189300,1,walk,45,13,0,-199,-153,-914,998,948,1,0
189327,1,walk,30,9,1,-253,-125,-910,998,953,1,0
189353,1,walk,4,9,2,-267,-37,-888,997,928,1,0
189379,1,walk,-34,10,1,-241,64,-862,995,897,1,0
189406,1,walk,-68,10,-1,-203,105,-833,994,864,1,0
189433,1,walk,-100,-7,-2,-189,91,-804,993,830,1,0
189460,1,walk,-122,-29,-3,-174,60,-776,993,798,1,0
189487,1,walk,-132,-42,-3,-115,63,-758,994,769,1,0
189514,1,walk,-113,-41,0,-26,83,-763,995,768,1,0
189540,1,walk,-80,-34,1,41,109,-791,994,800,1,0
189566,1,walk,-48,-44,2,51,112,-820,994,829,1,0
189592,1,walk,-48,-31,3,64,132,-815,995,828,1,0
189618,1,walk,-46,-23,3,56,142,-790,996,805,1,0
189644,1,walk,-53,-15,3,38,152,-771,996,786,1,0
189670,1,walk,-53,-20,4,11,143,-760,997,773,1,0
189696,1,walk,-38,-30,5,-22,120,-735,997,745,1,0
189722,1,walk,-29,-34,6,-72,87,-685,997,694,1,0
189748,1,walk,-21,-19,5,-117,49,-602,997,615,1,0
189774,1,walk,-27,-5,4,-146,16,-500,998,521,1,0
189801,1,walk,-25,2,4,-159,-44,-375,998,410,1,0
189827,1,walk,-30,6,3,-138,-95,-210,998,269,1,0
189853,1,walk,-11,10,3,-88,-140,-16,997,166,1,0
189879,1,walk,-16,19,2,-37,-73,172,997,190,1,0
189905,1,walk,-31,50,-3,7,22,273,996,274,1,0
189931,1,walk,-60,77,-10,13,92,303,994,317,1,0
189957,1,walk,-89,96,-16,-9,107,294,993,313,1,0
189983,1,walk,-100,100,-17,-23,79,271,994,283,1,0
190010,1,walk,-89,92,-14,-3,76,253,995,264,1,0
190036,1,walk,-61,81,-10,32,99,251,995,272,1,0
190062,1,walk,-34,75,-8,57,137,266,995,304,1,0
190088,1,walk,-16,76,-7,58,160,289,995,336,1,0
190114,1,walk,-9,73,-6,27,140,309,996,341,1,0
190140,1,walk,0,64,-5,-25,80,321,996,332,1,0
190166,1,walk,11,54,-3,-76,18,321,997,330,1,0
190192,1,walk,27,41,-2,-110,-44,307,996,329,1,0
190218,1,walk,44,26,-1,-120,-111,283,996,326,1,0
190245,1,walk,58,18,0,-91,-168,252,997,316,1,0
190271,1,walk,74,11,-1,-43,-224,216,997,314,1,0
190297,1,walk,77,0,0,3,-278,170,997,326,1,0
190323,1,walk,80,-6,1,50,-304,125,998,333,1,0
190349,1,walk,75,-5,1,87,-295,88,998,321,1,0
190375,1,walk,72,-3,1,90,-269,71,998,293,1,0
190401,1,walk,68,7,0,37,-224,72,998,238,1,0
190427,1,walk,41,21,-1,-60,-123,73,997,155,1,0
190453,1,walk,3,29,-2,-160,-25,73,995,178,1,0
190479,1,walk,-33,28,-3,-233,35,71,994,246,1,0
190505,1,walk,-71,16,-5,-263,52,75,992,278,1,0
190531,1,walk,-87,-1,-3,-244,42,92,993,264,1,0
190557,1,walk,-90,-18,-1,-177,49,122,994,220,1,0
190583,1,walk,-74,-25,1,-80,85,151,995,191,1,0
190617,1,walk,-44,-10,1,28,144,158,995,215,1,0
190643,1,walk,-18,3,1,88,172,148,994,243,1,0
190669,1,walk,-16,0,2,86,160,146,995,234,1,0
190695,1,walk,-24,-8,3,59,125,167,996,217,1,0
190721,1,walk,-27,-13,4,35,80,201,997,219,1,0
190747,1,walk,-27,-15,5,20,42,236,997,241,1,0
190773,1,walk,-24,-20,6,11,2,264,998,264,1,0
190799,1,walk,-23,-17,6,11,-25,288,998,290,1,0
190825,1,walk,-22,-12,5,9,-31,315,998,316,1,0
190851,1,walk,-22,-11,5,0,-34,345,998,346,1,0
190877,1,walk,-21,-14,5,-16,-31,394,998,396,1,0
190903,1,walk,-18,-17,6,-54,-16,479,998,482,1,0
190929,1,walk,-19,-11,5,-128,66,586,998,604,1,0
190955,1,walk,-29,15,1,-211,216,683,997,747,1,0
190981,1,walk,-35,44,-4,-275,343,727,996,850,1,0
191007,1,walk,-39,61,-6,-315,422,727,996,898,1,0
191034,1,walk,-49,60,-6,-317,433,729,997,905,1,0
191061,1,walk,-56,49,-5,-248,386,757,997,885,1,0
191087,1,walk,-61,41,-4,-132,337,788,997,867,1,0
191113,1,walk,-60,39,-3,2,303,799,997,854,1,0
191139,1,walk,-49,45,-4,117,282,787,998,844,1,0
191165,1,walk,-34,52,-4,187,249,756,998,817,1,0
191191,1,walk,-27,51,-3,206,213,710,998,769,1,0
191217,1,walk,-27,47,-2,188,188,672,999,723,1,0
191243,1,walk,-21,47,-2,153,159,651,999,687,1,0
191269,1,walk,-5,51,-2,122,102,636,999,655,1,0
191295,1,walk,9,58,-4,110,53,622,999,634,1,0
191321,1,walk,19,63,-5,115,10,596,999,607,1,0
191347,1,walk,40,67,-6,127,-46,552,998,568,1,0
191373,1,walk,55,61,-6,135,-103,489,998,518,1,0
191399,1,walk,56,44,-4,148,-170,427,998,483,1,0
191425,1,walk,56,28,-2,176,-239,374,998,478,1,0
191451,1,walk,54,20,0,214,-282,317,998,475,1,0
191477,1,walk,50,25,-1,243,-306,245,998,461,1,0
191503,1,walk,47,31,-2,244,-316,177,998,437,1,0
191529,1,walk,36,33,-2,196,-290,136,998,376,1,0
191555,1,walk,25,35,-2,99,-245,120,998,290,1,0
191581,1,walk,11,38,-2,-9,-190,104,998,216,1,0
191607,1,walk,-20,36,-3,-92,-146,74,996,188,1,0
191634,1,walk,-56,23,-4,-133,-148,43,995,203,1,0
191661,1,walk,-70,10,-3,-119,-202,8,995,235,1,0
191687,1,walk,-157,-95,-38,-147,-169,3,964,224,1,0
191714,1,walk,-152,-99,-28,-47,-151,37,973,163,1,0
191741,1,walk,-100,-85,-18,39,-111,71,975,138,1,0
191767,1,walk,-37,-60,-14,74,-57,93,975,132,1,0
191793,1,walk,1,-34,-11,57,8,102,978,117,1,0
191819,1,walk,15,-24,-7,-2,56,110,983,124,1,0
191845,1,walk,7,-23,-3,-62,93,130,987,171,1,0
191871,1,walk,6,-26,1,-101,83,164,990,209,1,0
191897,1,walk,13,-26,3,-109,46,197,993,230,1,0
191923,1,walk,22,-26,5,-77,1,228,994,240,1,0
191949,1,walk,31,-29,6,-25,-52,269,995,275,1,0
191975,1,walk,40,-32,6,25,-114,327,996,347,1,0
192001,1,walk,39,-36,7,62,-172,393,996,433,1,0
192027,1,walk,28,-32,8,96,-226,452,997,515,1,0
192053,1,walk,34,-19,7,135,-287,497,997,590,1,0
192079,1,walk,31,-15,7,145,-324,552,997,656,1,0
192105,1,walk,42,-3,5,129,-281,635,997,706,1,0
192131,1,walk,20,22,1,100,-165,683,996,710,1,0
192157,1,walk,-16,43,-3,66,-48,701,994,706,1,0
192183,1,walk,-49,62,-9,35,26,702,993,704,1,0
192209,1,walk,-68,68,-11,15,32,700,994,701,1,0
192235,1,walk,-61,61,-8,41,17,699,995,701,1,0
192261,1,walk,-40,48,-5,102,28,706,995,714,1,0
192296,1,walk,-8,42,-3,146,79,728,994,746,1,0
192322,1,walk,13,41,-2,150,137,743,995,770,1,0
192348,1,walk,29,43,-2,124,160,735,996,762,1,0
192374,1,walk,53,39,-2,82,147,705,996,725,1,0
192400,1,walk,74,26,-2,35,118,663,995,675,1,0
192426,1,walk,83,16,-1,13,82,617,996,623,1,0
192452,1,walk,92,10,-1,29,32,566,997,568,1,0
192478,1,walk,104,4,-1,63,-39,508,997,513,1,0
192504,1,walk,118,-3,-2,96,-119,445,997,471,1,0
192530,1,walk,125,-11,-2,116,-189,378,997,438,1,0
192557,1,walk,126,-20,-1,114,-232,298,998,394,1,0
192583,1,walk,113,-21,0,99,-219,204,998,315,1,0
192609,1,walk,110,-13,0,65,-180,95,998,213,1,0
192635,1,walk,114,-5,-2,-10,-152,-11,998,153,1,0
192662,1,walk,107,1,-2,-121,-122,-89,998,194,1,0
192689,1,walk,79,4,0,-229,-48,-139,997,272,1,0
192715,1,walk,24,5,0,-288,44,-186,993,346,1,0
192741,1,walk,-34,2,-3,-288,108,-239,989,389,1,0
192768,1,walk,-64,-6,-2,-232,93,-295,990,386,1,0
192794,1,walk,-115,-44,-7,-161,98,-349,986,396,1,0
192821,1,walk,-105,-53,-3,-36,102,-333,989,350,1,0
192848,1,walk,-69,-39,0,84,144,-303,989,346,1,0
192874,1,walk,-31,-15,-1,154,202,-275,989,375,1,0
192901,1,walk,-7,8,-2,157,246,-273,990,400,1,0
192927,1,walk,-5,11,0,99,248,-297,992,399,1,0
192953,1,walk,-14,-2,3,11,222,-338,994,405,1,0
192979,1,walk,-8,-22,5,-46,164,-355,994,394,1,0
193005,1,walk,5,-38,7,-49,89,-344,995,359,1,0
193031,1,walk,17,-47,8,-8,11,-321,996,321,1,0
193057,1,walk,19,-43,8,56,-60,-297,996,308,1,0
193083,1,walk,22,-34,8,100,-133,-274,997,321,1,0
193109,1,walk,15,-27,8,112,-184,-242,997,324,1,0
193135,1,walk,10,-15,7,100,-202,-186,997,292,1,0
193161,1,walk,12,3,5,73,-200,-109,997,239,1,0
193187,1,walk,19,16,3,58,-167,-6,997,177,1,0
193213,1,walk,10,30,1,88,-55,86,997,135,1,0
193239,1,walk,-15,48,-3,126,29,112,996,171,1,0
193265,1,walk,-35,64,-6,141,38,91,995,172,1,0
193291,1,walk,-50,67,-7,128,11,70,996,147,1,0
193317,1,walk,-62,68,-7,116,-9,74,996,138,1,0
193343,1,walk,-57,68,-6,108,-20,84,997,138,1,0
193369,1,walk,-31,63,-5,92,4,76,997,119,1,0
193395,1,walk,-6,52,-3,65,69,45,996,104,1,0
193421,1,walk,7,46,-2,39,132,4,996,138,1,0
193447,1,walk,22,49,-3,35,157,-33,996,164,1,0
193473,1,walk,32,51,-3,46,148,-65,997,168,1,0
193499,1,walk,37,47,-3,63,119,-94,997,164,1,0
193525,1,walk,37,41,-1,70,82,-129,998,168,1,0
193551,1,walk,41,35,-1,50,30,-175,998,184,1,0
193577,1,walk,56,30,-1,6,-43,-221,998,225,1,0
193603,1,walk,56,24,0,-49,-107,-273,998,297,1,0
193629,1,walk,38,17,2,-91,-126,-323,998,358,1,0
193656,1,walk,29,11,3,-102,-165,-351,998,401,1,0
193683,1,walk,39,12,2,-91,-230,-373,998,448,1,0
193709,1,walk,33,19,1,-59,-251,-400,998,476,1,0
193735,1,walk,5,23,1,-26,-203,-418,997,466,1,0
193761,1,walk,-30,20,0,-4,-129,-414,996,433,1,0
193787,1,walk,-74,7,-3,19,-62,-387,993,393,1,0
193813,1,walk,-112,-14,-5,56,-27,-329,991,335,1,0
193840,1,walk,-127,-29,-5,108,-19,-232,992,257,1,0
193866,1,walk,-111,-25,-2,167,-16,-120,993,206,1,0
193893,1,walk,-59,-9,-2,210,-27,-30,991,214,1,0
193919,1,walk,-11,6,-4,211,-38,21,989,216,1,0
193945,1,walk,20,13,-5,174,-58,49,990,190,1,0
193979,1,walk,22,12,-2,140,-67,87,992,179,1,0
194005,1,walk,22,13,-1,156,-52,151,994,223,1,0
194031,1,walk,15,16,1,198,-14,238,995,310,1,0
194057,1,walk,0,22,1,241,42,329,996,410,1,0
194083,1,walk,-18,29,0,254,95,418,996,498,1,0
194109,1,walk,-18,36,-1,223,103,514,997,570,1,0
194135,1,walk,-20,41,-2,185,106,622,997,658,1,0
194161,1,walk,-21,43,-2,155,166,713,997,749,1,0
194187,1,walk,-27,50,-3,148,279,758,998,822,1,0
194213,1,walk,-19,69,-7,174,394,790,997,900,1,0
194239,1,walk,-17,95,-14,199,517,811,996,982,1,0
194265,1,walk,-25,117,-19,192,569,827,996,1022,1,0
194292,1,walk,-22,131,-23,169,502,854,996,1005,1,0
194319,1,walk,-10,138,-25,145,387,881,997,973,1,0
194345,1,walk,-10,132,-23,123,280,895,997,946,1,0
194371,1,walk,-4,129,-22,124,198,912,997,941,1,0
194397,1,walk,8,130,-23,144,164,922,997,947,1,0
194423,1,walk,21,135,-25,163,149,916,997,942,1,0
194449,1,walk,41,135,-26,171,119,896,997,920,1,0
194475,1,walk,58,126,-24,175,75,863,997,884,1,0
194501,1,walk,70,118,-23,179,28,820,998,840,1,0
194527,1,walk,77,109,-21,176,-14,774,998,794,1,0
194554,1,walk,87,95,-18,161,-47,740,998,758,1,0
194580,1,walk,94,84,-16,133,-50,704,998,718,1,0
194606,1,walk,110,72,-16,91,-74,663,998,674,1,0
194632,1,walk,116,62,-15,59,-105,609,998,621,1,0
194659,1,walk,115,52,-12,28,-132,542,998,559,1,0
194686,1,walk,118,39,-10,-42,-174,482,998,514,1,0
194713,1,walk,99,32,-7,-106,-200,436,998,491,1,0
194740,1,walk,71,32,-5,-129,-161,381,997,433,1,0
194766,1,walk,28,35,-5,-112,-80,289,995,320,1,0
194792,1,walk,-10,39,-5,-62,-35,192,994,205,1,0
194818,1,walk,-26,37,-4,1,-41,110,994,118,1,0
194844,1,walk,-41,35,-3,53,-37,44,995,78,1,0
194870,1,walk,-38,40,-4,65,-11,3,996,66,1,0
194896,1,walk,-20,47,-5,36,51,-28,996,69,1,0
194922,1,walk,2,56,-7,3,102,-65,996,121,1,0
194948,1,walk,23,58,-9,-30,93,-97,996,138,1,0
194974,1,walk,22,51,-6,-66,38,-113,997,136,1,0
195000,1,walk,13,39,-3,-94,-41,-102,997,144,1,0
195026,1,walk,27,22,0,-119,-146,-79,997,205,1,0
195052,1,walk,45,6,2,-148,-238,-69,997,289,1,0
195078,1,walk,60,-8,3,-178,-303,-77,997,360,1,0
195105,1,walk,75,-19,3,-201,-329,-89,997,395,1,0
195132,1,walk,96,-30,2,-212,-320,-94,997,395,1,0
195159,1,walk,111,-37,0,-222,-273,-100,997,366,1,0
195186,1,walk,110,-35,0,-228,-204,-104,997,323,1,0
195213,1,walk,105,-27,0,-234,-136,-107,997,290,1,0
195240,1,walk,101,-15,-1,-233,-81,-97,998,265,1,0
195267,1,walk,84,-15,1,-238,17,-75,998,250,1,0
195293,1,walk,85,4,-3,-217,113,-53,997,250,1,0
195319,1,walk,71,6,-1,-207,195,-49,997,288,1,0
195345,1,walk,50,9,0,-188,248,-45,997,315,1,0
195371,1,walk,12,22,-2,-155,263,-45,995,309,1,0
195397,1,walk,-22,41,-6,-109,208,-39,994,238,1,0
195423,1,walk,-39,55,-9,-53,141,-37,994,155,1,0
195449,1,walk,-44,59,-9,-10,104,-51,995,116,1,0
195475,1,walk,-46,50,-6,5,94,-71,996,118,1,0
195501,1,walk,-38,42,-4,21,102,-75,996,129,1,0
195527,1,walk,-20,45,-4,45,109,-66,997,135,1,0
195553,1,walk,4,51,-7,55,85,-56,997,116,1,0
195579,1,walk,21,52,-8,46,30,-54,997,77,1,0
195605,1,walk,39,54,-9,39,-45,-60,997,85,1,0
195631,1,walk,56,47,-9,32,-114,-79,997,142,1,0
195666,1,walk,75,24,-7,3,-181,-123,997,219,1,0
195692,1,walk,76,11,-5,-8,-206,-168,997,267,1,0
195719,1,walk,79,9,-4,6,-227,-200,997,303,1,0
195745,1,walk,101,8,-8,19,-280,-236,997,367,1,0
195771,1,walk,112,3,-8,7,-325,-298,997,442,1,0
195797,1,walk,108,-3,-7,-16,-347,-362,997,502,1,0
195824,1,walk,108,-11,-5,-24,-365,-404,997,545,1,0
195851,1,walk,109,-8,-6,5,-376,-435,998,575,1,0
195877,1,walk,83,-10,-2,51,-323,-471,997,574,1,0
195904,1,walk,42,-30,3,85,-222,-480,994,536,1,0
195930,1,walk,8,-55,8,103,-141,-456,993,489,1,0
195956,1,walk,-24,-76,11,110,-105,-424,992,451,1,0
195982,1,walk,-55,-89,13,107,-125,-400,992,432,1,0
196009,1,walk,-67,-105,15,78,-168,-371,993,415,1,0
196036,1,walk,-60,-114,17,44,-160,-329,994,368,1,0
196063,1,walk,-39,-102,16,38,-98,-290,994,309,1,0
196089,1,walk,-7,-79,12,50,-38,-273,993,280,1,0
196115,1,walk,30,-61,7,56,2,-272,992,278,1,0
196141,1,walk,48,-51,5,51,32,-264,993,271,1,0
196167,1,walk,57,-45,4,51,41,-245,994,254,1,0
196193,1,walk,61,-39,4,70,43,-226,996,241,1,0
196219,1,walk,64,-32,3,89,51,-223,997,245,1,0
196245,1,walk,65,-29,3,95,51,-232,997,256,1,0
196271,1,walk,66,-34,4,96,29,-237,998,257,1,0
196297,1,walk,74,-39,4,87,1,-235,998,251,1,0
196323,1,walk,68,-34,4,98,7,-207,998,229,1,0
196349,1,walk,56,-28,5,124,21,-154,998,198,1,0
196375,1,walk,55,-21,4,157,23,-103,998,189,1,0
196401,1,walk,62,-19,2,208,34,-58,998,219,1,0
196427,1,walk,58,-16,2,260,86,-32,998,276,1,0
196453,1,walk,36,-7,3,296,127,-34,998,324,1,0
196479,1,walk,5,7,2,311,155,-44,996,350,1,0
196505,1,walk,-23,20,1,300,148,-39,995,337,1,0
196531,1,walk,-56,31,-2,280,100,-14,994,298,1,0
196557,1,walk,-93,31,-3,265,73,10,993,275,1,0
196583,1,walk,-102,41,-4,270,57,14,994,276,1,0
196609,1,walk,-78,64,-9,261,23,-15,994,263,1,0
196635,1,walk,-45,75,-12,213,-40,-74,994,229,1,0
196662,1,walk,-21,74,-12,136,-109,-142,994,225,1,0
196689,1,walk,-12,66,-10,50,-162,-203,996,264,1,0
196716,1,walk,2,54,-7,-25,-189,-238,996,305,1,0
196743,1,walk,41,56,-13,-72,-201,-248,995,327,1,0
196770,1,walk,71,72,-22,-107,-158,-285,994,343,1,0
196797,1,walk,92,74,-25,-174,-89,-325,994,379,1,0
196824,1,walk,100,90,-31,-251,-10,-370,994,447,1,0
196851,1,walk,95,100,-32,-323,53,-408,995,523,1,0
196878,1,walk,85,116,-35,-359,85,-423,996,561,1,0
196905,1,walk,85,82,-26,-384,67,-408,995,564,1,0
196931,1,walk,81,50,-18,-340,0,-359,994,494,1,0
196958,1,walk,76,12,-10,-270,-100,-269,993,394,1,0
196984,1,walk,47,-16,-2,-241,-100,-188,992,321,1,0
197010,1,walk,3,-29,4,-227,-51,-170,991,288,1,0
197036,1,walk,-32,-42,8,-208,21,-216,990,301,1,0
197063,1,walk,-63,-66,12,-192,83,-278,990,348,1,0
197090,1,walk,-88,-93,14,-175,92,-317,990,374,1,0
197117,1,walk,-104,-125,16,-161,87,-305,990,356,1,0
197144,1,walk,-101,-137,18,-127,107,-257,992,306,1,0
197171,1,walk,-77,-117,18,-73,121,-208,993,252,1,0
197197,1,walk,-27,-82,11,-40,94,-196,989,221,1,0
197223,1,walk,2,-58,7,-53,65,-225,989,241,1,0
197249,1,walk,3,-54,9,-98,48,-257,992,279,1,0
197275,1,walk,-3,-67,12,-152,41,-258,993,302,1,0
197301,1,walk,-7,-86,15,-206,40,-212,994,298,1,0
197327,1,walk,5,-99,16,-252,21,-134,995,287,1,0
197362,1,walk,8,-103,16,-267,-4,-60,996,274,1,0
197388,1,walk,12,-97,16,-259,-37,-7,997,262,1,0
197414,1,walk,3,-87,16,-236,-65,33,997,247,1,0
197440,1,walk,3,-74,15,-194,-124,89,997,247,1,0
197466,1,walk,9,-61,13,-138,-219,189,997,320,1,0
197492,1,walk,11,-51,12,-102,-243,309,997,406,1,0
197518,1,walk,-29,-40,11,-82,-202,386,995,443,1,0
197545,1,walk,-74,-24,7,-54,-169,377,992,416,1,0
197571,1,walk,-98,-14,6,-39,-130,306,993,335,1,0
197597,1,walk,-90,-14,8,-42,-85,232,995,250,1,0
197623,1,walk,-71,-20,9,-43,-12,188,995,193,1,0
197649,1,walk,-52,-27,10,-46,101,185,995,216,1,0
197675,1,walk,-25,-25,10,-73,216,204,996,306,1,0
197702,1,walk,-12,-12,7,-126,296,211,996,385,1,0
197728,1,walk,-7,-2,6,-191,295,187,997,398,1,0
197754,1,walk,9,-12,7,-250,237,141,996,372,1,0
197780,1,walk,26,-33,7,-280,182,91,996,346,1,0
197806,1,walk,49,-49,5,-265,125,53,995,297,1,0
197832,1,walk,74,-54,3,-206,61,25,995,216,1,0
197858,1,walk,94,-55,0,-120,-26,2,995,123,1,0
197884,1,walk,101,-61,0,-43,-110,-19,996,120,1,0
197910,1,walk,91,-69,2,5,-170,-52,997,177,1,0
197936,1,walk,77,-68,4,41,-210,-103,997,238,1,0
197962,1,walk,63,-62,6,44,-234,-172,997,294,1,0
197988,1,walk,36,-59,8,-10,-201,-253,997,323,1,0
198015,1,walk,-11,-57,10,-101,-70,-332,994,354,1,0
198042,1,walk,-52,-55,9,-189,59,-399,992,446,1,0
198069,1,walk,-87,-59,9,-252,138,-444,992,529,1,0
198096,1,walk,-108,-75,10,-280,146,-455,992,554,1,0
198123,1,walk,-123,-94,10,-240,133,-427,993,507,1,0
198150,1,walk,-116,-111,12,-129,111,-360,994,398,1,0
198177,1,walk,-95,-112,13,6,87,-283,995,296,1,0
198203,1,walk,-66,-97,13,123,52,-223,995,259,1,0
198229,1,walk,-47,-82,13,189,9,-193,995,270,1,0
198255,1,walk,-44,-79,14,202,-33,-187,996,277,1,0
198282,1,walk,-44,-86,15,181,-60,-189,997,269,1,0
198309,1,walk,-46,-91,15,154,-56,-191,998,252,1,0
198335,1,walk,-29,-89,14,137,-65,-200,997,251,1,0
198361,1,walk,-4,-79,12,142,-80,-219,997,273,1,0
198388,1,walk,9,-67,11,172,-90,-226,997,298,1,0
198414,1,walk,15,-53,10,210,-95,-192,997,300,1,0
198440,1,walk,15,-36,9,226,-90,-116,997,270,1,0
198466,1,walk,9,-13,7,222,-76,-23,997,236,1,0
198492,1,walk,16,3,4,195,-76,71,997,221,1,0
198518,1,walk,14,20,3,134,-5,146,997,198,1,0
198544,1,walk,-24,35,0,68,89,187,995,218,1,0
198570,1,walk,-76,50,-6,10,133,194,991,236,1,0
198596,1,walk,-122,57,-11,-59,143,182,989,239,1,0
198623,1,walk,-135,49,-9,-122,139,174,991,253,1,0
198650,1,walk,-125,38,-5,-143,155,166,993,268,1,0
198677,1,walk,-86,33,-2,-131,190,151,992,276,1,0
198703,1,walk,-52,43,-3,-117,256,130,992,309,1,0
198729,1,walk,-32,37,-1,-150,283,105,993,337,1,0
198755,1,walk,-14,32,0,-184,248,83,994,320,1,0
198781,1,walk,-1,15,2,-224,175,61,995,291,1,0
198807,1,walk,22,2,2,-242,79,37,995,257,1,0
198833,1,walk,48,-10,1,-226,-28,10,994,228,1,0
198859,1,walk,75,-16,-1,-170,-131,-16,994,215,1,0
198885,1,walk,108,-21,-6,-86,-231,-36,994,249,1,0
198912,1,walk,123,-25,-7,8,-303,-56,994,308,1,0
198938,1,walk,125,-35,-6,92,-350,-73,995,369,1,0
198965,1,walk,106,-43,-3,151,-340,-103,996,386,1,0
198992,1,walk,94,-39,-1,190,-323,-163,996,408,1,0
199019,1,walk,75,-29,1,185,-295,-246,996,426,1,0
199054,1,walk,45,-19,3,96,-225,-332,995,412,1,0
199080,1,walk,15,-12,4,-19,-151,-395,995,424,1,0
199107,1,walk,-24,-11,5,-118,-78,-436,993,458,1,0
199134,1,walk,-71,-22,4,-173,-21,-452,991,485,1,0
199161,1,walk,-96,-41,5,-181,13,-444,991,479,1,0
199188,1,walk,-98,-57,8,-129,62,-414,993,438,1,0
199214,1,walk,-70,-50,9,-23,118,-381,993,399,1,0
199240,1,walk,-17,-24,2,109,148,-358,990,402,1,0
199267,1,walk,17,-2,-2,200,163,-340,990,427,1,0
199293,1,walk,11,3,1,219,176,-311,992,419,1,0
199319,1,walk,-20,1,3,187,179,-265,993,371,1,0
199345,1,walk,-39,-5,5,122,159,-214,994,293,1,0
199371,1,walk,-40,-16,7,47,122,-169,995,214,1,0
199397,1,walk,-30,-28,9,-8,89,-135,996,161,1,0
199423,1,walk,-12,-32,9,-17,45,-112,996,122,1,0
199449,1,walk,-10,-32,9,15,10,-94,997,95,1,0
199475,1,walk,-15,-31,10,69,-11,-57,997,90,1,0
199501,1,walk,-11,-20,9,124,-35,9,997,129,1,0
199527,1,walk,-4,1,6,154,-41,92,997,184,1,0
199553,1,walk,7,22,2,134,-14,169,996,216,1,0
199579,1,walk,-14,45,-1,84,77,220,995,248,1,0
199605,1,walk,-47,70,-7,6,174,254,993,308,1,0
199631,1,walk,-88,91,-14,-94,230,283,991,377,1,0
199658,1,walk,-123,104,-20,-192,213,304,991,418,1,0
199685,1,walk,-127,104,-19,-251,158,310,993,429,1,0
199712,1,walk,-110,95,-15,-239,117,295,993,398,1,0
199739,1,walk,-80,77,-10,-160,109,274,993,335,1,0
199765,1,walk,-45,63,-6,-60,113,268,993,297,1,0
199791,1,walk,-13,57,-6,31,101,284,993,303,1,0
199817,1,walk,8,54,-5,86,77,301,993,322,1,0
199843,1,walk,22,47,-4,97,50,311,994,329,1,0
199869,1,walk,33,44,-4,82,35,313,995,325,1,0
199895,1,walk,48,40,-4,40,22,300,996,303,1,0
199921,1,walk,62,40,-5,0,0,273,996,273,1,0
199947,1,walk,83,35,-6,-34,-45,241,996,248,1,0
199973,1,walk,94,29,-7,-53,-93,213,997,238,1,0
199999,1,walk,87,20,-4,-48,-132,189,997,235,1,0
200025,1,walk,75,11,-1,-13,-164,159,997,229,1,0
200051,1,walk,77,4,-1,18,-212,133,997,251,1,0
200077,1,walk,70,3,0,19,-238,94,998,257,1,0
200103,1,walk,51,5,2,-16,-200,49,998,206,1,0
200129,1,walk,22,6,3,-87,-112,22,997,144,1,0
200155,1,walk,-3,6,4,-182,-46,18,996,188,1,0
200181,1,walk,-37,-1,5,-274,-19,18,995,275,1,0
200207,1,walk,-75,-25,5,-335,-39,20,993,338,1,0
200233,1,walk,-99,-62,5,-343,-63,34,991,350,1,0
200260,1,walk,-106,-95,7,-263,-42,66,991,274,1,0
200286,1,walk,-83,-107,9,-127,-2,93,992,157,1,0
200312,1,walk,-33,-95,7,21,27,99,990,105,1,0
200338,1,walk,-1,-83,6,127,54,84,991,162,1,0
200364,1,walk,21,-69,6,186,60,60,992,204,1,0
200390,1,walk,12,-67,8,189,67,33,994,203,1,0
200416,1,walk,-11,-74,9,156,70,15,994,171,1,0
200442,1,walk,-25,-83,11,108,65,9,995,126,1,0
200468,1,walk,-24,-89,12,62,45,3,996,77,1,0
200494,1,walk,-10,-86,12,34,11,-13,996,38,1,0
200520,1,walk,3,-80,11,25,-23,-31,997,46,1,0
200546,1,walk,15,-70,10,28,-52,-39,997,71,1,0
200572,1,walk,24,-55,9,50,-61,-25,997,83,1,0
200598,1,walk,31,-35,7,84,-70,23,997,112,1,0
200624,1,walk,37,-17,5,96,-37,97,997,142,1,0
200650,1,walk,2,10,2,94,68,180,994,214,1,0
200676,1,walk,-39,38,-4,69,153,240,991,293,1,0
200702,1,walk,-90,63,-13,23,207,264,988,336,1,0
200737,1,walk,-124,79,-17,-37,183,253,988,315,1,0
200764,1,walk,-117,83,-15,-69,148,226,991,279,1,0
200791,1,walk,-90,74,-11,-64,154,204,991,263,1,0
200817,1,walk,-54,58,-7,-52,188,209,991,286,1,0
200843,1,walk,-27,46,-4,-40,232,242,992,338,1,0
200869,1,walk,-14,41,-2,-35,242,282,994,374,1,0
200895,1,walk,-3,36,0,-36,204,308,995,371,1,0
200921,1,walk,7,30,1,-34,151,312,996,349,1,0
200947,1,walk,20,25,2,-19,96,294,996,310,1,0
200973,1,walk,46,21,0,9,33,258,996,260,1,0
200999,1,walk,68,13,-1,45,-24,216,996,222,1,0
201025,1,walk,82,0,-1,77,-79,174,996,206,1,0
201051,1,walk,87,-11,0,110,-134,119,997,210,1,0
201077,1,walk,74,-20,2,146,-163,40,997,223,1,0
201103,1,walk,59,-21,4,186,-174,-54,997,261,1,0
201129,1,walk,41,-12,5,169,-145,-179,997,286,1,0
201155,1,walk,35,-9,5,100,-120,-290,997,329,1,0
201181,1,walk,31,-7,5,3,-103,-373,998,387,1,0
201207,1,walk,11,-3,6,-100,-34,-433,997,446,1,0
201233,1,walk,-30,2,4,-175,29,-470,995,502,1,0
201260,1,walk,-71,12,1,-99,-5,-524,993,533,1,0
201287,1,walk,-114,-11,-2,-19,32,-555,991,556,1,0
201314,1,walk,-127,-15,-1,51,11,-537,992,539,1,0
201340,1,walk,-138,-23,0,93,18,-500,994,509,1,0
201366,1,walk,-102,-2,0,137,20,-464,993,485,1,0
201392,1,walk,-60,18,-2,141,32,-436,991,460,1,0
201418,1,walk,-31,29,-2,102,45,-423,992,437,1,0
201444,1,walk,-18,17,0,32,56,-408,993,413,1,0
201470,1,walk,-17,-5,4,-28,62,-373,994,379,1,0
201496,1,walk,-15,-21,6,-46,55,-308,994,317,1,0
201522,1,walk,-12,-34,8,-11,40,-230,996,234,1,0
201548,1,walk,2,-33,8,73,28,-162,996,180,1,0
201574,1,walk,14,-24,7,161,17,-108,997,194,1,0
201600,1,walk,22,-16,7,208,-4,-48,997,213,1,0
201626,1,walk,10,-6,6,217,-16,22,997,219,1,0
201652,1,walk,-10,12,4,208,-23,97,997,230,1,0
201678,1,walk,-15,23,2,169,-27,167,997,239,1,0
201704,1,walk,-21,25,2,111,24,234,997,260,1,0
201730,1,walk,-39,37,0,86,122,271,997,309,1,0
201756,1,walk,-49,54,-3,78,202,265,997,342,1,0
201782,1,walk,-64,56,-4,44,257,251,997,362,1,0
201808,1,walk,-89,50,-5,-2,238,259,996,352,1,0
201834,1,walk,-102,60,-8,-6,183,293,996,345,1,0
201860,1,walk,-99,73,-10,34,155,312,996,350,1,0
201886,1,walk,-85,81,-11,70,150,297,997,340,1,0
201912,1,walk,-63,80,-9,73,163,264,997,319,1,0
201938,1,walk,-43,73,-7,54,179,235,997,300,1,0
201964,1,walk,-24,67,-6,30,170,218,997,278,1,0
201990,1,walk,-8,65,-5,13,130,204,997,243,1,0
202016,1,walk,7,63,-5,-1,65,184,997,195,1,0
202042,1,walk,22,58,-5,-15,-12,159,997,160,1,0
202068,1,walk,34,49,-3,-34,-91,135,998,166,1,0
202094,1,walk,47,43,-3,-51,-166,118,998,210,1,0
202120,1,walk,62,39,-4,-85,-244,98,998,277,1,0
202146,1,walk,74,29,-3,-152,-343,60,997,380,1,0
202173,1,walk,58,18,-1,-205,-414,7,997,462,1,0
202199,1,walk,42,14,1,-207,-452,-41,997,499,1,0
202225,1,walk,52,8,1,-200,-509,-98,997,556,1,0
202252,1,walk,56,0,2,-191,-519,-172,997,579,1,0
202279,1,walk,46,-10,4,-176,-453,-249,997,546,1,0
202306,1,walk,18,-19,6,-151,-321,-306,997,469,1,0
202332,1,walk,-14,-28,6,-121,-191,-352,995,418,1,0
202359,1,walk,-50,-36,5,-90,-99,-379,994,402,1,0
202385,1,walk,-70,-41,6,-53,-53,-378,995,385,1,0
202420,1,walk,-58,-39,7,-15,-18,-340,996,341,1,0
202446,1,walk,-26,-29,6,20,12,-301,995,302,1,0
202472,1,walk,10,-14,3,37,37,-276,994,281,1,0
202498,1,walk,28,-7,1,30,59,-265,994,273,1,0
202524,1,walk,33,-13,3,8,64,-247,995,256,1,0
202550,1,walk,33,-25,4,-11,65,-215,996,225,1,0
202576,1,walk,28,-35,6,-20,78,-168,996,187,1,0
202602,1,walk,30,-37,7,-16,84,-110,997,139,1,0
202628,1,walk,41,-37,7,-20,88,-49,998,103,1,0
202654,1,walk,51,-39,7,-47,90,3,998,102,1,0
202680,1,walk,49,-44,7,-69,94,61,998,132,1,0
202706,1,walk,43,-45,8,-58,99,134,998,176,1,0
202732,1,walk,29,-39,8,-31,109,210,998,238,1,0
202758,1,walk,10,-29,7,-14,119,279,998,304,1,0
202784,1,walk,2,-22,7,-8,145,355,998,384,1,0
202810,1,walk,-15,-7,5,-8,232,410,997,471,1,0
202836,1,walk,-33,12,2,-27,294,428,996,520,1,0
202862,1,walk,-53,25,-1,-61,313,434,996,538,1,0
202888,1,walk,-73,32,-3,-87,280,438,996,527,1,0
202915,1,walk,-78,40,-4,-81,212,454,996,507,1,0
202941,1,walk,-73,49,-5,-34,168,459,997,490,1,0
202967,1,walk,-62,56,-6,24,167,439,997,470,1,0
202993,1,walk,-48,59,-6,57,205,401,997,454,1,0
203019,1,walk,-38,54,-4,59,253,364,998,447,1,0
203045,1,walk,-30,45,-2,47,279,343,998,445,1,0
203071,1,walk,-18,34,-1,25,274,335,998,434,1,0
203097,1,walk,-3,26,0,14,251,327,998,412,1,0
203123,1,walk,12,24,0,18,216,310,998,378,1,0
203149,1,walk,25,22,1,30,173,281,998,331,1,0
203175,1,walk,36,16,1,37,119,247,998,277,1,0
203201,1,walk,43,9,1,29,57,209,999,219,1,0
203227,1,walk,48,3,1,9,-40,167,998,172,1,0
203253,1,walk,45,-3,3,-8,-146,127,998,194,1,0
203279,1,walk,37,-9,4,-11,-240,88,998,256,1,0
203305,1,walk,24,-16,5,-2,-293,40,998,296,1,0
203331,1,walk,22,-18,5,20,-324,-24,998,325,1,0
203357,1,walk,24,-19,5,61,-343,-91,998,360,1,0
203383,1,walk,31,-19,5,113,-313,-149,998,365,1,0
203409,1,walk,26,-16,5,142,-239,-192,998,338,1,0
203435,1,walk,6,-11,5,142,-161,-234,998,317,1,0
203461,1,walk,-28,-9,3,127,-119,-290,996,338,1,0
203487,1,walk,-75,-25,1,102,-126,-349,993,385,1,0
203514,1,walk,-104,-45,0,96,-168,-380,993,427,1,0
203541,1,walk,-110,-52,1,121,-186,-373,994,434,1,0
203568,1,walk,-77,-36,2,163,-181,-336,994,415,1,0
203595,1,walk,-19,0,-6,190,-188,-297,988,400,1,0
203622,1,walk,26,24,-12,167,-203,-276,986,381,1,0
203649,1,walk,43,29,-11,100,-232,-269,989,369,1,0
203676,1,walk,48,18,-7,17,-253,-254,991,359,1,0
203703,1,walk,48,1,-3,-24,-272,-234,993,360,1,0
203729,1,walk,51,-8,-1,-19,-286,-215,994,358,1,0
203755,1,walk,59,-12,0,19,-309,-187,996,362,1,0
203782,1,walk,60,-11,1,81,-342,-145,996,380,1,0
203808,1,walk,60,-6,1,146,-358,-84,997,396,1,0
203834,1,walk,58,2,0,197,-341,-12,997,394,1,0
203860,1,walk,66,12,-2,189,-282,40,997,342,1,0
203886,1,walk,86,22,-7,116,-171,80,997,221,1,0
203912,1,walk,85,32,-8,51,8,122,997,132,1,0
203938,1,walk,45,54,-10,18,239,118,994,267,1,0
203964,1,walk,-4,70,-14,5,395,95,991,406,1,0
203990,1,walk,-46,84,-18,-9,450,72,990,455,1,0
204016,1,walk,-52,80,-15,-37,378,92,993,391,1,0
204042,1,walk,-43,79,-13,-29,298,135,994,328,1,0
204068,1,walk,-25,79,-12,8,266,160,995,311,1,0
204102,1,walk,3,69,-11,32,301,135,995,331,1,0
204128,1,walk,24,47,-8,25,335,89,994,347,1,0
204154,1,walk,20,32,-4,12,349,33,995,351,1,0
204180,1,walk,12,12,0,-1,299,-13,996,299,1,0
204206,1,walk,23,7,1,-14,206,-70,996,218,1,0
204232,1,walk,35,12,0,-28,103,-138,997,174,1,0
204258,1,walk,46,21,-2,-55,-25,-214,997,222,1,0
204285,1,walk,66,23,-5,-104,-160,-278,997,337,1,0
204312,1,walk,76,30,-7,-143,-249,-317,997,428,1,0
204339,1,walk,74,36,-7,-156,-285,-335,997,466,1,0
204366,1,walk,70,27,-6,-161,-263,-353,997,468,1,0
204393,1,walk,54,6,-1,-178,-234,-383,997,483,1,0
204420,1,walk,32,-8,2,-194,-202,-413,996,499,1,0
204446,1,walk,0,-18,5,-174,-126,-448,996,497,1,0
204473,1,walk,-29,-40,6,-151,-34,-474,994,498,1,0
204499,1,walk,-46,-60,8,-118,-7,-497,994,511,1,0
204525,1,walk,-54,-77,10,-60,-21,-529,995,533,1,0
204551,1,walk,-73,-84,10,-2,-8,-559,995,559,1,0
204577,1,walk,-91,-85,10,36,15,-568,996,569,1,0
204603,1,walk,-91,-76,10,51,62,-557,997,563,1,0
204629,1,walk,-71,-63,9,46,91,-553,996,563,1,0
204655,1,walk,-48,-50,8,59,97,-563,996,574,1,0
204681,1,walk,-30,-47,9,66,92,-562,996,574,1,0
204707,1,walk,-26,-46,10,52,70,-547,997,554,1,0
204733,1,walk,-17,-42,9,24,32,-514,998,515,1,0
204759,1,walk,-4,-33,8,-3,19,-486,997,487,1,0
204785,1,walk,6,-32,8,-15,-4,-473,998,473,1,0
204811,1,walk,16,-41,8,-31,-28,-459,998,461,1,0
204837,1,walk,21,-54,9,-49,-53,-424,998,430,1,0
204863,1,walk,18,-55,9,-57,-74,-353,998,365,1,0
204889,1,walk,4,-45,9,-43,-87,-257,998,274,1,0
204915,1,walk,9,-41,8,-43,-132,-158,998,210,1,0
204941,1,walk,20,-39,8,-39,-171,-58,998,184,1,0
204967,1,walk,16,-36,8,-17,-136,26,998,140,1,0
204993,1,walk,-3,-21,6,0,-69,61,998,92,1,0
205019,1,walk,-25,0,3,4,-13,65,996,66,1,0
205045,1,walk,-60,26,-4,1,10,61,994,62,1,0
205071,1,walk,-81,44,-7,3,-40,69,994,80,1,0
205097,1,walk,-78,54,-8,11,-104,70,995,126,1,0
205123,1,walk,-63,60,-8,37,-131,50,996,145,1,0
205149,1,walk,-34,57,-7,58,-120,20,995,135,1,0
205175,1,walk,3,41,-6,62,-93,-2,994,112,1,0
205201,1,walk,28,30,-5,53,-54,-13,994,77,1,0
205227,1,walk,41,29,-4,32,-37,-22,995,54,1,0
205253,1,walk,52,35,-5,8,-43,-41,996,59,1,0
205279,1,walk,67,44,-8,-11,-61,-69,997,93,1,0
205305,1,walk,82,46,-10,-27,-88,-99,997,135,1,0
205332,1,walk,91,41,-10,-47,-112,-129,997,177,1,0
205359,1,walk,105,39,-11,-73,-134,-153,998,216,1,0
205386,1,walk,107,36,-11,-106,-139,-179,998,250,1,0
205413,1,walk,99,32,-9,-126,-120,-208,998,272,1,0
205440,1,walk,74,21,-5,-111,-96,-219,997,263,1,0
205466,1,walk,73,10,-4,-86,-125,-205,997,255,1,0
205493,1,walk,89,5,-5,-82,-171,-190,997,268,1,0
205520,1,walk,80,6,-4,-95,-154,-199,997,269,1,0
205547,1,walk,42,5,-1,-118,-90,-218,996,264,1,0
205574,1,walk,-6,-8,1,-145,-8,-246,993,285,1,0
205600,1,walk,-75,-37,-3,-167,84,-268,986,327,1,0
205627,1,walk,-94,-60,0,-168,85,-266,987,326,1,0
205653,1,walk,-185,-104,-22,-174,172,-165,973,295,1,0
205680,1,walk,-133,-89,-13,-118,164,-101,975,226,1,0
205706,1,walk,-71,-60,-11,-61,164,-67,975,187,1,0
205732,1,walk,-20,-32,-11,-35,146,-70,976,166,1,0
205758,1,walk,3,-20,-8,-49,116,-86,980,152,1,0
205793,1,walk,-5,-27,-3,-88,69,-82,985,138,1,0
205819,1,walk,-9,-39,2,-114,11,-50,988,125,1,0
205845,1,walk,-6,-49,5,-118,-47,-10,990,127,1,0
205871,1,walk,6,-56,7,-98,-103,30,992,145,1,0
205897,1,walk,23,-60,8,-64,-156,67,994,182,1,0
205923,1,walk,34,-60,8,-30,-194,106,995,224,1,0
205949,1,walk,29,-49,9,6,-206,162,996,262,1,0
205975,1,walk,22,-35,8,36,-207,241,996,319,1,0
206001,1,walk,36,-22,6,65,-225,334,996,408,1,0
206027,1,walk,53,-21,4,74,-216,433,996,490,1,0
206053,1,walk,71,-19,2,80,-123,552,996,571,1,0
206079,1,walk,35,-4,2,86,22,626,995,633,1,0
206105,1,walk,-3,23,-1,104,105,642,992,659,1,0
206131,1,walk,-23,41,-3,118,120,627,993,650,1,0
206157,1,walk,-26,53,-4,136,111,617,994,642,1,0
206183,1,walk,-28,51,-3,163,137,614,995,650,1,0
206209,1,walk,-1,46,-3,171,195,589,995,644,1,0
206235,1,walk,27,36,-3,150,269,533,995,616,1,0
206261,1,walk,51,9,-2,88,290,463,994,554,1,0
206287,1,walk,46,2,1,43,259,400,995,478,1,0
206313,1,walk,45,3,2,1,185,347,996,394,1,0
206339,1,walk,60,0,1,-48,80,297,997,311,1,0
206365,1,walk,76,4,-2,-75,-15,246,997,257,1,0
206391,1,walk,84,9,-3,-77,-82,197,997,227,1,0
206417,1,walk,78,16,-2,-46,-106,164,998,200,1,0
206443,1,walk,82,14,-3,-8,-136,138,998,194,1,0
206469,1,walk,77,11,-2,14,-179,101,998,206,1,0
206495,1,walk,82,4,-2,17,-256,62,998,264,1,0
206521,1,walk,86,-2,-2,14,-304,19,998,304,1,0
206547,1,walk,80,-6,-1,3,-324,-27,998,325,1,0
206573,1,walk,63,-4,1,4,-272,-92,998,287,1,0
206599,1,walk,55,6,0,31,-156,-149,998,218,1,0
206625,1,walk,53,20,-2,64,-31,-150,998,166,1,0
206651,1,walk,27,46,-5,83,62,-129,996,166,1,0
206677,1,walk,-10,56,-6,61,100,-123,994,170,1,0
206703,1,walk,-51,45,-5,7,129,-128,992,182,1,0
206730,1,walk,-87,17,-2,-59,165,-129,991,217,1,0
206757,1,walk,-90,-5,2,-93,198,-127,992,253,1,0
206783,1,walk,-53,-16,4,-92,212,-140,992,270,1,0
206809,1,walk,-4,-21,1,-78,208,-157,990,272,1,0
206835,1,walk,27,-22,0,-59,213,-157,991,271,1,0
206861,1,walk,22,-22,2,-43,237,-134,993,276,1,0
206887,1,walk,-6,-28,5,-42,252,-99,993,274,1,0
206913,1,walk,-24,-32,7,-49,236,-71,994,252,1,0
206939,1,walk,-26,-39,8,-56,192,-65,995,211,1,0
206965,1,walk,-14,-40,9,-39,118,-65,996,140,1,0
206991,1,walk,2,-50,9,-11,27,-54,996,62,1,0
207017,1,walk,5,-57,10,25,-39,-28,997,54,1,0
207043,1,walk,1,-59,10,66,-89,15,997,111,1,0
207069,1,walk,-2,-45,9,107,-119,75,997,176,1,0
207095,1,walk,3,-23,7,129,-152,160,997,255,1,0
207121,1,walk,11,-6,4,110,-131,273,997,323,1,0
207147,1,walk,-11,16,2,54,-14,379,996,383,1,0
207173,1,walk,-51,38,-3,-9,111,420,993,435,1,0
207199,1,walk,-83,53,-7,-63,158,405,992,440,1,0
207226,1,walk,-124,53,-11,-113,162,358,991,409,1,0
207253,1,walk,-104,60,-9,-107,96,347,993,375,1,0
207279,1,walk,-81,36,-4,-84,91,339,993,361,1,0
207305,1,walk,-54,23,-1,-45,134,341,993,369,1,0
207331,1,walk,-29,22,0,-21,179,327,994,373,1,0
207357,1,walk,-22,21,1,-25,192,288,995,347,1,0
207383,1,walk,-14,13,3,-50,149,237,996,284,1,0
207409,1,walk,-2,-5,5,-83,76,190,996,221,1,0
207435,1,walk,18,-19,5,-102,-7,159,996,189,1,0
207469,1,walk,46,-18,2,-80,-91,126,996,175,1,0
207495,1,walk,72,-15,-1,-36,-173,83,996,195,1,0
207521,1,walk,88,-16,-3,19,-248,26,996,250,1,0
207547,1,walk,90,-22,-2,75,-308,-49,997,321,1,0
207573,1,walk,81,-31,1,125,-335,-129,997,380,1,0
207600,1,walk,83,-39,1,150,-365,-188,997,437,1,0
207627,1,walk,91,-34,0,124,-377,-227,997,457,1,0
207653,1,walk,72,-21,0,61,-300,-267,997,406,1,0
207679,1,walk,38,-14,2,-20,-179,-308,996,357,1,0
207706,1,walk,-2,-12,3,-85,-67,-346,994,363,1,0
207733,1,walk,-43,-18,3,-110,-11,-374,992,390,1,0
207760,1,walk,-69,-36,5,-98,-18,-380,992,393,1,0
207786,1,walk,-77,-57,7,-54,-26,-364,993,368,1,0
207812,1,walk,-74,-71,9,13,2,-328,994,328,1,0
207838,1,walk,-50,-67,10,85,53,-290,995,307,1,0
207864,1,walk,-13,-51,6,127,90,-274,993,315,1,0
207890,1,walk,3,-37,6,129,114,-287,994,335,1,0
207916,1,walk,0,-35,7,100,121,-312,996,349,1,0
207942,1,walk,-6,-45,9,62,111,-327,997,350,1,0
207968,1,walk,-17,-62,10,29,89,-318,997,332,1,0
207994,1,walk,-16,-73,11,22,53,-292,997,298,1,0
208020,1,walk,-10,-65,10,54,12,-270,998,275,1,0
208046,1,walk,7,-47,8,104,-41,-257,997,280,1,0
208072,1,walk,5,-32,7,139,-71,-237,997,284,1,0
208098,1,walk,6,-12,5,144,-78,-187,997,249,1,0
208124,1,walk,17,14,1,117,-71,-104,996,172,1,0
208150,1,walk,23,36,-3,60,-31,-4,996,67,1,0
208176,1,walk,12,57,-5,6,85,93,996,126,1,0
208202,1,walk,-31,72,-9,-33,224,171,993,284,1,0
208228,1,walk,-72,89,-15,-61,303,232,991,386,1,0
208255,1,walk,-96,100,-18,-103,285,269,992,405,1,0
208282,1,walk,-99,102,-17,-150,232,308,993,414,1,0
208309,1,walk,-97,88,-13,-181,224,305,994,419,1,0
208336,1,walk,-84,68,-8,-181,267,287,995,432,1,0
208362,1,walk,-68,52,-4,-154,311,265,995,437,1,0
208388,1,walk,-51,41,-2,-114,313,245,996,413,1,0
208414,1,walk,-35,33,0,-70,263,227,996,354,1,0
208440,1,walk,-14,24,1,-30,180,210,996,278,1,0
208466,1,walk,1,12,2,2,92,190,996,211,1,0
208492,1,walk,16,7,3,37,14,166,996,170,1,0
208518,1,walk,39,8,1,74,-71,137,996,171,1,0
208544,1,walk,58,11,-1,107,-149,101,996,210,1,0
208570,1,walk,69,12,-2,125,-225,61,997,265,1,0
208596,1,walk,68,5,-1,115,-288,14,997,310,1,0
208622,1,walk,61,-3,1,90,-316,-38,998,331,1,0
208648,1,walk,67,-8,1,57,-344,-83,998,358,1,0
208674,1,walk,71,-6,0,7,-358,-129,998,380,1,0
208700,1,walk,59,2,0,-48,-296,-177,998,348,1,0
208726,1,walk,25,7,1,-110,-185,-217,996,305,1,0
208753,1,walk,-20,7,1,-162,-66,-246,994,302,1,0
208780,1,walk,-65,0,0,-189,16,-268,992,328,1,0
208807,1,walk,-89,-15,1,-181,37,-275,992,331,1,0
208834,1,walk,-93,-35,4,-134,45,-258,993,294,1,0
208860,1,walk,-81,-46,6,-55,71,-220,994,238,1,0
208886,1,walk,-58,-41,7,26,108,-181,995,212,1,0
208912,1,walk,-24,-24,5,72,118,-149,994,204,1,0
208938,1,walk,-10,-11,4,71,105,-132,994,183,1,0
208964,1,walk,-8,-11,5,27,70,-118,996,140,1,0
208990,1,walk,-16,-24,7,-35,30,-99,996,110,1,0
209016,1,walk,-22,-45,9,-87,-13,-79,997,118,1,0
209042,1,walk,-17,-63,10,-98,-56,-60,996,127,1,0
209068,1,walk,-3,-71,10,-59,-92,-49,997,120,1,0
209094,1,walk,10,-70,9,23,-111,-48,997,124,1,0
209120,1,walk,14,-64,9,125,-101,-50,998,168,1,0
209154,1,walk,15,-45,8,221,-70,-21,997,233,1,0
209180,1,walk,27,-17,3,280,-55,36,996,288,1,0
209206,1,walk,34,0,1,264,-37,127,996,295,1,0
209232,1,walk,22,24,-1,179,45,218,996,286,1,0
209258,1,walk,-48,42,-10,75,157,263,988,315,1,0
209285,1,walk,-79,57,-12,7,198,268,989,333,1,0
209311,1,walk,-162,68,-32,-30,211,303,979,371,1,0
209338,1,walk,-155,63,-25,-54,107,312,984,334,1,0
209365,1,walk,-123,70,-21,-34,56,307,986,314,1,0
209391,1,walk,-83,70,-16,-21,58,293,987,299,1,0
209417,1,walk,-36,72,-15,-26,77,277,987,289,1,0
209443,1,walk,-5,70,-14,-57,89,260,988,280,1,0
209469,1,walk,6,61,-10,-99,71,243,991,272,1,0
209495,1,walk,18,44,-6,-129,24,226,992,262,1,0
209521,1,walk,38,28,-4,-131,-34,205,993,246,1,0
209548,1,walk,66,16,-4,-104,-107,180,993,234,1,0
209575,1,walk,94,6,-6,-47,-181,156,993,244,1,0
209601,1,walk,125,1,-10,31,-244,145,993,286,1,0
209627,1,walk,143,1,-13,110,-284,136,994,334,1,0
209654,1,walk,138,4,-11,190,-298,114,995,372,1,0
209680,1,walk,127,7,-9,257,-321,79,996,418,1,0
209706,1,walk,130,9,-9,277,-357,42,997,454,1,0
209732,1,walk,113,12,-7,245,-350,17,997,427,1,0
209758,1,walk,89,17,-4,164,-278,0,997,323,1,0
209784,1,walk,73,25,-4,41,-149,-21,997,156,1,0
209810,1,walk,52,35,-3,-86,-14,-54,996,102,1,0
209836,1,walk,17,33,-1,-183,76,-100,995,222,1,0
209863,1,walk,-29,11,1,-243,123,-150,992,311,1,0
209890,1,walk,-73,-19,2,-248,138,-189,989,341,1,0
209917,1,walk,-92,-45,5,-197,136,-209,990,318,1,0
209944,1,walk,-70,-55,8,-103,120,-212,992,264,1,0
209970,1,walk,-22,-44,5,0,100,-213,990,236,1,0
209996,1,walk,23,-22,-1,76,81,-224,988,250,1,0
210022,1,walk,32,-13,0,98,74,-237,991,267,1,0
210048,1,walk,23,-16,3,76,60,-241,993,260,1,0
210074,1,walk,10,-25,6,33,47,-236,994,243,1,0
210100,1,walk,2,-36,8,-10,23,-220,995,222,1,0
210126,1,walk,16,-42,9,-33,-19,-187,996,191,1,0
210152,1,walk,33,-41,7,-36,-60,-140,996,156,1,0
210178,1,walk,38,-35,7,-28,-92,-80,997,126,1,0
210204,1,walk,36,-26,7,-22,-106,-8,997,108,1,0
210230,1,walk,35,-15,6,-33,-125,85,997,155,1,0
210256,1,walk,35,-2,4,-65,-146,206,997,261,1,0
210282,1,walk,41,3,3,-128,-137,350,997,397,1,0
210308,1,walk,26,13,3,-212,-59,491,997,538,1,0
210334,1,walk,0,29,1,-277,20,575,996,639,1,0
210360,1,walk,-41,45,-3,-297,95,593,994,670,1,0
210387,1,walk,-68,56,-5,-253,103,568,994,631,1,0
210414,1,walk,-57,56,-4,-165,66,527,995,556,1,0
210440,1,walk,-32,45,-2,-60,46,498,995,504,1,0
210466,1,walk,-8,31,-1,16,70,496,995,502,1,0
210492,1,walk,17,25,-1,52,116,514,995,529,1,0
210518,1,walk,34,28,-3,46,148,521,995,543,1,0
210544,1,walk,43,27,-2,9,145,503,996,523,1,0
210570,1,walk,47,13,-1,-44,129,463,996,483,1,0
210596,1,walk,53,-9,1,-90,117,410,996,436,1,0
210622,1,walk,65,-27,2,-111,95,353,996,382,1,0
210648,1,walk,80,-38,1,-93,60,299,996,319,1,0
210674,1,walk,99,-43,-2,-41,7,250,996,254,1,0
210700,1,walk,113,-42,-4,31,-46,191,996,199,1,0
210726,1,walk,106,-42,-2,101,-78,130,997,182,1,0
210752,1,walk,96,-42,-1,147,-97,75,998,192,1,0
210778,1,walk,91,-37,0,157,-123,26,998,201,1,0
210804,1,walk,94,-26,-2,114,-172,-16,998,207,1,0
210839,1,walk,68,-18,0,11,-154,-56,997,165,1,0
210865,1,walk,30,-19,3,-102,-85,-83,995,157,1,0
210891,1,walk,-26,-24,4,-195,2,-108,991,223,1,0
210918,1,walk,-85,-36,1,-242,67,-142,987,288,1,0
210945,1,walk,-115,-79,1,-253,97,-198,986,336,1,0
210972,1,walk,-129,-99,3,-187,124,-225,988,318,1,0
210999,1,walk,-104,-102,6,-77,169,-222,990,289,1,0
211025,1,walk,-52,-82,5,47,208,-207,988,297,1,0
211051,1,walk,-12,-56,2,136,237,-199,988,338,1,0
211078,1,walk,-8,-41,4,157,251,-206,990,361,1,0
211104,1,walk,-29,-45,6,125,246,-217,991,351,1,0
211130,1,walk,-54,-61,7,61,209,-219,991,309,1,0
211156,1,walk,-64,-81,9,0,140,-208,992,250,1,0
211182,1,walk,-54,-97,10,-33,52,-192,994,201,1,0
211209,1,walk,-28,-102,10,-22,-40,-184,994,190,1,0
211236,1,walk,-10,-96,10,27,-122,-187,995,225,1,0
211262,1,walk,-13,-87,11,83,-177,-186,996,270,1,0
211289,1,walk,-17,-73,11,136,-208,-163,996,297,1,0
211316,1,walk,-6,-51,10,172,-236,-111,996,312,1,0
211342,1,walk,1,-29,8,184,-252,-36,996,314,1,0
211368,1,walk,26,-11,4,159,-235,58,995,290,1,0
211394,1,walk,20,15,1,118,-129,162,995,238,1,0
211420,1,walk,-7,43,-2,71,-34,250,993,262,1,0
211446,1,walk,-53,64,-7,16,15,292,990,293,1,0
211472,1,walk,-85,76,-10,-38,-1,280,990,282,1,0
211499,1,walk,-116,62,-9,-72,-24,240,991,252,1,0
211526,1,walk,-84,45,-5,-54,-51,194,991,208,1,0
211552,1,walk,-38,31,-3,-13,-32,159,989,163,1,0
211578,1,walk,4,26,-4,16,9,143,989,144,1,0
211604,1,walk,30,29,-5,13,40,133,991,140,1,0
211630,1,walk,40,30,-4,-26,45,118,992,129,1,0
211656,1,walk,45,27,-3,-87,43,92,994,133,1,0
211682,1,walk,56,21,-2,-153,32,57,995,167,1,0
211708,1,walk,69,9,-2,-205,11,16,995,206,1,0
211734,1,walk,89,-4,-3,-227,-14,-20,996,228,1,0
211760,1,walk,108,-12,-5,-205,-47,-47,996,215,1,0
211787,1,walk,117,-15,-6,-147,-92,-67,997,186,1,0
211814,1,walk,109,-22,-4,-77,-137,-91,997,181,1,0
211841,1,walk,103,-28,-2,-7,-182,-118,997,217,1,0
211868,1,walk,100,-28,-2,48,-189,-148,998,245,1,0
211895,1,walk,101,-17,-3,70,-200,-174,998,274,1,0
211922,1,walk,93,-8,-3,39,-207,-182,998,278,1,0
211949,1,walk,61,3,-1,-39,-142,-174,996,228,1,0
211975,1,walk,16,14,0,-129,-87,-171,994,231,1,0
212001,1,walk,-19,15,2,-212,-62,-185,993,288,1,0
212028,1,walk,-53,-4,4,-276,-47,-204,992,346,1,0
212054,1,walk,-71,-29,6,-277,-18,-214,992,351,1,0
212081,1,walk,-62,-51,8,-210,37,-209,993,298,1,0
212107,1,walk,-32,-51,8,-102,115,-197,994,250,1,0
212134,1,walk,4,-33,4,2,188,-186,992,265,1,0
212160,1,walk,28,-15,1,66,231,-174,993,297,1,0
212186,1,walk,31,-14,3,77,246,-153,995,300,1,0
212212,1,walk,7,-25,5,54,267,-114,995,295,1,0
212238,1,walk,-12,-46,7,13,273,-67,994,281,1,0
212264,1,walk,-27,-68,9,-25,261,-32,994,264,1,0
212290,1,walk,-25,-83,10,-36,223,-16,995,226,1,0
212316,1,walk,-4,-94,9,-19,156,-17,995,158,1,0
212342,1,walk,2,-95,9,12,89,-23,996,93,1,0
212368,1,walk,-6,-86,10,53,37,-28,997,71,1,0
212394,1,walk,-5,-69,10,86,-10,-30,997,92,1,0
212420,1,walk,0,-48,9,99,-72,-18,997,124,1,0
212446,1,walk,11,-32,7,79,-121,21,997,146,1,0
212472,1,walk,-1,-15,6,37,-71,71,996,107,1,0
212498,1,walk,-32,4,5,4,-18,107,995,108,1,0
212532,1,walk,-67,31,0,-4,-16,113,993,114,1,0
212558,1,walk,-94,42,-2,-14,-62,104,993,121,1,0
212584,1,walk,-98,40,-1,2,-103,93,994,139,1,0
212610,1,walk,-77,33,1,47,-95,84,995,135,1,0
212636,1,walk,-38,28,1,88,-33,74,993,119,1,0
212662,1,walk,-3,26,-1,103,63,70,993,140,1,0
212688,1,walk,11,27,-1,92,146,69,994,186,1,0
212714,1,walk,14,28,0,66,189,63,995,210,1,0
212740,1,walk,19,27,0,30,190,53,996,200,1,0
212766,1,walk,38,29,-2,-6,149,40,996,155,1,0
212792,1,walk,60,34,-5,-29,78,23,996,87,1,0
212818,1,walk,80,38,-8,-28,-12,11,996,32,1,0
212844,1,walk,94,34,-9,-11,-100,4,996,101,1,0
212870,1,walk,96,24,-8,20,-163,-4,997,164,1,0
212896,1,walk,81,15,-5,63,-199,-30,997,211,1,0
212922,1,walk,69,10,-3,106,-224,-82,997,261,1,0
212948,1,walk,75,6,-3,113,-246,-150,997,309,1,0
212974,1,walk,72,6,-3,71,-245,-203,997,326,1,0
213000,1,walk,58,10,-1,-7,-166,-227,998,281,1,0
213026,1,walk,35,15,0,-98,-39,-222,997,246,1,0
213052,1,walk,1,20,2,-182,75,-210,996,288,1,0
213078,1,walk,-44,18,1,-235,147,-213,993,350,1,0
213105,1,walk,-88,-3,2,-252,150,-230,991,372,1,0
213132,1,walk,-117,-37,2,-216,107,-239,990,340,1,0
213159,1,walk,-119,-71,4,-130,81,-208,990,259,1,0
213185,1,walk,-92,-82,6,-7,87,-141,991,166,1,0
213211,1,walk,-48,-66,5,110,110,-74,990,172,1,0
213237,1,walk,-12,-37,1,180,139,-36,989,230,1,0
213263,1,walk,3,-16,1,184,161,-29,991,246,1,0
213289,1,walk,-6,-12,3,140,179,-33,993,229,1,0
213315,1,walk,-20,-24,5,80,185,-33,994,204,1,0
213341,1,walk,-21,-40,7,36,171,-26,995,177,1,0
213367,1,walk,-12,-51,8,39,144,-25,996,152,1,0
213393,1,walk,-6,-57,8,92,106,-29,996,143,1,0
213419,1,walk,-4,-57,9,174,62,-30,997,187,1,0
213445,1,walk,-8,-48,9,247,30,-24,997,250,1,0
213471,1,walk,-14,-28,8,307,24,-6,997,308,1,0
213497,1,walk,-11,-2,5,336,21,39,996,339,1,0
213523,1,walk,-7,20,3,300,72,106,996,326,1,0
213549,1,walk,-38,41,0,210,212,168,995,343,1,0
213575,1,walk,-78,60,-5,88,309,208,992,383,1,0
213601,1,walk,-152,88,-24,-46,355,254,983,439,1,0
213628,1,walk,-187,68,-23,-220,306,274,984,466,1,0
213655,1,walk,-181,64,-19,-309,228,271,988,470,1,0
213682,1,walk,-155,47,-12,-320,196,242,989,446,1,0
213709,1,walk,-126,25,-5,-274,215,213,990,408,1,0
213735,1,walk,-105,9,-1,-198,234,188,991,360,1,0
213761,1,walk,-85,1,2,-114,211,166,992,292,1,0
213787,1,walk,-63,-1,4,-40,145,146,993,210,1,0
213813,1,walk,-34,2,4,11,46,124,994,133,1,0
213839,1,walk,-6,9,3,44,-58,92,994,117,1,0
213865,1,walk,20,17,2,65,-166,53,994,186,1,0
213891,1,walk,50,22,-1,78,-273,17,994,284,1,0
213917,1,walk,69,19,-2,79,-382,-18,995,391,1,0
213943,1,walk,70,10,-1,79,-472,-58,995,482,1,0
213969,1,walk,58,-5,2,94,-512,-103,996,531,1,0
213995,1,walk,56,-19,3,107,-550,-154,996,581,1,0
214021,1,walk,58,-19,4,98,-572,-219,997,620,1,0
214047,1,walk,54,-11,4,60,-523,-297,997,604,1,0
214073,1,walk,37,-3,4,-12,-386,-363,997,530,1,0
214099,1,walk,14,6,5,-103,-242,-406,996,483,1,0
214126,1,walk,-17,7,5,-185,-134,-431,996,488,1,0
214153,1,walk,-47,-7,6,-247,-89,-437,995,510,1,0
214179,1,walk,-65,-35,7,-263,-62,-420,994,499,1,0
214214,1,walk,-55,-60,8,-187,3,-365,995,410,1,0
214240,1,walk,-25,-65,8,-66,89,-312,994,331,1,0
214266,1,walk,10,-53,6,47,167,-272,994,323,1,0
214292,1,walk,19,-38,5,113,234,-249,995,360,1,0
214318,1,walk,-9,-30,6,122,289,-239,995,394,1,0
214344,1,walk,-32,-31,7,82,301,-231,995,388,1,0
214370,1,walk,-43,-43,8,7,277,-227,995,358,1,0
214396,1,walk,-36,-51,9,-61,217,-230,996,322,1,0
214422,1,walk,-13,-55,9,-95,140,-237,996,291,1,0
214448,1,walk,0,-61,8,-96,58,-228,996,254,1,0
214474,1,walk,4,-60,9,-70,-5,-188,997,201,1,0
214500,1,walk,-3,-48,9,-19,-41,-113,997,121,1,0
214526,1,walk,5,-26,7,42,-84,-15,997,95,1,0
214552,1,walk,18,-5,4,85,-105,99,996,168,1,0
214578,1,walk,33,21,0,93,-50,222,995,246,1,0
214604,1,walk,-2,44,-3,56,77,314,993,328,1,0
214630,1,walk,-49,64,-8,-7,196,360,991,410,1,0
214656,1,walk,-84,80,-12,-87,239,374,990,453,1,0
214683,1,walk,-134,84,-19,-160,234,373,988,469,1,0
214710,1,walk,-117,84,-15,-185,173,361,990,441,1,0
214737,1,walk,-95,68,-10,-177,164,329,991,408,1,0
214764,1,walk,-77,49,-5,-143,203,301,992,390,1,0
214790,1,walk,-56,40,-2,-99,241,286,993,387,1,0
214816,1,walk,-41,35,0,-60,240,279,995,372,1,0
214842,1,walk,-28,30,2,-35,201,273,996,341,1,0
214868,1,walk,-12,24,3,-23,147,264,996,303,1,0
214894,1,walk,7,23,3,-17,95,241,996,260,1,0
214920,1,walk,21,24,2,-11,52,200,997,207,1,0
214946,1,walk,44,24,1,2,5,153,997,153,1,0
214972,1,walk,70,18,-1,8,-51,119,996,129,1,0
214998,1,walk,79,6,-1,3,-120,102,996,158,1,0
215024,1,walk,72,-1,1,9,-180,92,997,203,1,0
215050,1,walk,70,-6,1,18,-235,72,997,247,1,0
215076,1,walk,77,-11,1,7,-296,32,997,297,1,0
215102,1,walk,87,-15,0,-33,-363,-14,997,365,1,0
215129,1,walk,79,-20,1,-85,-375,-46,997,388,1,0
215155,1,walk,58,-20,3,-119,-293,-52,997,321,1,0
215181,1,walk,18,-15,4,-145,-181,-49,995,237,1,0
215207,1,walk,-32,-9,2,-165,-84,-61,992,195,1,0
215234,1,walk,-77,-13,0,-183,-36,-94,990,209,1,0
215261,1,walk,-113,-36,-2,-189,-14,-143,990,238,1,0
215288,1,walk,-105,-59,1,-151,-13,-143,991,208,1,0
215315,1,walk,-66,-69,3,-62,9,-128,991,143,1,0
215341,1,walk,-11,-56,1,43,21,-110,988,120,1,0
215367,1,walk,36,-34,-3,123,16,-97,987,158,1,0
215393,1,walk,43,-24,-1,152,13,-87,990,176,1,0
215419,1,walk,25,-27,2,137,13,-75,992,157,1,0
215445,1,walk,9,-41,5,98,13,-60,993,116,1,0
215471,1,walk,-2,-61,6,59,18,-50,994,80,1,0
215497,1,walk,0,-75,7,52,35,-48,995,79,1,0
215523,1,walk,24,-78,6,76,40,-44,995,96,1,0
215549,1,walk,45,-71,4,101,34,-34,995,112,1,0
215575,1,walk,48,-61,5,112,42,-20,996,121,1,0
215601,1,walk,39,-49,6,100,63,-1,996,118,1,0
215627,1,walk,33,-39,6,70,79,19,997,107,1,0
215653,1,walk,24,-27,6,44,81,59,997,109,1,0
215679,1,walk,21,-20,6,25,87,128,997,156,1,0
215705,1,walk,-7,-1,5,31,164,213,996,270,1,0
215731,1,walk,-49,29,-1,33,234,269,992,358,1,0
215757,1,walk,-80,58,-7,9,233,271,991,357,1,0
215783,1,walk,-163,69,-27,-51,232,265,981,356,1,0
215810,1,walk,-154,70,-21,-91,133,244,985,293,1,0
215837,1,walk,-117,62,-15,-96,61,232,986,258,1,0
215864,1,walk,-78,45,-9,-93,48,230,987,253,1,0
215898,1,walk,-48,30,-4,-97,69,231,989,260,1,0
215924,1,walk,-33,19,-1,-110,81,221,991,260,1,0
215950,1,walk,-17,10,2,-128,60,205,992,249,1,0
215976,1,walk,-2,3,4,-147,18,184,994,236,1,0
216002,1,walk,21,-1,4,-156,-35,160,995,227,1,0
216028,1,walk,45,-4,3,-155,-84,135,995,222,1,0
216054,1,walk,73,-8,0,-140,-127,113,995,220,1,0
216080,1,walk,97,-13,-2,-115,-163,97,995,222,1,0
216106,1,walk,106,-21,-2,-79,-204,79,995,232,1,0
216132,1,walk,103,-32,-1,-35,-244,47,996,251,1,0
216158,1,walk,88,-42,2,19,-261,-2,996,262,1,0
216184,1,walk,78,-48,3,59,-268,-58,997,281,1,0
216210,1,walk,76,-44,3,61,-267,-110,997,295,1,0
216236,1,walk,56,-32,5,14,-169,-154,997,229,1,0
216262,1,walk,27,-20,5,-74,-48,-194,996,213,1,0
216288,1,walk,-7,-15,5,-170,63,-231,995,294,1,0
216314,1,walk,-45,-18,5,-252,124,-264,994,385,1,0
216341,1,walk,-72,-35,5,-291,106,-289,994,424,1,0
216368,1,walk,-80,-60,6,-266,73,-297,994,406,1,0
216395,1,walk,-78,-78,6,-166,67,-284,995,335,1,0
216421,1,walk,-54,-83,7,-18,81,-269,995,281,1,0
216447,1,walk,-30,-71,7,131,110,-262,995,313,1,0
216473,1,walk,-14,-55,7,245,134,-264,995,385,1,0
216499,1,walk,-9,-42,7,305,144,-265,996,429,1,0
216525,1,walk,-10,-36,7,308,130,-254,996,419,1,0
216551,1,walk,-11,-39,8,265,101,-228,997,364,1,0
216577,1,walk,-10,-43,9,207,69,-200,998,296,1,0
216603,1,walk,-2,-45,9,162,40,-186,998,250,1,0
216629,1,walk,9,-44,8,137,2,-186,998,231,1,0
216655,1,walk,11,-45,8,120,-34,-185,998,223,1,0
216681,1,walk,0,-43,8,115,-41,-166,998,206,1,0
216707,1,walk,0,-32,8,124,-40,-121,998,177,1,0
216733,1,walk,10,-13,6,129,-34,-60,997,146,1,0
216759,1,walk,7,4,5,108,42,7,997,116,1,0
216785,1,walk,-19,32,1,82,154,45,995,180,1,0
216811,1,walk,-55,62,-5,48,232,62,992,245,1,0
216837,1,walk,-83,88,-11,1,239,72,991,249,1,0
216863,1,walk,-107,110,-17,-64,157,96,991,195,1,0
216890,1,walk,-96,108,-14,-134,75,120,993,195,1,0
216917,1,walk,-86,93,-10,-154,61,114,994,201,1,0
216943,1,walk,-65,77,-6,-124,76,98,995,175,1,0
216969,1,walk,-39,68,-4,-67,94,86,995,145,1,0
216995,1,walk,-17,64,-3,-3,84,83,995,118,1,0
217021,1,walk,5,59,-2,50,38,87,995,107,1,0
217047,1,walk,28,52,-3,79,-16,91,995,122,1,0
217073,1,walk,41,47,-2,84,-62,86,996,135,1,0
217099,1,walk,53,46,-2,72,-117,70,996,154,1,0
217125,1,walk,66,43,-2,45,-188,44,997,198,1,0
217151,1,walk,85,33,-4,11,-272,15,997,273,1,0
217177,1,walk,99,21,-4,-17,-361,-30,996,362,1,0
217203,1,walk,100,10,-3,-15,-409,-100,997,421,1,0
217230,1,walk,92,0,-1,23,-416,-186,997,456,1,0
217256,1,walk,97,-1,-2,67,-416,-273,997,502,1,0
217282,1,walk,88,8,-2,36,-374,-373,997,529,1,0
217308,1,walk,80,5,0,-38,-299,-442,997,535,1,0
217334,1,walk,64,6,1,-70,-183,-472,998,511,1,0
217360,1,walk,33,5,3,-20,-83,-500,997,507,1,0
217386,1,walk,-15,-5,2,13,25,-531,993,532,1,0
217412,1,walk,-59,-10,1,30,71,-546,992,551,1,0
217438,1,walk,-98,-31,0,37,78,-568,991,574,1,0
217464,1,walk,-112,-44,0,63,92,-516,992,528,1,0
217490,1,walk,-84,-27,2,112,104,-455,992,480,1,0
217516,1,walk,-38,-2,-1,140,123,-408,990,449,1,0
217543,1,walk,6,22,-5,135,143,-370,988,418,1,0
217577,1,walk,22,30,-4,101,147,-327,991,372,1,0
217603,1,walk,22,27,-2,85,138,-289,993,331,1,0
217629,1,walk,16,9,1,83,122,-258,994,297,1,0
217655,1,walk,19,-8,3,103,80,-246,995,278,1,0
217681,1,walk,32,-11,3,154,36,-238,996,286,1,0
217707,1,walk,41,-16,4,209,-13,-213,996,298,1,0
217733,1,walk,47,-13,3,246,-61,-161,997,300,1,0
217759,1,walk,39,1,3,252,-90,-90,997,282,1,0
217785,1,walk,30,18,2,217,-110,-18,997,244,1,0
217811,1,walk,31,37,-1,159,-139,42,997,215,1,0
217837,1,walk,52,39,-3,128,-182,123,996,254,1,0
217863,1,walk,56,40,-3,152,-124,248,997,316,1,0
217889,1,walk,27,57,-4,194,17,331,995,384,1,0
217915,1,walk,-16,78,-9,206,148,334,993,419,1,0
217941,1,walk,-51,92,-12,172,234,296,992,415,1,0
217967,1,walk,-73,90,-11,104,265,277,993,397,1,0
217994,1,walk,-83,82,-9,38,280,297,994,410,1,0
218020,1,walk,-70,76,-6,-18,312,330,995,454,1,0
218046,1,walk,-51,77,-5,-73,408,339,996,536,1,0
218072,1,walk,-33,61,-3,-146,510,313,996,616,1,0
218098,1,walk,-11,38,-1,-203,548,279,995,647,1,0
218124,1,walk,-5,18,2,-210,543,245,995,632,1,0
218150,1,walk,5,16,2,-173,493,210,996,563,1,0
218176,1,walk,3,20,3,-121,427,159,997,472,1,0
218202,1,walk,-1,16,4,-68,315,91,997,335,1,0
218228,1,walk,9,14,4,-3,186,19,997,186,1,0
218254,1,walk,10,14,4,39,52,-61,998,89,1,0
218280,1,walk,14,15,4,23,-102,-148,998,181,1,0
218306,1,walk,2,15,4,-49,-223,-241,998,332,1,0
218332,1,walk,-20,14,4,-117,-276,-294,998,420,1,0
218359,1,walk,-25,14,4,-124,-244,-286,998,396,1,0
218386,1,walk,-45,22,2,-71,-136,-300,997,337,1,0
218412,1,walk,-72,13,1,1,-11,-379,996,380,1,0
218438,1,walk,-105,-12,0,63,113,-486,994,503,1,0
218465,1,walk,-182,-72,-21,88,286,-585,979,657,1,0
218492,1,walk,-214,-86,-25,140,364,-577,982,697,1,0
218519,1,walk,-216,-70,-22,175,378,-550,985,690,1,0
218546,1,walk,-211,-45,-20,174,400,-519,988,678,1,0
218573,1,walk,-177,-18,-15,183,353,-492,989,633,1,0
218600,1,walk,-131,-1,-10,204,277,-468,988,581,1,0
218626,1,walk,-96,8,-6,219,176,-472,989,549,1,0
218652,1,walk,-74,3,-2,212,63,-482,991,530,1,0
218678,1,walk,-69,6,0,214,-25,-479,993,525,1,0
218704,1,walk,-70,14,1,223,-118,-465,994,529,1,0
218731,1,walk,-63,30,0,234,-216,-439,995,543,1,0
218758,1,walk,-54,44,-1,234,-309,-399,996,556,1,0
218785,1,walk,-48,50,-1,218,-390,-331,996,556,1,0
218812,1,walk,-46,58,-2,154,-449,-258,997,541,1,0
218839,1,walk,-35,59,-1,65,-542,-168,997,571,1,0
218866,1,walk,-17,57,0,-38,-623,-53,997,627,1,0
218892,1,walk,12,70,-4,-153,-652,74,996,674,1,0
218918,1,walk,36,69,-4,-270,-641,141,996,710,1,0
218945,1,walk,29,58,-2,-324,-594,157,996,695,1,0
218971,1,walk,-4,46,-1,-290,-526,148,995,619,1,0
218998,1,walk,-28,48,-2,-170,-482,159,995,535,1,0
219025,1,walk,-36,64,-5,-43,-417,172,995,454,1,0
219052,1,walk,-23,82,-8,59,-351,188,995,403,1,0
219078,1,walk,16,84,-10,117,-260,213,994,355,1,0
219104,1,walk,65,76,-12,162,-130,247,991,323,1,0
219130,1,walk,110,63,-15,223,-53,283,990,364,1,0
219156,1,walk,139,52,-17,282,7,284,990,401,1,0
219182,1,walk,154,47,-17,316,26,244,992,400,1,0
219208,1,walk,167,47,-18,326,0,186,993,375,1,0
219234,1,walk,161,57,-18,311,-17,118,994,333,1,0
219269,1,walk,160,74,-20,244,-82,36,995,260,1,0
219295,1,walk,160,89,-23,168,-164,-36,996,238,1,0
219322,1,walk,159,99,-26,102,-238,-83,996,272,1,0
219349,1,walk,143,105,-24,6,-271,-121,997,297,1,0
219376,1,walk,138,102,-22,-122,-323,-148,997,376,1,0
219403,1,walk,154,92,-24,-237,-371,-158,997,468,1,0
219430,1,walk,151,87,-22,-325,-378,-198,998,537,1,0
219457,1,walk,144,66,-17,-389,-327,-253,997,567,1,0
219484,1,walk,111,33,-9,-408,-190,-288,994,534,1,0
219511,1,walk,64,3,-2,-353,-37,-313,991,474,1,0
219537,1,walk,18,-18,3,-216,90,-326,989,401,1,0
219563,1,walk,-24,-29,5,-51,213,-325,988,392,1,0
219589,1,walk,-54,-31,6,63,294,-309,990,431,1,0
219615,1,walk,-43,-22,7,126,314,-264,992,429,1,0
219641,1,walk,-17,-6,6,163,314,-226,993,420,1,0
219667,1,walk,14,7,3,182,273,-214,993,391,1,0
219693,1,walk,32,11,3,177,216,-212,994,351,1,0
219719,1,walk,38,9,4,167,144,-200,995,298,1,0
219745,1,walk,38,9,5,172,82,-173,997,257,1,0
219771,1,walk,29,16,5,187,21,-137,997,233,1,0
219797,1,walk,38,25,3,200,-56,-92,998,227,1,0
219823,1,walk,54,39,-1,195,-115,-30,997,228,1,0
219849,1,walk,64,51,-5,174,-177,49,997,253,1,0
219875,1,walk,74,61,-8,136,-236,145,997,308,1,0
219901,1,walk,73,73,-11,62,-262,237,997,359,1,0
219928,1,walk,74,71,-10,-49,-316,334,998,463,1,0
219955,1,walk,93,60,-11,-176,-367,472,997,624,1,0
219982,1,walk,95,43,-9,-321,-300,586,997,732,1,0
220009,1,walk,67,24,-3,-460,-184,599,996,777,1,0
220035,1,walk,51,0,2,-516,-101,545,996,758,1,0
220061,1,walk,30,-27,7,-461,3,485,995,669,1,0
220087,1,walk,12,-39,9,-325,76,455,995,564,1,0
220113,1,walk,-1,-31,10,-174,166,435,995,497,1,0
220139,1,walk,-6,-16,8,-52,258,392,996,472,1,0
220165,1,walk,6,-16,8,35,351,343,996,492,1,0
220191,1,walk,19,-29,9,106,426,313,996,539,1,0
220217,1,walk,25,-44,10,165,417,303,997,541,1,0
220243,1,walk,40,-41,8,198,351,281,997,491,1,0
220269,1,walk,52,-24,5,210,239,228,996,392,1,0
220295,1,walk,62,-5,1,217,94,151,996,280,1,0
220321,1,walk,61,10,0,221,-35,77,997,236,1,0
220347,1,walk,62,25,-3,215,-142,29,997,259,1,0
220373,1,walk,73,46,-9,210,-212,23,997,300,1,0
220399,1,walk,69,73,-14,187,-210,31,996,282,1,0
220425,1,walk,56,85,-15,123,-175,42,996,217,1,0
220451,1,walk,51,71,-11,20,-136,72,997,155,1,0
220477,1,walk,58,54,-9,-87,-112,109,997,179,1,0
220503,1,walk,54,45,-6,-169,-70,93,997,205,1,0
220529,1,walk,32,24,-1,-249,-1,20,996,249,1,0
220555,1,walk,-5,-14,4,-292,63,-65,993,306,1,0
220581,1,walk,-41,-58,7,-272,124,-122,989,323,1,0
220608,1,walk,-77,-78,8,-183,180,-148,989,296,1,0
220635,1,walk,-98,-80,9,-81,234,-155,990,292,1,0
220662,1,walk,-98,-73,10,-6,271,-151,992,310,1,0
220688,1,walk,-66,-57,10,46,267,-140,992,305,1,0
220714,1,walk,-39,-40,8,82,264,-121,993,302,1,0
220740,1,walk,-26,-23,7,113,186,-95,993,238,1,0
220766,1,walk,-10,-9,5,130,69,-74,994,165,1,0
220792,1,walk,2,-5,5,114,-37,-60,995,134,1,0
220818,1,walk,32,-13,3,70,-179,-57,994,200,1,0
220844,1,walk,71,-34,-1,10,-311,-75,992,320,1,0
220870,1,walk,85,-62,0,-30,-388,-91,992,400,1,0
220897,1,walk,78,-74,3,-27,-386,-67,994,392,1,0
220923,1,walk,62,-61,4,4,-298,4,995,298,1,0
220957,1,walk,41,-34,4,4,-160,82,994,180,1,0
220983,1,walk,19,-8,3,-4,-65,160,994,173,1,0
221009,1,walk,6,7,2,-4,1,267,994,267,1,0
221035,1,walk,-9,19,2,13,191,409,995,452,1,0
221061,1,walk,-16,28,1,8,262,483,995,550,1,0
221087,1,walk,-37,36,1,-35,283,483,995,561,1,0
221113,1,walk,-58,50,-2,-62,273,481,995,557,1,0
221139,1,walk,-69,55,-2,-74,280,478,996,559,1,0
221165,1,walk,-91,48,-2,-107,275,461,995,547,1,0
221192,1,walk,-91,35,0,-125,245,437,996,516,1,0
221218,1,walk,-61,10,4,-108,240,421,995,496,1,0
221244,1,walk,-31,-12,5,-66,243,414,993,484,1,0
221270,1,walk,-19,-30,7,-69,229,406,994,471,1,0
221296,1,walk,13,-40,6,-88,165,389,994,432,1,0
221322,1,walk,43,-40,4,-106,143,353,994,395,1,0
221348,1,walk,40,-31,4,-109,151,312,995,363,1,0
221374,1,walk,37,-25,5,-105,143,280,996,332,1,0
221400,1,walk,31,-21,6,-95,129,259,997,305,1,0
221426,1,walk,43,-13,3,-89,55,236,997,259,1,0
221452,1,walk,35,-18,5,-112,-32,177,997,212,1,0
221478,1,walk,20,-29,7,-128,-112,50,997,177,1,0
221504,1,walk,32,-40,7,-109,-215,-68,997,251,1,0
221531,1,walk,34,-47,8,-85,-305,-117,997,338,1,0
221558,1,walk,9,-43,9,-57,-300,-122,996,328,1,0
221584,1,walk,-37,-34,7,-37,-225,-122,994,259,1,0
221611,1,walk,-77,-27,5,-31,-145,-125,992,194,1,0
221638,1,walk,-112,-27,3,-38,-78,-129,992,155,1,0
221665,1,walk,-136,-38,3,-31,-29,-130,992,136,1,0
221691,1,walk,-132,-51,5,11,24,-114,993,117,1,0
221717,1,walk,-96,-50,7,81,71,-94,993,144,1,0
221743,1,walk,-44,-35,4,157,100,-85,991,205,1,0
221769,1,walk,-5,-28,2,197,107,-74,990,236,1,0
221795,1,walk,1,-29,5,188,112,-49,993,224,1,0
221821,1,walk,-16,-33,7,139,118,-17,994,183,1,0
221847,1,walk,-35,-45,9,57,106,9,995,121,1,0
221873,1,walk,-43,-63,10,-34,81,24,995,91,1,0
221899,1,walk,-35,-82,11,-109,42,36,995,123,1,0
221925,1,walk,-20,-99,11,-156,-10,43,995,162,1,0
221951,1,walk,-13,-109,12,-163,-52,47,996,177,1,0
221978,1,walk,-4,-103,12,-115,-91,54,997,156,1,0
222004,1,walk,15,-89,10,-52,-143,64,997,165,1,0
222030,1,walk,21,-67,9,20,-155,90,996,180,1,0
222056,1,walk,27,-48,7,57,-118,135,996,188,1,0
222082,1,walk,9,-27,7,63,40,192,996,206,1,0
222108,1,walk,-20,5,2,44,214,234,994,320,1,0
222134,1,walk,-53,44,-5,2,330,248,991,412,1,0
222160,1,walk,-80,73,-12,-68,345,235,990,423,1,0
222187,1,walk,-88,79,-11,-148,290,202,992,383,1,0
222214,1,walk,-92,69,-8,-186,255,162,993,355,1,0
222240,1,walk,-69,55,-5,-178,232,114,994,314,1,0
222266,1,walk,-44,33,-1,-151,229,85,994,287,1,0
222292,1,walk,-37,16,2,-105,231,79,995,265,1,0
222318,1,walk,-27,12,4,-47,195,78,996,215,1,0
222344,1,walk,-9,8,4,-12,125,69,996,143,1,0
222370,1,walk,4,4,5,0,49,48,997,69,1,0
222395,1,walk,17,-5,5,-2,-23,17,997,29,1,0
222421,1,walk,32,-12,5,1,-87,-18,997,89,1,0
222447,1,walk,60,-13,2,12,-147,-57,997,158,1,0
222473,1,walk,75,-12,1,26,-191,-96,997,216,1,0
222499,1,walk,80,-12,0,45,-229,-129,997,267,1,0
222526,1,walk,75,-9,1,62,-248,-161,998,302,1,0
222552,1,walk,65,-5,2,70,-260,-191,998,330,1,0
222578,1,walk,76,-1,0,56,-321,-211,998,388,1,0
222604,1,walk,83,-2,-1,1,-396,-211,998,449,1,0
222639,1,walk,49,2,1,-81,-346,-201,996,409,1,0
222665,1,walk,-1,5,1,-159,-260,-201,993,365,1,0
222692,1,walk,-45,6,0,-215,-185,-214,991,355,1,0
222719,1,walk,-105,-27,-4,-259,-106,-233,986,364,1,0
222746,1,walk,-108,-51,0,-231,-76,-222,988,329,1,0
222773,1,walk,-84,-66,3,-128,0,-201,990,239,1,0
222799,1,walk,-37,-60,3,13,76,-177,989,193,1,0
222825,1,walk,7,-46,1,131,129,-154,988,239,1,0
222851,1,walk,23,-35,1,197,169,-133,991,292,1,0
222877,1,walk,11,-31,4,200,198,-112,993,303,1,0
222903,1,walk,-6,-35,6,151,204,-94,994,270,1,0
222929,1,walk,-25,-48,7,71,205,-81,994,232,1,0
222955,1,walk,-31,-62,9,4,191,-74,995,205,1,0
222981,1,walk,-23,-69,10,-23,162,-73,996,179,1,0
223007,1,walk,-10,-70,10,-7,100,-74,996,124,1,0
223033,1,walk,-5,-67,10,34,34,-63,997,79,1,0
223059,1,walk,-2,-54,10,89,-19,-15,997,92,1,0
223085,1,walk,13,-35,7,136,-78,62,996,169,1,0
223111,1,walk,24,-15,5,153,-118,152,996,246,1,0
223137,1,walk,26,2,3,125,-78,236,996,278,1,0
223163,1,walk,-9,23,0,84,40,296,994,311,1,0
223189,1,walk,-45,44,-4,47,133,319,993,348,1,0
223215,1,walk,-114,58,-16,-4,199,314,986,372,1,0
223242,1,walk,-138,63,-17,-60,161,290,988,337,1,0
223269,1,walk,-127,62,-13,-92,127,269,990,311,1,0
223296,1,walk,-95,56,-9,-88,118,236,991,279,1,0
223322,1,walk,-61,45,-5,-69,132,211,991,258,1,0
223348,1,walk,-34,37,-3,-51,143,192,992,244,1,0
223374,1,walk,-16,31,-1,-41,114,174,993,212,1,0
223400,1,walk,6,26,0,-35,44,153,994,163,1,0
223426,1,walk,28,16,1,-37,-32,123,995,132,1,0
223452,1,walk,45,7,1,-37,-79,87,995,123,1,0
223478,1,walk,53,0,2,-21,-101,44,996,112,1,0
223504,1,walk,74,2,0,20,-122,1,996,124,1,0
223530,1,walk,97,4,-4,75,-148,-33,996,169,1,0
223556,1,walk,111,5,-6,120,-183,-56,996,226,1,0
223583,1,walk,106,3,-4,132,-203,-87,997,258,1,0
223610,1,walk,83,3,-2,119,-195,-133,996,264,1,0
223636,1,walk,83,5,-2,68,-210,-184,997,287,1,0
223662,1,walk,69,9,0,-26,-237,-232,997,332,1,0
223688,1,walk,54,8,1,-133,-236,-259,997,375,1,0
223714,1,walk,30,6,3,-237,-186,-263,997,400,1,0
223740,1,walk,-5,6,4,-309,-135,-255,996,423,1,0
223766,1,walk,-49,-4,3,-341,-108,-257,993,440,1,0
223793,1,walk,-69,-17,4,-316,-109,-272,994,431,1,0
223820,1,walk,-87,-52,5,-246,-75,-258,993,364,1,0
223847,1,walk,-71,-76,7,-125,-17,-216,993,250,1,0
223873,1,walk,-20,-68,4,29,28,-167,990,171,1,0
223899,1,walk,25,-47,0,165,55,-127,989,215,1,0
223925,1,walk,38,-31,0,242,84,-99,991,274,1,0
223951,1,walk,28,-26,2,253,106,-76,993,284,1,0
223977,1,walk,13,-32,5,204,110,-51,994,237,1,0
224003,1,walk,-3,-48,7,123,98,-23,994,159,1,0
224029,1,walk,-3,-64,8,51,71,5,995,88,1,0
224055,1,walk,14,-73,8,10,27,30,996,41,1,0
224081,1,walk,22,-75,8,-3,-20,51,996,55,1,0
224107,1,walk,19,-73,9,1,-50,77,997,92,1,0
224133,1,walk,14,-60,9,23,-61,111,997,129,1,0
224159,1,walk,21,-40,7,40,-77,150,997,174,1,0
224185,1,walk,33,-25,5,35,-83,198,997,217,1,0
224211,1,walk,51,-17,3,11,-17,263,997,264,1,0
224237,1,walk,26,0,2,-22,123,337,996,359,1,0
224263,1,walk,-18,25,-1,-62,265,387,993,473,1,0
224290,1,walk,-58,53,-7,-120,353,396,990,544,1,0
224325,1,walk,-83,93,-17,-158,307,368,988,505,1,0
224352,1,walk,-69,99,-15,-163,234,322,990,430,1,0
224378,1,walk,-40,77,-10,-124,187,286,991,363,1,0
224404,1,walk,-23,56,-6,-55,184,291,992,349,1,0
224430,1,walk,-11,48,-3,17,182,316,994,365,1,0
224456,1,walk,-5,45,-2,64,152,331,995,369,1,0
224482,1,walk,2,39,-1,68,85,321,996,339,1,0
224508,1,walk,15,26,1,40,17,293,996,296,1,0
224534,1,walk,31,12,1,6,-30,259,996,261,1,0
224560,1,walk,52,3,0,-12,-66,230,995,239,1,0
224586,1,walk,80,-5,-3,-14,-105,205,995,231,1,0
224612,1,walk,93,-12,-3,0,-129,182,995,223,1,0
224638,1,walk,90,-18,-2,31,-125,151,996,198,1,0
224664,1,walk,69,-22,1,71,-117,109,996,174,1,0
224690,1,walk,72,-20,1,84,-163,65,997,194,1,0
224716,1,walk,72,-16,1,46,-211,25,997,218,1,0
224742,1,walk,52,-11,2,-37,-210,-11,997,214,1,0
224769,1,walk,13,-8,4,-147,-126,-45,995,199,1,0
224795,1,walk,-18,-5,4,-245,-29,-66,995,256,1,0
224822,1,walk,-57,-6,3,-317,30,-76,993,327,1,0
224848,1,walk,-91,-22,3,-349,6,-77,992,357,1,0
224874,1,walk,-108,-51,3,-323,-39,-69,992,333,1,0
224901,1,walk,-115,-72,4,-211,-60,-78,993,232,1,0
224928,1,walk,-84,-90,6,-60,-74,-67,993,116,1,0
224954,1,walk,-38,-91,5,87,-80,-71,991,137,1,0
224980,1,walk,-5,-87,5,184,-71,-80,992,213,1,0
225006,1,walk,12,-83,5,218,-49,-86,993,239,1,0
225032,1,walk,12,-82,7,190,-13,-87,994,210,1,0
225058,1,walk,4,-80,8,130,20,-88,995,158,1,0
225084,1,walk,3,-82,8,64,36,-93,996,118,1,0
225110,1,walk,7,-89,9,12,40,-100,997,108,1,0
225136,1,walk,13,-96,9,-11,40,-102,997,110,1,0
225162,1,walk,15,-95,9,4,40,-101,998,109,1,0
225188,1,walk,7,-86,9,43,48,-101,998,120,1,0
225214,1,walk,1,-73,9,84,47,-91,998,133,1,0
225240,1,walk,4,-56,9,109,40,-52,998,127,1,0
225266,1,walk,14,-36,7,105,14,23,997,108,1,0
225292,1,walk,21,-12,5,59,42,119,997,139,1,0
225318,1,walk,-10,15,2,-19,123,188,995,225,1,0
225344,1,walk,-54,40,-3,-102,201,195,992,298,1,0
225371,1,walk,-102,65,-12,-164,240,139,988,322,1,0
225398,1,walk,-127,65,-12,-196,198,97,990,295,1,0
225425,1,walk,-114,59,-8,-150,124,80,992,211,1,0
225451,1,walk,-79,55,-6,-54,73,77,992,119,1,0
225477,1,walk,-53,49,-3,45,67,84,993,116,1,0
225503,1,walk,-26,48,-2,115,59,91,993,158,1,0
225529,1,walk,-1,50,-3,136,27,89,994,165,1,0
225555,1,walk,17,46,-2,115,-33,72,995,140,1,0
225581,1,walk,30,32,0,71,-91,48,995,125,1,0
225607,1,walk,46,15,0,26,-134,20,995,138,1,0
225633,1,walk,61,8,0,6,-160,-15,996,161,1,0
225659,1,walk,88,9,-4,21,-198,-56,995,207,1,0
225685,1,walk,110,9,-7,52,-249,-100,996,273,1,0
225711,1,walk,111,5,-6,81,-283,-142,996,327,1,0
225737,1,walk,106,2,-5,94,-310,-174,997,367,1,0
225763,1,walk,100,-2,-3,68,-316,-201,997,381,1,0
225790,1,walk,112,-3,-5,1,-342,-229,997,411,1,0
225816,1,walk,88,3,-3,-83,-297,-261,997,404,1,0
225843,1,walk,59,10,-1,-162,-178,-288,996,375,1,0
225870,1,walk,30,17,1,-213,-60,-293,996,367,1,0
225896,1,walk,-3,19,2,-227,20,-274,995,356,1,0
225922,1,walk,-38,4,3,-218,53,-236,993,326,1,0
225948,1,walk,-71,-26,3,-197,70,-184,992,279,1,0
225975,1,walk,-87,-47,4,-143,100,-134,993,220,1,0
226009,1,walk,-71,-50,6,-58,154,-135,994,212,1,0
226035,1,walk,-40,-54,6,2,195,-163,994,254,1,0
226061,1,walk,-17,-61,6,28,224,-182,994,290,1,0
226087,1,walk,-9,-68,7,31,236,-181,995,299,1,0
226113,1,walk,-14,-73,8,23,233,-167,996,287,1,0
226139,1,walk,-26,-80,9,9,222,-150,996,268,1,0
226165,1,walk,-32,-86,9,-2,205,-145,997,251,1,0
226191,1,walk,-22,-86,9,0,166,-158,998,230,1,0
226217,1,walk,-11,-82,9,13,116,-172,998,208,1,0
226243,1,walk,0,-76,9,26,61,-173,998,185,1,0
226269,1,walk,0,-67,9,42,47,-154,998,166,1,0
226295,1,walk,3,-51,8,59,43,-115,998,137,1,0
226321,1,walk,8,-31,7,75,26,-48,997,93,1,0
226347,1,walk,26,-19,5,68,-28,47,997,87,1,0
226373,1,walk,14,-1,4,57,-8,159,997,169,1,0
226399,1,walk,-32,24,-1,32,51,228,993,236,1,0
226425,1,walk,-112,54,-17,-8,111,243,982,268,1,0
226452,1,walk,-154,75,-23,-62,86,226,982,249,1,0
226478,1,walk,-165,68,-20,-101,16,202,986,227,1,0
226505,1,walk,-122,70,-15,-51,-47,159,987,174,1,0
226531,1,walk,-74,58,-10,18,-56,135,986,147,1,0
226557,1,walk,-36,52,-7,85,-36,135,988,163,1,0
226583,1,walk,-12,54,-6,126,-17,140,990,189,1,0
226609,1,walk,3,53,-4,128,-24,134,991,186,1,0
226635,1,walk,16,45,-2,99,-43,111,993,155,1,0
226661,1,walk,32,36,-1,65,-62,78,994,120,1,0
226687,1,walk,58,28,-2,45,-94,40,994,111,1,0
226713,1,walk,85,23,-5,49,-138,6,994,147,1,0
226739,1,walk,111,25,-9,78,-202,-20,994,218,1,0
226765,1,walk,128,23,-11,112,-264,-44,995,290,1,0
226792,1,walk,128,12,-9,128,-309,-70,996,342,1,0
226819,1,walk,118,2,-6,133,-324,-111,996,368,1,0
226846,1,walk,111,2,-5,136,-326,-169,997,391,1,0
226873,1,walk,109,4,-4,100,-334,-239,997,423,1,0
226899,1,walk,92,6,-2,18,-272,-300,997,406,1,0
226925,1,walk,64,11,0,-76,-139,-320,996,357,1,0
226951,1,walk,31,18,1,-170,8,-296,995,341,1,0
226977,1,walk,-11,29,1,-248,119,-259,993,378,1,0
227004,1,walk,-50,27,1,-308,153,-230,992,414,1,0
227031,1,walk,-78,0,2,-329,137,-205,992,412,1,0
227057,1,walk,-81,-36,4,-283,117,-171,991,351,1,0
227084,1,walk,-54,-61,5,-170,103,-134,992,239,1,0
227110,1,walk,-19,-75,5,-50,86,-117,991,153,1,0
227136,1,walk,-2,-80,6,42,74,-117,993,144,1,0
227162,1,walk,-5,-82,7,83,62,-123,994,161,1,0
227188,1,walk,-21,-83,9,81,52,-133,995,164,1,0
227214,1,walk,-30,-86,9,53,33,-150,996,162,1,0
227240,1,walk,-26,-89,10,20,22,-182,997,184,1,0
227266,1,walk,-8,-94,9,-4,7,-223,997,223,1,0
227292,1,walk,14,-91,8,-2,-12,-255,997,255,1,0
227318,1,walk,24,-80,7,20,-26,-261,997,263,1,0
227344,1,walk,21,-65,8,50,-29,-228,997,235,1,0
227370,1,walk,18,-45,7,73,-32,-150,997,169,1,0
227396,1,walk,17,-18,6,71,-56,-32,996,95,1,0
227422,1,walk,26,6,3,16,-61,92,996,111,1,0
227448,1,walk,5,37,0,-66,17,185,994,197,1,0
227474,1,walk,-31,65,-4,-135,119,215,992,281,1,0
227501,1,walk,-71,91,-11,-172,191,187,990,317,1,0
227528,1,walk,-100,103,-14,-169,190,131,990,286,1,0
227555,1,walk,-87,94,-10,-123,128,95,992,201,1,0
227581,1,walk,-57,76,-6,-35,71,98,992,126,1,0
227607,1,walk,-24,62,-4,58,52,125,992,147,1,0
227633,1,walk,3,56,-3,116,59,151,993,200,1,0
227659,1,walk,11,57,-3,129,60,158,994,212,1,0
227693,1,walk,22,53,-2,92,31,134,995,166,1,0
227719,1,walk,34,41,-1,34,-6,106,995,111,1,0
227745,1,walk,52,35,-2,-13,-56,82,995,100,1,0
227771,1,walk,77,34,-5,-37,-116,59,995,135,1,0
227797,1,walk,101,32,-8,-37,-183,41,995,191,1,0
227823,1,walk,125,28,-12,-10,-250,35,995,253,1,0
227849,1,walk,130,18,-11,27,-296,40,996,300,1,0
227875,1,walk,122,8,-8,66,-315,41,997,325,1,0
227901,1,walk,117,3,-7,94,-307,23,997,322,1,0
227927,1,walk,123,2,-8,83,-302,-14,997,313,1,0
227953,1,walk,136,-4,-10,21,-303,-47,997,307,1,0
227980,1,walk,119,-3,-7,-70,-212,-61,997,232,1,0
228006,1,walk,79,4,-4,-171,-76,-73,995,201,1,0
228032,1,walk,27,13,-2,-257,52,-103,992,281,1,0
228058,1,walk,-28,9,-1,-311,148,-137,989,370,1,0
228085,1,walk,-69,-10,1,-321,185,-144,988,397,1,0
228112,1,walk,-130,-56,-6,-277,253,-137,981,399,1,0
228139,1,walk,-110,-58,-1,-134,270,-101,985,318,1,0
228165,1,walk,-60,-47,0,26,284,-68,985,293,1,0
228191,1,walk,-25,-34,1,147,286,-44,987,325,1,0
228217,1,walk,-17,-28,3,199,284,-18,990,347,1,0
228243,1,walk,-32,-28,5,180,274,6,991,328,1,0
228269,1,walk,-47,-35,7,105,236,28,993,260,1,0
228295,1,walk,-56,-50,8,12,184,46,994,190,1,0
228321,1,walk,-49,-66,9,-61,129,58,995,154,1,0
228347,1,walk,-23,-77,9,-91,70,60,995,130,1,0
228373,1,walk,1,-80,8,-78,0,57,995,96,1,0
228399,1,walk,7,-82,8,-39,-62,58,996,94,1,0
228425,1,walk,1,-77,9,22,-101,74,997,127,1,0
228451,1,walk,1,-62,9,91,-126,103,997,186,1,0
228477,1,walk,10,-40,8,144,-163,147,996,263,1,0
228503,1,walk,24,-25,6,155,-173,203,996,309,1,0
228529,1,walk,19,-6,5,151,-96,261,996,317,1,0
228555,1,walk,-15,21,3,141,5,304,994,335,1,0
228581,1,walk,-51,55,-3,110,58,318,991,341,1,0
228607,1,walk,-70,80,-6,47,34,308,991,313,1,0
228633,1,walk,-98,89,-9,-21,16,284,992,285,1,0
228659,1,walk,-76,89,-7,-42,8,246,993,249,1,0
228685,1,walk,-45,79,-5,-29,47,202,993,209,1,0
228711,1,walk,-17,69,-4,3,102,174,993,202,1,0
228737,1,walk,0,59,-2,28,138,168,994,219,1,0
228763,1,walk,11,51,0,36,124,169,995,213,1,0
228789,1,walk,26,44,0,27,78,161,996,181,1,0
228815,1,walk,42,38,-1,10,19,138,996,140,1,0
228841,1,walk,60,29,-2,-5,-38,107,996,114,1,0
228867,1,walk,83,22,-4,-4,-101,72,996,124,1,0
228893,1,walk,108,19,-8,15,-159,40,996,165,1,0
228919,1,walk,118,15,-9,38,-211,2,996,214,1,0
228945,1,walk,118,10,-8,60,-251,-38,997,261,1,0
228971,1,walk,110,3,-6,76,-281,-75,997,300,1,0
228997,1,walk,103,-1,-4,83,-307,-110,997,336,1,0
229023,1,walk,106,-2,-5,67,-340,-152,998,378,1,0
229049,1,walk,99,1,-4,28,-341,-203,998,398,1,0
229075,1,walk,77,4,-1,-26,-248,-235,998,343,1,0
229101,1,walk,42,12,1,-75,-99,-238,996,269,1,0
229127,1,walk,1,22,1,-109,22,-227,994,253,1,0
229153,1,walk,-45,19,2,-139,76,-212,992,265,1,0
229180,1,walk,-80,-2,3,-158,67,-196,991,260,1,0
229206,1,walk,-100,-33,4,-138,45,-182,991,233,1,0
229233,1,walk,-89,-52,6,-62,52,-187,992,203,1,0
229259,1,walk,-51,-56,6,26,79,-209,992,225,1,0
229285,1,walk,-21,-52,6,92,119,-234,992,278,1,0
229311,1,walk,-6,-45,6,126,151,-245,993,314,1,0
229337,1,walk,-8,-42,7,119,166,-241,994,316,1,0
229371,1,walk,-16,-46,8,70,153,-232,995,287,1,0
229397,1,walk,-16,-52,9,23,124,-234,996,266,1,0
229423,1,walk,-7,-57,9,10,84,-243,997,257,1,0
229449,1,walk,12,-57,8,25,25,-241,997,243,1,0
229475,1,walk,21,-52,8,67,-48,-223,997,238,1,0
229501,1,walk,18,-43,8,119,-105,-194,998,251,1,0
229527,1,walk,11,-29,8,169,-139,-156,998,269,1,0
229553,1,walk,15,-13,6,203,-163,-107,997,281,1,0
229579,1,walk,32,-1,3,202,-190,-40,997,280,1,0
229605,1,walk,55,19,-2,178,-135,38,996,227,1,0
229631,1,walk,19,39,-2,130,7,89,994,158,1,0
229657,1,walk,-31,58,-5,71,123,109,991,179,1,0
229683,1,walk,-62,75,-7,1,162,111,991,197,1,0
229709,1,walk,-147,50,-18,-92,217,103,980,257,1,0
229736,1,walk,-127,59,-14,-87,179,96,984,221,1,0
229762,1,walk,-84,61,-10,-49,166,78,985,190,1,0
229788,1,walk,-46,60,-8,-6,171,64,987,183,1,0
229814,1,walk,-21,57,-6,26,177,60,989,189,1,0
229840,1,walk,-8,53,-4,38,154,61,991,170,1,0
229866,1,walk,8,47,-3,28,97,60,993,117,1,0
229892,1,walk,29,36,-2,7,25,49,993,56,1,0
229918,1,walk,43,28,-2,-2,-35,28,994,45,1,0
229944,1,walk,62,26,-3,12,-92,-2,995,93,1,0
229970,1,walk,85,26,-6,42,-144,-33,995,154,1,0
229996,1,walk,97,26,-7,74,-192,-53,996,213,1,0
230022,1,walk,103,24,-8,92,-236,-67,996,262,1,0
230049,1,walk,96,20,-6,75,-255,-94,997,282,1,0
230075,1,walk,85,15,-4,30,-251,-149,997,294,1,0
230102,1,walk,83,13,-3,-29,-262,-215,997,340,1,0
230129,1,walk,91,8,-4,-96,-292,-260,998,403,1,0
230156,1,walk,80,7,-2,-153,-236,-274,998,392,1,0
230183,1,walk,40,13,0,-194,-134,-271,996,359,1,0
230210,1,walk,-12,13,2,-227,-37,-272,993,356,1,0
230237,1,walk,-54,0,3,-246,17,-269,991,365,1,0
230263,1,walk,-120,-38,-4,-251,77,-266,984,373,1,0
230290,1,walk,-115,-63,0,-202,98,-272,987,353,1,0
230317,1,walk,-78,-73,3,-115,127,-291,988,338,1,0
230344,1,walk,-32,-65,2,-18,137,-324,987,352,1,0
230370,1,walk,-5,-54,3,56,133,-354,989,382,1,0
230396,1,walk,-8,-45,5,93,127,-375,992,407,1,0
230422,1,walk,-18,-41,7,88,113,-382,994,408,1,0
230448,1,walk,-31,-48,8,49,89,-375,994,389,1,0
230474,1,walk,-29,-57,10,-3,56,-362,996,366,1,0
230500,1,walk,-5,-64,9,-41,15,-360,996,363,1,0
230527,1,walk,20,-65,7,-49,-37,-371,996,376,1,0
230553,1,walk,34,-61,6,-27,-87,-368,996,379,1,0
230579,1,walk,39,-54,6,6,-119,-336,997,356,1,0
230605,1,walk,32,-44,6,36,-126,-275,997,304,1,0
230631,1,walk,28,-24,6,72,-107,-183,997,224,1,0
230657,1,walk,32,1,3,96,-40,-89,996,137,1,0
230683,1,walk,8,27,2,98,98,-15,995,139,1,0
230709,1,walk,-34,56,-3,82,239,46,992,257,1,0
230735,1,walk,-65,88,-9,43,303,93,990,319,1,0
230761,1,walk,-110,112,-17,-19,286,127,988,313,1,0
230788,1,walk,-113,113,-15,-97,208,161,990,280,1,0
230815,1,walk,-102,99,-10,-142,150,176,992,271,1,0
230842,1,walk,-85,78,-5,-139,121,178,993,256,1,0
230868,1,walk,-60,55,-2,-110,97,175,993,228,1,0
230894,1,walk,-35,37,1,-67,61,174,993,196,1,0
230920,1,walk,-11,26,2,-24,1,174,994,176,1,0
230946,1,walk,12,19,2,11,-66,166,994,180,1,0
230972,1,walk,31,15,1,43,-118,147,995,193,1,0
230998,1,walk,63,14,-3,67,-165,122,994,216,1,0
231024,1,walk,78,20,-5,88,-196,97,995,236,1,0
231058,1,walk,103,24,-9,102,-241,79,995,273,1,0
231084,1,walk,110,22,-9,97,-272,56,996,295,1,0
231110,1,walk,109,18,-8,85,-288,20,997,301,1,0
231136,1,walk,107,9,-6,66,-267,-30,997,277,1,0
231162,1,walk,108,0,-6,26,-280,-75,997,291,1,0
231188,1,walk,109,-6,-6,-41,-298,-126,998,326,1,0
231215,1,walk,76,-10,-1,-112,-223,-170,996,301,1,0
231241,1,walk,38,-7,2,-176,-131,-199,995,296,1,0
231267,1,walk,-7,-4,3,-225,-48,-228,993,324,1,0
231293,1,walk,-51,-11,4,-264,6,-249,991,364,1,0
231320,1,walk,-75,-19,6,-263,21,-269,992,377,1,0
231346,1,walk,-81,-43,7,-220,45,-268,993,349,1,0
231373,1,walk,-50,-61,8,-138,87,-265,993,312,1,0
231400,1,walk,-9,-52,5,-37,142,-260,992,298,1,0
231426,1,walk,18,-33,2,48,185,-253,992,317,1,0
231452,1,walk,17,-22,4,89,207,-237,994,327,1,0
231478,1,walk,-1,-22,6,82,210,-207,995,306,1,0
231504,1,walk,-25,-35,8,33,197,-178,995,268,1,0
231530,1,walk,-27,-51,9,-23,151,-149,996,213,1,0
231556,1,walk,-11,-70,9,-67,106,-126,996,178,1,0
231582,1,walk,12,-77,7,-76,50,-107,996,140,1,0
231608,1,walk,21,-73,7,-57,0,-87,996,104,1,0
231634,1,walk,12,-68,8,-32,-23,-55,997,68,1,0
231660,1,walk,2,-61,9,-7,-16,-1,997,18,1,0
231685,1,walk,10,-42,7,22,1,72,997,75,1,0
231711,1,walk,19,-25,5,29,9,173,996,175,1,0
231737,1,walk,21,-10,5,8,84,301,997,313,1,0
231763,1,walk,-15,15,3,-23,208,394,994,446,1,0
231789,1,walk,-54,36,0,-67,293,422,992,518,1,0
231815,1,walk,-143,48,-17,-121,359,378,980,535,1,0
231842,1,walk,-165,44,-15,-163,287,337,984,472,1,0
231869,1,walk,-140,39,-9,-141,196,306,987,390,1,0
231895,1,walk,-110,26,-4,-86,160,282,988,336,1,0
231921,1,walk,-75,20,-1,-27,167,276,989,324,1,0
231947,1,walk,-48,21,0,9,179,278,991,330,1,0
231973,1,walk,-31,24,1,16,148,273,992,311,1,0
231999,1,walk,-20,25,2,5,89,261,993,276,1,0
232025,1,walk,-1,20,2,-13,13,244,994,245,1,0
232051,1,walk,23,16,1,-29,-71,221,994,234,1,0
232077,1,walk,47,13,0,-32,-158,190,994,249,1,0
232103,1,walk,68,6,-2,-20,-242,159,995,291,1,0
232129,1,walk,88,0,-3,1,-325,127,995,349,1,0
232155,1,walk,102,-6,-5,28,-400,88,996,410,1,0
232181,1,walk,106,-20,-4,49,-443,45,996,447,1,0
232207,1,walk,95,-31,-2,64,-421,5,996,426,1,0
232233,1,walk,95,-32,-2,69,-382,-32,997,389,1,0
232259,1,walk,92,-22,-2,42,-330,-77,997,342,1,0
232285,1,walk,60,-14,1,-26,-242,-113,996,268,1,0
232311,1,walk,14,-6,3,-108,-133,-133,994,217,1,0
232338,1,walk,-27,0,3,-162,-37,-149,992,223,1,0
232364,1,walk,-64,-5,3,-187,8,-157,992,244,1,0
232390,1,walk,-79,-19,5,-165,21,-142,992,219,1,0
232416,1,walk,-70,-29,7,-95,47,-117,994,158,1,0
232442,1,walk,-40,-30,7,4,90,-97,994,133,1,0
232468,1,walk,-9,-23,5,96,156,-77,994,198,1,0
232494,1,walk,6,-14,5,156,205,-39,995,261,1,0
232520,1,walk,-7,-9,6,176,221,13,996,283,1,0
232546,1,walk,-30,-10,7,163,203,64,996,269,1,0
232572,1,walk,-40,-21,8,126,156,99,996,224,1,0
232598,1,walk,-36,-40,9,89,103,117,996,179,1,0
232624,1,walk,-13,-58,8,65,45,130,996,152,1,0
232650,1,walk,9,-70,6,59,-19,135,996,148,1,0
232676,1,walk,18,-78,6,56,-74,130,996,160,1,0
232702,1,walk,9,-76,7,52,-106,121,997,169,1,0
232736,1,walk,11,-61,7,51,-114,129,997,180,1,0
232762,1,walk,14,-50,7,37,-114,184,997,220,1,0
232788,1,walk,22,-33,6,7,-57,273,997,279,1,0
232814,1,walk,3,-2,4,-7,39,298,995,301,1,0
232840,1,walk,-30,19,2,-9,140,281,994,314,1,0
232866,1,walk,-60,37,0,-11,177,270,993,323,1,0
232892,1,walk,-72,49,0,-17,112,256,994,280,1,0
232918,1,walk,-66,49,1,-14,61,213,995,222,1,0
232944,1,walk,-51,40,2,8,67,151,996,165,1,0
232970,1,walk,-23,35,2,46,104,89,995,145,1,0
232996,1,walk,-2,33,2,79,153,36,996,176,1,0
233022,1,walk,11,30,1,87,168,-5,996,189,1,0
233048,1,walk,23,25,1,74,143,-34,997,164,1,0
233074,1,walk,41,20,0,45,97,-56,996,121,1,0
233100,1,walk,55,21,-2,18,51,-86,997,102,1,0
233126,1,walk,68,23,-3,6,6,-129,997,129,1,0
233152,1,walk,75,18,-3,3,-34,-179,997,183,1,0
233178,1,walk,87,14,-5,16,-78,-224,998,238,1,0
233204,1,walk,94,11,-6,39,-123,-261,998,291,1,0
233230,1,walk,85,11,-4,67,-153,-306,998,348,1,0
233256,1,walk,68,12,-2,91,-166,-362,998,409,1,0
233282,1,walk,70,14,-3,88,-215,-407,998,469,1,0
233308,1,walk,81,17,-5,53,-290,-417,998,511,1,0
233334,1,walk,67,25,-4,-4,-321,-403,998,515,1,0
233361,1,walk,20,33,-2,-89,-271,-382,995,477,1,0
233388,1,walk,-32,39,-3,-160,-209,-375,992,458,1,0
233415,1,walk,-76,28,-2,-203,-152,-377,990,455,1,0
233442,1,walk,-101,0,-1,-199,-108,-369,990,433,1,0
233469,1,walk,-99,-22,2,-126,-24,-354,991,377,1,0
233495,1,walk,-71,-28,4,-5,91,-347,992,358,1,0
233521,1,walk,-30,-15,2,116,202,-344,991,415,1,0
233547,1,walk,3,4,-1,195,273,-338,991,476,1,0
233573,1,walk,13,18,-1,218,281,-321,993,479,1,0
233599,1,walk,4,18,1,190,250,-289,994,427,1,0
233625,1,walk,-15,7,3,129,208,-250,995,349,1,0
233651,1,walk,-24,-11,5,61,153,-213,995,270,1,0
233677,1,walk,-19,-31,6,5,85,-192,996,211,1,0
233703,1,walk,-11,-43,7,-9,13,-190,996,190,1,0
233729,1,walk,-9,-46,7,12,-60,-187,997,196,1,0
233755,1,walk,-9,-39,8,55,-121,-170,997,216,1,0
233781,1,walk,-12,-25,7,96,-159,-136,997,230,1,0
233807,1,walk,1,-6,5,125,-202,-75,997,249,1,0
233833,1,walk,28,14,0,129,-270,39,995,302,1,0
233859,1,walk,50,31,-5,77,-304,197,995,370,1,0
233885,1,walk,20,51,-5,-6,-249,329,994,412,1,0
233911,1,walk,-30,69,-8,-56,-199,373,991,427,1,0
233938,1,walk,-78,79,-11,-60,-201,317,989,380,1,0
233965,1,walk,-81,63,-6,-52,-280,220,991,360,1,0
233991,1,walk,-55,32,-3,-5,-357,147,990,386,1,0
234017,1,walk,-15,10,-3,76,-375,118,989,401,1,0
234043,1,walk,29,5,-6,131,-334,102,989,373,1,0
234069,1,walk,63,15,-10,129,-252,64,989,290,1,0
234095,1,walk,82,25,-12,61,-197,-12,991,206,1,0
234122,1,walk,99,18,-12,-47,-165,-107,992,202,1,0
234149,1,walk,114,0,-12,-146,-118,-196,993,271,1,0
234176,1,walk,130,-10,-14,-201,-51,-268,994,339,1,0
234203,1,walk,151,-9,-18,-203,16,-322,995,381,1,0
234230,1,walk,175,-5,-25,-172,62,-354,994,398,1,0
234257,1,walk,186,-2,-28,-134,89,-367,995,401,1,0
234284,1,walk,167,-1,-23,-108,114,-379,996,411,1,0
234311,1,walk,125,-3,-15,-96,134,-392,994,425,1,0
234337,1,walk,106,-3,-10,-104,95,-399,995,424,1,0
234364,1,walk,97,1,-8,-143,-2,-403,996,428,1,0
234390,1,walk,69,5,-4,-192,-39,-411,996,455,1,0
234425,1,walk,16,6,0,-230,-9,-406,992,467,1,0
234451,1,walk,-32,6,2,-241,13,-402,990,469,1,0
234477,1,walk,-68,-8,4,-230,30,-398,990,461,1,0
234503,1,walk,-91,-26,6,-174,46,-385,991,425,1,0
234529,1,walk,-75,-37,7,-81,62,-367,992,381,1,0
234555,1,walk,-44,-36,7,9,95,-355,992,367,1,0
234581,1,walk,-15,-26,6,69,131,-346,993,376,1,0
234607,1,walk,3,-18,4,89,154,-333,994,377,1,0
234633,1,walk,2,-18,6,73,165,-308,995,357,1,0
234659,1,walk,-6,-19,7,44,172,-272,996,325,1,0
234685,1,walk,-13,-23,9,13,172,-230,997,288,1,0
234711,1,walk,-15,-33,10,-14,154,-187,997,243,1,0
234737,1,walk,-7,-45,9,-31,117,-147,997,190,1,0
234763,1,walk,3,-55,9,-31,78,-118,998,145,1,0
234789,1,walk,4,-59,8,-11,51,-101,998,114,1,0
234815,1,walk,3,-60,9,14,28,-82,998,87,1,0
234841,1,walk,13,-53,8,33,-10,-52,998,62,1,0
234867,1,walk,19,-38,6,50,-44,-7,998,67,1,0
234893,1,walk,21,-26,6,50,-36,40,998,74,1,0
234919,1,walk,-3,-5,5,52,89,78,996,130,1,0
234945,1,walk,-33,28,2,56,209,107,994,241,1,0
234971,1,walk,-63,59,-2,26,271,128,992,301,1,0
234997,1,walk,-92,74,-4,-44,270,145,992,309,1,0
235024,1,walk,-110,74,-4,-117,255,153,993,319,1,0
235051,1,walk,-100,68,-1,-136,244,141,994,313,1,0
235078,1,walk,-69,56,0,-111,233,123,994,286,1,0
235104,1,walk,-44,42,1,-60,232,118,994,267,1,0
235130,1,walk,-33,31,3,-7,216,129,995,252,1,0
235156,1,walk,-28,21,4,29,172,139,996,223,1,0
235182,1,walk,-21,10,6,42,106,132,997,174,1,0
235208,1,walk,-9,4,6,44,37,103,997,118,1,0
235234,1,walk,10,1,4,41,-32,57,997,77,1,0
235260,1,walk,36,-1,2,39,-92,9,997,101,1,0
235286,1,walk,69,0,-4,39,-148,-29,995,156,1,0
235312,1,walk,91,1,-8,38,-198,-63,995,211,1,0
235338,1,walk,91,-2,-7,42,-240,-99,996,263,1,0
235364,1,walk,70,-6,-3,60,-251,-134,996,290,1,0
235390,1,walk,51,-8,0,65,-246,-169,996,306,1,0
235416,1,walk,27,-6,2,46,-214,-212,996,304,1,0
235442,1,walk,-8,0,4,14,-80,-252,995,265,1,0
235468,1,walk,-39,7,4,-38,57,-270,994,279,1,0
235494,1,walk,-63,11,5,-112,147,-277,995,333,1,0
235521,1,walk,-91,5,5,-187,184,-284,994,387,1,0
235548,1,walk,-110,-12,5,-225,181,-281,994,403,1,0
235575,1,walk,-119,-34,6,-187,179,-257,994,365,1,0
235602,1,walk,-106,-48,8,-91,176,-225,995,300,1,0
235629,1,walk,-73,-47,7,25,156,-200,995,255,1,0
235655,1,walk,-47,-40,7,123,121,-185,995,253,1,0
235681,1,walk,-43,-37,8,183,82,-174,996,266,1,0
235707,1,walk,-47,-37,9,203,48,-159,997,262,1,0
235733,1,walk,-60,-37,9,194,29,-139,997,241,1,0
235759,1,walk,-62,-37,9,165,1,-116,997,201,1,0
235785,1,walk,-48,-38,9,126,-44,-96,998,164,1,0
235811,1,walk,-31,-36,9,95,-96,-79,998,156,1,0
235837,1,walk,-24,-35,8,82,-141,-58,998,173,1,0
235863,1,walk,-22,-32,8,80,-173,-25,998,192,1,0
235889,1,walk,-18,-22,8,83,-204,12,998,221,1,0
235915,1,walk,-12,-8,7,95,-244,56,998,268,1,0
235941,1,walk,6,4,4,82,-287,122,997,322,1,0
235967,1,walk,-8,24,3,55,-206,187,997,283,1,0
235993,1,walk,-34,51,-1,50,-109,224,995,254,1,0
236019,1,walk,-52,78,-6,50,-48,234,994,244,1,0
236045,1,walk,-63,92,-7,26,-23,221,995,224,1,0
236071,1,walk,-57,89,-6,-4,11,198,996,198,1,0
236105,1,walk,-44,76,-4,-16,89,173,996,196,1,0
236131,1,walk,-17,67,-4,-30,172,151,996,231,1,0
236157,1,walk,0,62,-3,-57,238,125,996,275,1,0
236183,1,walk,2,52,-1,-91,247,94,997,279,1,0
236209,1,walk,9,36,0,-115,208,60,997,245,1,0
236235,1,walk,25,16,1,-125,160,26,996,205,1,0
236261,1,walk,32,3,1,-115,122,-10,996,168,1,0
236287,1,walk,39,0,1,-79,84,-48,997,125,1,0
236313,1,walk,64,4,-3,-29,20,-85,996,91,1,0
236339,1,walk,91,7,-7,10,-57,-113,996,127,1,0
236365,1,walk,100,5,-8,28,-122,-135,996,184,1,0
236391,1,walk,83,1,-5,35,-147,-155,997,217,1,0
236417,1,walk,69,-3,-3,31,-149,-175,997,232,1,0
236443,1,walk,63,-1,-2,3,-167,-201,997,261,1,0
236469,1,walk,50,4,-1,-47,-179,-232,997,297,1,0
236495,1,walk,22,11,1,-94,-161,-255,997,316,1,0
236521,1,walk,-10,18,1,-141,-125,-254,995,317,1,0
236548,1,walk,-48,22,1,-174,-86,-238,994,307,1,0
236575,1,walk,-84,11,1,-192,-56,-219,993,296,1,0
236602,1,walk,-102,-7,2,-174,-24,-203,993,269,1,0
236629,1,walk,-94,-24,4,-115,19,-190,994,222,1,0
236655,1,walk,-65,-32,5,-35,59,-180,994,193,1,0
236681,1,walk,-33,-33,5,33,87,-172,994,196,1,0
236707,1,walk,-18,-30,5,77,115,-164,995,214,1,0
236733,1,walk,-18,-29,6,84,133,-152,996,219,1,0
236759,1,walk,-31,-33,7,63,140,-133,996,203,1,0
236785,1,walk,-39,-41,7,21,132,-113,997,175,1,0
236811,1,walk,-36,-51,8,-21,112,-98,997,151,1,0
236837,1,walk,-19,-60,7,-47,81,-89,997,129,1,0
236863,1,walk,2,-69,6,-55,33,-84,997,106,1,0
236889,1,walk,14,-73,5,-47,1,-80,997,93,1,0
236915,1,walk,2,-69,6,-21,5,-68,997,71,1,0
236940,1,walk,-8,-56,7,14,10,-31,997,36,1,0
236966,1,walk,-3,-34,6,36,-16,45,997,60,1,0
236992,1,walk,4,-15,4,14,-78,160,997,178,1,0
237018,1,walk,12,0,2,-61,-90,276,997,297,1,0
237044,1,walk,-14,16,2,-135,-22,350,996,375,1,0
237070,1,walk,-46,35,-1,-167,46,345,994,386,1,0
237096,1,walk,-74,48,-3,-159,82,267,994,321,1,0
237122,1,walk,-87,43,-2,-120,72,179,995,227,1,0
237148,1,walk,-83,33,0,-43,54,118,995,136,1,0
237174,1,walk,-58,27,1,33,41,101,995,114,1,0
237200,1,walk,-23,30,-1,76,60,111,994,147,1,0
237226,1,walk,0,40,-2,76,90,119,995,167,1,0
237252,1,walk,11,48,-3,53,92,105,995,149,1,0
237278,1,walk,21,43,-3,20,74,73,996,105,1,0
237304,1,walk,34,24,-1,-6,43,39,996,59,1,0
237330,1,walk,39,4,0,-8,12,10,996,17,1,0
237356,1,walk,54,-4,-1,29,-34,-16,996,47,1,0
237382,1,walk,72,-5,-3,86,-89,-44,997,132,1,0
237408,1,walk,92,-6,-6,137,-156,-79,997,222,1,0
237434,1,walk,105,-9,-7,165,-213,-123,997,296,1,0
237461,1,walk,97,-12,-6,169,-232,-172,997,335,1,0
237488,1,walk,78,-10,-3,145,-221,-220,997,344,1,0
237514,1,walk,79,-3,-4,83,-217,-268,997,355,1,0
237540,1,walk,72,8,-4,-9,-200,-304,997,364,1,0
237567,1,walk,41,17,-2,-109,-149,-320,996,370,1,0
237593,1,walk,-4,19,-1,-194,-97,-315,994,382,1,0
237619,1,walk,-56,12,-2,-241,-21,-307,991,391,1,0
237646,1,walk,-97,-7,-2,-235,51,-307,989,390,1,0
237673,1,walk,-112,-28,-1,-159,116,-312,990,368,1,0
237700,1,walk,-90,-39,2,-23,179,-308,992,357,1,0
237726,1,walk,-43,-33,1,114,219,-291,991,382,1,0
237752,1,walk,-4,-17,-2,210,235,-266,990,412,1,0
237786,1,walk,-4,-5,0,227,219,-238,992,395,1,0
237812,1,walk,-20,-1,2,186,188,-216,994,341,1,0
237838,1,walk,-39,-8,4,108,154,-197,995,272,1,0
237864,1,walk,-53,-22,5,27,112,-182,995,216,1,0
237890,1,walk,-47,-38,6,-25,66,-172,996,185,1,0
237917,1,walk,-28,-50,7,-35,8,-158,996,163,1,0
237943,1,walk,-13,-53,6,-16,-54,-135,996,146,1,0
237969,1,walk,-13,-46,7,21,-90,-98,997,135,1,0
237995,1,walk,-11,-31,6,56,-116,-48,997,137,1,0
238021,1,walk,0,-9,4,65,-151,22,996,166,1,0
238047,1,walk,11,10,2,42,-174,113,996,212,1,0
238073,1,walk,-8,27,1,1,-101,207,996,230,1,0
238099,1,walk,-42,43,-2,-28,-32,266,994,270,1,0
238125,1,walk,-79,61,-6,-32,10,271,992,273,1,0
238151,1,walk,-93,67,-6,-32,11,230,994,232,1,0
238177,1,walk,-87,64,-5,-18,12,180,995,182,1,0
238203,1,walk,-66,57,-3,10,30,156,995,159,1,0
238229,1,walk,-36,54,-2,28,74,160,995,179,1,0
238255,1,walk,-6,55,-4,17,120,179,995,216,1,0
238281,1,walk,11,54,-4,-16,130,193,995,233,1,0
238307,1,walk,27,44,-3,-59,95,192,996,222,1,0
238333,1,walk,24,25,0,-88,69,177,996,209,1,0
238359,1,walk,29,5,2,-93,28,153,997,181,1,0
238385,1,walk,41,-9,2,-72,-34,123,997,147,1,0
238411,1,walk,64,-14,-1,-21,-123,94,996,156,1,0
238437,1,walk,101,-15,-7,46,-222,67,995,236,1,0
238463,1,walk,115,-21,-9,99,-306,35,995,324,1,0
238489,1,walk,101,-27,-6,144,-374,-19,996,401,1,0
238516,1,walk,92,-27,-4,175,-449,-87,996,489,1,0
238543,1,walk,105,-16,-7,161,-549,-163,996,595,1,0
238570,1,walk,82,-10,-4,51,-574,-268,996,635,1,0
238597,1,walk,57,-21,0,-65,-474,-322,996,577,1,0
238624,1,walk,22,-21,2,-134,-273,-332,995,450,1,0
238651,1,walk,-6,-1,2,-145,-141,-363,994,416,1,0
238678,1,walk,-23,0,3,-85,-78,-430,995,445,1,0
238704,1,walk,-44,-8,4,-30,31,-490,995,492,1,0
238730,1,walk,-32,-11,5,9,112,-479,995,492,1,0
238756,1,walk,-1,2,2,56,182,-424,995,465,1,0
238782,1,walk,26,25,-4,101,213,-370,993,439,1,0
238808,1,walk,27,52,-7,118,219,-348,993,428,1,0
238834,1,walk,-1,58,-5,61,215,-366,994,428,1,0
238860,1,walk,-5,35,-2,3,154,-367,994,398,1,0
238886,1,walk,-12,3,1,-22,113,-339,994,358,1,0
238912,1,walk,-13,-25,3,-20,60,-296,994,303,1,0
238938,1,walk,-3,-25,4,29,-4,-262,995,264,1,0
238964,1,walk,19,-18,3,100,-77,-228,996,260,1,0
238990,1,walk,32,-2,1,155,-132,-168,996,264,1,0
239016,1,walk,30,20,-1,201,-153,-84,996,266,1,0
239042,1,walk,31,42,-4,208,-155,13,996,259,1,0
239068,1,walk,41,51,-6,132,-152,139,996,245,1,0
239094,1,walk,50,49,-6,38,-83,304,996,318,1,0
239120,1,walk,16,54,-5,-36,60,427,995,433,1,0
239146,1,walk,-10,70,-6,-77,151,445,995,476,1,0
239172,1,walk,-24,83,-7,-83,211,397,995,457,1,0
239198,1,walk,-35,80,-6,-49,275,335,996,436,1,0
239224,1,walk,-46,79,-5,27,344,292,996,452,1,0
239250,1,walk,-44,75,-4,95,393,270,997,486,1,0
239276,1,walk,-22,71,-4,120,437,248,997,516,1,0
239302,1,walk,8,66,-6,98,448,218,996,508,1,0
239328,1,walk,22,55,-5,49,399,180,997,440,1,0
239354,1,walk,25,34,-2,-21,295,131,996,324,1,0
239380,1,walk,22,25,0,-65,210,72,997,232,1,0
239406,1,walk,25,21,0,-91,115,7,997,147,1,0
239432,1,walk,31,16,0,-95,15,-55,998,110,1,0
239466,1,walk,46,17,-1,-95,-69,-108,998,159,1,0
239493,1,walk,49,30,-3,-108,-134,-163,998,237,1,0
239520,1,walk,47,34,-3,-117,-182,-204,998,297,1,0
239547,1,walk,37,20,-1,-122,-209,-227,998,331,1,0
239574,1,walk,31,-3,1,-149,-250,-242,997,379,1,0
239601,1,walk,15,-9,3,-171,-210,-261,997,376,1,0
239627,1,walk,-30,-17,4,-185,-86,-317,995,376,1,0
239654,1,walk,-69,-34,4,-158,3,-370,993,402,1,0
239680,1,walk,-89,-53,5,-93,72,-392,993,410,1,0
239706,1,walk,-105,-57,5,3,104,-392,994,405,1,0
239732,1,walk,-117,-54,5,84,92,-397,995,416,1,0
239758,1,walk,-108,-43,5,126,98,-416,995,445,1,0
239784,1,walk,-86,-27,6,155,99,-437,996,474,1,0
239810,1,walk,-62,-15,5,198,84,-449,996,498,1,0
239836,1,walk,-57,-2,4,256,67,-439,996,513,1,0
239862,1,walk,-60,1,5,277,39,-413,997,498,1,0
239888,1,walk,-48,2,5,245,-27,-379,997,452,1,0
239914,1,walk,-25,6,4,174,-94,-345,997,397,1,0
239940,1,walk,-5,12,3,72,-147,-314,997,354,1,0
239967,1,walk,20,6,2,-42,-166,-286,997,333,1,0
239993,1,walk,33,-16,2,-85,-90,-256,996,284,1,0
240019,1,walk,32,-27,3,-15,-58,-196,997,205,1,0
240045,1,walk,20,-40,5,33,-45,-130,997,142,1,0
240071,1,walk,1,-36,6,40,-72,-60,997,102,1,0
240097,1,walk,-11,-22,5,73,-75,26,997,108,1,0
240123,1,walk,-19,-7,4,115,-28,113,997,163,1,0
240149,1,walk,-24,3,4,134,34,146,997,201,1,0
240175,1,walk,-29,10,4,112,70,139,997,192,1,0
240201,1,walk,-55,22,2,81,74,110,997,156,1,0
240227,1,walk,-77,32,-1,58,1,91,996,108,1,0
240253,1,walk,-83,52,-4,60,-77,71,996,121,1,0
240279,1,walk,-77,75,-8,76,-121,17,995,144,1,0
240305,1,walk,-54,77,-8,70,-141,-64,996,170,1,0
240331,1,walk,-18,61,-6,44,-150,-139,994,209,1,0
240358,1,walk,12,40,-5,5,-159,-202,993,257,1,0
240384,1,walk,30,27,-4,-34,-178,-257,994,315,1,0
240411,1,walk,43,22,-4,-56,-214,-312,995,382,1,0
240438,1,walk,58,25,-5,-52,-242,-377,996,451,1,0
240465,1,walk,72,25,-6,-53,-269,-456,996,532,1,0
240492,1,walk,85,22,-7,-64,-297,-537,997,617,1,0
240519,1,walk,99,19,-8,-65,-319,-606,997,688,1,0
240546,1,walk,108,19,-10,-55,-344,-669,997,754,1,0
240573,1,walk,112,20,-11,-52,-353,-727,998,810,1,0
240600,1,walk,110,14,-9,-69,-340,-765,998,840,1,0
240627,1,walk,109,5,-8,-96,-311,-771,998,837,1,0
240654,1,walk,114,1,-9,-149,-285,-766,998,830,1,0
240681,1,walk,102,-5,-7,-199,-232,-796,998,852,1,0
240708,1,walk,68,-31,-2,-243,-127,-840,995,884,1,0
240735,1,walk,31,-57,1,-246,-43,-889,993,924,1,0
240762,1,walk,3,-82,3,-202,14,-953,992,974,1,0
240788,1,walk,-28,-98,5,-138,57,-1014,992,1025,1,0
240815,1,walk,-56,-105,5,-76,82,-1042,992,1048,1,0
240842,1,walk,-62,-99,7,-34,122,-1038,994,1046,1,0
240869,1,walk,-43,-82,7,-34,153,-1036,995,1048,1,0
240896,1,walk,-18,-71,6,-72,138,-1040,995,1052,1,0
240923,1,walk,8,-62,5,-101,112,-1035,995,1046,1,0
240950,1,walk,7,-57,5,-115,122,-1027,995,1040,1,0
240977,1,walk,3,-51,6,-102,110,-1006,996,1017,1,0
241003,1,walk,3,-42,6,-62,114,-973,997,982,1,0
241029,1,walk,7,-33,6,-13,102,-929,998,935,1,0
241055,1,walk,13,-27,6,17,68,-871,998,873,1,0
241081,1,walk,17,-23,5,21,24,-800,998,801,1,0
241107,1,walk,19,-16,5,17,-26,-719,998,720,1,0
241133,1,walk,4,-10,5,19,-54,-615,998,618,1,0
241167,1,walk,-10,-9,6,31,-99,-453,998,464,1,0
241193,1,walk,7,-2,4,59,-181,-269,997,330,1,0
241219,1,walk,24,3,2,78,-226,-117,997,267,1,0
241245,1,walk,9,9,2,64,-203,-42,997,217,1,0
241271,1,walk,-9,-7,4,17,-174,-32,997,178,1,0
241297,1,walk,-21,3,4,5,-153,-67,997,167,1,0
241323,1,walk,-28,16,4,14,-156,-98,997,185,1,0
241349,1,walk,-32,32,2,49,-145,-117,997,193,1,0
241375,1,walk,-29,52,-1,74,-88,-149,997,189,1,0
241401,1,walk,-7,62,-4,57,3,-194,997,202,1,0
241427,1,walk,25,55,-6,16,102,-231,996,253,1,0
241453,1,walk,45,40,-6,-27,188,-260,996,322,1,0
241479,1,walk,49,32,-5,-56,243,-285,996,378,1,0
241505,1,walk,49,30,-5,-64,259,-313,997,411,1,0
241531,1,walk,53,32,-5,-55,255,-349,997,436,1,0
241557,1,walk,48,38,-5,-43,232,-395,997,460,1,0
241583,1,walk,47,44,-5,-43,180,-430,998,468,1,0
241609,1,walk,55,46,-6,-66,106,-456,998,473,1,0
241636,1,walk,59,49,-8,-113,34,-480,998,495,1,0
241663,1,walk,56,44,-6,-187,-33,-509,998,544,1,0
241690,1,walk,44,30,-4,-254,-83,-531,998,594,1,0
241717,1,walk,35,13,-1,-281,-134,-521,998,607,1,0
241744,1,walk,36,5,0,-291,-198,-486,998,600,1,0
241771,1,walk,25,11,0,-288,-198,-465,998,582,1,0
241798,1,walk,12,9,2,-303,-153,-483,998,591,1,0
241824,1,walk,-7,-10,4,-333,-93,-530,997,633,1,0
241850,1,walk,-39,-41,5,-334,-30,-580,994,670,1,0
241877,1,walk,-80,-73,3,-274,22,-595,991,656,1,0
241904,1,walk,-101,-66,4,-149,35,-633,992,651,1,0
241931,1,walk,-197,-142,-31,-120,142,-591,967,620,1,0
241958,1,walk,-162,-112,-20,-34,154,-530,973,553,1,0
241985,1,walk,-99,-74,-15,12,135,-496,972,514,1,0
242011,1,walk,-44,-46,-14,23,100,-483,973,493,1,0
242037,1,walk,-15,-32,-10,18,79,-472,978,479,1,0
242063,1,walk,-14,-32,-4,6,68,-457,983,462,1,0
242089,1,walk,-20,-35,0,3,45,-432,987,434,1,0
242115,1,walk,-21,-39,3,20,9,-396,990,397,1,0
242141,1,walk,-8,-40,4,45,-54,-357,992,364,1,0
242167,1,walk,8,-39,5,60,-134,-318,993,351,1,0
242193,1,walk,23,-32,4,71,-203,-269,994,345,1,0
242219,1,walk,20,-19,5,67,-221,-213,995,314,1,0
242245,1,walk,8,-8,5,53,-232,-120,996,266,1,0
242271,1,walk,10,0,5,63,-270,18,996,278,1,0
242297,1,walk,27,11,2,96,-286,192,996,358,1,0
242323,1,walk,43,33,-2,108,-223,345,996,424,1,0
242349,1,walk,9,44,-2,75,-101,393,994,412,1,0
242375,1,walk,-10,59,-3,57,-23,379,994,384,1,0
242401,1,walk,-16,65,-2,65,26,344,995,351,1,0
242427,1,walk,-25,67,-2,111,84,324,996,353,1,0
242453,1,walk,-33,75,-2,165,159,306,997,382,1,0
242479,1,walk,-19,81,-4,171,248,260,997,398,1,0
242505,1,walk,15,78,-7,138,310,199,996,393,1,0
242531,1,walk,34,65,-6,96,336,140,996,377,1,0
242557,1,walk,24,50,-2,59,317,88,996,334,1,0
242583,1,walk,11,40,0,33,257,48,997,264,1,0
242609,1,walk,10,37,1,9,179,10,998,180,1,0
242635,1,walk,8,47,0,-13,85,-24,998,89,1,0
242661,1,walk,2,69,-4,-28,-14,-33,997,46,1,0
242687,1,walk,21,88,-9,-51,-91,-29,996,108,1,0
242713,1,walk,52,86,-13,-120,-165,-58,995,212,1,0
242740,1,walk,78,59,-13,-214,-233,-107,994,334,1,0
242767,1,walk,94,23,-12,-281,-270,-171,993,425,1,0
242794,1,walk,77,2,-7,-302,-261,-224,993,458,1,0
242821,1,walk,51,-3,-3,-271,-188,-239,994,408,1,0
242856,1,walk,14,-9,1,-217,-33,-243,993,327,1,0
242882,1,walk,-31,-18,2,-182,101,-251,991,326,1,0
242909,1,walk,-65,-31,4,-147,157,-267,991,343,1,0
242936,1,walk,-90,-51,5,-86,154,-277,991,329,1,0
242963,1,walk,-125,-76,3,-18,142,-263,990,299,1,0
242990,1,walk,-160,-93,-1,51,157,-251,989,300,1,0
243017,1,walk,-133,-78,3,125,147,-216,991,290,1,0
243043,1,walk,-86,-51,2,186,119,-203,989,300,1,0
243069,1,walk,-30,-22,-2,231,48,-208,985,314,1,0
243096,1,walk,9,-18,-3,240,-16,-221,987,327,1,0
243122,1,walk,6,-16,0,236,-17,-239,990,336,1,0
243148,1,walk,0,-6,2,228,-21,-239,992,331,1,0
243174,1,walk,1,3,3,208,-41,-220,994,305,1,0
243200,1,walk,-4,3,5,178,-68,-191,995,269,1,0
243226,1,walk,-6,-5,6,139,-120,-148,996,236,1,0
243252,1,walk,1,-14,7,80,-199,-90,997,232,1,0
243278,1,walk,12,-12,6,31,-283,-25,997,285,1,0
243304,1,walk,8,2,6,34,-328,50,997,333,1,0
243330,1,walk,12,22,3,70,-370,156,997,408,1,0
243356,1,walk,42,32,-2,64,-433,294,995,528,1,0
243382,1,walk,56,33,-4,20,-385,469,996,607,1,0
243408,1,walk,41,51,-5,24,-219,607,995,646,1,0
243434,1,walk,9,62,-5,62,-29,672,995,675,1,0
243460,1,walk,-21,71,-5,93,128,663,994,682,1,0
243486,1,walk,-31,72,-4,110,225,616,996,665,1,0
243512,1,walk,-32,70,-3,130,300,577,996,664,1,0
243538,1,walk,-17,64,-2,139,351,554,996,670,1,0
243564,1,walk,2,54,-2,115,407,538,997,684,1,0
243590,1,walk,22,52,-3,64,450,523,996,693,1,0
243616,1,walk,31,48,-3,-9,429,500,997,659,1,0
243642,1,walk,38,51,-3,-63,338,446,998,563,1,0
243668,1,walk,32,45,-2,-85,238,376,998,453,1,0
243694,1,walk,22,35,0,-90,147,292,998,339,1,0
243720,1,walk,29,22,2,-88,26,206,998,226,1,0
243746,1,walk,43,16,1,-61,-93,128,998,169,1,0
243772,1,walk,54,4,1,-21,-220,57,998,229,1,0
243798,1,walk,63,-5,0,22,-355,-6,998,356,1,0
243824,1,walk,65,-10,1,56,-453,-68,998,461,1,0
243850,1,walk,79,-8,-2,63,-526,-140,998,548,1,0
243876,1,walk,78,-1,-3,51,-537,-226,998,585,1,0
243902,1,walk,52,8,-1,28,-480,-295,997,565,1,0
243928,1,walk,24,21,-1,-12,-380,-341,996,511,1,0
243954,1,walk,-19,35,-2,-59,-290,-367,994,471,1,0
243981,1,walk,-61,33,-2,-83,-246,-394,992,472,1,0
244008,1,walk,-91,8,0,-81,-224,-418,991,481,1,0
244034,1,walk,-103,-16,3,-21,-170,-427,992,460,1,0
244061,1,walk,-77,-23,5,84,-98,-413,993,433,1,0
244087,1,walk,-28,-5,0,199,-31,-394,990,442,1,0
244113,1,walk,26,18,-9,273,22,-381,987,470,1,0
244139,1,walk,44,29,-10,282,79,-362,989,465,1,0
244165,1,walk,33,33,-7,245,129,-326,991,428,1,0
244191,1,walk,23,35,-5,190,159,-276,993,371,1,0
244217,1,walk,21,32,-3,131,163,-220,994,303,1,0
244243,1,walk,23,31,-2,96,144,-165,996,239,1,0
244269,1,walk,36,29,-2,91,93,-107,997,168,1,0
244295,1,walk,41,22,-2,103,43,-54,997,124,1,0
244321,1,walk,38,19,0,129,4,-11,997,130,1,0
244347,1,walk,39,17,0,144,-27,30,998,150,1,0
244373,1,walk,38,22,0,139,-32,76,998,161,1,0
244399,1,walk,30,27,0,109,0,132,998,171,1,0
244425,1,walk,30,34,-1,61,110,188,998,226,1,0
244451,1,walk,-7,53,-4,17,252,220,996,335,1,0
244477,1,walk,-33,77,-8,-21,331,223,994,399,1,0
244503,1,walk,-65,87,-11,-78,381,221,993,447,1,0
244538,1,walk,-97,80,-10,-122,357,232,993,443,1,0
244565,1,walk,-103,76,-9,-95,332,232,994,416,1,0
244591,1,walk,-89,75,-7,-26,319,205,995,380,1,0
244617,1,walk,-68,71,-6,30,304,173,996,351,1,0
244643,1,walk,-55,60,-3,40,302,156,996,342,1,0
244669,1,walk,-45,51,-1,13,292,153,997,330,1,0
244695,1,walk,-31,46,0,-36,277,152,997,318,1,0
244721,1,walk,-13,42,0,-90,250,138,997,299,1,0
244747,1,walk,-2,39,0,-128,212,109,998,271,1,0
244773,1,walk,6,34,0,-139,160,77,998,226,1,0
244799,1,walk,11,27,1,-125,97,53,998,167,1,0
244825,1,walk,23,20,1,-91,15,39,998,100,1,0
244851,1,walk,26,15,2,-44,-73,33,998,92,1,0
244877,1,walk,22,9,3,2,-155,32,998,158,1,0
244903,1,walk,17,6,3,35,-224,30,998,229,1,0
244929,1,walk,30,7,2,26,-302,9,998,304,1,0
244955,1,walk,33,3,2,-33,-358,-34,998,361,1,0
244981,1,walk,4,-1,3,-101,-293,-82,997,321,1,0
245007,1,walk,-25,-8,5,-156,-183,-120,996,269,1,0
245034,1,walk,-61,-12,4,-189,-76,-161,994,259,1,0
245061,1,walk,-103,-23,3,-197,-19,-206,992,286,1,0
245088,1,walk,-114,-36,4,-161,-32,-255,994,303,1,0
245115,1,walk,-114,-56,6,-84,-33,-281,994,295,1,0
245141,1,walk,-101,-61,8,32,0,-293,995,294,1,0
245167,1,walk,-66,-45,7,156,30,-305,994,344,1,0
245193,1,walk,-30,-26,4,231,30,-324,993,399,1,0
245219,1,walk,-13,-17,4,237,16,-335,994,411,1,0
245245,1,walk,-17,-15,5,194,5,-328,995,381,1,0
245271,1,walk,-24,-17,6,138,-15,-301,996,331,1,0
245297,1,walk,-22,-17,7,88,-48,-263,997,281,1,0
245323,1,walk,-15,-24,7,50,-97,-226,997,250,1,0
245349,1,walk,-2,-27,8,52,-156,-190,998,251,1,0
245375,1,walk,11,-30,7,76,-212,-155,998,274,1,0
245401,1,walk,14,-28,7,114,-247,-118,998,296,1,0
245427,1,walk,19,-21,6,156,-266,-75,998,318,1,0
245453,1,walk,29,-9,4,179,-263,-27,998,319,1,0
245479,1,walk,44,6,0,177,-254,25,997,310,1,0
245505,1,walk,55,20,-3,127,-210,97,997,264,1,0
245531,1,walk,42,40,-6,49,-105,169,996,205,1,0
245557,1,walk,11,57,-8,-19,23,203,995,205,1,0
245583,1,walk,-30,67,-10,-58,155,204,993,263,1,0
245610,1,walk,-52,79,-12,-69,222,194,994,303,1,0
245637,1,walk,-43,86,-12,-58,209,176,995,279,1,0
245663,1,walk,-28,89,-12,-12,186,156,996,243,1,0
245689,1,walk,-20,85,-11,47,187,143,996,240,1,0
245715,1,walk,-13,82,-10,90,210,144,997,270,1,0
245741,1,walk,-1,85,-11,100,229,155,998,295,1,0
245767,1,walk,10,88,-12,80,219,164,998,285,1,0
245793,1,walk,28,86,-13,44,175,166,998,245,1,0
245819,1,walk,51,76,-14,-1,124,158,997,201,1,0
245845,1,walk,60,62,-12,-39,84,147,997,174,1,0
245871,1,walk,69,49,-10,-52,42,138,998,153,1,0
245897,1,walk,81,37,-9,-38,-8,129,998,134,1,0
245923,1,walk,89,26,-9,-5,-63,115,998,131,1,0
245949,1,walk,94,17,-8,31,-121,91,998,155,1,0
245975,1,walk,91,8,-6,64,-165,54,998,185,1,0
246001,1,walk,89,4,-5,80,-203,10,998,218,1,0
246027,1,walk,85,9,-6,76,-199,-42,998,217,1,0
246053,1,walk,76,11,-5,23,-219,-94,998,240,1,0
246080,1,walk,58,9,-2,-78,-204,-138,998,259,1,0
246107,1,walk,20,10,-1,-177,-97,-181,996,272,1,0
246134,1,walk,-20,12,0,-233,-11,-235,994,331,1,0
246161,1,walk,-63,1,1,-249,39,-290,992,384,1,0
246188,1,walk,-95,-14,2,-219,35,-328,992,396,1,0
246223,1,walk,-117,-33,4,-125,24,-322,993,346,1,0
246250,1,walk,-101,-32,6,-2,31,-304,994,305,1,0
246276,1,walk,-67,-20,5,92,62,-291,994,311,1,0
246302,1,walk,-29,-4,2,117,96,-282,993,320,1,0
246328,1,walk,-5,5,0,80,121,-271,993,307,1,0
246354,1,walk,-12,4,2,4,141,-245,995,283,1,0
246380,1,walk,-19,-2,4,-67,134,-212,996,260,1,0
246406,1,walk,-19,-14,6,-114,104,-170,996,229,1,0
246432,1,walk,-10,-24,7,-121,47,-124,997,180,1,0
246458,1,walk,2,-32,8,-86,-17,-81,997,119,1,0
246484,1,walk,-23,-36,9,-23,-37,-45,997,63,1,0
246510,1,walk,-20,-34,9,54,-78,-1,997,95,1,0
246536,1,walk,-25,-24,8,122,-112,49,997,172,1,0
246562,1,walk,-19,-10,6,162,-150,114,998,249,1,0
246588,1,walk,1,10,2,165,-214,214,997,345,1,0
246614,1,walk,16,18,-1,94,-276,348,996,454,1,0
246640,1,walk,1,22,-1,-31,-249,477,997,539,1,0
246666,1,walk,-41,28,-2,-110,-222,516,995,573,1,0
246693,1,walk,-79,27,-4,-110,-180,419,993,470,1,0
246720,1,walk,-87,7,0,-52,-143,276,994,315,1,0
246746,1,walk,-73,-10,3,60,-90,179,994,209,1,0
246772,1,walk,-29,-12,2,175,-43,147,992,232,1,0
246798,1,walk,13,2,-3,240,25,146,991,282,1,0
246824,1,walk,36,26,-8,228,95,138,991,283,1,0
246850,1,walk,44,44,-11,150,125,101,993,220,1,0
246876,1,walk,46,49,-11,43,125,49,994,141,1,0
246902,1,walk,54,40,-9,-55,107,4,995,120,1,0
246928,1,walk,62,30,-7,-111,79,-19,996,138,1,0
246954,1,walk,87,30,-11,-111,25,-28,996,117,1,0
246981,1,walk,111,25,-14,-73,-44,-31,996,91,1,0
247007,1,walk,122,14,-14,-23,-115,-24,996,119,1,0
247034,1,walk,118,1,-11,22,-167,-17,997,169,1,0
247060,1,walk,106,-7,-7,55,-188,-30,997,198,1,0
247086,1,walk,104,-7,-7,65,-206,-77,998,229,1,0
247112,1,walk,108,-11,-7,26,-219,-141,998,262,1,0
247139,1,walk,92,-14,-4,-50,-191,-179,998,267,1,0
247166,1,walk,66,-13,-1,-145,-114,-183,997,260,1,0
247193,1,walk,23,-10,1,-238,-25,-192,995,307,1,0
247220,1,walk,-28,-19,3,-300,36,-226,992,377,1,0
247247,1,walk,-61,-41,5,-306,29,-270,991,409,1,0
247273,1,walk,-127,-97,-2,-271,49,-303,981,410,1,0
247300,1,walk,-117,-113,3,-143,39,-299,985,334,1,0
247327,1,walk,-84,-100,6,21,54,-283,987,289,1,0
247353,1,walk,-43,-71,4,156,72,-276,986,325,1,0
247379,1,walk,-3,-42,0,215,75,-281,986,362,1,0
247405,1,walk,7,-26,0,192,83,-282,989,351,1,0
247431,1,walk,2,-19,2,118,87,-268,991,306,1,0
247457,1,walk,-1,-18,4,28,89,-237,993,255,1,0
247483,1,walk,2,-19,5,-51,86,-194,994,219,1,0
247509,1,walk,14,-19,6,-102,68,-151,995,194,1,0
247535,1,walk,28,-19,5,-108,45,-112,996,161,1,0
247561,1,walk,34,-20,5,-78,23,-68,997,106,1,0
247587,1,walk,20,-18,6,-16,23,-10,997,30,1,0
247613,1,walk,17,-16,6,52,-1,74,997,90,1,0
247639,1,walk,21,-12,6,92,-38,184,998,210,1,0
247665,1,walk,20,-9,6,77,-41,311,998,323,1,0
247691,1,walk,13,14,3,51,47,393,997,399,1,0
247717,1,walk,-18,36,-1,15,139,411,995,434,1,0
247743,1,walk,-50,52,-5,-26,179,391,994,431,1,0
247769,1,walk,-74,54,-5,-70,174,353,994,400,1,0
247795,1,walk,-83,52,-4,-79,161,312,995,360,1,0
247821,1,walk,-79,42,-1,-37,160,281,996,326,1,0
247847,1,walk,-53,34,0,23,182,269,996,325,1,0
247873,1,walk,-23,33,-1,65,231,269,995,360,1,0
247907,1,walk,6,38,-4,78,241,264,995,366,1,0
247933,1,walk,24,39,-5,76,224,243,995,339,1,0
247959,1,walk,28,32,-3,63,202,215,996,302,1,0
247985,1,walk,29,24,-2,47,167,194,996,261,1,0
248011,1,walk,30,20,-1,36,109,178,997,212,1,0
248037,1,walk,40,16,-1,36,34,159,997,166,1,0
248063,1,walk,51,13,-1,46,-44,129,998,144,1,0
248089,1,walk,56,8,-1,54,-119,89,998,158,1,0
248115,1,walk,44,4,1,62,-167,39,998,182,1,0
248141,1,walk,41,-7,2,44,-217,-12,998,222,1,0
248167,1,walk,47,-17,3,-17,-269,-68,998,278,1,0
248194,1,walk,45,-24,4,-99,-279,-134,998,325,1,0
248221,1,walk,25,-25,6,-185,-181,-194,998,323,1,0
248248,1,walk,-9,-24,7,-260,-61,-243,996,361,1,0
248275,1,walk,-46,-23,7,-304,36,-296,995,426,1,0
248302,1,walk,-86,-41,6,-316,79,-336,993,468,1,0
248329,1,walk,-96,-61,9,-271,57,-348,994,445,1,0
248355,1,walk,-120,-101,8,-193,77,-326,992,386,1,0
248382,1,walk,-101,-101,10,-56,112,-301,993,326,1,0
248409,1,walk,-68,-80,9,73,151,-297,993,341,1,0
248435,1,walk,-41,-59,8,148,164,-312,993,383,1,0
248461,1,walk,-34,-50,8,152,156,-326,994,392,1,0
248487,1,walk,-41,-53,9,104,142,-320,995,365,1,0
248513,1,walk,-48,-61,11,31,122,-293,995,319,1,0
248539,1,walk,-50,-68,12,-28,97,-266,996,285,1,0
248565,1,walk,-43,-75,12,-58,65,-248,997,263,1,0
248591,1,walk,-28,-76,13,-54,22,-231,997,238,1,0
248617,1,walk,-18,-71,12,-24,-24,-207,998,209,1,0
248643,1,walk,-17,-64,12,17,-60,-167,998,179,1,0
248669,1,walk,-23,-50,11,68,-66,-115,998,149,1,0
248695,1,walk,-12,-35,9,109,-75,-46,997,140,1,0
248721,1,walk,-4,-27,8,123,-35,34,997,132,1,0
248747,1,walk,-5,-8,5,131,73,99,997,180,1,0
248773,1,walk,-32,19,1,142,189,120,995,265,1,0
248799,1,walk,-64,37,-3,128,267,117,994,319,1,0
248825,1,walk,-111,56,-12,84,282,74,991,304,1,0
248851,1,walk,-141,52,-13,-1,222,75,991,234,1,0
248877,1,walk,-126,57,-12,-57,141,60,992,164,1,0
248904,1,walk,-95,51,-8,-81,77,4,992,112,1,0
248930,1,walk,-73,39,-4,-78,68,-45,993,113,1,0
248956,1,walk,-55,31,-2,-63,75,-71,994,121,1,0
248982,1,walk,-43,29,0,-44,65,-80,995,113,1,0
249008,1,walk,-26,29,0,-22,22,-90,996,96,1,0
249034,1,walk,33,24,-6,0,-73,-105,991,128,1,0
249060,1,walk,46,20,-5,31,-111,-133,992,176,1,0
249087,1,walk,53,19,-4,72,-144,-161,994,227,1,0
249114,1,walk,62,20,-4,108,-182,-179,995,277,1,0
249141,1,walk,73,18,-4,118,-218,-198,996,317,1,0
249168,1,walk,77,17,-4,96,-264,-231,997,364,1,0
249194,1,walk,79,17,-4,46,-306,-283,997,420,1,0
249221,1,walk,84,15,-4,-30,-336,-331,997,473,1,0
249248,1,walk,79,13,-3,-109,-356,-352,997,512,1,0
249275,1,walk,52,16,-1,-186,-336,-347,997,517,1,0
249302,1,walk,6,18,-1,-238,-200,-334,994,457,1,0
249329,1,walk,-28,21,-1,-258,-63,-326,993,420,1,0
249356,1,walk,-48,16,0,-263,39,-320,994,415,1,0
249383,1,walk,-65,-3,3,-260,89,-301,994,407,1,0
249409,1,walk,-71,-27,6,-231,117,-263,995,369,1,0
249436,1,walk,-64,-45,8,-161,140,-212,995,301,1,0
249462,1,walk,-44,-51,9,-83,155,-174,996,247,1,0
249488,1,walk,-22,-41,8,-16,154,-156,996,220,1,0
249514,1,walk,-18,-39,9,17,144,-153,997,211,1,0
249540,1,walk,-26,-46,10,9,117,-147,997,188,1,0
249566,1,walk,-33,-62,11,-31,80,-129,997,155,1,0
249601,1,walk,-30,-71,12,-72,34,-98,997,127,1,0
249627,1,walk,-9,-74,11,-95,-33,-75,997,126,1,0
249653,1,walk,11,-67,10,-85,-106,-62,997,149,1,0
249679,1,walk,25,-60,9,-56,-175,-42,997,188,1,0
249705,1,walk,31,-53,8,-34,-208,1,998,211,1,0
249731,1,walk,26,-45,8,-29,-207,65,998,219,1,0
249757,1,walk,23,-31,7,-25,-198,160,998,256,1,0
249783,1,walk,32,-21,5,-37,-195,279,998,342,1,0
249809,1,walk,37,0,2,-66,-102,404,997,422,1,0
249835,1,walk,-3,26,-2,-77,38,448,994,456,1,0
249861,1,walk,-48,50,-8,-48,142,418,991,444,1,0
249887,1,walk,-73,62,-10,-19,174,361,992,401,1,0
249913,1,walk,-80,56,-8,11,154,334,993,368,1,0
249939,1,walk,-74,44,-5,56,115,361,994,383,1,0
249965,1,walk,-43,34,-3,87,88,416,994,434,1,0
249991,1,walk,-12,31,-3,88,95,460,994,478,1,0
250017,1,walk,7,33,-3,64,101,471,995,485,1,0
250043,1,walk,20,30,-2,31,82,441,995,450,1,0
250069,1,walk,24,20,0,8,56,387,996,391,1,0
250095,1,walk,42,-3,1,-3,7,329,996,329,1,0
250121,1,walk,56,-20,1,7,-44,282,996,285,1,0
250147,1,walk,73,-21,0,48,-94,247,996,269,1,0
250173,1,walk,98,-14,-4,96,-160,219,996,288,1,0
250199,1,walk,114,-9,-7,124,-233,196,996,329,1,0
250226,1,walk,111,-11,-6,128,-290,177,997,363,1,0
250253,1,walk,102,-12,-4,113,-302,159,997,360,1,0
250280,1,walk,101,-9,-4,74,-309,131,997,343,1,0
250306,1,walk,88,-4,-3,4,-294,106,998,313,1,0
250332,1,walk,51,4,-1,-84,-199,85,996,232,1,0
250358,1,walk,7,12,-1,-163,-90,68,994,198,1,0
250384,1,walk,-23,12,0,-218,-23,41,994,223,1,0
250410,1,walk,-53,-7,2,-246,5,20,993,247,1,0
250436,1,walk,-64,-29,5,-217,4,7,993,217,1,0
250462,1,walk,-53,-47,7,-129,13,-4,994,129,1,0
250488,1,walk,-24,-45,7,9,42,-14,994,45,1,0
250514,1,walk,13,-34,3,143,67,-24,993,160,1,0
250540,1,walk,38,-23,1,228,78,-31,994,243,1,0
250566,1,walk,37,-17,2,253,89,-29,995,270,1,0
250592,1,walk,13,-19,4,227,104,-19,995,250,1,0
250618,1,walk,-7,-29,6,167,116,0,996,203,1,0
250644,1,walk,-16,-41,8,95,120,23,996,155,1,0
250670,1,walk,-9,-48,9,38,115,44,997,129,1,0
250696,1,walk,11,-47,8,11,83,57,997,101,1,0
250722,1,walk,20,-43,7,6,51,59,997,79,1,0
250747,1,walk,19,-38,7,13,35,67,998,76,1,0
250773,1,walk,17,-28,6,28,37,99,998,109,1,0
250799,1,walk,23,-15,4,30,29,165,998,170,1,0
250825,1,walk,25,-6,3,10,69,250,998,260,1,0
250851,1,walk,4,13,1,6,166,310,997,352,1,0
250877,1,walk,-33,38,-3,10,251,327,994,413,1,0
250903,1,walk,-67,61,-9,-13,287,324,992,433,1,0
250929,1,walk,-99,77,-14,-66,243,321,992,408,1,0
250956,1,walk,-95,81,-13,-113,142,320,993,367,1,0
250983,1,walk,-78,80,-11,-117,78,303,994,334,1,0
251009,1,walk,-52,72,-9,-79,41,274,994,288,1,0
251035,1,walk,-25,62,-7,-21,33,256,995,259,1,0
251061,1,walk,-2,55,-6,33,15,258,995,260,1,0
251087,1,walk,21,48,-6,68,-32,268,995,278,1,0
251113,1,walk,40,42,-6,86,-91,269,995,297,1,0
251139,1,walk,63,32,-7,85,-143,253,995,303,1,0
251165,1,walk,78,22,-7,73,-182,224,995,297,1,0
251191,1,walk,95,16,-8,62,-213,190,996,293,1,0
251217,1,walk,107,11,-9,48,-242,154,996,291,1,0
251243,1,walk,119,9,-11,34,-280,116,997,305,1,0
251277,1,walk,112,-2,-8,17,-297,77,997,307,1,0
251303,1,walk,111,-8,-7,17,-318,47,997,322,1,0
251329,1,walk,123,-8,-9,20,-365,24,997,366,1,0
251355,1,walk,113,-7,-8,16,-377,0,997,377,1,0
251381,1,walk,83,-7,-4,-3,-273,-18,997,273,1,0
251407,1,walk,30,-3,-2,-41,-118,-29,993,128,1,0
251433,1,walk,-17,-1,0,-85,2,-51,991,99,1,0
251459,1,walk,-53,-13,2,-132,74,-79,991,171,1,0
251486,1,walk,-74,-39,5,-151,98,-99,991,206,1,0
251512,1,walk,-73,-56,7,-109,118,-106,993,192,1,0
251538,1,walk,-43,-55,8,-31,133,-114,993,178,1,0
251564,1,walk,-6,-41,5,38,141,-131,992,197,1,0
251590,1,walk,13,-31,3,72,133,-150,993,213,1,0
251616,1,walk,12,-31,5,65,103,-155,994,197,1,0
251642,1,walk,0,-41,7,30,76,-139,995,161,1,0
251668,1,walk,-9,-53,9,-13,63,-109,995,126,1,0
251694,1,walk,-14,-61,10,-41,65,-81,996,112,1,0
251720,1,walk,1,-68,10,-42,66,-70,997,105,1,0
251746,1,walk,17,-67,9,-12,65,-74,997,100,1,0
251772,1,walk,23,-59,8,33,60,-75,997,101,1,0
251798,1,walk,15,-47,8,63,54,-57,998,101,1,0
251824,1,walk,7,-34,8,65,45,-8,997,79,1,0
251850,1,walk,4,-18,6,43,36,72,997,91,1,0
251876,1,walk,12,-7,5,-4,65,175,997,187,1,0
251902,1,walk,-14,7,3,-37,173,254,996,310,1,0
251928,1,walk,-49,26,0,-18,265,275,994,382,1,0
251954,1,walk,-84,41,-4,25,288,245,993,379,1,0
251980,1,walk,-108,42,-5,73,244,204,993,326,1,0
252006,1,walk,-113,38,-3,142,177,182,995,291,1,0
252032,1,walk,-99,41,-2,226,117,178,996,311,1,0
252058,1,walk,-71,51,-4,290,78,175,995,347,1,0
252084,1,walk,-46,62,-5,306,50,167,995,352,1,0
252110,1,walk,-26,66,-6,278,5,155,995,319,1,0
252136,1,walk,-2,63,-7,228,-60,141,995,275,1,0
252162,1,walk,19,57,-6,177,-113,119,996,241,1,0
252188,1,walk,37,50,-6,136,-156,81,996,222,1,0
252214,1,walk,50,39,-5,112,-180,27,997,214,1,0
252240,1,walk,68,30,-6,111,-199,-27,996,229,1,0
252266,1,walk,89,24,-8,125,-213,-71,996,256,1,0
252293,1,walk,98,22,-9,132,-224,-107,997,281,1,0
252320,1,walk,105,22,-10,108,-246,-141,997,304,1,0
252347,1,walk,106,17,-9,41,-266,-183,998,325,1,0
252374,1,walk,114,13,-10,-38,-281,-221,998,360,1,0
252401,1,walk,113,17,-11,-101,-281,-253,998,391,1,0
252428,1,walk,87,20,-8,-143,-238,-286,997,398,1,0
252455,1,walk,37,22,-5,-164,-123,-315,994,375,1,0
252482,1,walk,-13,21,-3,-172,-33,-331,991,375,1,0
252509,1,walk,-49,13,-1,-164,28,-344,991,382,1,0
252536,1,walk,-69,-3,2,-138,63,-353,992,385,1,0
252562,1,walk,-69,-21,5,-90,87,-359,993,380,1,0
252588,1,walk,-56,-33,7,-24,129,-363,994,386,1,0
252614,1,walk,-35,-30,7,43,176,-370,995,412,1,0
252640,1,walk,-19,-22,7,83,213,-387,995,449,1,0
252666,1,walk,-23,-17,7,78,229,-408,996,474,1,0
252692,1,walk,-39,-18,8,36,235,-422,997,484,1,0
252718,1,walk,-55,-23,8,-22,232,-418,997,479,1,0
252745,1,walk,-60,-29,9,-84,211,-400,997,459,1,0
252771,1,walk,-49,-28,9,-129,174,-376,997,434,1,0
252797,1,walk,-27,-24,8,-150,126,-354,997,405,1,0
252824,1,walk,-14,-25,8,-160,69,-332,998,375,1,0
252850,1,walk,-15,-27,9,-155,30,-298,998,338,1,0
252876,1,walk,-22,-25,9,-136,11,-236,998,272,1,0
252902,1,walk,-19,-19,8,-111,-16,-129,998,171,1,0
252928,1,walk,-10,-13,7,-103,-19,3,998,104,1,0
252962,1,walk,-30,11,3,-102,115,113,997,191,1,0
252988,1,walk,-55,43,-4,-122,227,152,994,299,1,0
253015,1,walk,-85,71,-11,-182,314,150,992,393,1,0
253042,1,walk,-128,83,-19,-273,318,148,990,444,1,0
253069,1,walk,-132,81,-17,-326,259,157,992,445,1,0
253096,1,walk,-115,74,-13,-303,229,154,994,410,1,0
253123,1,walk,-90,62,-9,-230,214,155,994,350,1,0
253149,1,walk,-61,52,-6,-151,176,168,994,287,1,0
253175,1,walk,-38,45,-4,-90,116,197,995,246,1,0
253201,1,walk,-23,35,-2,-64,19,233,995,242,1,0
253227,1,walk,-5,23,0,-68,-102,262,996,290,1,0
253253,1,walk,21,5,1,-84,-213,274,995,357,1,0
253279,1,walk,41,-14,2,-90,-293,264,995,405,1,0
253305,1,walk,76,-30,-1,-67,-357,249,994,440,1,0
253331,1,walk,117,-44,-8,-17,-394,238,992,461,1,0
253357,1,walk,138,-56,-10,47,-388,221,992,449,1,0
253384,1,walk,134,-60,-8,123,-330,179,994,395,1,0
253410,1,walk,114,-61,-4,179,-233,112,995,314,1,0
253436,1,walk,93,-58,0,168,-136,32,995,218,1,0
253462,1,walk,77,-48,2,82,-71,-57,996,123,1,0
253488,1,walk,62,-37,3,-68,-27,-141,996,158,1,0
253514,1,walk,14,-25,4,-228,39,-212,993,313,1,0
253541,1,walk,-30,-21,3,-345,78,-269,992,444,1,0
253568,1,walk,-77,-33,3,-409,78,-303,990,514,1,0
253594,1,walk,-120,-60,1,-402,27,-307,988,507,1,0
253621,1,walk,-137,-87,2,-286,-20,-277,989,399,1,0
253648,1,walk,-112,-100,5,-98,-49,-231,991,256,1,0
253675,1,walk,-55,-89,5,106,-44,-183,988,216,1,0
253701,1,walk,0,-63,0,270,-17,-142,985,306,1,0
253727,1,walk,25,-39,-1,350,30,-108,987,367,1,0
253753,1,walk,17,-24,1,332,84,-76,989,351,1,0
253779,1,walk,-11,-24,3,241,119,-39,991,271,1,0
253805,1,walk,-37,-37,5,115,125,6,991,170,1,0
253831,1,walk,-41,-61,8,0,106,51,992,117,1,0
253857,1,walk,-32,-86,9,-61,78,83,993,129,1,0
253883,1,walk,-22,-100,10,-55,33,97,994,116,1,0
253909,1,walk,-9,-103,10,-3,-12,101,995,102,1,0
253935,1,walk,-4,-94,11,78,-35,110,996,140,1,0
253961,1,walk,11,-72,10,158,-60,134,996,216,1,0
253987,1,walk,20,-46,7,210,-52,172,995,276,1,0
254013,1,walk,20,-23,6,217,21,209,995,303,1,0
254039,1,walk,-9,6,3,183,128,230,993,321,1,0
254065,1,walk,-48,39,-3,98,215,225,991,326,1,0
254091,1,walk,-92,59,-10,-32,282,204,989,349,1,0
254118,1,walk,-121,71,-13,-151,289,180,990,373,1,0
254145,1,walk,-116,77,-12,-203,270,159,992,373,1,0
254172,1,walk,-93,75,-9,-175,230,143,993,322,1,0
254198,1,walk,-63,63,-6,-103,181,144,993,253,1,0
254224,1,walk,-36,50,-3,-18,131,174,994,218,1,0
254250,1,walk,-15,42,-1,50,71,214,994,231,1,0
254276,1,walk,9,39,-1,90,-2,243,995,259,1,0
254302,1,walk,27,35,0,96,-61,248,995,273,1,0
254328,1,walk,48,30,-1,76,-116,227,996,266,1,0
254354,1,walk,72,20,-2,38,-163,189,995,252,1,0
254380,1,walk,90,12,-3,1,-189,146,996,239,1,0
254406,1,walk,105,6,-4,-29,-200,105,996,228,1,0
254432,1,walk,115,-2,-5,-61,-225,65,996,242,1,0
254458,1,walk,118,-11,-4,-91,-263,18,997,279,1,0
254485,1,walk,103,-24,-1,-111,-281,-29,997,303,1,0
254512,1,walk,91,-30,1,-114,-294,-66,997,322,1,0
254539,1,walk,82,-24,2,-122,-315,-108,997,355,1,0
254566,1,walk,45,-22,4,-145,-242,-160,996,324,1,0
254593,1,walk,6,-23,5,-171,-156,-188,994,298,1,0
254619,1,walk,-32,-29,6,-188,-91,-197,993,288,1,0
254654,1,walk,-80,-56,4,-195,-74,-193,990,284,1,0
254681,1,walk,-108,-82,4,-151,-66,-190,990,251,1,0
254708,1,walk,-103,-99,6,-52,-22,-201,992,208,1,0
254735,1,walk,-62,-96,7,76,39,-230,991,245,1,0
254761,1,walk,-11,-76,4,192,104,-261,989,341,1,0
254787,1,walk,23,-51,2,263,148,-285,989,415,1,0
254813,1,walk,21,-33,3,277,171,-295,991,439,1,0
254839,1,walk,3,-28,5,240,166,-287,993,409,1,0
254865,1,walk,-17,-36,7,171,142,-270,994,350,1,0
254891,1,walk,-21,-46,9,102,93,-255,995,290,1,0
254917,1,walk,-6,-54,9,57,17,-254,995,260,1,0
254943,1,walk,2,-58,10,43,-64,-255,996,266,1,0
254969,1,walk,8,-58,10,53,-126,-241,997,278,1,0
254995,1,walk,8,-47,10,88,-160,-206,997,276,1,0
255021,1,walk,17,-27,7,139,-182,-152,997,276,1,0
255047,1,walk,29,0,3,188,-219,-71,996,298,1,0
255073,1,walk,44,22,-1,194,-217,40,995,293,1,0
255099,1,walk,14,49,-3,153,-112,143,994,238,1,0
255125,1,walk,-27,74,-8,82,11,213,991,229,1,0
255151,1,walk,-72,98,-16,8,104,236,989,258,1,0
255177,1,walk,-95,111,-18,-56,127,223,990,262,1,0
255204,1,walk,-83,104,-14,-92,127,204,992,257,1,0
255231,1,walk,-26,106,-17,-71,115,203,989,244,1,0
255257,1,walk,-11,83,-11,-64,167,208,990,274,1,0
255283,1,walk,1,68,-7,-69,211,209,992,305,1,0
255309,1,walk,4,55,-4,-100,222,198,993,314,1,0
255335,1,walk,10,36,-1,-148,184,176,994,294,1,0
255361,1,walk,28,17,1,-191,120,149,995,270,1,0
255387,1,walk,52,2,1,-217,62,116,995,253,1,0
255413,1,walk,65,-4,1,-218,24,75,995,232,1,0
255439,1,walk,83,-6,-1,-198,-12,31,996,200,1,0
255465,1,walk,103,-8,-3,-164,-53,-7,996,173,1,0
255491,1,walk,112,-18,-4,-144,-93,-43,996,177,1,0
255518,1,walk,98,-32,0,-142,-115,-96,997,206,1,0
255545,1,walk,89,-49,2,-165,-127,-153,996,258,1,0
255572,1,walk,95,-55,1,-214,-145,-204,997,329,1,0
255599,1,walk,82,-53,3,-283,-144,-250,997,405,1,0
255626,1,walk,44,-51,5,-330,-75,-284,995,442,1,0
255653,1,walk,-8,-45,6,-359,54,-310,992,478,1,0
255679,1,walk,-59,-38,4,-382,154,-338,990,533,1,0
255706,1,walk,-92,-38,4,-376,210,-390,990,581,1,0
255733,1,walk,-110,-53,4,-325,240,-397,991,566,1,0
255760,1,walk,-105,-73,6,-232,277,-383,992,527,1,0
255787,1,walk,-82,-75,8,-104,328,-343,993,486,1,0
255813,1,walk,-58,-62,9,8,351,-290,994,455,1,0
255839,1,walk,-37,-46,9,75,330,-233,994,411,1,0
255865,1,walk,-38,-38,9,81,281,-182,996,345,1,0
255891,1,walk,-58,-45,9,37,221,-145,995,267,1,0
255917,1,walk,-67,-64,10,-12,164,-116,995,201,1,0
255944,1,walk,-65,-86,10,-27,113,-88,995,146,1,0
255970,1,walk,-38,-106,9,-3,31,-63,995,70,1,0
255996,1,walk,-17,-119,8,51,-44,-44,995,81,1,0
256022,1,walk,-15,-115,9,126,-116,-37,996,175,1,0
256049,1,walk,-9,-102,10,189,-174,-40,997,260,1,0
256075,1,walk,-2,-92,10,212,-216,-50,997,306,1,0
256101,1,walk,-14,-84,10,206,-224,-43,997,307,1,0
256128,1,walk,-12,-70,10,210,-166,-21,997,269,1,0
256154,1,walk,-32,-42,9,226,-47,2,996,230,1,0
256180,1,walk,-64,-1,3,218,38,0,993,222,1,0
256206,1,walk,-96,37,-5,170,43,-23,990,177,1,0
256232,1,walk,-117,56,-8,94,-6,-27,991,98,1,0
256258,1,walk,-94,77,-9,57,-73,2,991,93,1,0
256284,1,walk,-75,76,-7,54,-88,19,992,105,1,0
256310,1,walk,-51,75,-5,78,-74,34,993,113,1,0
256344,1,walk,-24,68,-4,86,-55,42,994,111,1,0
256370,1,walk,-10,56,-1,77,-54,51,995,107,1,0
256396,1,walk,8,46,0,69,-70,58,995,114,1,0
256422,1,walk,34,36,-1,63,-100,57,995,131,1,0
256448,1,walk,62,28,-2,57,-139,50,994,158,1,0
256474,1,walk,85,26,-4,56,-180,36,995,192,1,0
256500,1,walk,102,24,-6,59,-230,12,995,238,1,0
256526,1,walk,98,18,-4,54,-272,-31,996,279,1,0
256552,1,walk,91,8,-2,47,-302,-96,997,320,1,0
256578,1,walk,83,-4,0,51,-299,-165,997,346,1,0
256604,1,walk,96,-11,-1,53,-314,-233,997,394,1,0
256630,1,walk,97,-9,-1,21,-274,-315,997,418,1,0
256656,1,walk,72,-6,1,-61,-163,-407,997,443,1,0
256682,1,walk,27,-20,3,-167,-45,-464,994,495,1,0
256709,1,walk,-23,-45,3,-248,41,-477,990,539,1,0
256736,1,walk,-61,-38,3,-208,53,-506,990,550,1,0
256762,1,walk,-130,-98,-12,-124,81,-479,978,501,1,0
256789,1,walk,-102,-102,-6,10,98,-434,982,445,1,0
256816,1,walk,-52,-81,-4,113,117,-401,982,433,1,0
256843,1,walk,-12,-50,-3,146,152,-396,983,448,1,0
256870,1,walk,-4,-32,-1,93,193,-419,986,471,1,0
256896,1,walk,-19,-26,2,-5,223,-447,989,500,1,0
256922,1,walk,-30,-36,5,-88,206,-455,991,507,1,0
256948,1,walk,-22,-41,7,-99,159,-435,993,473,1,0
256974,1,walk,-11,-41,8,-55,93,-393,995,407,1,0
257000,1,walk,7,-38,8,17,7,-335,995,336,1,0
257026,1,walk,9,-33,8,66,-54,-289,996,302,1,0
257052,1,walk,4,-28,9,68,-91,-242,997,267,1,0
257078,1,walk,8,-11,8,50,-144,-170,997,228,1,0
257104,1,walk,23,-5,7,18,-226,-75,997,239,1,0
257130,1,walk,33,-5,6,-16,-279,42,997,282,1,0
257156,1,walk,36,2,5,-28,-280,167,997,327,1,0
257182,1,walk,18,18,4,-18,-210,246,997,324,1,0
257208,1,walk,-4,56,-1,40,-124,267,994,297,1,0
257234,1,walk,-11,87,-7,120,-63,253,994,287,1,0
257260,1,walk,-2,115,-12,209,-36,234,993,315,1,0
257286,1,walk,1,135,-16,260,1,216,994,338,1,0
257312,1,walk,2,133,-15,247,40,203,995,323,1,0
257338,1,walk,8,129,-14,214,103,202,996,312,1,0
257364,1,walk,22,116,-12,165,147,212,996,306,1,0
257390,1,walk,39,103,-10,132,129,231,996,296,1,0
257416,1,walk,54,88,-9,95,99,229,996,267,1,0
257442,1,walk,69,73,-8,43,38,196,996,204,1,0
257468,1,walk,94,58,-10,-14,-35,144,995,149,1,0
257495,1,walk,97,59,-10,-40,-58,88,996,113,1,0
257521,1,walk,110,61,-12,-52,-69,45,997,98,1,0
257547,1,walk,128,67,-17,-66,-75,2,996,100,1,0
257573,1,walk,134,75,-20,-86,-98,-46,997,138,1,0
257600,1,walk,129,73,-18,-136,-100,-97,997,195,1,0
257627,1,walk,113,57,-13,-187,-62,-131,997,237,1,0
257654,1,walk,101,35,-8,-221,-30,-131,997,259,1,0
257681,1,walk,68,11,-3,-212,-1,-130,995,249,1,0
257707,1,walk,42,-13,2,-216,85,-164,994,284,1,0
257733,1,walk,-7,-42,4,-238,142,-204,990,344,1,0
257760,1,walk,-47,-53,6,-191,169,-238,990,349,1,0
257787,1,walk,-86,-59,6,-117,187,-266,990,345,1,0
257814,1,walk,-118,-64,5,-57,200,-276,990,345,1,0
257841,1,walk,-132,-66,5,-15,206,-279,992,347,1,0
257868,1,walk,-113,-60,7,21,161,-259,993,306,1,0
257894,1,walk,-81,-45,8,60,93,-236,993,261,1,0
257920,1,walk,-37,-27,6,94,0,-213,991,233,1,0
257946,1,walk,-9,-18,5,101,-80,-189,992,228,1,0
257973,1,walk,8,-15,5,99,-130,-155,993,225,1,0
257999,1,walk,11,-17,6,94,-147,-123,995,213,1,0
258033,1,walk,22,-25,7,115,-162,-81,996,214,1,0
258059,1,walk,31,-31,7,169,-139,-27,996,220,1,0
258085,1,walk,38,-33,7,226,-123,27,997,259,1,0
258111,1,walk,55,-26,5,255,-131,75,997,296,1,0
258137,1,walk,50,-22,5,250,-133,130,997,311,1,0
258163,1,walk,44,-13,6,219,-229,198,998,373,1,0
258189,1,walk,48,2,3,158,-335,278,998,464,1,0
258215,1,walk,32,24,2,96,-348,368,997,515,1,0
258241,1,walk,25,71,-8,58,-299,435,993,531,1,0
258267,1,walk,3,85,-9,33,-214,470,994,518,1,0
258293,1,walk,-7,102,-11,57,-110,471,994,487,1,0
258319,1,walk,-12,115,-13,100,-7,466,995,476,1,0
258345,1,walk,-14,113,-11,148,78,461,996,491,1,0
258371,1,walk,-2,106,-10,174,167,443,997,504,1,0
258397,1,walk,10,92,-8,138,237,407,997,491,1,0
258423,1,walk,22,74,-5,76,292,369,997,477,1,0
258449,1,walk,18,61,-3,31,330,337,997,472,1,0
258475,1,walk,26,49,-2,20,279,322,997,426,1,0
258501,1,walk,46,42,-3,35,205,306,997,370,1,0
258527,1,walk,57,38,-3,35,143,264,997,303,1,0
258553,1,walk,72,38,-5,8,45,204,998,209,1,0
258579,1,walk,96,38,-9,-34,-62,148,997,164,1,0
258605,1,walk,105,37,-11,-85,-160,101,998,207,1,0
258632,1,walk,104,34,-10,-141,-251,61,998,294,1,0
258659,1,walk,103,28,-9,-175,-289,28,998,339,1,0
258686,1,walk,100,11,-7,-204,-302,-9,998,364,1,0
258713,1,walk,113,-14,-8,-236,-331,-49,997,409,1,0
258740,1,walk,88,-23,-3,-240,-280,-113,996,386,1,0
258767,1,walk,42,-35,2,-221,-176,-202,993,347,1,0
258794,1,walk,-17,-56,4,-171,-52,-273,989,326,1,0
258821,1,walk,-58,-78,5,-105,81,-304,988,332,1,0
258848,1,walk,-79,-87,7,-40,164,-311,990,353,1,0
258875,1,walk,-76,-83,9,12,204,-309,992,371,1,0
258901,1,walk,-61,-71,10,43,237,-314,993,396,1,0
258927,1,walk,-40,-52,9,64,249,-328,994,417,1,0
258953,1,walk,-20,-39,8,80,257,-337,994,431,1,0
258979,1,walk,-16,-32,8,83,259,-344,995,439,1,0
259005,1,walk,-10,-29,9,77,217,-341,996,411,1,0
259031,1,walk,-6,-24,9,88,167,-328,997,378,1,0
259057,1,walk,-6,-21,9,90,80,-309,997,332,1,0
259083,1,walk,-1,-26,9,69,-27,-285,998,294,1,0
259109,1,walk,8,-30,9,49,-136,-241,998,281,1,0
259135,1,walk,13,-29,8,44,-226,-186,998,296,1,0
259161,1,walk,14,-29,8,42,-294,-133,998,326,1,0
259187,1,walk,14,-27,8,41,-335,-71,998,345,1,0
259213,1,walk,22,-18,7,58,-385,13,999,390,1,0
259239,1,walk,34,-2,3,93,-411,110,998,436,1,0
259265,1,walk,30,12,2,102,-336,190,998,399,1,0
259291,1,walk,3,33,0,71,-206,231,996,318,1,0
259317,1,walk,-24,59,-4,67,-90,240,995,265,1,0
259343,1,walk,-37,81,-7,100,11,228,995,249,1,0
259369,1,walk,-43,89,-8,130,98,199,995,257,1,0
259395,1,walk,-54,86,-6,118,179,165,996,271,1,0
259421,1,walk,-42,70,-4,80,230,149,996,285,1,0
259447,1,walk,-12,47,-2,45,250,150,995,295,1,0
259473,1,walk,7,30,-1,17,222,150,995,268,1,0
259499,1,walk,16,17,1,-1,111,131,996,171,1,0
259525,1,walk,23,13,1,-29,-13,90,996,95,1,0
259551,1,walk,36,21,-1,-70,-152,40,997,172,1,0
259578,1,walk,60,30,-6,-94,-324,-3,997,337,1,0
259605,1,walk,77,35,-9,-122,-433,-42,996,452,1,0
259632,1,walk,92,41,-12,-172,-504,-68,997,536,1,0
259659,1,walk,115,50,-19,-230,-527,-89,996,582,1,0
259686,1,walk,136,48,-24,-253,-443,-119,996,524,1,0
259721,1,walk,125,16,-18,-203,-312,-128,995,394,1,0
259748,1,walk,126,-13,-15,-165,-160,-159,994,279,1,0
259775,1,walk,74,-45,-7,-215,-12,-226,990,312,1,0
259802,1,walk,22,-50,-1,-236,94,-270,988,371,1,0
259829,1,walk,-28,-51,2,-202,188,-293,987,402,1,0
259856,1,walk,-64,-61,5,-144,272,-271,988,410,1,0
259882,1,walk,-65,-72,8,-81,315,-236,990,402,1,0
259908,1,walk,-44,-74,8,-28,368,-212,992,426,1,0
259934,1,walk,-31,-64,9,26,432,-200,994,477,1,0
259960,1,walk,17,-53,3,81,427,-192,991,475,1,0
259986,1,walk,13,-43,5,145,447,-193,993,508,1,0
260012,1,walk,-11,-38,7,198,463,-199,994,541,1,0
260038,1,walk,-28,-35,9,240,434,-178,995,527,1,0
260064,1,walk,-42,-25,9,272,387,-138,995,493,1,0
260090,1,walk,-50,-10,8,274,322,-96,996,434,1,0
260116,1,walk,-35,3,7,239,222,-59,996,331,1,0
260142,1,walk,-29,16,6,172,120,-37,997,213,1,0
260168,1,walk,-41,21,5,85,21,-9,997,88,1,0
260194,1,walk,-48,22,6,-24,-60,46,998,79,1,0
260220,1,walk,-43,15,7,-118,-92,142,998,207,1,0
260246,1,walk,-51,5,8,-167,5,274,998,320,1,0
260272,1,walk,-74,19,6,-127,166,358,997,414,1,0
260298,1,walk,-84,38,3,-44,289,380,997,479,1,0
260324,1,walk,-85,56,-1,25,347,367,997,505,1,0
260350,1,walk,-80,71,-3,42,313,362,997,480,1,0
260376,1,walk,-80,87,-6,19,256,355,997,438,1,0
260402,1,walk,-90,100,-10,0,252,320,996,407,1,0
260428,1,walk,-88,97,-9,-15,279,273,997,391,1,0
260454,1,walk,-84,79,-5,-34,309,232,998,388,1,0
260480,1,walk,-74,45,0,-66,297,211,996,370,1,0
260506,1,walk,-69,23,3,-83,262,209,996,346,1,0
260532,1,walk,-60,6,5,-81,208,215,996,310,1,0
260558,1,walk,-36,1,6,-51,141,219,996,266,1,0
260584,1,walk,-18,7,4,-9,75,213,996,226,1,0
260610,1,walk,2,8,3,4,-24,187,997,189,1,0
260636,1,walk,21,5,3,5,-125,149,997,194,1,0
260662,1,walk,25,4,3,-4,-213,95,997,233,1,0
260688,1,walk,11,-1,5,-24,-302,29,997,304,1,0
260714,1,walk,-10,-6,6,-42,-367,-36,997,371,1,0
260740,1,walk,-18,-3,6,-54,-392,-83,997,404,1,0
260766,1,walk,-40,3,5,-49,-339,-135,997,368,1,0
260793,1,walk,-63,1,5,-59,-242,-205,996,323,1,0
260819,1,walk,-66,-15,7,-87,-203,-281,997,357,1,0
260846,1,walk,-86,-50,7,-108,-179,-358,994,415,1,0
260873,1,walk,-110,-78,6,-88,-163,-402,993,443,1,0
260900,1,walk,-119,-92,6,-43,-155,-399,994,431,1,0
260927,1,walk,-92,-80,8,19,-150,-389,994,418,1,0
260953,1,walk,-62,-49,6,80,-141,-395,993,427,1,0
260980,1,walk,-26,-19,2,124,-148,-411,991,454,1,0
261007,1,walk,-8,-3,1,142,-151,-424,992,472,1,0
261033,1,walk,-1,5,1,153,-150,-412,993,465,1,0
261059,1,walk,0,7,2,168,-140,-374,995,434,1,0
261085,1,walk,-3,7,3,186,-130,-311,996,385,1,0
261111,1,walk,2,6,4,196,-122,-223,997,321,1,0
261137,1,walk,9,9,4,196,-122,-121,998,261,1,0
261163,1,walk,29,17,1,186,-134,-9,997,230,1,0
261189,1,walk,39,23,0,166,-138,98,997,237,1,0
261215,1,walk,45,32,-2,149,-135,192,998,278,1,0
261241,1,walk,49,34,-3,121,-133,281,998,334,1,0
261267,1,walk,54,31,-3,65,-116,391,998,413,1,0
261293,1,walk,45,41,-4,-5,-44,506,998,508,1,0
261319,1,walk,36,63,-7,-60,12,567,997,570,1,0
261345,1,walk,30,81,-11,-88,42,575,997,583,1,0
261371,1,walk,15,74,-8,-130,68,549,997,568,1,0
261405,1,walk,8,55,-5,-129,96,512,997,537,1,0
261431,1,walk,7,61,-5,-41,148,466,997,490,1,0
261457,1,walk,21,63,-7,34,180,397,997,437,1,0
261483,1,walk,35,58,-7,63,204,337,997,399,1,0
261509,1,walk,45,50,-6,53,202,309,998,373,1,0
261535,1,walk,55,44,-6,30,165,310,998,353,1,0
261561,1,walk,67,37,-7,5,110,319,998,337,1,0
261587,1,walk,76,30,-7,-22,46,306,998,311,1,0
261613,1,walk,89,23,-8,-36,-26,268,997,272,1,0
261639,1,walk,110,15,-11,-34,-99,209,997,233,1,0
261665,1,walk,117,2,-10,-22,-143,148,997,207,1,0
261691,1,walk,117,-6,-9,-12,-169,96,997,195,1,0
261717,1,walk,107,-8,-7,-20,-178,48,998,185,1,0
261743,1,walk,86,-2,-5,-50,-186,-6,997,193,1,0
261769,1,walk,91,2,-6,-108,-232,-56,997,262,1,0
261796,1,walk,90,0,-6,-184,-269,-90,998,338,1,0
261823,1,walk,78,-6,-3,-267,-247,-108,998,380,1,0
261850,1,walk,35,-17,1,-338,-122,-130,995,382,1,0
261877,1,walk,-19,-35,3,-370,25,-166,991,406,1,0
261904,1,walk,-75,-60,2,-351,139,-212,987,433,1,0
261931,1,walk,-105,-81,4,-276,189,-245,988,414,1,0
261958,1,walk,-113,-96,6,-145,209,-266,990,368,1,0
261985,1,walk,-78,-85,7,23,184,-254,991,314,1,0
262011,1,walk,-25,-61,3,168,145,-226,988,317,1,0
262037,1,walk,9,-37,-1,248,111,-200,988,338,1,0
262063,1,walk,22,-24,-1,246,81,-183,990,317,1,0
262089,1,walk,8,-23,2,183,63,-176,992,261,1,0
262115,1,walk,-14,-34,5,99,53,-168,993,202,1,0
262141,1,walk,-22,-51,7,29,34,-152,993,158,1,0
262167,1,walk,-12,-66,8,-1,5,-124,994,124,1,0
262193,1,walk,12,-77,7,10,-29,-82,995,88,1,0
262219,1,walk,27,-71,7,69,-40,-38,995,88,1,0
262245,1,walk,34,-59,6,146,-29,-2,996,149,1,0
262271,1,walk,25,-36,5,225,4,35,996,228,1,0
262297,1,walk,35,-13,2,266,-7,91,996,281,1,0
262323,1,walk,31,1,1,225,11,174,996,285,1,0
262349,1,walk,27,30,-3,145,89,269,995,318,1,0
262375,1,walk,-11,41,-3,48,221,319,994,391,1,0
262401,1,walk,-52,62,-7,-10,306,328,992,449,1,0
262428,1,walk,-84,80,-11,-46,313,290,991,429,1,0
262455,1,walk,-100,78,-9,-68,268,233,993,361,1,0
262481,1,walk,-100,70,-7,-61,225,185,994,298,1,0
262507,1,walk,-80,58,-4,-46,203,162,995,264,1,0
262533,1,walk,-51,50,-2,-38,201,164,995,262,1,0
262559,1,walk,-26,50,-3,-38,189,184,995,266,1,0
262585,1,walk,2,50,-4,-51,133,209,995,253,1,0
262611,1,walk,20,42,-4,-83,53,227,995,247,1,0
262637,1,walk,33,32,-2,-112,-19,227,996,254,1,0
262663,1,walk,45,17,-1,-131,-77,209,996,259,1,0
262689,1,walk,58,0,-1,-128,-122,180,997,252,1,0
262715,1,walk,70,-15,0,-98,-157,147,997,236,1,0
262741,1,walk,76,-29,0,-48,-187,114,997,225,1,0
262767,1,walk,72,-38,1,9,-205,72,997,217,1,0
262793,1,walk,68,-40,2,57,-210,8,998,217,1,0
262819,1,walk,63,-37,3,89,-209,-58,998,235,1,0
262845,1,walk,68,-31,2,74,-254,-93,998,280,1,0
262871,1,walk,52,-24,3,-2,-259,-108,998,281,1,0
262898,1,walk,0,-15,3,-120,-188,-142,994,265,1,0
262925,1,walk,-58,-13,1,-238,-134,-195,990,335,1,0
262952,1,walk,-87,-26,3,-316,-93,-254,990,416,1,0
262979,1,walk,-115,-53,3,-331,-63,-276,990,435,1,0
263006,1,walk,-95,-63,6,-248,-38,-295,991,387,1,0
263032,1,walk,-51,-61,6,-121,7,-307,991,330,1,0
263058,1,walk,0,-46,1,-3,51,-310,988,314,1,0
263093,1,walk,2,-27,2,57,107,-315,991,337,1,0
263119,1,walk,-15,-17,3,63,137,-313,992,348,1,0
263145,1,walk,-34,-22,5,21,138,-303,993,333,1,0
263171,1,walk,-46,-37,8,-36,109,-279,994,302,1,0
263197,1,walk,-40,-51,9,-65,70,-250,995,267,1,0
263223,1,walk,-16,-57,9,-46,22,-223,995,228,1,0
263249,1,walk,3,-54,8,8,-37,-201,996,205,1,0
263275,1,walk,13,-47,7,79,-87,-178,996,213,1,0
263301,1,walk,20,-33,6,146,-124,-125,997,229,1,0
263327,1,walk,25,-19,5,190,-165,-29,997,253,1,0
263353,1,walk,29,-7,4,187,-161,107,997,269,1,0
263379,1,walk,13,14,2,143,-11,237,996,276,1,0
263405,1,walk,-26,39,-2,79,172,292,993,348,1,0
263431,1,walk,-60,66,-7,16,292,275,992,401,1,0
263457,1,walk,-149,93,-30,-44,399,234,978,465,1,0
263484,1,walk,-140,87,-23,-116,387,243,983,471,1,0
263511,1,walk,-107,84,-18,-148,374,268,986,483,1,0
263538,1,walk,-75,68,-12,-171,376,300,987,510,1,0
263564,1,walk,-47,54,-8,-192,373,321,989,528,1,0
263590,1,walk,-40,36,-3,-216,334,324,991,513,1,0
263616,1,walk,-36,10,2,-232,250,316,992,465,1,0
263642,1,walk,-28,-16,5,-232,162,296,993,410,1,0
263668,1,walk,-9,-33,7,-201,83,262,994,341,1,0
263694,1,walk,16,-43,6,-148,13,211,994,258,1,0
263720,1,walk,44,-44,4,-74,-51,159,994,183,1,0
263746,1,walk,74,-43,1,4,-124,118,994,171,1,0
263772,1,walk,78,-44,1,70,-182,79,995,210,1,0
263798,1,walk,63,-47,4,118,-226,33,996,257,1,0
263824,1,walk,59,-46,4,133,-291,-26,996,321,1,0
263850,1,walk,56,-43,5,109,-340,-87,997,368,1,0
263876,1,walk,30,-38,7,41,-313,-139,997,345,1,0
263902,1,walk,-15,-32,7,-52,-205,-184,994,281,1,0
263929,1,walk,-44,-25,7,-155,-106,-226,994,294,1,0
263956,1,walk,-71,-25,7,-249,-50,-273,994,372,1,0
263983,1,walk,-87,-42,8,-297,-73,-315,994,439,1,0
264010,1,walk,-88,-67,9,-263,-70,-336,994,432,1,0
264037,1,walk,-86,-89,9,-166,-15,-325,995,366,1,0
264064,1,walk,-71,-93,11,-41,63,-302,996,311,1,0
264091,1,walk,-45,-81,10,76,130,-290,996,327,1,0
264117,1,walk,-32,-69,10,145,180,-290,996,371,1,0
264143,1,walk,-26,-65,11,152,208,-285,997,385,1,0
264169,1,walk,-25,-65,11,109,225,-271,998,368,1,0
264195,1,walk,-27,-69,12,37,224,-251,998,338,1,0
264221,1,walk,-32,-75,12,-37,210,-235,998,317,1,0
264248,1,walk,-26,-79,12,-83,174,-232,998,302,1,0
264274,1,walk,-12,-76,11,-82,122,-230,998,273,1,0
264300,1,walk,-4,-73,10,-49,63,-220,998,234,1,0
264326,1,walk,-13,-64,10,2,38,-190,998,193,1,0
264352,1,walk,-9,-48,9,62,22,-133,998,148,1,0
264378,1,walk,-5,-25,7,111,-9,-47,997,121,1,0
264404,1,walk,3,-9,6,130,-21,59,997,144,1,0
264430,1,walk,-22,5,5,122,56,166,996,213,1,0
264456,1,walk,-68,23,-1,78,151,241,993,294,1,0
264482,1,walk,-117,43,-9,22,195,266,989,331,1,0
264509,1,walk,-157,65,-18,-28,181,213,988,281,1,0
264536,1,walk,-152,61,-14,-61,124,207,991,249,1,0
264563,1,walk,-121,47,-9,-48,106,198,991,230,1,0
264589,1,walk,-79,39,-5,-16,121,198,991,232,1,0
264615,1,walk,-41,37,-3,4,142,200,991,245,1,0
264641,1,walk,-20,33,-2,-8,145,195,992,243,1,0
264667,1,walk,-11,26,0,-46,115,188,993,225,1,0
264693,1,walk,10,14,2,-96,53,178,994,209,1,0
264719,1,walk,25,3,2,-138,-17,161,995,212,1,0
264745,1,walk,51,-5,1,-154,-100,130,994,225,1,0
264780,1,walk,82,-12,-2,-133,-189,85,994,246,1,0
264806,1,walk,105,-23,-4,-95,-277,36,994,295,1,0
264832,1,walk,106,-37,-3,-47,-344,-20,995,348,1,0
264858,1,walk,84,-49,1,25,-364,-86,995,375,1,0
264884,1,walk,57,-49,3,116,-363,-161,995,413,1,0
264910,1,walk,44,-39,5,180,-353,-254,995,471,1,0
264936,1,walk,16,-24,5,185,-225,-344,995,451,1,0
264963,1,walk,2,-10,5,125,-68,-408,995,432,1,0
264989,1,walk,-5,5,4,37,78,-429,996,438,1,0
265015,1,walk,-27,13,4,-56,137,-414,996,439,1,0
265042,1,walk,-54,-2,5,-148,100,-376,995,416,1,0
265069,1,walk,-86,-36,3,-198,57,-331,993,390,1,0
265096,1,walk,-92,-49,4,-150,37,-302,994,340,1,0
265122,1,walk,-73,-83,5,-77,39,-266,993,279,1,0
265148,1,walk,-39,-88,5,24,43,-241,993,246,1,0
265174,1,walk,-7,-79,5,113,39,-226,993,256,1,0
265200,1,walk,7,-67,6,167,36,-217,994,276,1,0
265226,1,walk,3,-63,7,166,30,-211,996,270,1,0
265252,1,walk,-6,-65,8,123,31,-206,996,242,1,0
265278,1,walk,-9,-67,9,56,28,-198,997,208,1,0
265304,1,walk,0,-66,9,-7,19,-191,998,192,1,0
265330,1,walk,17,-58,8,-39,-4,-188,998,192,1,0
265356,1,walk,29,-51,7,-44,-23,-182,997,189,1,0
265382,1,walk,21,-46,7,-32,-4,-160,998,163,1,0
265408,1,walk,13,-36,7,-5,32,-111,998,116,1,0
265434,1,walk,7,-17,6,20,48,-28,997,59,1,0
265460,1,walk,13,0,5,14,55,82,997,100,1,0
265486,1,walk,-23,22,1,-16,111,180,995,212,1,0
265512,1,walk,-58,40,-2,-62,129,238,993,278,1,0
265538,1,walk,-106,60,-10,-109,117,218,990,271,1,0
265565,1,walk,-130,58,-12,-151,74,194,991,256,1,0
265592,1,walk,-109,58,-8,-135,50,174,992,225,1,0
265618,1,walk,-81,46,-5,-89,80,155,993,196,1,0
265644,1,walk,-48,33,-2,-44,143,154,993,215,1,0
265670,1,walk,-26,22,0,-20,202,158,993,258,1,0
265696,1,walk,-23,15,3,-18,236,158,995,285,1,0
265722,1,walk,-11,8,4,-25,205,145,996,253,1,0
265748,1,walk,6,0,5,-33,153,122,996,198,1,0
265774,1,walk,23,-2,5,-32,88,87,997,128,1,0
265800,1,walk,47,4,2,-12,5,43,996,45,1,0
265826,1,walk,77,6,-1,18,-88,2,995,90,1,0
265852,1,walk,94,0,-3,49,-170,-25,996,178,1,0
265878,1,walk,92,-12,-1,82,-217,-44,996,236,1,0
265904,1,walk,81,-21,1,114,-238,-70,997,273,1,0
265930,1,walk,79,-24,1,133,-253,-118,997,309,1,0
265957,1,walk,87,-20,0,121,-277,-181,997,353,1,0
265983,1,walk,76,-19,1,71,-283,-247,997,383,1,0
266009,1,walk,54,-13,3,0,-221,-308,997,379,1,0
266035,1,walk,20,-7,3,-95,-147,-360,996,400,1,0
266061,1,walk,-20,-5,3,-184,-102,-414,994,464,1,0
266088,1,walk,-62,-15,1,-238,-74,-471,992,533,1,0
266115,1,walk,-74,-20,2,-227,-89,-521,994,575,1,0
266142,1,walk,-78,-47,3,-175,-87,-525,994,560,1,0
266169,1,walk,-77,-58,5,-66,-35,-499,995,505,1,0
266196,1,walk,-44,-48,4,58,-5,-457,994,460,1,0
266222,1,walk,-9,-25,2,166,0,-417,993,449,1,0
266248,1,walk,13,-5,1,227,-6,-388,993,449,1,0
266274,1,walk,10,1,2,232,-1,-361,995,429,1,0
266300,1,walk,-10,-6,3,197,21,-323,995,379,1,0
266326,1,walk,-26,-20,5,141,46,-268,995,306,1,0
266352,1,walk,-23,-31,6,85,58,-212,996,236,1,0
266378,1,walk,-10,-33,6,54,52,-164,997,180,1,0
266404,1,walk,4,-27,6,50,28,-119,997,133,1,0
266430,1,walk,10,-20,6,60,16,-71,997,94,1,0
266464,1,walk,9,-10,5,78,34,8,997,86,1,0
266489,1,walk,18,12,3,100,34,111,997,153,1,0
266515,1,walk,21,19,2,85,48,212,997,233,1,0
266541,1,walk,9,36,1,47,143,299,997,335,1,0
266567,1,walk,-22,58,-3,-23,234,332,995,407,1,0
266593,1,walk,-60,82,-9,-98,259,307,993,413,1,0
266620,1,walk,-98,83,-12,-178,225,250,992,380,1,0
266647,1,walk,-105,64,-10,-205,157,228,993,345,1,0
266674,1,walk,-74,52,-6,-153,109,214,993,285,1,0
266700,1,walk,-45,43,-3,-77,98,200,993,235,1,0
266726,1,walk,-12,37,-2,-17,94,185,993,208,1,0
266752,1,walk,4,33,-1,7,86,169,994,190,1,0
266778,1,walk,9,33,0,-1,50,152,995,160,1,0
266804,1,walk,26,33,-1,-33,-11,130,996,134,1,0
266830,1,walk,45,31,-2,-83,-84,97,996,153,1,0
266856,1,walk,66,26,-3,-133,-161,60,996,217,1,0
266882,1,walk,95,17,-5,-163,-236,28,995,288,1,0
266908,1,walk,128,8,-10,-156,-310,-1,994,347,1,0
266935,1,walk,145,-9,-12,-116,-369,-21,994,387,1,0
266961,1,walk,143,-24,-10,-59,-381,-53,995,389,1,0
266988,1,walk,123,-32,-6,2,-348,-93,995,360,1,0
267014,1,walk,98,-26,-3,46,-280,-134,995,314,1,0
267040,1,walk,78,-9,-2,52,-177,-184,995,260,1,0
267066,1,walk,47,10,-2,13,-30,-241,994,244,1,0
267092,1,walk,25,23,-1,-50,80,-284,994,299,1,0
267118,1,walk,-3,26,0,-105,148,-294,994,345,1,0
267145,1,walk,-49,13,-1,-143,147,-271,992,340,1,0
267172,1,walk,-75,2,0,-139,108,-246,992,303,1,0
267198,1,walk,-106,-21,-1,-98,102,-197,991,242,1,0
267225,1,walk,-103,-39,1,-18,133,-158,993,208,1,0
267252,1,walk,-26,-41,-3,74,114,-137,985,193,1,0
267278,1,walk,16,-33,-4,140,113,-129,986,222,1,0
267304,1,walk,26,-28,-1,163,102,-122,989,228,1,0
267330,1,walk,14,-33,2,143,86,-108,992,199,1,0
267356,1,walk,-16,-46,3,90,74,-90,992,147,1,0
267382,1,walk,-34,-63,4,32,40,-74,993,90,1,0
267408,1,walk,-33,-76,6,-9,-5,-68,994,69,1,0
267434,1,walk,-18,-82,6,-13,-59,-76,995,97,1,0
267460,1,walk,-1,-81,6,15,-116,-91,995,148,1,0
267486,1,walk,7,-70,7,64,-133,-103,996,180,1,0
267512,1,walk,0,-51,7,125,-98,-93,996,184,1,0
267538,1,walk,9,-22,5,177,-74,-40,995,196,1,0
267564,1,walk,23,9,1,195,-75,74,994,221,1,0
267590,1,walk,28,39,-2,152,-37,221,994,271,1,0
267616,1,walk,-9,64,-6,75,33,356,992,366,1,0
267642,1,walk,-44,87,-10,3,85,425,991,434,1,0
267668,1,walk,-82,107,-15,-55,90,413,990,426,1,0
267695,1,walk,-91,105,-14,-95,29,345,992,359,1,0
267722,1,walk,-80,84,-9,-74,-10,273,993,283,1,0
267748,1,walk,-55,63,-4,5,-15,237,993,238,1,0
267774,1,walk,-14,50,-3,99,-1,236,992,256,1,0
267800,1,walk,16,48,-4,163,29,242,992,293,1,0
267826,1,walk,28,53,-4,178,35,230,994,293,1,0
267852,1,walk,42,55,-4,141,-5,197,994,242,1,0
267878,1,walk,62,48,-5,69,-60,154,995,179,1,0
267904,1,walk,78,39,-5,-11,-106,104,995,149,1,0
267930,1,walk,102,32,-7,-72,-148,52,995,172,1,0
267956,1,walk,118,30,-9,-92,-168,6,996,192,1,0
267983,1,walk,134,24,-11,-87,-193,-32,996,214,1,0
268010,1,walk,130,13,-9,-65,-212,-70,997,232,1,0
268036,1,walk,120,8,-7,-24,-211,-114,997,241,1,0
268063,1,walk,115,7,-6,14,-211,-158,997,264,1,0
268089,1,walk,121,10,-7,14,-263,-188,997,324,1,0
268115,1,walk,120,11,-7,-43,-321,-206,998,384,1,0
268150,1,walk,65,15,-4,-143,-243,-233,993,366,1,0
268177,1,walk,2,16,-3,-227,-160,-270,989,387,1,0
268204,1,walk,-49,6,-3,-279,-70,-314,987,425,1,0
268231,1,walk,-86,-21,-2,-295,-17,-342,987,452,1,0
268258,1,walk,-95,-49,1,-230,0,-339,989,410,1,0
268284,1,walk,-77,-64,4,-101,34,-310,990,328,1,0
268310,1,walk,-34,-54,4,58,67,-269,990,283,1,0
268336,1,walk,12,-25,-1,193,100,-235,988,320,1,0
268363,1,walk,25,-1,-2,252,123,-215,989,353,1,0
268389,1,walk,20,9,0,234,124,-202,992,333,1,0
268415,1,walk,9,3,3,157,116,-185,993,269,1,0
268441,1,walk,-5,-17,5,58,106,-161,994,201,1,0
268467,1,walk,-8,-46,6,-24,88,-130,994,159,1,0
268493,1,walk,3,-67,7,-61,70,-101,994,137,1,0
268519,1,walk,12,-73,7,-43,47,-82,995,104,1,0
268545,1,walk,17,-69,7,4,25,-71,996,75,1,0
268571,1,walk,14,-59,8,48,31,-56,997,80,1,0
268597,1,walk,11,-41,8,73,47,-27,997,91,1,0
268623,1,walk,20,-15,5,73,48,31,996,93,1,0
268649,1,walk,41,3,2,27,49,120,995,132,1,0
268675,1,walk,22,20,2,-30,137,206,995,249,1,0
268701,1,walk,-26,39,-2,-58,234,267,992,360,1,0
268728,1,walk,-63,57,-5,-81,268,299,991,410,1,0
268755,1,walk,-114,62,-10,-128,254,299,988,413,1,0
268782,1,walk,-130,60,-9,-150,195,279,990,372,1,0
268809,1,walk,-116,58,-6,-118,178,248,992,327,1,0
268836,1,walk,-71,54,-5,-79,177,219,991,292,1,0
268862,1,walk,-27,51,-4,-48,197,210,990,291,1,0
268888,1,walk,-4,43,-3,-37,212,221,991,309,1,0
268914,1,walk,4,34,0,-42,200,238,993,314,1,0
268940,1,walk,10,24,2,-56,170,242,995,301,1,0
268966,1,walk,14,14,4,-66,136,228,996,274,1,0
268992,1,walk,21,8,5,-61,94,196,997,226,1,0
269018,1,walk,41,4,3,-40,42,153,996,164,1,0
269044,1,walk,69,-1,1,-13,-13,112,996,113,1,0
269070,1,walk,92,-8,-2,15,-72,79,996,108,1,0
269096,1,walk,90,-20,-1,42,-107,47,997,124,1,0
269122,1,walk,70,-25,2,86,-103,10,996,134,1,0
269148,1,walk,61,-25,3,123,-100,-34,997,162,1,0
269174,1,walk,66,-21,3,137,-115,-84,997,197,1,0
269200,1,walk,47,-17,4,118,-122,-129,997,213,1,0
269226,1,walk,14,-7,4,88,-77,-167,996,204,1,0
269252,1,walk,-31,-1,3,34,18,-201,993,204,1,0
269278,1,walk,-83,3,0,-22,102,-239,990,260,1,0
269304,1,walk,-123,-4,-3,-74,143,-285,990,327,1,0
269331,1,walk,-151,-20,-4,-105,134,-331,990,372,1,0
269358,1,walk,-149,-38,-2,-92,114,-360,992,388,1,0
269385,1,walk,-128,-49,2,-38,113,-365,993,384,1,0
269412,1,walk,-97,-44,4,42,111,-355,994,375,1,0
269438,1,walk,-62,-33,5,117,96,-343,993,375,1,0
269464,1,walk,-51,-28,6,157,65,-333,994,374,1,0
269490,1,walk,-53,-33,7,157,11,-321,995,358,1,0
269516,1,walk,-57,-42,8,138,-42,-307,996,339,1,0
269542,1,walk,-57,-55,9,111,-93,-294,997,328,1,0
269568,1,walk,-52,-64,9,99,-134,-288,997,332,1,0
269595,1,walk,-35,-59,10,113,-178,-286,998,355,1,0
269622,1,walk,-9,-52,9,133,-230,-282,997,388,1,0
269648,1,walk,-4,-43,9,144,-260,-280,998,409,1,0
269674,1,walk,-1,-28,8,155,-245,-272,998,397,1,0
269700,1,walk,11,-8,6,161,-213,-236,997,357,1,0
269726,1,walk,18,7,5,148,-187,-164,997,290,1,0
269752,1,walk,25,22,3,127,-121,-68,997,188,1,0
269778,1,walk,-4,47,-1,114,-22,16,995,117,1,0
269804,1,walk,-42,81,-8,105,16,60,992,122,1,0
269838,1,walk,-67,97,-12,55,-19,62,992,85,1,0
269864,1,walk,-75,97,-11,-1,-67,58,993,89,1,0
269890,1,walk,-68,94,-9,-21,-92,59,995,111,1,0
269916,1,walk,-34,88,-8,-12,-98,51,994,111,1,0
269942,1,walk,3,79,-7,-7,-78,34,993,85,1,0
269968,1,walk,22,70,-6,-8,-59,21,994,63,1,0
269994,1,walk,30,61,-4,-18,-65,7,995,68,1,0
270020,1,walk,34,50,-2,-32,-93,-13,995,99,1,0
270046,1,walk,46,40,-1,-37,-128,-45,996,140,1,0
270072,1,walk,66,36,-3,-23,-166,-91,996,191,1,0
270098,1,walk,94,37,-6,14,-215,-146,996,260,1,0
270125,1,walk,116,37,-10,61,-272,-196,996,341,1,0
270152,1,walk,125,38,-11,110,-338,-238,996,428,1,0
270179,1,walk,128,38,-11,135,-403,-274,997,506,1,0
270206,1,walk,130,35,-11,124,-454,-308,997,562,1,0
270233,1,walk,124,39,-10,107,-484,-332,998,597,1,0
270260,1,walk,125,44,-11,93,-473,-347,998,594,1,0
270287,1,walk,105,47,-9,48,-396,-359,997,537,1,0
270314,1,walk,74,40,-5,-29,-298,-364,996,472,1,0
270340,1,walk,41,35,-2,-92,-206,-363,995,427,1,0
270367,1,walk,5,32,0,-122,-152,-365,994,414,1,0
270393,1,walk,-23,20,2,-136,-114,-373,994,413,1,0
270420,1,walk,-39,1,4,-133,-88,-385,994,417,1,0
270446,1,walk,-22,-23,6,-117,-67,-376,994,399,1,0
270472,1,walk,18,-27,3,-71,-51,-350,993,361,1,0
270498,1,walk,65,-16,-4,-11,-44,-320,991,323,1,0
270525,1,walk,84,-11,-5,25,-2,-292,993,293,1,0
270551,1,walk,81,-8,-3,36,53,-269,994,276,1,0
270577,1,walk,81,-7,-2,36,94,-247,996,267,1,0
270603,1,walk,71,-11,0,40,130,-214,996,253,1,0
270629,1,walk,65,-13,2,66,133,-165,997,222,1,0
270655,1,walk,69,-14,1,104,108,-112,998,187,1,0
270681,1,walk,72,-18,1,127,72,-59,998,157,1,0
270707,1,walk,70,-18,2,131,42,-13,998,138,1,0
270733,1,walk,65,-8,1,133,6,35,998,137,1,0
270759,1,walk,62,5,0,134,-15,86,998,160,1,0
270785,1,walk,57,17,0,124,24,130,998,181,1,0
270811,1,walk,37,31,-1,99,136,152,997,227,1,0
270837,1,walk,13,48,-2,49,256,161,997,307,1,0
270863,1,walk,-2,61,-3,-37,333,177,997,379,1,0
270889,1,walk,-11,62,-2,-141,342,194,997,418,1,0
270915,1,walk,-12,64,-2,-203,291,206,997,410,1,0
270941,1,walk,-4,74,-4,-182,237,198,997,359,1,0
270967,1,walk,6,80,-6,-115,210,162,998,289,1,0
270993,1,walk,13,78,-6,-58,212,106,998,244,1,0
271019,1,walk,14,66,-4,-33,221,64,998,233,1,0
271045,1,walk,16,52,-2,-31,207,61,998,218,1,0
271071,1,walk,23,46,-1,-25,158,78,999,178,1,0
271097,1,walk,37,43,-2,2,78,80,999,112,1,0
271123,1,walk,54,36,-4,44,-10,66,998,81,1,0
271149,1,walk,64,31,-4,92,-84,47,998,133,1,0
271175,1,walk,75,26,-6,120,-157,29,998,200,1,0
271201,1,walk,90,25,-8,119,-234,12,998,263,1,0
271227,1,walk,98,25,-10,98,-304,-15,998,319,1,0
271253,1,walk,93,21,-8,68,-361,-53,998,371,1,0
271279,1,walk,82,16,-6,36,-412,-96,998,424,1,0
271305,1,walk,70,16,-4,-5,-430,-141,998,453,1,0
271332,1,walk,29,16,-2,-52,-346,-204,996,405,1,0
271359,1,walk,-23,2,0,-102,-210,-257,992,347,1,0
271386,1,walk,-47,-14,4,-128,-114,-269,992,319,1,0
271413,1,walk,-46,-16,5,-103,-69,-264,994,292,1,0
271439,1,walk,-40,-11,6,-46,-53,-274,995,283,1,0
271465,1,walk,-30,-10,6,6,-41,-286,996,289,1,0
271491,1,walk,-22,-9,6,32,10,-292,996,294,1,0
271526,1,walk,-18,-13,7,13,79,-285,997,296,1,0
271552,1,walk,-14,-23,8,-28,104,-268,998,289,1,0
271578,1,walk,-2,-35,8,-62,85,-246,998,267,1,0
271604,1,walk,12,-45,7,-70,51,-221,998,237,1,0
271630,1,walk,26,-49,6,-54,18,-199,998,207,1,0
271656,1,walk,39,-48,5,-30,-8,-180,998,182,1,0
271682,1,walk,44,-46,5,-14,-28,-156,999,159,1,0
271708,1,walk,39,-47,5,-9,-43,-117,999,125,1,0
271734,1,walk,24,-43,6,-3,-52,-62,998,81,1,0
271760,1,walk,9,-34,7,-4,-65,-4,998,65,1,0
271786,1,walk,9,-20,6,-12,-103,52,998,117,1,0
271812,1,walk,12,-9,4,-27,-126,119,998,175,1,0
271838,1,walk,10,14,1,-44,-114,204,997,238,1,0
271864,1,walk,-9,40,-2,-83,-63,257,996,277,1,0
271890,1,walk,-17,60,-5,-130,-23,264,996,295,1,0
271916,1,walk,-10,57,-4,-172,-3,238,996,294,1,0
271942,1,walk,1,50,-4,-141,16,210,997,253,1,0
271968,1,walk,11,52,-5,-42,44,181,997,191,1,0
271994,1,walk,12,57,-6,65,100,142,997,186,1,0
272020,1,walk,7,60,-5,135,164,92,998,232,1,0
272046,1,walk,4,58,-4,158,192,49,998,254,1,0
272072,1,walk,9,47,-3,149,169,24,999,226,1,0
272098,1,walk,23,32,-2,132,102,15,998,167,1,0
272124,1,walk,48,23,-5,117,11,6,998,117,1,0
272150,1,walk,67,21,-7,99,-69,-15,997,121,1,0
272176,1,walk,83,26,-11,90,-140,-48,997,173,1,0
272202,1,walk,99,39,-16,83,-199,-90,997,234,1,0
272228,1,walk,115,45,-20,72,-260,-147,997,307,1,0
272255,1,walk,117,46,-21,69,-299,-199,998,365,1,0
272282,1,walk,113,40,-19,60,-324,-242,998,409,1,0
272309,1,walk,115,36,-18,39,-365,-270,998,456,1,0
272336,1,walk,117,35,-19,-2,-392,-278,998,480,1,0
272363,1,walk,100,36,-16,-77,-339,-281,998,447,1,0
272390,1,walk,51,31,-10,-186,-205,-300,995,409,1,0
272417,1,walk,6,20,-4,-282,-73,-331,993,440,1,0
272443,1,walk,-28,4,0,-332,15,-369,992,496,1,0
272469,1,walk,-55,-19,4,-314,41,-397,991,508,1,0
272496,1,walk,-63,-51,7,-222,22,-391,991,451,1,0
272522,1,walk,-58,-78,9,-89,4,-348,992,359,1,0
272548,1,walk,-34,-79,9,53,-12,-295,993,300,1,0
272574,1,walk,4,-55,3,164,-36,-259,991,309,1,0
272600,1,walk,35,-37,-3,199,-53,-252,991,326,1,0
272627,1,walk,40,-35,-2,160,-36,-257,993,305,1,0
272653,1,walk,37,-37,1,89,3,-254,995,269,1,0
272679,1,walk,37,-42,2,16,45,-237,996,242,1,0
272705,1,walk,35,-48,3,-42,79,-216,996,234,1,0
272731,1,walk,43,-51,3,-67,98,-186,997,221,1,0
272757,1,walk,52,-52,2,-65,113,-148,998,197,1,0
272783,1,walk,49,-53,3,-57,136,-101,998,178,1,0
272809,1,walk,34,-46,4,-44,178,-47,998,189,1,0
272835,1,walk,16,-29,4,-23,217,11,997,219,1,0
272861,1,walk,2,-20,5,-22,246,83,997,260,1,0
272887,1,walk,-8,-9,5,-39,290,171,997,339,1,0
272913,1,walk,-38,13,4,-61,347,238,995,425,1,0
272939,1,walk,-72,30,1,-92,369,263,994,462,1,0
272965,1,walk,-111,37,-1,-126,348,268,993,457,1,0
272992,1,walk,-132,38,-1,-143,254,261,993,391,1,0
273019,1,walk,-120,39,0,-96,145,226,994,286,1,0
273045,1,walk,-93,40,0,3,65,165,994,177,1,0
273071,1,walk,-57,36,0,97,12,101,994,140,1,0
273097,1,walk,-32,27,0,145,-2,61,994,157,1,0
273123,1,walk,-24,18,2,140,-13,39,995,146,1,0
273149,1,walk,-18,12,3,98,-43,25,996,110,1,0
273175,1,walk,-3,6,3,38,-82,1,996,90,1,0
273209,1,walk,14,0,2,-23,-118,-47,997,129,1,0
273235,1,walk,31,-5,1,-51,-143,-103,997,183,1,0
273262,1,walk,63,-8,-4,-49,-166,-148,996,228,1,0
273289,1,walk,90,-11,-9,-29,-181,-182,995,258,1,0
273316,1,walk,87,-7,-8,4,-181,-213,996,280,1,0
273342,1,walk,89,-1,-9,14,-193,-243,997,311,1,0
273368,1,walk,86,1,-8,-16,-204,-276,997,344,1,0
273395,1,walk,89,-2,-8,-82,-222,-295,998,378,1,0
273422,1,walk,74,-8,-5,-174,-197,-285,997,388,1,0
273449,1,walk,31,-3,-2,-255,-84,-275,995,384,1,0
273475,1,walk,-30,4,-1,-309,91,-290,990,434,1,0
273502,1,walk,-84,9,-1,-322,252,-321,988,520,1,0
273529,1,walk,-113,0,1,-292,352,-343,989,572,1,0
273556,1,walk,-119,-20,4,-212,357,-331,991,531,1,0
273582,1,walk,-109,-41,7,-100,342,-286,992,457,1,0
273608,1,walk,-102,-46,9,28,342,-231,993,413,1,0
273634,1,walk,-82,-38,9,126,317,-192,994,392,1,0
273660,1,walk,-71,-31,9,158,275,-187,995,369,1,0
273686,1,walk,-76,-31,10,132,229,-204,996,334,1,0
273712,1,walk,-85,-40,12,80,179,-222,997,296,1,0
273738,1,walk,-91,-53,12,29,126,-234,997,267,1,0
273764,1,walk,-88,-70,13,-12,63,-240,997,249,1,0
273791,1,walk,-88,-83,13,-25,11,-250,997,251,1,0
273818,1,walk,-73,-88,13,-7,-32,-260,998,262,1,0
273844,1,walk,-42,-81,12,20,-76,-262,997,274,1,0
273871,1,walk,-12,-63,8,28,-102,-246,996,267,1,0
273897,1,walk,12,-48,5,-19,-122,-198,995,233,1,0
273924,1,walk,17,-36,5,-120,-133,-127,996,220,1,0
273951,1,walk,-5,-29,6,-249,-144,-51,995,292,1,0
273977,1,walk,-37,-34,7,-366,-150,17,995,395,1,0
274004,1,walk,-66,-42,8,-410,-82,80,994,426,1,0
274030,1,walk,-89,-38,7,-356,-15,142,994,384,1,0
274056,1,walk,-94,-24,7,-245,33,168,995,298,1,0
274082,1,walk,-89,-1,5,-119,81,131,995,195,1,0
274108,1,walk,-83,18,4,-9,115,49,995,125,1,0
274134,1,walk,-70,25,3,63,115,-33,996,135,1,0
274160,1,walk,-49,19,4,80,90,-86,996,148,1,0
274186,1,walk,-31,6,5,55,74,-106,996,140,1,0
274212,1,walk,-23,-5,6,17,51,-112,997,124,1,0
274238,1,walk,-2,-11,5,-17,12,-126,997,128,1,0
274264,1,walk,26,-15,3,-43,-36,-156,996,166,1,0
274291,1,walk,46,-24,1,-60,-91,-190,996,219,1,0
274318,1,walk,67,-37,-1,-59,-161,-214,996,274,1,0
274345,1,walk,90,-47,-4,-37,-242,-226,996,334,1,0
274371,1,walk,89,-49,-3,12,-324,-257,997,414,1,0
274398,1,walk,67,-45,0,86,-393,-327,997,518,1,0
274424,1,walk,61,-27,0,144,-448,-422,997,633,1,0
274451,1,walk,71,-13,-3,89,-468,-505,997,694,1,0
274478,1,walk,77,-6,-4,-21,-490,-524,997,717,1,0
274505,1,walk,53,-2,-1,-157,-363,-510,997,645,1,0
274531,1,walk,8,3,1,-274,-226,-486,994,602,1,0
274557,1,walk,-23,14,1,-242,-162,-526,994,601,1,0
274584,1,walk,-66,-16,2,-203,-20,-588,990,623,1,0
274611,1,walk,-90,-42,3,-165,82,-568,990,597,1,0
274638,1,walk,-63,-47,5,-125,190,-493,992,543,1,0
274664,1,walk,-17,-36,1,-91,282,-405,990,502,1,0
274690,1,walk,26,-16,-4,-63,319,-325,989,460,1,0
274716,1,walk,56,5,-9,-41,307,-267,989,409,1,0
274742,1,walk,42,9,-5,-38,272,-243,992,367,1,0
274768,1,walk,19,-8,-1,-39,203,-239,993,316,1,0
274794,1,walk,11,-27,3,-10,113,-251,994,276,1,0
274820,1,walk,16,-60,3,41,0,-245,993,249,1,0
274846,1,walk,17,-69,4,145,-95,-180,995,250,1,0
274872,1,walk,21,-63,4,275,-159,-83,995,328,1,0
274907,1,walk,16,-46,5,379,-141,-4,996,404,1,0
274933,1,walk,13,-26,4,396,-97,32,996,409,1,0
274959,1,walk,34,-18,2,363,-117,108,996,396,1,0
274985,1,walk,43,-10,1,306,-98,236,996,398,1,0
275011,1,walk,22,7,1,191,-32,313,996,368,1,0
275037,1,walk,-7,24,1,69,-27,304,995,313,1,0
275063,1,walk,-25,47,-1,23,-21,226,994,228,1,0
275089,1,walk,-43,49,0,14,7,137,995,138,1,0
275115,1,walk,-55,55,0,36,40,89,996,104,1,0
275141,1,walk,-46,64,-1,75,111,68,996,150,1,0
275167,1,walk,-22,67,-3,113,234,40,996,263,1,0
275193,1,walk,1,49,-2,129,369,23,996,391,1,0
275219,1,walk,6,30,0,152,454,17,996,479,1,0
275245,1,walk,9,17,1,175,468,1,996,499,1,0
275271,1,walk,9,12,2,175,421,-47,997,458,1,0
275297,1,walk,23,13,1,166,277,-121,997,345,1,0
275323,1,walk,43,19,-2,152,89,-219,997,281,1,0
275349,1,walk,51,27,-4,91,-104,-354,997,380,1,0
275376,1,walk,60,37,-6,-8,-342,-489,997,597,1,0
275403,1,walk,61,53,-9,-79,-549,-591,997,810,1,0
275430,1,walk,46,66,-9,-129,-662,-669,997,950,1,0
275457,1,walk,38,63,-7,-187,-728,-698,997,1025,1,0
275484,1,walk,48,52,-7,-238,-774,-663,997,1047,1,0
275511,1,walk,51,52,-7,-276,-752,-622,998,1014,1,0
275538,1,walk,9,37,-3,-312,-636,-604,995,931,1,0
275565,1,walk,-15,11,1,-324,-525,-606,994,865,1,0
275592,1,walk,-43,-18,4,-265,-370,-596,993,750,1,0
275619,1,walk,-69,-38,6,-112,-219,-555,993,607,1,0
275646,1,walk,-62,-32,7,77,-71,-481,994,492,1,0
275672,1,walk,-50,-3,4,227,130,-411,994,487,1,0
275698,1,walk,-12,29,-4,328,253,-357,992,547,1,0
275725,1,walk,41,46,-14,405,298,-326,988,599,1,0
275752,1,walk,60,54,-16,457,346,-305,990,649,1,0
275778,1,walk,46,54,-12,467,349,-275,993,644,1,0
275804,1,walk,33,53,-9,437,312,-236,994,587,1,0
275830,1,walk,25,48,-6,388,246,-185,996,495,1,0
275856,1,walk,11,40,-3,312,183,-142,996,388,1,0
275882,1,walk,4,31,0,217,70,-91,997,245,1,0
275908,1,walk,14,26,0,101,-60,-17,997,119,1,0
275934,1,walk,26,34,-2,-33,-139,63,997,156,1,0
275960,1,walk,33,41,-4,-202,-209,138,997,322,1,0
275987,1,walk,60,47,-10,-372,-312,201,996,525,1,0
276014,1,walk,82,46,-14,-471,-336,232,996,624,1,0
276041,1,walk,106,41,-18,-508,-311,247,996,645,1,0
276068,1,walk,89,31,-13,-531,-277,229,996,641,1,0
276095,1,walk,64,22,-7,-474,-248,169,996,561,1,0
276121,1,walk,24,13,-3,-347,-194,93,994,408,1,0
276147,1,walk,-25,12,-1,-232,-129,36,992,268,1,0
276173,1,walk,-51,22,0,-169,-74,-4,992,185,1,0
276199,1,walk,-32,26,0,-130,-21,-21,993,134,1,0
276225,1,walk,5,17,-2,-77,79,-11,993,110,1,0
276251,1,walk,34,5,-4,15,175,16,993,176,1,0
276277,1,walk,68,-6,-9,133,231,51,992,271,1,0
276303,1,walk,100,2,-16,242,305,55,992,394,1,0
276329,1,walk,106,19,-18,321,372,-4,993,491,1,0
276355,1,walk,94,25,-16,373,359,-95,994,526,1,0
276381,1,walk,84,20,-12,385,310,-170,995,523,1,0
276408,1,walk,54,23,-8,377,247,-199,995,493,1,0
276434,1,walk,28,40,-7,350,166,-192,994,432,1,0
276460,1,walk,7,64,-9,267,135,-197,994,358,1,0
276486,1,walk,-8,71,-7,124,93,-209,995,260,1,0
276512,1,walk,1,54,-5,-58,28,-198,995,208,1,0
276538,1,walk,20,44,-5,-211,-1,-179,995,277,1,0
276565,1,walk,2,41,-3,-334,29,-252,996,419,1,0
276600,1,walk,-48,-3,1,-435,13,-405,990,595,1,0
276627,1,walk,-86,-53,3,-415,53,-487,986,642,1,0
276654,1,walk,-111,-63,6,-271,116,-500,988,581,1,0
276681,1,walk,-134,-56,6,-125,172,-475,989,521,1,0
276708,1,walk,-150,-39,5,-21,249,-431,991,498,1,0
276735,1,walk,-129,-18,6,64,273,-384,992,476,1,0
276761,1,walk,-103,-5,6,158,220,-334,993,431,1,0
276787,1,walk,-85,7,5,245,121,-281,994,392,1,0
276813,1,walk,-72,23,4,289,-5,-229,995,369,1,0
276839,1,walk,-40,36,0,293,-169,-158,994,374,1,0
276865,1,walk,-7,48,-4,264,-300,-66,993,405,1,0
276891,1,walk,12,56,-7,211,-422,31,994,472,1,0
276917,1,walk,50,59,-13,132,-580,123,993,607,1,0
276944,1,walk,80,42,-15,52,-639,163,992,661,1,0
276971,1,walk,110,21,-18,37,-640,121,992,653,1,0
276997,1,walk,124,-34,-18,68,-598,111,988,612,1,0
277024,1,walk,129,-38,-17,162,-434,190,991,501,1,0
277050,1,walk,82,12,-18,195,-159,224,986,337,1,0
277076,1,walk,17,34,-15,98,-5,174,982,200,1,0
277102,1,walk,-32,64,-16,-1,30,110,981,114,1,0
277128,1,walk,-37,63,-11,-98,44,114,986,156,1,0
277154,1,walk,-46,60,-7,-110,99,179,989,232,1,0
277180,1,walk,-44,58,-4,-84,149,251,992,304,1,0
277206,1,walk,-28,51,-2,-83,233,297,993,386,1,0
277232,1,walk,-9,28,0,-90,328,316,993,464,1,0
277258,1,walk,-7,-9,5,-83,391,329,993,518,1,0
277284,1,walk,-8,-30,8,-76,380,334,994,512,1,0
277310,1,walk,10,-25,6,-62,318,311,994,449,1,0
277336,1,walk,48,-6,-2,-13,214,256,993,334,1,0
277362,1,walk,66,14,-7,36,117,174,993,213,1,0
277388,1,walk,65,26,-8,29,12,99,994,104,1,0
277414,1,walk,69,30,-8,-22,-87,58,996,107,1,0
277440,1,walk,45,22,-3,-95,-140,38,995,173,1,0
277466,1,walk,1,13,1,-112,-239,43,993,268,1,0
277492,1,walk,23,12,-1,-110,-348,55,994,369,1,0
277518,1,walk,49,0,-3,-137,-453,25,994,474,1,0
277544,1,walk,80,-15,-7,-144,-560,-50,993,580,1,0
277571,1,walk,85,-25,-6,-103,-517,-105,994,537,1,0
277598,1,walk,55,-42,0,-71,-340,-147,994,377,1,0
277624,1,walk,2,-64,5,-76,-142,-200,990,257,1,0
277650,1,walk,-30,-63,8,-125,54,-266,990,298,1,0
277677,1,walk,-67,-56,10,-137,203,-289,990,379,1,0
277704,1,walk,-77,-47,11,-143,351,-298,992,482,1,0
277731,1,walk,-53,-38,11,-151,450,-307,993,565,1,0
277758,1,walk,-13,-22,5,-140,514,-306,992,614,1,0
277785,1,walk,23,-5,-1,-100,518,-276,991,595,1,0
277811,1,walk,41,3,-3,-40,465,-216,993,514,1,0
277837,1,walk,36,-1,0,19,396,-133,994,418,1,0
277863,1,walk,1,-24,5,53,332,-40,993,338,1,0
277889,1,walk,-40,-41,8,87,255,37,991,272,1,0
277915,1,walk,-49,-40,10,144,149,90,993,225,1,0
277941,1,walk,-48,-34,11,190,18,122,995,226,1,0
277967,1,walk,-43,-31,12,217,-118,149,996,289,1,0
277993,1,walk,-28,-25,10,255,-217,199,996,389,1,0
278020,1,walk,-7,-17,7,300,-281,286,996,500,1,0
278046,1,walk,5,-8,6,313,-264,402,996,574,1,0
278072,1,walk,-18,13,5,282,-136,471,996,566,1,0
278098,1,walk,-57,38,1,237,-4,463,993,521,1,0
278124,1,walk,-93,67,-5,207,82,437,991,490,1,0
278150,1,walk,-118,90,-11,182,78,431,991,474,1,0
278176,1,walk,-125,99,-12,147,7,434,992,458,1,0
278202,1,walk,-110,103,-11,109,-38,410,994,426,1,0
278229,1,walk,-85,93,-8,65,-3,361,994,367,1,0
278255,1,walk,-53,76,-6,21,55,317,994,322,1,0
278290,1,walk,-22,64,-5,-14,95,296,994,312,1,0
278316,1,walk,-3,57,-4,-41,96,279,995,298,1,0
278342,1,walk,9,48,-3,-65,65,246,996,263,1,0
278368,1,walk,30,42,-4,-79,14,192,996,208,1,0
278394,1,walk,46,37,-5,-74,-31,126,996,150,1,0
278420,1,walk,74,32,-9,-47,-95,67,996,126,1,0
278446,1,walk,102,34,-15,5,-161,21,995,163,1,0
278472,1,walk,121,40,-20,65,-218,-12,995,228,1,0
278499,1,walk,120,43,-20,100,-253,-39,996,275,1,0
278526,1,walk,113,43,-18,94,-280,-71,996,304,1,0
278553,1,walk,109,38,-16,52,-310,-105,997,332,1,0
278580,1,walk,81,37,-11,-9,-270,-143,996,306,1,0
278607,1,walk,38,38,-7,-75,-191,-188,994,278,1,0
278633,1,walk,-3,29,-2,-132,-129,-224,993,291,1,0
278660,1,walk,-46,20,1,-142,-78,-246,991,295,1,0
278687,1,walk,-67,12,5,-107,-89,-253,992,289,1,0
278714,1,walk,-67,-4,8,-56,-120,-253,994,285,1,0
278740,1,walk,-55,-19,10,1,-114,-239,994,264,1,0
278766,1,walk,-26,-17,9,62,-74,-225,995,245,1,0
278792,1,walk,19,-5,0,106,-33,-228,992,254,1,0
278818,1,walk,49,2,-4,117,-1,-234,993,262,1,0
278844,1,walk,46,-2,-2,104,31,-231,994,255,1,0
278870,1,walk,37,-10,2,81,42,-208,995,227,1,0
278896,1,walk,21,-25,6,52,40,-178,996,189,1,0
278922,1,walk,18,-41,8,22,22,-156,996,159,1,0
278948,1,walk,32,-44,7,17,1,-161,997,162,1,0
278974,1,walk,58,-42,2,35,-36,-177,996,184,1,0
279000,1,walk,72,-36,0,61,-68,-167,996,190,1,0
279026,1,walk,70,-18,-2,90,-84,-124,996,175,1,0
279052,1,walk,65,7,-5,123,-103,-63,996,172,1,0
279078,1,walk,61,30,-8,161,-142,19,996,215,1,0
279104,1,walk,55,48,-11,185,-161,97,996,264,1,0
279130,1,walk,29,68,-12,185,-76,156,995,253,1,0
279156,1,walk,-17,88,-14,143,30,198,992,246,1,0
279182,1,walk,-67,103,-17,68,98,220,989,250,1,0
279209,1,walk,-96,112,-18,-25,137,228,990,267,1,0
279236,1,walk,-104,100,-13,-125,151,227,992,300,1,0
279263,1,walk,-90,79,-7,-184,156,208,993,319,1,0
279289,1,walk,-50,51,-5,-207,163,189,991,324,1,0
279316,1,walk,-6,33,-5,-207,167,182,990,322,1,0
279342,1,walk,19,26,-6,-201,155,172,991,306,1,0
279368,1,walk,30,30,-6,-188,116,153,993,269,1,0
279394,1,walk,47,32,-7,-179,56,117,994,221,1,0
279420,1,walk,66,28,-9,-168,-2,73,995,183,1,0
279446,1,walk,82,24,-11,-138,-49,38,995,151,1,0
279472,1,walk,105,27,-16,-75,-107,21,996,132,1,0
279499,1,walk,117,28,-19,-3,-173,7,996,173,1,0
279525,1,walk,116,26,-18,52,-229,-15,997,236,1,0
279552,1,walk,104,20,-14,74,-258,-58,997,275,1,0
279579,1,walk,106,18,-14,68,-306,-116,997,335,1,0
279606,1,walk,100,19,-13,41,-303,-179,998,354,1,0
279633,1,walk,66,14,-6,-26,-202,-214,996,295,1,0
279660,1,walk,9,6,-1,-106,-86,-221,992,259,1,0
279686,1,walk,-34,0,4,-142,1,-218,991,260,1,0
279712,1,walk,-66,-18,8,-154,20,-198,991,252,1,0
279738,1,walk,-82,-51,13,-160,-8,-162,991,227,1,0
279765,1,walk,-84,-70,16,-130,2,-119,992,177,1,0
279791,1,walk,-59,-65,15,-78,52,-102,993,139,1,0
279817,1,walk,-13,-55,9,-46,104,-112,991,159,1,0
279843,1,walk,16,-50,6,-32,150,-130,992,201,1,0
279869,1,walk,23,-49,7,-13,183,-133,994,226,1,0
279895,1,walk,17,-56,9,13,198,-116,995,230,1,0
279921,1,walk,6,-64,12,41,195,-83,996,216,1,0
279947,1,walk,-1,-68,13,71,172,-47,997,192,1,0
279982,1,walk,0,-66,14,102,128,-22,997,165,1,0
280008,1,walk,9,-62,12,130,66,-2,997,146,1,0
280034,1,walk,19,-54,11,138,-9,21,998,140,1,0
280060,1,walk,32,-40,7,123,-73,41,997,149,1,0
280086,1,walk,33,-25,5,105,-106,61,997,161,1,0
280112,1,walk,35,-8,2,109,-132,116,997,207,1,0
280138,1,walk,41,10,-1,111,-100,192,997,243,1,0
280164,1,walk,15,23,-1,92,44,263,996,282,1,0
280190,1,walk,-40,35,-1,50,184,316,992,369,1,0
280216,1,walk,-89,54,-5,-6,263,346,989,435,1,0
280242,1,walk,-126,71,-9,-78,267,357,989,452,1,0
280269,1,walk,-136,71,-7,-153,214,347,991,435,1,0
280296,1,walk,-120,54,-2,-184,173,310,992,400,1,0
280322,1,walk,-79,22,1,-177,153,271,990,358,1,0
280348,1,walk,-34,-2,2,-148,167,250,989,335,1,0
280374,1,walk,-14,-9,3,-111,191,238,990,324,1,0
280400,1,walk,-5,-5,3,-88,182,218,992,298,1,0
280426,1,walk,1,-2,3,-86,151,180,994,250,1,0
280452,1,walk,20,3,1,-97,98,129,994,189,1,0
280478,1,walk,48,9,-4,-95,32,75,994,125,1,0
280504,1,walk,75,7,-8,-68,-43,35,994,88,1,0
280530,1,walk,94,3,-11,-11,-121,23,995,124,1,0
280556,1,walk,85,4,-9,62,-168,15,996,179,1,0
280582,1,walk,69,5,-5,119,-219,-12,996,249,1,0
280608,1,walk,65,3,-4,125,-293,-76,997,328,1,0
280634,1,walk,77,-3,-5,89,-385,-169,997,429,1,0
280660,1,walk,67,-9,-3,32,-381,-267,997,466,1,0
280687,1,walk,34,-19,3,-43,-301,-342,996,458,1,0
280713,1,walk,-13,-26,7,-101,-199,-378,993,439,1,0
280740,1,walk,-58,-34,9,-123,-132,-380,991,421,1,0
280767,1,walk,-85,-50,12,-116,-145,-368,991,412,1,0
280794,1,walk,-87,-73,15,-88,-173,-347,992,398,1,0
280821,1,walk,-67,-81,16,-37,-156,-323,993,360,1,0
280848,1,walk,-26,-63,11,27,-97,-317,992,333,1,0
280874,1,walk,22,-36,0,84,-39,-333,989,346,1,0
280900,1,walk,48,-21,-5,124,3,-341,990,363,1,0
280926,1,walk,53,-18,-3,153,35,-324,993,360,1,0
280952,1,walk,50,-31,0,161,55,-285,994,332,1,0
280978,1,walk,40,-38,3,162,77,-241,995,300,1,0
281004,1,walk,41,-44,4,155,93,-204,996,273,1,0
281030,1,walk,47,-50,5,147,105,-175,997,251,1,0
281056,1,walk,56,-50,3,135,113,-142,997,226,1,0
281082,1,walk,52,-41,3,102,119,-111,997,192,1,0
281108,1,walk,36,-24,4,66,138,-74,997,170,1,0
281134,1,walk,19,-11,4,39,155,-9,997,160,1,0
281160,1,walk,12,3,3,45,144,87,997,175,1,0
281186,1,walk,8,16,2,66,128,180,997,231,1,0
281212,1,walk,-12,24,3,64,189,246,997,317,1,0
281238,1,walk,-53,32,3,16,257,280,994,381,1,0
281264,1,walk,-103,44,0,-50,278,276,991,395,1,0
281291,1,walk,-153,51,-5,-122,241,245,989,365,1,0
281318,1,walk,-169,44,-3,-175,152,208,991,311,1,0
281345,1,walk,-152,27,2,-190,86,162,992,264,1,0
281371,1,walk,-112,5,5,-182,67,118,991,227,1,0
281397,1,walk,-62,-7,5,-168,79,85,990,205,1,0
281423,1,walk,-27,-4,3,-156,99,58,990,193,1,0
281449,1,walk,-10,4,2,-150,95,26,992,180,1,0
281475,1,walk,6,11,1,-152,63,-11,993,165,1,0
281501,1,walk,20,14,-1,-147,23,-47,994,156,1,0
281527,1,walk,39,17,-3,-121,-30,-78,995,147,1,0
281554,1,walk,59,17,-6,-70,-97,-101,995,157,1,0
281580,1,walk,78,13,-8,-16,-169,-112,996,204,1,0
281607,1,walk,81,8,-8,31,-224,-117,996,254,1,0
281633,1,walk,77,3,-6,49,-257,-131,997,293,1,0
281668,1,walk,66,1,-3,22,-260,-182,997,318,1,0
281694,1,walk,63,1,-3,-33,-256,-240,997,353,1,0
281721,1,walk,45,3,0,-112,-202,-297,997,376,1,0
281748,1,walk,7,-3,4,-196,-115,-327,995,399,1,0
281774,1,walk,-27,-11,7,-247,-46,-333,994,417,1,0
281801,1,walk,-64,-22,10,-253,-16,-313,993,403,1,0
281828,1,walk,-88,-42,12,-226,-31,-285,993,365,1,0
281855,1,walk,-94,-66,15,-175,-28,-257,993,312,1,0
281882,1,walk,-82,-77,16,-104,31,-237,994,261,1,0
281908,1,walk,-43,-71,13,-40,105,-234,994,259,1,0
281935,1,walk,-7,-61,9,-6,165,-238,993,290,1,0
281961,1,walk,5,-53,8,4,207,-232,994,311,1,0
281987,1,walk,-6,-53,11,-7,230,-208,996,310,1,0
282013,1,walk,-22,-61,13,-37,227,-168,996,285,1,0
282039,1,walk,-34,-70,15,-73,212,-121,997,255,1,0
282065,1,walk,-30,-78,15,-91,185,-82,997,222,1,0
282091,1,walk,-15,-83,14,-82,152,-42,998,178,1,0
282117,1,walk,-2,-84,13,-58,126,2,997,138,1,0
282143,1,walk,-6,-77,13,-24,125,47,998,136,1,0
282169,1,walk,-8,-68,13,-2,130,91,998,159,1,0
282195,1,walk,-4,-55,12,6,114,133,998,176,1,0
282221,1,walk,-5,-37,10,7,99,183,998,208,1,0
282247,1,walk,-15,-20,9,-9,134,215,997,253,1,0
282273,1,walk,-58,-4,7,-16,226,244,994,333,1,0
282299,1,walk,-111,13,2,-12,304,276,990,411,1,0
282325,1,walk,-156,40,-7,-6,319,298,988,437,1,0
282351,1,walk,-170,57,-9,-24,247,300,989,389,1,0
282377,1,walk,-160,56,-6,-49,157,289,992,333,1,0
282404,1,walk,-140,42,-2,-52,100,274,993,296,1,0
282430,1,walk,-103,27,2,-38,59,268,992,278,1,0
282456,1,walk,-74,19,3,-26,24,266,993,268,1,0
282482,1,walk,-54,10,5,-36,-38,251,994,256,1,0
282508,1,walk,-36,1,6,-58,-116,213,995,249,1,0
282534,1,walk,-6,-10,6,-80,-188,150,994,254,1,0
282560,1,walk,22,-26,4,-93,-235,84,994,267,1,0
282586,1,walk,52,-36,1,-83,-269,33,993,283,1,0
282612,1,walk,85,-28,-6,-36,-298,-10,993,300,1,0
282639,1,walk,112,-19,-12,14,-327,-55,993,332,1,0
282666,1,walk,113,-20,-10,38,-329,-97,995,345,1,0
282693,1,walk,93,-22,-6,30,-301,-138,995,333,1,0
282719,1,walk,87,-17,-5,-5,-312,-191,996,366,1,0
282746,1,walk,83,-14,-4,-82,-343,-259,996,437,1,0
282773,1,walk,63,-17,0,-174,-295,-326,997,473,1,0
282800,1,walk,15,-22,4,-245,-182,-369,994,479,1,0
282827,1,walk,-23,-25,6,-262,-95,-395,993,483,1,0
282854,1,walk,-53,-35,9,-238,-58,-401,993,470,1,0
282881,1,walk,-72,-50,11,-165,-54,-388,993,425,1,0
282908,1,walk,-70,-61,13,-55,-36,-361,994,367,1,0
282934,1,walk,-44,-61,12,40,18,-338,995,340,1,0
282960,1,walk,-12,-50,9,84,94,-321,994,345,1,0
282986,1,walk,3,-33,7,84,155,-310,995,356,1,0
283012,1,walk,8,-28,7,53,175,-295,996,347,1,0
283038,1,walk,4,-33,8,11,167,-265,997,314,1,0
283064,1,walk,2,-41,10,-14,146,-223,997,267,1,0
283090,1,walk,3,-52,10,-17,119,-173,998,211,1,0
283116,1,walk,8,-61,10,5,89,-121,998,150,1,0
283142,1,walk,18,-60,9,40,52,-69,998,96,1,0
283168,1,walk,30,-54,7,65,20,-20,998,71,1,0
283194,1,walk,31,-44,7,73,23,27,998,82,1,0
283220,1,walk,20,-32,7,83,58,73,998,125,1,0
283246,1,walk,20,-17,6,94,78,134,998,181,1,0
283272,1,walk,17,-7,5,76,93,222,998,253,1,0
283298,1,walk,2,3,5,32,169,308,997,352,1,0
283324,1,walk,-46,11,4,-19,267,354,994,444,1,0
283359,1,walk,-92,27,0,-42,305,360,991,474,1,0
283385,1,walk,-126,35,-2,-57,276,355,991,453,1,0
283412,1,walk,-137,37,-1,-44,211,353,993,414,1,0
283438,1,walk,-126,35,1,0,160,339,994,375,1,0
283464,1,walk,-93,26,3,26,129,323,994,349,1,0
283490,1,walk,-54,22,2,38,113,318,993,340,1,0
283516,1,walk,-33,26,2,42,102,318,994,337,1,0
283542,1,walk,-17,28,1,38,62,314,995,322,1,0
283568,1,walk,-3,27,1,30,17,299,995,301,1,0
283594,1,walk,17,26,-1,25,-24,273,995,275,1,0
283620,1,walk,36,25,-2,27,-60,235,996,244,1,0
283646,1,walk,59,20,-5,31,-108,191,996,222,1,0
283672,1,walk,67,25,-6,51,-146,146,996,213,1,0
283698,1,walk,80,28,-8,72,-200,109,997,239,1,0
283724,1,walk,92,27,-10,83,-260,91,997,288,1,0
283750,1,walk,93,25,-10,79,-292,86,998,314,1,0
283776,1,walk,87,33,-10,83,-310,70,998,328,1,0
283802,1,walk,89,35,-11,72,-326,42,998,337,1,0
283828,1,walk,59,28,-6,23,-289,12,997,290,1,0
283854,1,walk,8,16,-2,-43,-214,3,993,219,1,0
283880,1,walk,-36,7,2,-75,-149,-3,992,167,1,0
283906,1,walk,-77,-11,3,-84,-97,-24,990,130,1,0
283932,1,walk,-98,-37,6,-81,-65,-46,990,114,1,0
283958,1,walk,-101,-62,8,-53,-12,-56,991,78,1,0
283984,1,walk,-78,-75,10,-3,67,-49,992,83,1,0
284010,1,walk,-31,-75,7,50,136,-37,991,149,1,0
284036,1,walk,0,-75,5,72,196,-23,991,211,1,0
284062,1,walk,10,-71,6,62,238,-7,993,246,1,0
284088,1,walk,-1,-70,8,18,269,5,995,269,1,0
284114,1,walk,-28,-79,10,-55,279,6,994,284,1,0
284140,1,walk,-46,-88,11,-121,263,-2,995,290,1,0
284167,1,walk,-38,-95,11,-167,226,-23,996,282,1,0
284194,1,walk,-32,-98,12,-171,155,-49,997,236,1,0
284221,1,walk,-18,-95,11,-129,62,-68,997,159,1,0
284247,1,walk,-12,-89,11,-64,-19,-72,997,98,1,0
284273,1,walk,-16,-72,11,16,-70,-63,997,95,1,0
284299,1,walk,-6,-49,9,86,-114,-49,997,151,1,0
284325,1,walk,-5,-28,7,124,-112,-14,996,167,1,0
284351,1,walk,5,-7,5,116,-62,35,996,136,1,0
284377,1,walk,-17,16,3,79,70,72,995,128,1,0
284403,1,walk,-52,43,0,33,171,102,993,201,1,0
284429,1,walk,-90,68,-6,-21,212,121,991,245,1,0
284456,1,walk,-112,77,-7,-91,189,126,992,245,1,0
284483,1,walk,-114,72,-5,-132,163,115,993,239,1,0
284509,1,walk,-102,60,-2,-122,158,91,994,219,1,0
284535,1,walk,-67,43,0,-93,162,79,994,203,1,0
284561,1,walk,-33,32,0,-63,166,94,993,201,1,0
284587,1,walk,-10,34,-1,-40,152,109,994,191,1,0
284613,1,walk,9,35,-1,-38,109,112,995,161,1,0
284639,1,walk,24,30,-1,-58,65,99,995,132,1,0
284665,1,walk,39,22,-2,-76,27,79,996,113,1,0
284691,1,walk,54,17,-2,-74,-17,59,996,96,1,0
284717,1,walk,77,13,-5,-55,-75,36,996,100,1,0
284743,1,walk,89,7,-6,-23,-129,7,996,132,1,0
284769,1,walk,78,-2,-3,30,-161,-37,997,168,1,0
284795,1,walk,61,-14,0,89,-185,-94,997,225,1,0
284821,1,walk,65,-17,0,123,-234,-164,997,311,1,0
284847,1,walk,67,-18,0,102,-296,-248,997,399,1,0
284873,1,walk,53,-15,2,40,-310,-324,998,450,1,0
284899,1,walk,23,-10,4,-45,-213,-371,997,430,1,0
284925,1,walk,-16,1,4,-123,-104,-388,995,420,1,0
284952,1,walk,-60,2,3,-176,-18,-381,993,420,1,0
284979,1,walk,-100,-14,3,-193,5,-342,991,393,1,0
285005,1,walk,-117,-35,5,-164,12,-287,992,330,1,0
285040,1,walk,-103,-50,7,-78,69,-241,993,262,1,0
285066,1,walk,-65,-56,7,-1,128,-218,993,253,1,0
285092,1,walk,-27,-54,6,46,183,-209,992,282,1,0
285118,1,walk,-15,-51,7,59,221,-203,994,306,1,0
285144,1,walk,-20,-54,8,42,230,-189,995,301,1,0
285170,1,walk,-30,-67,10,1,225,-163,996,278,1,0
285196,1,walk,-40,-83,10,-49,209,-132,996,252,1,0
285223,1,walk,-40,-92,11,-86,188,-113,997,236,1,0
285250,1,walk,-26,-95,10,-103,156,-118,997,221,1,0
285277,1,walk,-19,-95,10,-101,112,-125,998,195,1,0
285304,1,walk,-15,-90,10,-89,67,-114,998,159,1,0
285330,1,walk,-22,-77,10,-66,52,-80,998,116,1,0
285356,1,walk,-16,-56,9,-26,16,-18,997,36,1,0
285382,1,walk,-2,-34,7,4,-13,75,996,77,1,0
285408,1,walk,-8,-10,5,8,44,172,996,178,1,0
285434,1,walk,-49,11,3,7,153,247,993,290,1,0
285460,1,walk,-95,30,-3,11,220,291,991,365,1,0
285486,1,walk,-131,47,-8,-2,219,305,990,375,1,0
285512,1,walk,-144,49,-7,-41,163,298,991,342,1,0
285539,1,walk,-136,40,-4,-78,117,273,993,307,1,0
285565,1,walk,-116,23,0,-102,105,239,993,280,1,0
285591,1,walk,-86,4,2,-122,113,212,993,270,1,0
285617,1,walk,-63,-6,4,-133,132,188,994,266,1,0
285643,1,walk,-48,-8,5,-127,116,160,995,235,1,0
285669,1,walk,-22,-8,5,-108,51,118,995,168,1,0
285695,1,walk,6,-14,4,-83,-28,70,995,113,1,0
285721,1,walk,27,-18,4,-52,-98,23,995,114,1,0
285747,1,walk,49,-13,1,-9,-165,-23,995,167,1,0
285773,1,walk,71,-9,-1,30,-240,-67,996,251,1,0
285799,1,walk,92,-8,-4,58,-321,-103,996,342,1,0
285825,1,walk,97,-15,-4,66,-376,-141,996,407,1,0
285851,1,walk,88,-21,-2,65,-384,-191,997,434,1,0
285877,1,walk,78,-22,0,61,-362,-246,997,442,1,0
285903,1,walk,91,-18,-3,43,-375,-302,997,483,1,0
285930,1,walk,79,-8,-2,2,-340,-351,997,489,1,0
285956,1,walk,51,0,0,-47,-252,-394,996,470,1,0
285982,1,walk,15,6,2,-97,-162,-418,995,459,1,0
286008,1,walk,-26,6,2,-137,-85,-426,993,455,1,0
286034,1,walk,-63,-5,3,-161,-46,-420,992,452,1,0
286061,1,walk,-83,-26,4,-159,-28,-403,993,434,1,0
286088,1,walk,-83,-44,6,-121,12,-376,994,395,1,0
286114,1,walk,-61,-47,7,-56,78,-353,995,366,1,0
286140,1,walk,-25,-41,5,4,135,-337,994,363,1,0
286166,1,walk,6,-29,3,47,168,-322,993,367,1,0
286192,1,walk,20,-18,3,72,180,-304,995,360,1,0
286218,1,walk,20,-20,4,73,169,-282,996,337,1,0
286244,1,walk,8,-31,6,61,155,-252,996,302,1,0
286270,1,walk,-5,-45,7,55,138,-215,996,262,1,0
286296,1,walk,2,-58,7,58,107,-182,997,219,1,0
286322,1,walk,10,-59,7,86,72,-158,997,194,1,0
286348,1,walk,23,-54,6,125,38,-136,997,189,1,0
286374,1,walk,24,-46,6,154,34,-106,998,190,1,0
286400,1,walk,13,-32,6,161,55,-57,997,179,1,0
286426,1,walk,22,-9,3,141,37,12,997,146,1,0
286452,1,walk,16,11,2,77,13,93,997,121,1,0
286478,1,walk,5,26,2,-15,19,174,997,176,1,0
286504,1,walk,-33,40,0,-96,79,236,994,267,1,0
286530,1,walk,-74,50,-3,-164,126,252,993,326,1,0
286557,1,walk,-111,52,-6,-217,148,231,992,349,1,0
286584,1,walk,-120,44,-4,-232,150,195,993,338,1,0
286611,1,walk,-112,28,-1,-194,148,158,994,291,1,0
286637,1,walk,-81,10,1,-131,144,139,993,239,1,0
286663,1,walk,-39,0,2,-83,151,145,992,225,1,0
286689,1,walk,-12,3,1,-61,149,154,993,223,1,0
286723,1,walk,0,6,2,-73,92,132,994,177,1,0
286749,1,walk,9,-3,3,-94,24,91,995,133,1,0
286775,1,walk,27,-8,2,-91,-35,48,996,109,1,0
286801,1,walk,52,-6,-1,-57,-93,3,995,109,1,0
286827,1,walk,76,-4,-3,2,-150,-32,995,154,1,0
286853,1,walk,92,-3,-5,71,-200,-52,996,219,1,0
286879,1,walk,94,-3,-5,129,-235,-66,996,276,1,0
286905,1,walk,83,-6,-3,155,-237,-97,997,299,1,0
286931,1,walk,64,-5,-1,165,-238,-146,997,324,1,0
286957,1,walk,73,-2,-2,148,-289,-199,997,381,1,0
286983,1,walk,65,3,-1,95,-304,-252,998,406,1,0
287009,1,walk,22,7,1,12,-258,-298,995,394,1,0
287035,1,walk,-18,9,1,-63,-230,-320,994,399,1,0
287062,1,walk,-48,5,2,-112,-197,-324,993,395,1,0
287089,1,walk,-76,-7,3,-120,-168,-309,993,372,1,0
287116,1,walk,-76,-20,4,-70,-124,-282,994,315,1,0
287142,1,walk,-46,-24,5,10,-51,-246,994,251,1,0
287168,1,walk,-4,-13,1,89,33,-203,993,224,1,0
287194,1,walk,23,-1,-1,131,100,-151,993,223,1,0
287220,1,walk,29,5,-1,122,135,-97,994,206,1,0
287246,1,walk,20,3,1,81,147,-46,995,174,1,0
287272,1,walk,8,-5,3,28,146,2,996,148,1,0
287298,1,walk,5,-23,4,-24,125,47,996,136,1,0
287324,1,walk,3,-40,5,-47,102,90,996,144,1,0
287350,1,walk,19,-52,5,-28,58,132,996,147,1,0
287376,1,walk,26,-58,4,15,16,168,997,170,1,0
287402,1,walk,22,-53,5,72,-13,193,997,207,1,0
287428,1,walk,20,-38,5,126,-35,214,997,251,1,0
287454,1,walk,27,-23,3,156,-90,247,997,305,1,0
287480,1,walk,37,-7,1,145,-146,306,997,369,1,0
287506,1,walk,30,12,1,98,-116,346,997,378,1,0
287532,1,walk,-7,27,0,59,-26,360,995,366,1,0
287558,1,walk,-45,46,-2,60,48,356,993,364,1,0
287584,1,walk,-76,64,-5,72,66,339,992,353,1,0
287610,1,walk,-82,67,-5,66,24,317,994,324,1,0
287636,1,walk,-71,62,-3,56,-4,287,995,293,1,0
287662,1,walk,-49,53,-1,49,2,255,995,259,1,0
287688,1,walk,-13,48,-2,37,30,230,994,234,1,0
287714,1,walk,15,49,-4,15,57,209,994,217,1,0
287740,1,walk,30,48,-5,-7,54,184,995,192,1,0
287766,1,walk,45,41,-5,-30,22,154,995,158,1,0
287792,1,walk,64,29,-5,-48,-9,122,995,131,1,0
287818,1,walk,82,21,-7,-54,-36,84,996,106,1,0
287844,1,walk,99,18,-9,-41,-57,41,996,81,1,0
287870,1,walk,125,19,-14,-14,-87,0,996,88,1,0
287896,1,walk,135,19,-16,9,-108,-40,996,115,1,0
287922,1,walk,115,14,-12,18,-106,-75,996,132,1,0
287948,1,walk,95,15,-8,15,-105,-113,996,155,1,0
287974,1,walk,94,15,-8,-27,-134,-164,997,214,1,0
288001,1,walk,93,11,-7,-99,-200,-216,997,310,1,0
288028,1,walk,79,9,-5,-164,-220,-259,998,377,1,0
288055,1,walk,44,9,-1,-214,-180,-280,996,396,1,0
288081,1,walk,-5,6,1,-233,-129,-295,993,398,1,0
288107,1,walk,-56,-8,1,-218,-83,-303,990,382,1,0
288133,1,walk,-90,-26,2,-157,-47,-297,990,339,1,0
288159,1,walk,-92,-39,4,-54,-13,-281,992,286,1,0
288185,1,walk,-56,-41,4,62,7,-263,992,270,1,0
288211,1,walk,-4,-31,0,153,29,-243,990,288,1,0
288237,1,walk,33,-16,-4,192,46,-215,989,292,1,0
288263,1,walk,45,-3,-4,177,51,-190,991,265,1,0
288289,1,walk,33,-3,-1,126,52,-173,993,221,1,0
288315,1,walk,12,-16,2,64,51,-161,994,181,1,0
288341,1,walk,5,-36,4,21,45,-141,994,150,1,0
288367,1,walk,16,-56,4,9,36,-113,995,119,1,0
288401,1,walk,44,-57,1,46,-1,-80,995,92,1,0
288427,1,walk,59,-51,-1,82,-29,-53,995,102,1,0
288453,1,walk,54,-45,1,100,-25,-17,996,105,1,0
288479,1,walk,34,-28,2,113,-8,29,996,117,1,0
288505,1,walk,25,-4,1,120,-7,78,996,144,1,0
288531,1,walk,22,16,0,102,4,131,996,166,1,0
288557,1,walk,6,31,0,51,90,178,996,206,1,0
288583,1,walk,-29,51,-2,13,186,203,994,275,1,0
288609,1,walk,-58,69,-4,-11,233,215,993,317,1,0
288635,1,walk,-80,78,-5,-37,243,229,993,336,1,0
288661,1,walk,-94,81,-5,-60,240,238,994,343,1,0
288687,1,walk,-101,77,-4,-67,252,215,995,338,1,0
288713,1,walk,-89,59,-1,-78,266,178,995,329,1,0
288739,1,walk,-54,40,1,-96,282,152,994,335,1,0
288765,1,walk,-27,30,1,-118,290,139,994,342,1,0
288791,1,walk,-11,27,1,-133,255,120,995,312,1,0
288817,1,walk,-2,25,1,-129,192,84,996,246,1,0
288843,1,walk,10,18,2,-99,125,37,996,164,1,0
288869,1,walk,28,9,1,-46,59,-8,996,75,1,0
288895,1,walk,42,7,0,30,-8,-45,997,54,1,0
288921,1,walk,65,11,-3,111,-90,-69,997,159,1,0
288947,1,walk,67,14,-4,174,-169,-96,997,261,1,0
288974,1,walk,63,11,-2,189,-247,-123,998,335,1,0
289001,1,walk,53,12,-1,167,-288,-162,998,370,1,0
289027,1,walk,51,14,-1,117,-317,-211,998,398,1,0
289054,1,walk,36,16,0,37,-287,-255,998,386,1,0
289080,1,walk,8,18,2,-53,-186,-284,997,344,1,0
289106,1,walk,-23,21,2,-119,-81,-295,996,328,1,0
289133,1,walk,-52,17,3,-156,-15,-294,995,333,1,0
289160,1,walk,-82,0,4,-163,-9,-277,994,321,1,0
289186,1,walk,-98,-21,5,-129,-21,-246,994,278,1,0
289213,1,walk,-91,-38,6,-53,-31,-205,995,214,1,0
289239,1,walk,-65,-40,7,46,-32,-176,995,185,1,0
289265,1,walk,-26,-33,5,128,-37,-164,994,211,1,0
289291,1,walk,0,-26,3,166,-41,-157,994,233,1,0
289317,1,walk,6,-23,4,162,-46,-148,996,224,1,0
289343,1,walk,0,-25,6,124,-47,-133,997,187,1,0
289369,1,walk,-6,-31,6,70,-50,-112,997,141,1,0
289395,1,walk,-2,-39,7,20,-64,-96,997,117,1,0
289421,1,walk,15,-44,6,-5,-91,-85,997,125,1,0
289447,1,walk,34,-45,4,-1,-131,-73,997,150,1,0
289473,1,walk,42,-43,3,27,-149,-56,997,162,1,0
289499,1,walk,36,-36,3,84,-117,-21,998,146,1,0
289525,1,walk,36,-22,3,143,-98,42,998,178,1,0
289551,1,walk,52,1,-2,185,-110,129,997,251,1,0
289577,1,walk,52,22,-4,178,-90,223,996,299,1,0
289603,1,walk,28,38,-4,133,23,294,996,323,1,0
289629,1,walk,-15,52,-4,81,131,335,993,369,1,0
289655,1,walk,-51,69,-6,34,172,334,992,377,1,0
289681,1,walk,-80,76,-7,-22,167,293,992,338,1,0
289708,1,walk,-97,70,-6,-69,127,234,993,275,1,0
289734,1,walk,-86,57,-3,-79,78,170,994,203,1,0
289760,1,walk,-41,40,-3,-69,46,126,992,151,1,0
289786,1,walk,14,32,-7,-63,38,112,989,134,1,0
289812,1,walk,44,30,-9,-71,38,106,990,133,1,0
289838,1,walk,50,26,-8,-94,23,91,992,132,1,0
289864,1,walk,59,19,-6,-130,-13,56,994,142,1,0
289890,1,walk,69,10,-6,-165,-54,5,995,174,1,0
289916,1,walk,75,0,-5,-175,-99,-60,996,210,1,0
289942,1,walk,85,-5,-6,-138,-146,-127,996,238,1,0
289969,1,walk,105,4,-10,-61,-208,-191,996,289,1,0
289996,1,walk,113,11,-12,11,-261,-251,997,362,1,0
290023,1,walk,100,15,-10,63,-274,-312,997,420,1,0
290050,1,walk,98,22,-10,89,-302,-365,997,482,1,0
290085,1,walk,105,30,-12,67,-324,-408,997,525,1,0
290112,1,walk,78,26,-8,11,-280,-435,997,517,1,0
290139,1,walk,31,17,-3,-40,-201,-441,994,486,1,0
290165,1,walk,-18,11,-1,-35,-96,-436,991,448,1,0
290191,1,walk,-61,5,1,21,1,-421,990,421,1,0
290217,1,walk,-88,-4,2,97,76,-394,991,413,1,0
290243,1,walk,-85,-6,4,143,129,-365,993,413,1,0
290269,1,walk,-41,1,2,142,170,-340,991,405,1,0
290295,1,walk,9,19,-6,136,187,-315,989,391,1,0
290321,1,walk,40,34,-10,128,161,-292,989,357,1,0
290347,1,walk,44,36,-9,108,124,-272,992,318,1,0
290373,1,walk,27,24,-4,69,93,-252,993,277,1,0
290399,1,walk,23,5,0,17,53,-234,994,241,1,0
290425,1,walk,26,-19,1,-39,17,-220,994,224,1,0
290451,1,walk,40,-36,1,-79,-22,-208,995,224,1,0
290478,1,walk,61,-31,-2,-72,-70,-192,995,217,1,0
290504,1,walk,65,-20,-3,-45,-104,-166,996,201,1,0
290530,1,walk,49,4,-3,25,-142,-109,995,181,1,0
290556,1,walk,48,13,-3,102,-179,-15,996,206,1,0
290582,1,walk,48,25,-4,147,-189,80,996,252,1,0
290608,1,walk,38,33,-3,136,-109,174,997,246,1,0
290634,1,walk,23,46,-3,78,33,235,996,250,1,0
290660,1,walk,0,66,-5,23,154,255,996,299,1,0
290686,1,walk,-36,81,-7,-3,238,258,994,351,1,0
290712,1,walk,-61,85,-6,-15,280,254,994,378,1,0
290738,1,walk,-76,83,-5,-26,295,240,995,381,1,0
290764,1,walk,-68,71,-3,-48,289,224,996,369,1,0
290790,1,walk,-39,53,-2,-84,276,218,995,362,1,0
290816,1,walk,-9,35,-1,-125,240,222,994,350,1,0
290842,1,walk,4,22,0,-157,169,221,995,319,1,0
290868,1,walk,12,13,1,-166,64,201,996,268,1,0
290894,1,walk,22,9,1,-141,-63,163,997,225,1,0
290920,1,walk,37,5,0,-92,-178,114,997,231,1,0
290946,1,walk,53,5,-2,-23,-269,61,997,277,1,0
290972,1,walk,74,12,-7,61,-339,9,996,345,1,0
290998,1,walk,81,20,-9,121,-371,-47,997,393,1,0
291025,1,walk,78,25,-8,158,-370,-111,997,417,1,0
291052,1,walk,79,26,-8,179,-369,-165,998,442,1,0
291079,1,walk,77,26,-8,178,-385,-187,998,464,1,0
291106,1,walk,67,29,-7,143,-349,-202,998,428,1,0
291133,1,walk,31,26,-3,77,-241,-221,996,336,1,0
291159,1,walk,0,10,1,22,-151,-212,995,261,1,0
291185,1,walk,-31,-6,4,0,-97,-201,994,223,1,0
291211,1,walk,-50,-15,7,15,-76,-208,995,222,1,0
291237,1,walk,-57,-20,8,46,-73,-226,995,242,1,0
291263,1,walk,-47,-20,8,66,-49,-234,996,248,1,0
291289,1,walk,-12,-9,4,68,6,-228,995,238,1,0
291315,1,walk,31,6,-4,61,64,-214,993,232,1,0
291341,1,walk,56,19,-9,46,116,-205,993,239,1,0
291367,1,walk,51,19,-7,19,153,-199,994,252,1,0
291393,1,walk,42,11,-4,-12,167,-193,995,256,1,0
291419,1,walk,38,2,-1,-24,154,-171,996,231,1,0
291445,1,walk,35,-7,0,-19,119,-124,997,173,1,0
291471,1,walk,48,-10,-1,-8,74,-68,997,101,1,0
291497,1,walk,54,-9,-1,-1,45,-11,998,46,1,0
291523,1,walk,40,-11,1,-15,34,33,998,49,1,0
291549,1,walk,21,-12,3,-26,15,72,998,78,1,0
291575,1,walk,20,-12,3,-6,-33,152,998,155,1,0
291601,1,walk,19,-6,3,29,-62,288,998,296,1,0
291627,1,walk,9,14,1,18,-21,414,997,415,1,0
291653,1,walk,-22,40,-1,-16,33,462,995,464,1,0
291679,1,walk,-45,59,-3,-18,49,447,995,450,1,0
291705,1,walk,-59,69,-4,23,52,408,995,412,1,0
291731,1,walk,-70,73,-4,76,53,363,996,375,1,0
291766,1,walk,-57,68,-3,92,75,305,996,327,1,0
291792,1,walk,-23,55,-4,71,124,270,995,306,1,0
291818,1,walk,7,44,-5,40,165,261,994,312,1,0
291844,1,walk,19,40,-6,15,161,254,995,301,1,0
291870,1,walk,29,44,-6,-2,112,227,996,253,1,0
291896,1,walk,38,47,-8,-17,52,178,997,187,1,0
291922,1,walk,46,47,-8,-29,-5,122,997,126,1,0
291948,1,walk,59,43,-10,-38,-50,68,997,92,1,0
291974,1,walk,71,42,-11,-27,-75,27,998,84,1,0
292000,1,walk,68,44,-11,-5,-86,-8,998,87,1,0
292026,1,walk,61,39,-9,-5,-100,-54,998,114,1,0
292052,1,walk,82,27,-12,-14,-154,-97,997,182,1,0
292079,1,walk,80,19,-11,-5,-183,-124,997,221,1,0
292106,1,walk,54,14,-6,-12,-120,-159,997,200,1,0
292132,1,walk,9,3,-1,-33,-8,-193,994,196,1,0
292158,1,walk,-23,-12,3,-31,98,-205,993,229,1,0
292184,1,walk,-54,-21,6,2,183,-207,993,276,1,0
292210,1,walk,-88,-23,7,41,218,-225,993,316,1,0
292236,1,walk,-106,-22,8,62,232,-262,993,356,1,0
292262,1,walk,-108,-24,9,67,277,-286,995,404,1,0
292288,1,walk,-97,-22,10,64,340,-277,996,443,1,0
292314,1,walk,-74,-11,9,59,380,-249,996,458,1,0
292340,1,walk,-55,4,6,58,387,-222,996,450,1,0
292366,1,walk,-49,9,6,51,365,-203,997,421,1,0
292392,1,walk,-52,1,8,31,325,-192,997,379,1,0
292418,1,walk,-53,-9,9,13,253,-178,997,310,1,0
292444,1,walk,-51,-18,10,0,173,-147,998,227,1,0
292470,1,walk,-47,-27,11,-8,96,-104,998,142,1,0
292496,1,walk,-41,-30,11,-7,16,-52,998,55,1,0
292522,1,walk,-36,-27,10,11,-56,7,998,57,1,0
292548,1,walk,-41,-19,10,41,-135,65,998,155,1,0
292574,1,walk,-37,-14,9,68,-222,130,998,266,1,0
292600,1,walk,-31,-11,8,95,-274,224,998,367,1,0
292626,1,walk,-23,-3,6,117,-275,345,998,456,1,0
292652,1,walk,-29,19,3,125,-212,436,997,500,1,0
292678,1,walk,-49,43,-1,113,-130,465,996,496,1,0
292704,1,walk,-66,64,-4,97,-86,449,995,467,1,0
292730,1,walk,-78,79,-7,91,-70,422,995,437,1,0
292756,1,walk,-82,93,-10,94,-55,377,996,392,1,0
292782,1,walk,-74,92,-10,88,-11,315,996,328,1,0
292808,1,walk,-48,77,-8,67,57,272,996,286,1,0
292834,1,walk,-16,58,-7,41,123,256,995,287,1,0
292860,1,walk,3,46,-6,22,158,248,995,295,1,0
292886,1,walk,14,45,-6,9,142,228,996,269,1,0
292912,1,walk,26,46,-6,-12,85,189,996,207,1,0
292938,1,walk,37,46,-8,-34,16,132,997,138,1,0
292964,1,walk,51,44,-9,-42,-50,73,997,98,1,0
292990,1,walk,69,38,-11,-38,-101,22,997,110,1,0
293016,1,walk,82,34,-12,-29,-141,-22,997,146,1,0
293043,1,walk,80,34,-11,-26,-180,-74,998,196,1,0
293070,1,walk,70,32,-9,-37,-212,-140,998,257,1,0
293097,1,walk,63,19,-6,-55,-253,-191,998,322,1,0
293124,1,walk,52,7,-3,-63,-295,-209,998,367,1,0
293151,1,walk,35,6,-1,-73,-272,-232,998,365,1,0
293178,1,walk,-3,-2,2,-94,-203,-265,995,347,1,0
293204,1,walk,-36,-15,5,-94,-132,-290,995,332,1,0
293230,1,walk,-64,-24,7,-63,-44,-301,994,311,1,0
293256,1,walk,-90,-28,7,-28,58,-306,994,313,1,0
293282,1,walk,-89,-29,9,-9,163,-299,995,341,1,0
293308,1,walk,-63,-18,7,1,261,-275,995,380,1,0
293334,1,walk,-30,-6,4,3,330,-244,995,410,1,0
293360,1,walk,-5,3,1,2,356,-219,995,418,1,0
293386,1,walk,2,3,1,2,343,-199,996,397,1,0
293412,1,walk,-1,-8,4,-9,300,-183,996,352,1,0
293446,1,walk,-7,-24,6,-24,220,-158,996,272,1,0
293472,1,walk,-8,-38,8,-37,135,-120,997,185,1,0
293498,1,walk,-2,-46,9,-43,60,-73,997,104,1,0
293524,1,walk,-1,-47,9,-43,4,-21,998,48,1,0
293550,1,walk,-5,-46,9,-41,-39,33,998,65,1,0
293576,1,walk,-15,-42,10,-23,-70,87,998,114,1,0
293602,1,walk,-22,-38,10,14,-105,160,998,192,1,0
293628,1,walk,-26,-36,10,40,-93,271,998,289,1,0
293654,1,walk,-32,-23,8,28,-39,384,998,387,1,0
293680,1,walk,-40,0,5,5,34,441,997,442,1,0
293706,1,walk,-49,19,3,-13,91,435,997,444,1,0
293732,1,walk,-61,31,1,-15,105,411,997,425,1,0
293758,1,walk,-72,41,0,-6,81,387,997,396,1,0
293784,1,walk,-77,54,-3,9,70,339,997,346,1,0
293810,1,walk,-74,56,-3,10,100,262,997,281,1,0
293836,1,walk,-56,44,-1,-10,158,192,997,249,1,0
293862,1,walk,-32,26,1,-36,215,153,997,266,1,0
293888,1,walk,-14,15,1,-53,236,134,997,276,1,0
293914,1,walk,-1,14,1,-59,212,107,997,244,1,0
293940,1,walk,7,15,0,-67,162,61,997,186,1,0
293966,1,walk,17,16,-1,-78,103,4,998,129,1,0
293992,1,walk,28,17,-1,-81,42,-49,998,104,1,0
294018,1,walk,39,15,-2,-76,-8,-87,998,116,1,0
294044,1,walk,44,12,-2,-62,-58,-121,998,148,1,0
294071,1,walk,39,13,-2,-43,-112,-162,998,202,1,0
294098,1,walk,26,13,0,-30,-158,-206,998,262,1,0
294124,1,walk,23,6,1,-42,-201,-233,998,310,1,0
294150,1,walk,8,-1,2,-64,-201,-231,998,313,1,0
294176,1,walk,-13,-3,4,-90,-145,-228,997,284,1,0
294202,1,walk,-35,-12,5,-117,-30,-219,997,250,1,0
294229,1,walk,-54,-26,7,-129,68,-195,996,243,1,0
294256,1,walk,-76,-39,8,-117,121,-182,996,248,1,0
294283,1,walk,-99,-47,8,-81,142,-190,995,250,1,0
294309,1,walk,-119,-50,7,-28,153,-196,996,250,1,0
294336,1,walk,-123,-51,7,25,163,-182,996,246,1,0
294362,1,walk,-105,-46,8,49,180,-149,997,238,1,0
294388,1,walk,-78,-32,7,45,186,-106,996,219,1,0
294414,1,walk,-42,-21,5,14,144,-63,995,158,1,0
294440,1,walk,-28,-8,3,-4,95,-21,996,97,1,0
294466,1,walk,-20,-4,3,-6,38,26,996,47,1,0
294492,1,walk,-4,-22,4,-26,-35,71,996,83,1,0
294518,1,walk,-9,-35,6,-37,-73,109,997,136,1,0
294544,1,walk,-11,-43,8,-35,-97,136,997,170,1,0
294570,1,walk,-7,-54,9,-37,-132,157,998,209,1,0
294596,1,walk,-1,-70,9,-52,-162,185,997,251,1,0
294622,1,walk,-14,-74,10,-50,-172,224,998,287,1,0
294648,1,walk,-20,-65,10,-10,-188,279,998,337,1,0
294674,1,walk,2,-56,8,32,-236,353,997,426,1,0
294700,1,walk,21,-43,5,33,-253,453,997,519,1,0
294726,1,walk,17,-14,2,19,-186,539,996,570,1,0
294752,1,walk,-5,10,0,12,-109,583,995,593,1,0
294778,1,walk,-27,24,-2,13,-50,596,995,599,1,0
294804,1,walk,-40,33,-2,16,-3,591,995,592,1,0
294830,1,walk,-51,33,-2,26,35,566,996,568,1,0
294856,1,walk,-55,26,0,43,78,527,997,534,1,0
294882,1,walk,-32,15,1,44,122,498,996,514,1,0
294908,1,walk,2,7,0,12,177,483,995,514,1,0
294934,1,walk,25,9,-2,-34,217,460,995,510,1,0
294960,1,walk,27,13,-2,-69,221,414,996,475,1,0
294986,1,walk,31,12,-1,-81,194,351,997,409,1,0
295012,1,walk,39,8,-1,-78,149,288,998,333,1,0
295038,1,walk,43,0,0,-72,85,232,998,258,1,0
295064,1,walk,56,-2,-1,-46,7,181,998,187,1,0
295090,1,walk,69,-6,-3,-7,-60,117,998,132,1,0
295125,1,walk,70,-16,-2,32,-126,40,998,136,1,0
295151,1,walk,68,-26,-1,52,-182,-33,998,192,1,0
295177,1,walk,53,-33,1,52,-222,-100,998,249,1,0
295203,1,walk,55,-31,1,35,-269,-166,998,318,1,0
295229,1,walk,52,-24,1,-8,-294,-236,998,377,1,0
295256,1,walk,43,-18,1,-71,-267,-293,998,403,1,0
295283,1,walk,27,-15,2,-138,-202,-316,998,400,1,0
295310,1,walk,4,-12,3,-178,-146,-315,997,391,1,0
295336,1,walk,-26,-16,4,-186,-136,-312,996,387,1,0
295363,1,walk,-59,-29,5,-158,-154,-309,995,379,1,0
295390,1,walk,-82,-50,6,-85,-176,-295,995,354,1,0
295417,1,walk,-82,-65,7,31,-178,-260,995,317,1,0
295444,1,walk,-48,-60,6,153,-163,-223,995,316,1,0
295471,1,walk,5,-42,0,234,-150,-198,991,341,1,0
295497,1,walk,50,-25,-7,251,-148,-179,990,342,1,0
295524,1,walk,72,-17,-9,205,-150,-148,991,294,1,0
295551,1,walk,73,-14,-8,133,-147,-106,993,224,1,0
295577,1,walk,71,-14,-6,63,-146,-60,994,170,1,0
295603,1,walk,80,-17,-6,12,-153,-20,995,155,1,0
295629,1,walk,95,-21,-8,-17,-159,20,996,161,1,0
295655,1,walk,108,-21,-9,-25,-144,68,996,162,1,0
295681,1,walk,115,-15,-11,-19,-120,121,997,171,1,0
295707,1,walk,112,-6,-11,-11,-82,170,997,189,1,0
295733,1,walk,98,5,-10,3,-42,210,997,214,1,0
295759,1,walk,96,13,-10,14,-28,274,998,275,1,0
295785,1,walk,90,12,-9,-16,17,384,998,385,1,0
295811,1,walk,61,19,-6,-52,146,503,997,526,1,0
295837,1,walk,13,31,-6,-56,276,580,993,644,1,0
295863,1,walk,-35,33,-4,-48,350,613,991,708,1,0
295889,1,walk,-82,24,-4,-35,360,619,989,717,1,0
295915,1,walk,-99,16,-1,10,303,600,991,672,1,0
295941,1,walk,-91,8,2,97,264,543,993,611,1,0
295967,1,walk,-62,-3,3,174,248,478,993,566,1,0
295993,1,walk,-19,-6,0,209,254,434,992,545,1,0
296019,1,walk,11,2,-2,202,261,405,992,523,1,0
296045,1,walk,32,15,-5,161,227,370,993,463,1,0
296071,1,walk,40,19,-5,97,185,314,994,377,1,0
296097,1,walk,41,14,-4,36,158,250,996,298,1,0
296123,1,walk,48,8,-3,-1,134,194,996,235,1,0
296149,1,walk,52,1,-2,-7,109,148,997,184,1,0
296175,1,walk,50,-4,-1,14,85,115,998,144,1,0
296201,1,walk,60,-5,-2,50,42,91,998,112,1,0
296227,1,walk,68,-6,-3,76,-12,59,998,97,1,0
296253,1,walk,69,-5,-3,93,-64,14,998,113,1,0
296279,1,walk,64,-3,-3,98,-114,-43,998,156,1,0
296305,1,walk,80,-4,-6,75,-175,-107,998,218,1,0
296331,1,walk,88,0,-8,45,-222,-163,998,279,1,0
296357,1,walk,45,6,-4,10,-225,-210,995,308,1,0
296383,1,walk,5,5,-1,-32,-186,-259,993,320,1,0
296409,1,walk,-36,4,1,-49,-88,-309,992,325,1,0
296435,1,walk,-78,-5,2,-52,-59,-358,991,366,1,0
296461,1,walk,-99,-27,5,-49,-90,-388,992,401,1,0
296488,1,walk,-116,-55,6,-46,-111,-392,992,410,1,0
296515,1,walk,-129,-72,8,-29,-113,-383,993,400,1,0
296542,1,walk,-112,-69,9,12,-91,-387,994,398,1,0
296568,1,walk,-82,-61,10,39,-39,-414,995,418,1,0
296594,1,walk,-45,-53,8,24,20,-444,994,445,1,0
296620,1,walk,-19,-46,6,-17,87,-461,994,470,1,0
296646,1,walk,-10,-39,6,-69,146,-462,995,489,1,0
296672,1,walk,-8,-37,7,-115,192,-449,996,502,1,0
296698,1,walk,-5,-38,7,-148,216,-428,996,502,1,0
296724,1,walk,7,-37,6,-160,217,-410,997,490,1,0
296750,1,walk,18,-35,6,-143,209,-396,997,470,1,0
296776,1,walk,21,-33,6,-103,200,-370,998,433,1,0
296811,1,walk,-7,-29,7,-48,207,-301,997,368,1,0
296837,1,walk,-27,-17,7,15,185,-203,997,275,1,0
296863,1,walk,-15,0,5,63,99,-85,997,145,1,0
296889,1,walk,-13,7,4,57,20,36,997,70,1,0
296915,1,walk,-23,12,4,11,40,127,997,133,1,0
296941,1,walk,-59,19,3,-20,118,177,996,214,1,0
296967,1,walk,-95,33,-1,-20,151,180,994,236,1,0
296993,1,walk,-124,37,-3,-15,127,149,994,196,1,0
297019,1,walk,-133,32,-2,13,72,111,995,133,1,0
297045,1,walk,-121,28,0,84,43,74,995,120,1,0
297071,1,walk,-89,27,1,158,40,45,995,169,1,0
297097,1,walk,-51,32,-1,192,67,25,994,204,1,0
297123,1,walk,-28,41,-2,187,93,10,995,209,1,0
297149,1,walk,-16,45,-2,142,78,-7,996,162,1,0
297175,1,walk,0,46,-3,77,32,-29,996,88,1,0
297201,1,walk,21,47,-5,17,-16,-57,996,61,1,0
297227,1,walk,39,44,-6,-27,-63,-86,996,110,1,0
297254,1,walk,60,39,-7,-44,-112,-116,996,167,1,0
297281,1,walk,78,31,-9,-30,-163,-141,996,217,1,0
297308,1,walk,80,25,-8,5,-219,-160,997,271,1,0
297334,1,walk,68,18,-5,44,-270,-175,997,325,1,0
297361,1,walk,62,16,-4,70,-326,-208,998,392,1,0
297388,1,walk,66,19,-5,72,-390,-272,998,481,1,0
297414,1,walk,64,18,-4,41,-435,-343,998,556,1,0
297440,1,walk,49,11,-2,-37,-404,-398,998,568,1,0
297467,1,walk,6,4,1,-140,-303,-426,995,541,1,0
297493,1,walk,-30,-2,3,-213,-230,-439,994,540,1,0
297520,1,walk,-61,-15,4,-239,-188,-448,993,541,1,0
297547,1,walk,-75,-34,6,-211,-173,-446,994,523,1,0
297574,1,walk,-72,-45,8,-122,-134,-431,995,467,1,0
297600,1,walk,-44,-41,7,-11,-81,-406,995,415,1,0
297626,1,walk,7,-24,0,76,-41,-370,991,380,1,0
297652,1,walk,36,-8,-4,107,-4,-333,992,350,1,0
297678,1,walk,31,-2,-2,86,23,-290,994,303,1,0
297704,1,walk,12,-5,1,40,42,-243,995,250,1,0
297730,1,walk,-6,-20,4,-18,48,-195,995,201,1,0
297756,1,walk,-11,-38,6,-62,36,-146,995,163,1,0
297782,1,walk,-2,-53,7,-77,8,-103,996,129,1,0
297808,1,walk,17,-58,6,-60,-30,-74,996,99,1,0
297834,1,walk,36,-51,3,-18,-62,-55,996,85,1,0
297860,1,walk,43,-42,3,26,-72,-31,996,83,1,0
297886,1,walk,44,-32,2,65,-71,12,997,97,1,0
297912,1,walk,49,-19,1,83,-51,90,997,133,1,0
297938,1,walk,49,2,-2,49,28,176,997,185,1,0
297964,1,walk,29,32,-5,-6,153,224,995,271,1,0
297990,1,walk,1,50,-5,-55,263,244,994,362,1,0
298016,1,walk,-38,64,-7,-79,324,269,993,428,1,0
298042,1,walk,-74,81,-11,-74,308,295,991,433,1,0
298069,1,walk,-87,89,-11,-54,251,300,993,395,1,0
298095,1,walk,-85,88,-10,-16,217,283,994,357,1,0
298121,1,walk,-62,83,-9,24,208,263,995,337,1,0
298147,1,walk,-25,79,-10,45,211,260,994,338,1,0
298173,1,walk,4,79,-11,54,205,275,994,347,1,0
298199,1,walk,15,79,-11,50,177,290,995,343,1,0
298225,1,walk,21,74,-10,36,122,293,996,319,1,0
298251,1,walk,30,63,-8,13,63,276,996,283,1,0
298277,1,walk,40,48,-7,-7,12,242,996,242,1,0
298303,1,walk,52,32,-6,-5,-37,202,997,206,1,0
298329,1,walk,76,22,-8,19,-94,167,996,193,1,0
298355,1,walk,97,13,-10,39,-165,128,996,213,1,0
298381,1,walk,95,0,-8,41,-215,70,997,229,1,0
298407,1,walk,85,-14,-5,30,-233,-12,997,235,1,0
298433,1,walk,78,-20,-3,8,-251,-107,997,273,1,0
298459,1,walk,74,-18,-2,-37,-275,-200,997,342,1,0
298494,1,walk,59,-12,-1,-115,-262,-278,997,399,1,0
298521,1,walk,32,-3,1,-184,-219,-327,997,435,1,0
298547,1,walk,-1,6,2,-218,-179,-357,996,456,1,0
298574,1,walk,-38,1,4,-228,-147,-370,994,459,1,0
298601,1,walk,-72,-16,5,-211,-116,-364,993,436,1,0
298628,1,walk,-92,-38,7,-151,-62,-336,993,373,1,0
298654,1,walk,-88,-50,10,-59,19,-293,995,300,1,0
298680,1,walk,-53,-37,8,37,92,-263,994,281,1,0
298706,1,walk,-9,-14,1,102,146,-255,991,311,1,0
298732,1,walk,21,2,-3,114,162,-251,991,320,1,0
298758,1,walk,34,4,-4,85,154,-221,993,282,1,0
298784,1,walk,27,-6,0,30,144,-157,994,215,1,0
298810,1,walk,14,-18,3,-27,121,-73,995,144,1,0
298836,1,walk,7,-28,5,-74,92,8,996,118,1,0
298862,1,walk,6,-36,7,-101,64,68,997,137,1,0
298888,1,walk,10,-41,7,-112,37,101,997,155,1,0
298914,1,walk,15,-48,7,-109,28,119,997,164,1,0
298940,1,walk,8,-50,8,-89,43,151,998,180,1,0
298966,1,walk,11,-43,8,-55,35,216,998,226,1,0
298992,1,walk,11,-30,7,-31,20,300,998,303,1,0
299018,1,walk,7,-16,6,-20,87,378,998,389,1,0
299044,1,walk,-20,4,4,-7,195,431,996,473,1,0
299070,1,walk,-43,23,2,-10,247,466,995,528,1,0
299096,1,walk,-76,41,-2,-32,257,502,994,565,1,0
299122,1,walk,-113,54,-6,-55,214,535,993,578,1,0
299148,1,walk,-129,58,-7,-43,165,548,994,574,1,0
299174,1,walk,-119,55,-5,4,166,532,995,557,1,0
299200,1,walk,-83,49,-3,46,190,506,994,542,1,0
299226,1,walk,-42,44,-4,70,219,499,993,549,1,0
299252,1,walk,-24,41,-3,73,228,517,994,570,1,0
299278,1,walk,-15,40,-2,53,191,548,995,583,1,0
299304,1,walk,-4,44,-3,24,129,562,996,577,1,0
299330,1,walk,11,44,-3,3,61,545,996,548,1,0
299356,1,walk,26,33,-3,-3,-4,506,997,506,1,0
299382,1,walk,45,19,-3,22,-51,467,997,471,1,0
299408,1,walk,64,11,-4,70,-94,441,997,456,1,0
299434,1,walk,70,5,-4,112,-133,420,997,455,1,0
299460,1,walk,60,-2,-2,125,-154,399,997,445,1,0
299486,1,walk,44,-2,0,110,-151,365,997,410,1,0
299512,1,walk,50,1,-1,58,-174,314,997,363,1,0
299538,1,walk,52,-1,-1,-37,-197,267,998,334,1,0
299565,1,walk,23,-2,2,-148,-174,236,997,329,1,0
299591,1,walk,-26,0,2,-233,-141,210,993,344,1,0
299618,1,walk,-65,0,2,-269,-135,183,992,352,1,0
299645,1,walk,-94,-6,2,-249,-167,162,993,341,1,0
299672,1,walk,-101,-22,5,-170,-195,165,994,307,1,0
299699,1,walk,-87,-35,7,-45,-168,208,994,271,1,0
299725,1,walk,-54,-29,6,81,-94,256,994,284,1,0
299751,1,walk,-17,-8,2,172,-11,288,993,336,1,0
299777,1,walk,10,13,-3,208,39,309,992,375,1,0
299803,1,walk,19,20,-3,182,53,337,994,386,1,0
299829,1,walk,16,13,-1,111,49,385,995,403,1,0
299855,1,walk,10,0,2,24,45,446,996,449,1,0
299881,1,walk,14,-15,4,-51,42,498,996,502,1,0
299907,1,walk,22,-33,5,-97,44,528,996,539,1,0
299933,1,walk,33,-49,5,-102,32,543,997,553,1,0
299959,1,walk,36,-61,6,-77,17,554,997,560,1,0
299985,1,walk,22,-68,8,-32,8,567,997,568,1,0
300011,1,walk,15,-66,8,29,-12,580,997,581,1,0
300037,1,walk,22,-55,7,86,-60,598,997,607,1,0
300063,1,walk,41,-44,3,102,-106,650,997,667,1,0
300089,1,walk,37,-26,3,78,-58,718,997,725,1,0
300115,1,walk,-13,-8,1,55,29,773,993,775,1,0
300141,1,walk,-66,18,-4,62,107,795,989,804,1,0
300176,1,walk,-86,41,-6,81,109,753,990,766,1,0
300202,1,walk,-71,41,-4,116,80,695,992,709,1,0
300228,1,walk,-50,22,-1,172,95,666,993,694,1,0
300254,1,walk,-20,6,0,212,133,678,992,722,1,0
300280,1,walk,5,6,-1,215,169,697,993,748,1,0
300306,1,walk,16,12,-1,178,156,691,994,730,1,0
300332,1,walk,27,16,-2,120,89,649,995,666,1,0
300358,1,walk,43,6,-2,60,18,582,995,585,1,0
300384,1,walk,53,-10,-2,19,-28,515,996,516,1,0
300410,1,walk,70,-14,-3,15,-73,460,996,466,1,0
300436,1,walk,80,-8,-5,44,-108,410,997,426,1,0
300462,1,walk,81,-6,-5,82,-136,361,997,394,1,0
300488,1,walk,82,-6,-4,109,-156,317,998,370,1,0
300514,1,walk,92,1,-7,102,-172,267,997,334,1,0
300540,1,walk,110,6,-12,45,-218,207,997,304,1,0
300566,1,walk,120,4,-13,-44,-289,157,997,332,1,0
300592,1,walk,85,4,-9,-130,-273,127,996,328,1,0
300618,1,walk,26,7,-5,-170,-127,91,991,231,1,0
300644,1,walk,-6,10,-2,-150,43,50,992,164,1,0
300670,1,walk,-25,16,0,-93,155,14,993,181,1,0
300696,1,walk,-46,9,3,-29,169,6,994,172,1,0
300722,1,walk,-66,-14,6,23,143,37,994,150,1,0
300748,1,walk,-97,-40,7,60,139,98,993,180,1,0
300774,1,walk,-118,-43,7,106,169,162,994,257,1,0
300800,1,walk,-116,-32,7,136,238,187,995,332,1,0
300826,1,walk,-97,-19,7,116,320,163,996,378,1,0
300852,1,walk,-61,-7,5,53,383,116,994,404,1,0
300878,1,walk,-33,-9,5,-40,422,72,994,430,1,0
300904,1,walk,-20,-25,6,-129,436,54,995,458,1,0
300930,1,walk,-27,-42,8,-180,446,70,995,486,1,0
300956,1,walk,-38,-53,9,-184,434,113,996,484,1,0
300982,1,walk,-47,-49,10,-143,386,153,997,440,1,0
301008,1,walk,-56,-48,11,-61,319,187,997,375,1,0
301034,1,walk,-72,-57,11,10,289,256,997,386,1,0
301060,1,walk,-76,-57,11,37,231,359,998,428,1,0
301086,1,walk,-65,-37,10,43,135,452,997,473,1,0
301112,1,walk,-54,-17,8,27,12,525,997,525,1,0
301138,1,walk,-44,-17,8,-21,-138,608,997,624,1,0
301164,1,walk,-51,-9,7,-61,-165,700,997,722,1,0
301191,1,walk,-81,11,3,-57,-101,755,996,764,1,0
301217,1,walk,-109,36,-3,-4,-21,748,994,748,1,0
301243,1,walk,-123,53,-7,59,64,710,994,715,1,0
301269,1,walk,-118,65,-7,107,129,665,995,685,1,0
301295,1,walk,-104,73,-8,138,192,614,995,658,1,0
301321,1,walk,-76,73,-7,134,252,570,995,638,1,0
301347,1,walk,-44,73,-7,97,312,550,995,640,1,0
301373,1,walk,-28,73,-7,38,353,548,996,653,1,0
301399,1,walk,-27,71,-6,-28,345,547,996,647,1,0
301425,1,walk,-23,62,-4,-87,299,528,997,613,1,0
301451,1,walk,-22,46,-1,-128,256,490,997,567,1,0
301477,1,walk,-20,30,2,-140,211,439,998,507,1,0
301503,1,walk,-17,14,4,-125,172,387,998,441,1,0
301529,1,walk,-6,3,5,-94,123,334,998,368,1,0
301555,1,walk,10,-5,5,-57,74,275,998,291,1,0
301581,1,walk,25,-13,5,-29,8,210,998,212,1,0
301607,1,walk,31,-20,5,-17,-55,136,998,148,1,0
301633,1,walk,13,-21,6,-7,-84,61,998,104,1,0
301659,1,walk,5,-18,6,-5,-119,-7,998,119,1,0
301685,1,walk,7,-16,6,-41,-157,-69,998,177,1,0
301711,1,walk,-9,-12,6,-106,-157,-119,998,224,1,0
301738,1,walk,-40,-15,5,-184,-113,-141,996,258,1,0
301765,1,walk,-79,-26,4,-213,-70,-147,994,268,1,0
301792,1,walk,-122,-39,0,-166,-37,-149,992,226,1,0
301819,1,walk,-153,-52,-3,-93,-49,-159,992,191,1,0
301854,1,walk,-164,-75,-3,-23,-92,-168,993,193,1,0
301881,1,walk,-150,-91,0,64,-105,-139,994,186,1,0
301908,1,walk,-121,-82,3,162,-75,-105,994,207,1,0
301934,1,walk,-82,-62,4,218,-30,-101,993,242,1,0
301960,1,walk,-49,-46,4,219,15,-121,992,250,1,0
301986,1,walk,-33,-35,5,197,57,-132,993,244,1,0
302012,1,walk,-23,-32,6,169,76,-109,995,215,1,0
302038,1,walk,-21,-31,7,147,80,-54,996,176,1,0
302064,1,walk,-15,-24,7,143,66,12,997,158,1,0
302090,1,walk,0,-14,6,151,54,74,997,176,1,0
302116,1,walk,18,-13,6,140,33,137,997,199,1,0
302142,1,walk,22,-18,6,110,12,201,998,229,1,0
302168,1,walk,15,-20,7,86,-5,262,998,276,1,0
302194,1,walk,6,-20,7,83,-21,308,998,320,1,0
302220,1,walk,5,-17,7,103,-49,341,998,359,1,0
302246,1,walk,1,-15,7,129,-67,392,998,418,1,0
302272,1,walk,5,-12,6,140,-43,476,998,498,1,0
302298,1,walk,-10,6,4,150,57,557,997,580,1,0
302324,1,walk,-33,32,0,159,154,602,996,642,1,0
302350,1,walk,-64,47,-5,132,230,613,995,668,1,0
302376,1,walk,-94,51,-8,71,261,606,994,664,1,0
302402,1,walk,-107,48,-8,9,255,592,995,645,1,0
302428,1,walk,-107,46,-7,-14,258,566,996,622,1,0
302454,1,walk,-90,40,-4,-2,264,532,996,594,1,0
302480,1,walk,-68,35,-2,17,284,497,996,573,1,0
302506,1,walk,-50,32,-1,19,308,456,997,551,1,0
302532,1,walk,-36,32,0,2,317,412,997,520,1,0
302558,1,walk,-20,30,1,-28,292,367,997,470,1,0
302584,1,walk,-6,28,1,-55,243,319,998,405,1,0
302610,1,walk,5,24,2,-66,172,264,998,322,1,0
302636,1,walk,15,14,3,-73,105,201,998,238,1,0
302662,1,walk,23,0,4,-85,39,139,998,168,1,0
302688,1,walk,38,-8,4,-88,-23,82,998,123,1,0
302714,1,walk,41,-14,5,-82,-83,19,998,118,1,0
302740,1,walk,35,-19,6,-71,-141,-55,998,167,1,0
302766,1,walk,16,-21,6,-59,-180,-127,998,228,1,0
302793,1,walk,9,-17,6,-43,-215,-197,998,295,1,0
302819,1,walk,8,-11,5,-36,-253,-259,998,364,1,0
302845,1,walk,3,-7,5,-40,-277,-311,998,418,1,0
302871,1,walk,-13,-12,5,-56,-287,-343,998,451,1,0
302898,1,walk,-37,-22,5,-59,-293,-359,997,467,1,0
302925,1,walk,-75,-39,2,-59,-297,-372,995,480,1,0
302952,1,walk,-104,-61,0,-67,-321,-388,993,508,1,0
302979,1,walk,-119,-87,-2,-59,-320,-396,993,512,1,0
303006,1,walk,-113,-95,0,3,-264,-385,995,467,1,0
303033,1,walk,-77,-78,2,93,-194,-377,994,434,1,0
303059,1,walk,-18,-53,-1,151,-148,-381,989,436,1,0
303086,1,walk,28,-35,-3,144,-120,-389,988,432,1,0
303113,1,walk,51,-29,-2,94,-101,-382,989,406,1,0
303139,1,walk,49,-33,0,35,-73,-356,992,365,1,0
303165,1,walk,41,-39,2,-4,-39,-316,993,318,1,0
303191,1,walk,39,-44,4,-11,-2,-265,995,266,1,0
303217,1,walk,48,-43,5,2,25,-209,996,210,1,0
303243,1,walk,63,-39,4,24,37,-148,996,155,1,0
303269,1,walk,62,-38,4,42,49,-92,997,113,1,0
303295,1,walk,48,-36,5,61,71,-39,997,102,1,0
303321,1,walk,36,-28,6,89,91,15,997,128,1,0
303347,1,walk,31,-19,5,107,109,77,998,171,1,0
303373,1,walk,27,-6,4,95,156,150,998,236,1,0
303399,1,walk,5,9,3,65,243,213,997,330,1,0
303425,1,walk,-24,24,0,35,316,250,996,404,1,0
303451,1,walk,-54,42,-4,11,350,266,994,440,1,0
303477,1,walk,-75,48,-6,-32,315,268,995,415,1,0
303504,1,walk,-86,51,-7,-65,264,257,995,374,1,0
303539,1,walk,-76,55,-6,-31,236,225,996,328,1,0
303565,1,walk,-57,54,-5,21,239,197,996,311,1,0
303591,1,walk,-44,51,-3,44,257,178,997,316,1,0
303617,1,walk,-36,45,-2,31,259,163,997,308,1,0
303643,1,walk,-21,41,-1,-6,234,154,997,281,1,0
303669,1,walk,-9,38,0,-37,195,143,997,244,1,0
303695,1,walk,2,38,0,-39,143,118,998,190,1,0
303721,1,walk,16,33,0,-29,97,84,998,132,1,0
303747,1,walk,31,24,1,-25,49,51,998,75,1,0
303773,1,walk,44,17,1,-30,9,24,998,39,1,0
303799,1,walk,49,8,2,-47,-37,-4,998,60,1,0
303825,1,walk,42,-3,3,-84,-86,-42,998,127,1,0
303851,1,walk,30,-12,5,-119,-115,-94,998,190,1,0
303877,1,walk,26,-19,5,-137,-141,-151,998,248,1,0
303904,1,walk,19,-23,6,-144,-159,-206,998,298,1,0
303931,1,walk,6,-24,6,-159,-134,-258,998,331,1,0
303958,1,walk,-18,-34,5,-187,-56,-298,997,357,1,0
303985,1,walk,-45,-47,5,-210,12,-328,996,390,1,0
304012,1,walk,-79,-59,2,-221,52,-365,994,429,1,0
304039,1,walk,-112,-70,-2,-213,54,-415,993,470,1,0
304066,1,walk,-129,-80,-3,-176,40,-459,994,493,1,0
304093,1,walk,-137,-89,-4,-113,47,-477,995,493,1,0
304120,1,walk,-109,-78,-1,-21,47,-466,995,469,1,0
304146,1,walk,-62,-60,1,56,34,-459,993,463,1,0
304172,1,walk,-17,-47,1,100,11,-451,991,462,1,0
304198,1,walk,0,-47,2,105,-2,-428,992,440,1,0
304224,1,walk,-7,-49,4,94,-2,-386,994,398,1,0
304250,1,walk,-10,-50,5,83,-3,-330,995,340,1,0
304276,1,walk,-7,-46,6,87,-10,-271,996,284,1,0
304302,1,walk,2,-40,7,107,-17,-211,997,237,1,0
304328,1,walk,16,-33,6,132,-32,-148,997,201,1,0
304354,1,walk,23,-29,6,147,-50,-81,998,175,1,0
304380,1,walk,14,-23,6,148,-56,-8,998,159,1,0
304406,1,walk,9,-18,6,129,-79,70,998,167,1,0
304432,1,walk,6,-13,6,94,-81,160,998,203,1,0
304458,1,walk,7,-4,5,48,-30,264,998,270,1,0
304484,1,walk,-8,13,3,3,76,350,997,358,1,0
304510,1,walk,-31,34,-1,-41,166,396,996,431,1,0
304536,1,walk,-55,54,-6,-94,221,410,995,475,1,0
304563,1,walk,-77,57,-8,-166,214,405,995,487,1,0
304590,1,walk,-86,54,-8,-206,203,390,996,486,1,0
304617,1,walk,-87,45,-7,-188,238,363,997,473,1,0
304644,1,walk,-74,33,-4,-154,280,336,997,464,1,0
304670,1,walk,-56,25,-1,-125,317,319,997,467,1,0
304696,1,walk,-42,20,0,-105,313,311,997,454,1,0
304722,1,walk,-25,15,2,-98,248,299,998,401,1,0
304748,1,walk,-5,10,3,-92,158,273,997,329,1,0
304774,1,walk,10,5,3,-77,68,235,997,257,1,0
304800,1,walk,24,-2,4,-54,-25,186,997,195,1,0
304826,1,walk,35,-13,5,-31,-109,140,998,180,1,0
304852,1,walk,44,-21,5,-1,-179,93,998,202,1,0
304878,1,walk,55,-25,5,32,-247,48,998,253,1,0
304904,1,walk,50,-29,5,55,-306,-2,998,311,1,0
304930,1,walk,38,-29,6,78,-340,-65,998,355,1,0
304956,1,walk,35,-29,6,100,-366,-134,998,402,1,0
304982,1,walk,37,-25,5,89,-362,-198,998,422,1,0
305008,1,walk,20,-18,5,36,-305,-255,998,400,1,0
305035,1,walk,2,-18,5,-48,-234,-291,998,376,1,0
305061,1,walk,-19,-19,4,-123,-163,-310,997,372,1,0
305088,1,walk,-55,-25,1,-168,-143,-319,995,388,1,0
305115,1,walk,-83,-41,-2,-170,-173,-322,994,404,1,0
305142,1,walk,-100,-63,-3,-123,-212,-312,994,397,1,0
305169,1,walk,-94,-75,-2,-33,-248,-295,995,386,1,0
305196,1,walk,-58,-72,1,81,-269,-292,995,406,1,0
305231,1,walk,-11,-57,1,193,-282,-307,992,459,1,0
305258,1,walk,24,-44,1,265,-290,-301,992,495,1,0
305285,1,walk,39,-33,1,282,-290,-272,993,488,1,0
305311,1,walk,56,-23,1,254,-312,-232,994,464,1,0
305337,1,walk,70,-18,1,201,-339,-197,995,440,1,0
305363,1,walk,80,-18,1,145,-350,-173,996,416,1,0
305389,1,walk,97,-17,0,108,-357,-149,996,402,1,0
305415,1,walk,112,-9,-2,99,-348,-115,996,379,1,0
305441,1,walk,119,5,-4,108,-322,-49,996,343,1,0
305467,1,walk,121,21,-6,125,-297,39,996,325,1,0
305493,1,walk,113,29,-5,107,-243,122,997,292,1,0
305519,1,walk,112,30,-5,72,-163,197,997,266,1,0
305545,1,walk,104,42,-6,47,-14,253,997,257,1,0
305571,1,walk,84,51,-5,-11,133,297,997,325,1,0
305597,1,walk,71,57,-5,-96,218,332,997,409,1,0
305623,1,walk,61,54,-4,-177,239,344,998,455,1,0
305649,1,walk,52,51,-3,-199,233,338,998,456,1,0
305675,1,walk,43,56,-3,-138,236,327,998,426,1,0
305701,1,walk,38,65,-4,-27,254,304,998,397,1,0
305727,1,walk,45,76,-7,71,294,271,998,406,1,0
305753,1,walk,55,77,-7,113,340,233,998,428,1,0
305779,1,walk,54,71,-6,106,360,213,999,432,1,0
305805,1,walk,63,66,-6,83,339,216,999,411,1,0
305831,1,walk,77,62,-6,53,303,217,999,377,1,0
305857,1,walk,85,52,-6,20,259,203,999,330,1,0
305883,1,walk,83,40,-4,-7,209,174,999,272,1,0
305909,1,walk,77,34,-3,-15,156,139,999,209,1,0
305935,1,walk,71,29,-2,-11,80,96,999,125,1,0
305961,1,walk,67,21,-1,-13,-15,49,999,53,1,0
305987,1,walk,55,18,0,5,-100,2,999,100,1,0
306013,1,walk,49,18,1,38,-177,-58,999,190,1,0
306039,1,walk,54,15,0,57,-226,-139,998,271,1,0
306065,1,walk,40,17,1,63,-216,-209,998,307,1,0
306091,1,walk,35,17,1,24,-194,-243,998,312,1,0
306117,1,walk,20,13,2,-52,-164,-240,998,295,1,0
306143,1,walk,-14,7,2,-133,-125,-217,996,284,1,0
306169,1,walk,-60,-9,0,-185,-77,-198,993,282,1,0
306195,1,walk,-101,-28,-3,-183,-28,-183,991,261,1,0
306222,1,walk,-118,-47,-2,-134,13,-170,992,217,1,0
306249,1,walk,-104,-62,1,-67,40,-155,993,173,1,0
306276,1,walk,-74,-59,3,16,68,-153,994,168,1,0
306302,1,walk,-35,-43,2,91,88,-173,993,214,1,0
306328,1,walk,-6,-30,2,135,89,-202,993,259,1,0
306354,1,walk,1,-26,3,144,82,-215,994,272,1,0
306380,1,walk,-1,-27,4,130,68,-199,996,247,1,0
306406,1,walk,0,-30,6,99,47,-158,997,192,1,0
306432,1,walk,6,-27,6,72,28,-105,997,131,1,0
306458,1,walk,22,-21,5,55,-2,-56,998,79,1,0
306484,1,walk,33,-16,4,48,-43,-14,998,66,1,0
306510,1,walk,29,-14,4,53,-78,33,998,100,1,0
306536,1,walk,17,-17,5,65,-120,95,998,166,1,0
306562,1,walk,20,-19,5,80,-164,170,998,249,1,0
306588,1,walk,28,-17,5,81,-165,244,998,305,1,0
306614,1,walk,31,-5,3,80,-103,298,998,326,1,0
306640,1,walk,24,16,1,84,-29,319,998,331,1,0
306666,1,walk,20,31,0,67,10,317,998,324,1,0
306692,1,walk,-2,35,-1,17,39,322,997,325,1,0
306718,1,walk,-32,40,-2,-27,46,334,996,338,1,0
306744,1,walk,-44,53,-4,-22,44,317,996,320,1,0
306770,1,walk,-33,64,-6,17,37,255,996,258,1,0
306796,1,walk,-6,66,-7,49,21,188,996,195,1,0
306822,1,walk,18,60,-7,66,16,154,996,168,1,0
306848,1,walk,31,54,-6,65,13,156,996,170,1,0
306874,1,walk,43,57,-6,56,12,169,997,179,1,0
306908,1,walk,56,65,-8,44,2,161,997,167,1,0
306934,1,walk,64,65,-9,31,-16,133,998,138,1,0
306960,1,walk,72,55,-8,18,-32,104,998,111,1,0
306986,1,walk,80,44,-7,7,-39,85,998,93,1,0
307012,1,walk,90,40,-8,5,-48,73,998,87,1,0
307038,1,walk,108,38,-10,5,-77,60,998,98,1,0
307064,1,walk,109,29,-9,-6,-112,33,998,117,1,0
307090,1,walk,101,18,-7,-19,-132,8,998,133,1,0
307116,1,walk,87,10,-4,-23,-126,-21,998,130,1,0
307142,1,walk,91,9,-4,-25,-131,-58,998,145,1,0
307168,1,walk,89,8,-4,-39,-125,-94,999,161,1,0
307194,1,walk,77,6,-3,-76,-91,-116,998,166,1,0
307220,1,walk,51,-1,0,-130,-30,-115,997,176,1,0
307246,1,walk,21,-5,2,-179,21,-114,996,213,1,0
307272,1,walk,-16,-7,2,-193,54,-142,995,245,1,0
307298,1,walk,-50,-18,3,-171,40,-184,994,254,1,0
307324,1,walk,-70,-37,4,-112,2,-223,994,250,1,0
307350,1,walk,-83,-54,5,-19,-8,-238,994,239,1,0
307376,1,walk,-83,-55,6,92,12,-225,996,243,1,0
307402,1,walk,-65,-39,5,183,54,-205,996,280,1,0
307428,1,walk,-35,-12,2,227,95,-200,994,317,1,0
307454,1,walk,-1,11,-2,216,105,-205,993,316,1,0
307480,1,walk,22,23,-3,175,92,-198,994,280,1,0
307506,1,walk,31,20,-2,124,68,-163,995,216,1,0
307532,1,walk,32,9,0,76,38,-97,996,129,1,0
307558,1,walk,32,0,1,44,0,-22,997,49,1,0
307584,1,walk,38,-6,2,23,-41,37,998,60,1,0
307610,1,walk,48,-14,2,8,-77,68,997,103,1,0
307636,1,walk,54,-21,2,2,-102,83,998,131,1,0
307662,1,walk,59,-29,2,-1,-131,100,998,164,1,0
307688,1,walk,59,-34,2,17,-149,124,998,195,1,0
307714,1,walk,54,-29,2,60,-164,166,998,242,1,0
307740,1,walk,52,-27,2,98,-183,229,998,309,1,0
307766,1,walk,49,-17,2,120,-140,296,998,349,1,0
307792,1,walk,34,10,-1,149,-48,340,997,374,1,0
307818,1,walk,20,41,-5,165,14,360,996,397,1,0
307844,1,walk,-3,59,-7,138,46,364,995,393,1,0
307870,1,walk,-31,56,-6,78,26,353,995,363,1,0
307896,1,walk,-49,48,-4,38,-8,328,995,330,1,0
307922,1,walk,-47,43,-2,44,-22,274,996,278,1,0
307948,1,walk,-30,45,-3,89,-13,186,996,207,1,0
307974,1,walk,-2,50,-5,130,28,82,996,156,1,0
308000,1,walk,25,48,-6,130,70,-15,996,149,1,0
308026,1,walk,37,34,-5,71,112,-102,996,167,1,0
308052,1,walk,30,14,-1,-21,135,-187,996,231,1,0
308078,1,walk,28,3,1,-83,131,-269,997,310,1,0
308104,1,walk,25,5,1,-86,99,-361,998,384,1,0
308130,1,walk,18,11,2,-53,42,-455,998,460,1,0
308156,1,walk,11,12,2,-26,-15,-556,998,557,1,0
308182,1,walk,15,18,1,-39,-67,-668,998,672,1,0
308208,1,walk,27,25,-1,-85,-140,-759,998,777,1,0
308235,1,walk,40,30,-3,-132,-208,-821,998,857,1,0
308262,1,walk,33,30,-3,-172,-240,-869,998,918,1,0
308289,1,walk,19,34,-2,-186,-243,-890,998,941,1,0
308316,1,walk,23,35,-3,-189,-206,-897,998,940,1,0
308343,1,walk,15,22,-1,-200,-94,-907,998,934,1,0
308369,1,walk,3,-1,2,-213,-2,-900,997,925,1,0
308395,1,walk,-9,-25,4,-204,44,-878,996,903,1,0
308421,1,walk,-37,-55,5,-182,48,-866,994,886,1,0
308448,1,walk,-66,-86,5,-162,0,-857,993,872,1,0
308475,1,walk,-88,-110,4,-159,-43,-831,992,847,1,0
308502,1,walk,-90,-114,5,-156,-52,-799,994,816,1,0
308529,1,walk,-69,-103,6,-136,-66,-768,995,783,1,0
308556,1,walk,-31,-87,5,-107,-86,-748,993,760,1,0
308591,1,walk,-3,-75,4,-111,-109,-742,993,758,1,0
308618,1,walk,14,-69,4,-129,-120,-723,995,745,1,0
308645,1,walk,29,-68,4,-131,-105,-681,996,702,1,0
308672,1,walk,44,-70,3,-110,-58,-624,996,636,1,0
308698,1,walk,56,-72,3,-81,-18,-558,997,565,1,0
308724,1,walk,57,-68,3,-49,22,-492,997,495,1,0
308750,1,walk,54,-52,2,-13,40,-418,997,420,1,0
308776,1,walk,55,-35,1,17,28,-341,997,343,1,0
308802,1,walk,50,-21,1,47,-8,-271,997,275,1,0
308828,1,walk,56,-14,0,56,-72,-199,998,219,1,0
308854,1,walk,63,-14,-1,46,-118,-111,998,168,1,0
308880,1,walk,62,-12,-1,48,-89,-16,998,102,1,0
308906,1,walk,41,-2,0,74,-14,49,997,90,1,0
308932,1,walk,5,13,0,108,73,87,996,157,1,0
308958,1,walk,-28,37,-3,146,143,111,994,232,1,0
308984,1,walk,-62,58,-7,174,176,132,992,280,1,0
309010,1,walk,-69,73,-8,189,167,159,993,298,1,0
309036,1,walk,-65,81,-8,184,187,181,995,319,1,0
309062,1,walk,-51,69,-6,137,220,199,995,326,1,0
309088,1,walk,-34,59,-4,79,261,226,996,355,1,0
309114,1,walk,-23,60,-4,33,297,260,997,396,1,0
309140,1,walk,-7,65,-5,-5,287,273,997,396,1,0
309166,1,walk,0,69,-5,-38,254,249,998,358,1,0
309192,1,walk,11,71,-6,-54,210,204,998,298,1,0
309218,1,walk,24,69,-7,-55,162,140,998,221,1,0
309244,1,walk,29,60,-6,-36,104,76,998,134,1,0
309270,1,walk,37,46,-4,7,29,26,998,40,1,0
309296,1,walk,40,34,-3,67,-64,-21,998,95,1,0
309322,1,walk,47,30,-3,139,-183,-75,998,241,1,0
309349,1,walk,48,25,-3,195,-297,-136,998,381,1,0
309376,1,walk,43,22,-2,205,-371,-204,998,470,1,0
309402,1,walk,36,28,-2,164,-378,-286,998,501,1,0
309428,1,walk,24,37,-3,79,-322,-382,998,506,1,0
309455,1,walk,14,36,-2,-59,-190,-459,998,500,1,0
309481,1,walk,-1,31,0,-205,-34,-506,998,547,1,0
309507,1,walk,-24,19,1,-324,98,-531,997,630,1,0
309533,1,walk,-62,-1,2,-394,155,-527,995,676,1,0
309560,1,walk,-97,-38,1,-426,123,-497,992,666,1,0
309587,1,walk,-121,-80,0,-406,53,-456,990,612,1,0
309614,1,walk,-119,-105,2,-314,1,-403,991,511,1,0
309641,1,walk,-84,-106,4,-175,-15,-363,992,404,1,0
309668,1,walk,-33,-93,2,-66,3,-355,990,361,1,0
309694,1,walk,4,-73,1,-20,59,-370,990,375,1,0
309720,1,walk,20,-56,1,-32,118,-391,991,410,1,0
309746,1,walk,9,-49,3,-81,168,-405,992,446,1,0
309772,1,walk,1,-48,5,-146,198,-397,994,467,1,0
309798,1,walk,-3,-49,6,-212,217,-370,995,479,1,0
309824,1,walk,-2,-44,6,-253,226,-325,996,470,1,0
309850,1,walk,10,-43,6,-267,199,-258,996,422,1,0
309876,1,walk,20,-47,6,-265,124,-177,997,342,1,0
309902,1,walk,12,-59,7,-242,39,-85,997,259,1,0
309928,1,walk,-5,-77,7,-192,-48,3,996,198,1,0
309954,1,walk,-11,-88,8,-108,-142,72,997,192,1,0
309980,1,walk,-14,-89,8,-4,-208,121,997,240,1,0
310006,1,walk,-10,-78,8,88,-199,166,998,274,1,0
310032,1,walk,-35,-61,8,121,-123,194,997,260,1,0
310058,1,walk,-69,-41,5,97,-50,220,995,245,1,0
310084,1,walk,-97,-16,1,32,7,247,994,249,1,0
310110,1,walk,-118,6,-2,-43,-8,260,994,263,1,0
310136,1,walk,-117,14,-2,-81,-43,251,995,267,1,0
310163,1,walk,-104,7,1,-67,-40,246,996,258,1,0
310189,1,walk,-64,-3,1,-27,-27,256,994,258,1,0
310215,1,walk,-29,-12,2,8,20,282,993,283,1,0
310241,1,walk,-10,-12,3,42,62,302,994,311,1,0
310275,1,walk,-1,-4,3,81,89,289,995,313,1,0
310301,1,walk,9,1,3,108,95,248,996,286,1,0
310327,1,walk,14,5,2,118,89,196,996,246,1,0
310353,1,walk,21,3,3,104,77,141,997,192,1,0
310379,1,walk,27,0,3,76,68,86,998,134,1,0
310404,1,walk,38,4,2,55,40,30,998,74,1,0
310430,1,walk,57,13,-1,43,-25,-26,997,56,1,0
310456,1,walk,59,14,-1,37,-110,-81,998,142,1,0
310482,1,walk,45,8,1,47,-186,-135,998,235,1,0
310508,1,walk,39,5,2,84,-268,-190,998,339,1,0
310534,1,walk,40,10,1,123,-341,-254,998,443,1,0
310560,1,walk,36,15,1,121,-364,-316,998,497,1,0
310586,1,walk,16,17,2,74,-301,-339,998,460,1,0
310612,1,walk,0,17,2,0,-194,-315,997,369,1,0
310638,1,walk,-24,19,2,-69,-77,-264,997,283,1,0
310665,1,walk,-45,18,3,-80,-24,-198,997,215,1,0
310691,1,walk,-66,4,3,-56,-37,-125,996,142,1,0
310717,1,walk,-86,-16,3,-34,-49,-55,996,81,1,0
310743,1,walk,-91,-40,4,-26,-15,21,996,37,1,0
310769,1,walk,-88,-54,5,-31,89,103,997,139,1,0
310795,1,walk,-71,-49,6,-36,218,169,997,278,1,0
310821,1,walk,-50,-32,5,-63,338,198,997,397,1,0
310847,1,walk,-44,-19,5,-116,430,195,997,486,1,0
310873,1,walk,-45,-19,6,-184,463,190,998,533,1,0
310899,1,walk,-39,-30,7,-242,450,204,998,550,1,0
310925,1,walk,-44,-42,7,-266,415,249,998,552,1,0
310951,1,walk,-40,-50,7,-241,346,319,998,529,1,0
310977,1,walk,-31,-51,7,-183,268,396,998,512,1,0
311003,1,walk,-26,-50,7,-125,186,465,998,516,1,0
311029,1,walk,-28,-50,7,-90,107,525,998,543,1,0
311055,1,walk,-38,-51,7,-75,30,579,998,585,1,0
311081,1,walk,-47,-49,6,-64,-46,630,998,635,1,0
311107,1,walk,-59,-48,6,-57,-79,679,998,686,1,0
311133,1,walk,-69,-45,5,-44,-47,726,998,729,1,0
311159,1,walk,-81,-38,4,-20,47,761,998,763,1,0
311185,1,walk,-92,-23,2,-4,138,776,998,788,1,0
311211,1,walk,-107,-12,0,-12,195,781,997,805,1,0
311237,1,walk,-127,-8,-3,-40,199,786,997,812,1,0
311264,1,walk,-131,-5,-4,-51,172,793,997,813,1,0
311290,1,walk,-135,3,-5,-31,161,789,997,806,1,0
311316,1,walk,-120,8,-3,-5,142,769,998,782,1,0
311342,1,walk,-105,5,-2,-2,129,734,998,745,1,0
311368,1,walk,-100,-2,0,-18,120,695,998,706,1,0
311394,1,walk,-87,-7,1,-43,96,661,998,670,1,0
311420,1,walk,-67,-4,2,-66,53,623,998,629,1,0
311446,1,walk,-49,4,2,-74,-2,569,998,574,1,0
311472,1,walk,-36,5,3,-68,-53,506,998,513,1,0
311498,1,walk,-23,-1,4,-58,-92,447,998,460,1,0
311524,1,walk,-13,-6,4,-47,-111,396,998,414,1,0
311550,1,walk,-5,-10,5,-42,-120,343,998,366,1,0
311576,1,walk,1,-11,5,-43,-120,280,998,308,1,0
311602,1,walk,4,-12,5,-55,-122,207,998,247,1,0
311628,1,walk,5,-16,5,-77,-132,132,998,202,1,0
311654,1,walk,11,-16,5,-90,-143,74,998,185,1,0
311680,1,walk,8,-12,5,-86,-125,27,998,154,1,0
311706,1,walk,-6,-12,5,-75,-72,-5,999,104,1,0
311732,1,walk,-6,-19,5,-80,-35,-14,998,88,1,0
311758,1,walk,-6,-24,5,-102,-8,-12,998,103,1,0
311784,1,walk,-20,-30,4,-126,8,-22,998,128,1,0
311810,1,walk,-46,-36,2,-128,25,-49,997,139,1,0
311836,1,walk,-67,-46,1,-106,27,-76,996,133,1,0
311862,1,walk,-83,-58,-1,-69,23,-90,996,116,1,0
311888,1,walk,-89,-66,-1,-30,0,-84,997,89,1,0
311914,1,walk,-85,-71,0,7,-31,-67,997,74,1,0
311949,1,walk,-80,-70,0,43,-34,-39,997,68,1,0
311975,1,walk,-77,-64,1,73,-9,-16,998,75,1,0
312001,1,walk,-71,-58,1,88,24,2,998,91,1,0
312027,1,walk,-61,-54,2,89,47,20,998,102,1,0
312053,1,walk,-43,-48,3,89,52,44,998,112,1,0
312079,1,walk,-29,-45,4,95,53,75,998,132,1,0
312105,1,walk,-27,-42,4,110,61,114,998,169,1,0
312131,1,walk,-31,-37,4,122,71,159,998,212,1,0
312157,1,walk,-36,-36,3,109,91,207,998,251,1,0
312183,1,walk,-43,-33,3,78,121,252,998,290,1,0
312209,1,walk,-37,-26,3,52,150,285,998,327,1,0
312235,1,walk,-23,-21,3,29,164,300,998,344,1,0
312261,1,walk,-10,-19,3,0,171,301,998,346,1,0
312287,1,walk,-13,-16,3,-19,180,297,998,348,1,0
312313,1,walk,-15,-7,3,-14,178,289,998,339,1,0
312339,1,walk,-19,1,2,6,165,280,998,325,1,0
312365,1,walk,-20,10,2,32,123,268,998,297,1,0
312391,1,walk,-23,18,1,58,103,254,998,280,1,0
312417,1,walk,-25,25,1,78,86,238,998,265,1,0
312443,1,walk,-18,28,1,77,62,215,998,237,1,0
312469,1,walk,-19,31,1,64,57,188,999,206,1,0
312495,1,walk,-24,34,0,50,62,159,999,178,1,0
